txn_id,value_date,narration,debit,credit,balance,bank_ref,bank
TXN00000001,06/07/26,NEFT-HDFC0009812-AMRAVATI AGRO EXPORTS PVT-300000000001,,119121.04,5119121.04,9776552803,HDFC
TXN00000002,19/07/26,RTGS-HDFC0009812-COIMBATORE HOSPITALITY PVT LTD-300000000002,,523972.36,5643093.40,2137651678,HDFC
TXN00000003,08/08/26,NEFT-HDFC0000123-JABALPUR TRADERS INDIA PRIVATE LIMITED-300000000003,,306605.46,5949698.86,4919706735,HDFC
TXN00000004,04-08-2026,NEFT/ICICR52024117702/MADURAI GARMENTS PRIVATE LIMITED,,745383.51,6695082.37,S17901903,ICICI
TXN00000005,05/06/26,ACH C-AMRAVATI BEARINGS PVT-300000000005,,481770.90,7176853.27,3363629219,HDFC
TXN00000006,09-08-2026,MMT/IMPS/1664847319/GUNTUR CHEMICALS INDIA/KKBK,,81529.89,7258383.16,S52091325,ICICI
TXN00000007,01-08-2026,RTGS/ICICR52024117371/Amravati Auto Components Pvt Ltd,,162527.39,7420910.55,S71367643,ICICI
TXN00000008,10/06/26,RTGS-HDFC0002341-RAJKOT INFRAPROJECTS AND COMPANY-300000000008,,250703.39,7671613.94,2188332531,HDFC
TXN00000009,17-06-2026,MMT/IMPS/2536778950/BELGAUM CONSTRUCTI/KKBK,,53596.55,7725210.49,S41774346,ICICI
TXN00000010,23-06-2026,NEFT-ICICR52023994128-TRICHY CABLES,,323996.86,8049207.35,S45630292,ICICI
TXN00000011,26-07-2026,UPI/300000000011/ACS/amravatico@apl,,375914.00,8425121.35,S49682169,ICICI
TXN00000012,25-08-2026,NEFT/ICICR52024117925/Amravatipolymersprivatelimited ,,217461.85,8642583.20,S92043803,ICICI
TXN00000013,20/08/26,ACH C-BHOPAL TRANSPORT AND COMPANY-300000000013,,66435.72,8709018.92,7462972995,HDFC
TXN00000014,31-07-2026,UPI/3096929657/Payment from/nashikcast@okhdfcbank/HDFC,,240307.66,8949326.58,S64266464,ICICI
TXN00000015,17-06-2026,NEFT-ICICR52024117304-MADURAI FABR,,428531.22,9377857.80,S73560289,ICICI
TXN00000016,28-06-2026,UPI/2043030161/Payment from/cuttacktex@ybl/KKBK,,295437.16,9673294.96,S98787891,ICICI
TXN00000017,22-08-2026,NEFT-ICICR52023081629-AMRAVATI BEARINGS,,483048.50,10156343.46,S75575808,ICICI
TXN00000018,22/08/26,NEFT CR-HDFC0000123-HALDIA POLYMERS PRIV-UTR7858164010,,159924.55,10316268.01,5838636972,HDFC
TXN00000019,10/08/26,ACH C-TIRUPUR PRINTERS PVT  LTD-1651662547,,73108.93,10389376.94,3656086594,HDFC
TXN00000020,27/07/26,RTGS-HDFC0002341-BHOPAL  POLYMERS PRIVATE LIMITED-9251459094,,621263.79,11010640.73,7614170462,HDFC
TXN00000021,06-06-2026,MMT/IMPS/300000000021/AMRAVATI CAB/HDFC,,235039.98,11245680.71,S76906611,ICICI
TXN00000022,27-06-2026,MMT/IMPS/5305985001/JAMNAGAR COLD STORAGE AND COMPANY/ICIC,,202084.53,11447765.24,S54619335,ICICI
TXN00000023,12-07-2026,RTGS/ICICR52023081732/BHOPAL TRANSPORT AND COMPANY,,612763.25,12060528.49,S48571356,ICICI
TXN00000024,26/07/26,UPI-JALANDHARCABLESPRIVATELIMITED-JALANDHARC@OKHDFCBANK-300000000024,,78584.58,12139113.07,1678500147,HDFC
TXN00000025,15-08-2026,NEFT-ICICR52023994865-SILIGURI FOODS PVT LTD,,478672.29,12617785.36,S82398083,ICICI
TXN00000026,05/07/26,UPI-COIMBATOREDIAGNOSTICSLIMITED-COIMBATORE@APL-300000000026,,323701.74,12941487.10,1501119337,HDFC
TXN00000027,09/07/26,RTGS-HDFC0009812-SILIGURI INDUSTRIES INDIA PRIVATE LIMITED-300000000027,,99790.04,13041277.14,7004964045,HDFC
TXN00000028,29/07/26,NEFT CR-HDFC0009812-TIRUPURCASTINGSLLP-UTR1566090561,,184470.51,13225747.65,5567946981,HDFC
TXN00000029,05-08-2026,RTGS/ICICR52023081420/JODHPURMOTORSPRIVATELIMITED,,498955.05,13724702.70,S30486849,ICICI
TXN00000030,11/06/26,RTGS-HDFC0004567-AMRAVATI BEARINGS-300000000030,,427271.41,14151974.11,9984030846,HDFC
TXN00000031,29-07-2026,UPI/1235286733/Payment from/bhavnagare@paytm/ICIC,,245872.41,14397846.52,S11037490,ICICI
TXN00000032,23/06/26,NEFT CR-HDFC0004567-JALANDHARCASTINGSLLP-UTR6795522649,,244439.77,14642286.29,1323639855,HDFC
TXN00000033,12-08-2026,MMT/IMPS/300000000033/CALICUT ENGINEERIN/AXIS,,323171.80,14965458.09,S31306555,ICICI
TXN00000034,07/07/26,NEFT CR-HDFC0002341-BHAVNAGAR CONTAINERS PVT LTD-UTR3260842187,,609036.33,15574494.42,8585583166,HDFC
TXN00000035,18/06/26,UPI-ANANTAPURCONSTRUCTIONSPRIVATELIMITED-ANANTAPURC@OKHDFCBANK-300000000035-PAYMENT FROM ACP,,100479.61,15674974.03,8636984580,HDFC
TXN00000036,26/06/26,IMPS-5376588372-SURAT SOFTWARE SERVICES PRIVATE LIMITED-UTIB,,563469.45,16238443.48,8628603366,HDFC
TXN00000037,07-06-2026,NEFT-ICICR52023994907-AURANGABAD GARMENTS PRIVATE LIMITED,,267756.22,16506199.70,S94323222,ICICI
TXN00000038,13/07/26,UPI-JODHPUR CERA-JODHPURCER@OKHDFCBANK-300000000038/,,176352.49,16682552.19,6523804237,HDFC
TXN00000039,13/07/26,UPI-MEERUT REFRACTORIES LIMITED-MEERUTREFR@APL-7637761996,,278274.00,16960826.19,2830154607,HDFC
TXN00000040,06-06-2026,UPI/300000000040/BML/belgaummet@apl,,736603.97,17697430.16,S92124765,ICICI
TXN00000041,02-08-2026,MMT/IMPS/300000000041/Hosur Bearings Limited/UTIB,,148799.68,17846229.84,S64953237,ICICI
TXN00000042,11/07/26,NEFT CR-HDFC0009812-AMRAVATI DISTRIBUTORS-UTR4633257620,,22083.47,17868313.31,9991206531,HDFC
TXN00000043,14/08/26,NEFT-HDFC0009812-DHANBAD FORGINGS PVT-2712474804,,147993.17,18016306.48,2064803502,HDFC
TXN00000044,20-07-2026,RTGS/ICICR52023994606/AMRAVATIAUTOCOMPONENTSPVTLTD,,132936.61,18149243.09,S82033413,ICICI
TXN00000045,26/07/26,UPI-MANGALORE AU-MANGALOREA@IBL-300000000045-PAYMENT FROM MAC,,63918.07,18213161.16,1194576436,HDFC
TXN00000046,31-07-2026,NEFT/ICICR52024117941/Hubli Handicraft,,192005.16,18405166.32,S24749927,ICICI
TXN00000047,11-07-2026,UPI/9513743139/Payment from/amravatiag@okhdfcbank/UTIB,,68703.40,18473869.72,S85227370,ICICI
TXN00000048,13-08-2026,RTGS/ICICR52024560768/AURANGABAD CONSTRUCTIONS PRIVATE LIMITED,,630671.89,19104541.61,S48553376,ICICI
TXN00000049,08-06-2026,MMT/IMPS/300000000049/AURANGABAD C/SBIN,,179484.52,19284026.13,S35925669,ICICI
TXN00000050,21/08/26,NEFT CR-HDFC0000123-ERNAKULAM INFRAPROJECTS AND COMPANY-UTR8601409432,,350920.11,19634946.24,3053775623,HDFC
TXN00000051,17/08/26,UPI-JALANDHAR CHEMICALS INDIA PRIVATE LIMITED-JALANDHARC@PAYTM-300000000051-PAYMENT FROM JCI,,565500.35,20200446.59,9434381915,HDFC
TXN00000052,19-07-2026,MMT/IMPS/300000000052/VARANASI CASTINGS LLP/HDFC,,167386.21,20367832.80,S16533225,ICICI
TXN00000053,22/07/26,UPI-JABALPUR INFRAPROJECTS AND COMPANY-JABALPURIN@PAYTM-8178361487-PAYMENT FROM JIA,,128032.40,20495865.20,7605351600,HDFC
TXN00000054,09/07/26,NEFT CR-HDFC0004567-MANGALORE CONTAINERS PVT LTD-UTR300000000054,,77144.39,20573009.59,6173344564,HDFC
TXN00000055,07-07-2026,RTGS/ICICR52023994881/CUTTACK ELECTRICAL,,552239.14,21125248.73,S71851421,ICICI
TXN00000056,16-07-2026,MMT/IMPS/300000000056/INDORE TRANSPORT AND COMPANY/SBIN,,568520.85,21693769.58,S67790557,ICICI
TXN00000057,13-06-2026,NEFT/ICICR52023994679/Amravati  Cold Storage And Company,,196273.98,21890043.56,S86072480,ICICI
TXN00000058,10-06-2026,RTGS/ICICR52024560290/anantapur spinners,,562298.02,22452341.58,S93029219,ICICI
TXN00000059,10-06-2026,UPI/5201221330/Payment from/kanpurfood@paytm/ICIC,,107404.00,22559745.58,S29587040,ICICI
TXN00000060,06-07-2026,UPI/300000000060/Payment from/amravatiin@okhdfcbank/ICIC,,239863.40,22799608.98,S94946730,ICICI
TXN00000061,02/07/26,NEFT-HDFC0000123-TIRUPUR BEARINGS-300000000061/ ,,346527.26,23146136.24,6244291385,HDFC
TXN00000062,26/08/26,UPI-BHAVNAGAR PLASTICS AND COMPANY-BHAVNAGARP@APL-300000000062-PAYMENT FROM BPA,,266818.87,23412955.11,4792874364,HDFC
TXN00000063,20-07-2026,MMT/IMPS/300000000063/DHANBAD GARMENTS PRIVATE LIMITED/AXIS,,413403.86,23826358.97,S96605343,ICICI
TXN00000064,02/08/26,IMPS-3193894984-CUTTACK FORGINGS L-KKBK,,166445.93,23992804.90,8382963909,HDFC
TXN00000065,14-06-2026,UPI/6551823759/Payment from/udaipurpap@ybl/AXIS,,77797.84,24070602.74,S27030641,ICICI
TXN00000066,12-07-2026,BIL/ONL/2708176663/AII,,79924.19,24150526.93,S83458776,ICICI
TXN00000067,02/08/26,UPI-DEHRADUN BEARINGS LIMITED-DEHRADUNBE@OKAXIS-1710924824-PAYMENT FROM DBL,,87036.05,24237562.98,4022360089,HDFC
TXN00000068,10/06/26,NEFT CR-HDFC0000123-ANANTAPUR BEARINGS-UTR1613549255,,76623.97,24314186.95,8243746556,HDFC
TXN00000069,13-06-2026,MMT/IMPS/300000000069/amravati cas/AXIS,,143873.52,24458060.47,S11619606,ICICI
TXN00000070,17/06/26,UPI-SALEMCERAMICSPVTLTD-SALEMCERAM@YBL-5578929439-PAYMENT FROM SCP,,80830.30,24538890.77,5531313426,HDFC
TXN00000071,18-06-2026,RTGS/ICICR52023994891/AMRAVATICONTAINERSPVTLTD,,307637.52,24846528.29,S40655922,ICICI
TXN00000072,02-06-2026,BIL/ONL/1226225156/AAE,,267545.32,25114073.61,S51701149,ICICI
TXN00000073,29-07-2026,RTGS/ICICR52024560817/AMRAVATICASTINGSLLP,,249270.28,25363343.89,S22828128,ICICI
TXN00000074,21/07/26,NEFT CR-HDFC0009812-GODAVARI CONSTRUCTIONS PVT-UTR300000000074,,72072.72,25435416.61,3591164476,HDFC
TXN00000075,12/07/26,RTGS-HDFC0009812-LUDHIANA TEXTILES PV-300000000075,,156225.46,25591642.07,1553155490,HDFC
TXN00000076,30/07/26,UPI-AMRAVATI DIAGNOSTICS LIMITED-AMRAVATIDI@PAYTM-300000000076-PAYMENT FROM ADL,,341741.70,25933383.77,5406906896,HDFC
TXN00000077,06-07-2026,UPI/3420671425/AAE/amravatiag@okaxis-,,564633.08,26498016.85,S41222178,ICICI
TXN00000078,01/08/26,RTGS-HDFC0002341-AMRAVATI AGRO EXPORTS PRIVATE LIMITED-300000000078,,190542.26,26688559.11,2532554057,HDFC
TXN00000079,28-08-2026,NEFT-ICICR52024560548-BHAVNAGAR  FERTIL,,282679.51,26971238.62,S76180344,ICICI
TXN00000080,19-07-2026,BIL/ONL/1659663750/BML,,950641.34,27921879.96,S90559564,ICICI
TXN00000081,04-06-2026,NEFT-ICICR52024117223-AMRAVATI SOFTWARE SERVICES PRIVATE LIMITED,,423091.68,28344971.64,S35867257,ICICI
TXN00000082,11/06/26,UPI-AMRAVATI AGRO EXPORTS PRIVATE LIMITED-AMRAVATIAG@APL-300000000082-PAYMENT FROM AAE,,282371.96,28627343.60,3031719772,HDFC
TXN00000083,19-06-2026,BIL/ONL/300000000083/ATA,,139147.74,28766491.34,S31336920,ICICI
TXN00000084,04-08-2026,MMT/IMPS/300000000084/AURANGABAD MOTORS  PRIVATE LIMITED/AXIS,,21404.15,28787895.49,S31946425,ICICI
TXN00000085,28-08-2026,UPI/300000000085/JDL/jalandhard@ybl,,139186.06,28927081.55,S47108953,ICICI
TXN00000086,04-07-2026,RTGS/ICICR52024560231/meerut foods pvt ltd,,188023.40,29115104.95,S34571018,ICICI
TXN00000087,29/06/26,UPI-GUNTUR ELECTRICALS-GUNTURELEC@YBL-300000000087-PAYMENT FROM GEL,,778478.83,29893583.78,4283432667,HDFC
TXN00000088,12-06-2026,NEFT-ICICR52023081333-KAKINADA ELECTRICALS LLP,,347437.04,30241020.82,S12941149,ICICI
TXN00000089,23-08-2026,NEFT-ICICR52023081903-Amravati Diagnostics Limited,,39558.10,30280578.92,S45298445,ICICI
TXN00000090,23/07/26,ACH C-BELGAUMPRINTERSPVTLTD-300000000090,,37103.44,30317682.36,1497791242,HDFC
TXN00000091,18-06-2026,NEFT/ICICR52023081235/Amravati Agro Exports Private Limited,,181175.90,30498858.26,S31393688,ICICI
TXN00000092,15/08/26,RTGS-HDFC0004567-BHILAI INFRAPROJECTS AND COMPANY-300000000092,,94950.01,30593808.27,4120946447,HDFC
TXN00000093,26-08-2026,BIL/ONL/300000000093/BHL,,160590.69,30754398.96,S85182173,ICICI
TXN00000094,17/07/26,ACH C-HUBLI PAPER MILLS PVT LTD-300000000094,,206040.17,30960439.13,6558433027,HDFC
TXN00000095,17-08-2026,UPI/300000000095/Payment from/amravatien@okaxis/HDFC,,120058.15,31080497.28,S31600382,ICICI
TXN00000096,19-06-2026,RTGS/ICICR52024117401/HALDIA ELECTRICALS LLP,,87924.31,31168421.59,S33326387,ICICI
TXN00000097,25-07-2026,UPI/300000000097/BEI/bhavnagare@okaxis,,210902.40,31379323.99,S64145722,ICICI
TXN00000098,28/06/26,ACH C-BELGAUM LOGISTICS PRIVATE LIMITED-6952291828,,143086.53,31522410.52,3090810307,HDFC
TXN00000099,25-06-2026,NEFT/ICICR52023081874/NASHIK CONTAINERS P  LTD,,122658.78,31645069.30,S19742790,ICICI
TXN00000100,14/06/26,ACH C-RAJKOT GARMENTS-300000000100,,535986.97,32181056.27,1492300084,HDFC
TXN00000101,10-08-2026,NEFT-ICICR52024560272-MANGALOREFOODSPVTLTD,,39693.59,32220749.86,S96011893,ICICI
TXN00000102,17-07-2026,RTGS/ICICR52024117283/AURANGABAD A,,281844.68,32502594.54,S29622504,ICICI
TXN00000103,06-06-2026,NEFT-ICICR52023081626-SALEM PAPER  MILLS PVT LTD,,676149.19,33178743.73,S31120146,ICICI
TXN00000104,16/06/26,UPI-ERNAKULAM BEARINGS L-ERNAKULAMB@APL-3580582653,,168243.97,33346987.70,1295678014,HDFC
TXN00000105,14-06-2026,NEFT-ICICR52023994518-Bhavnagar Lo,,527829.62,33874817.32,S88567056,ICICI
TXN00000106,08/08/26,NEFT-HDFC0009812-ANANTAPUR PAPER MILLS PVT LTD-300000000106,,683309.36,34558126.68,7418263314,HDFC
TXN00000107,24-08-2026,MMT/IMPS/300000000107/Amravati  Spinners Pvt/SBIN,,49305.02,34607431.70,S71036720,ICICI
TXN00000108,04-07-2026,RTGS/ICICR52024117687/dehradun  hospitality pvt ltd,,109097.30,34716529.00,S35523849,ICICI
TXN00000109,01-07-2026,MMT/IMPS/7270955446/JABALPUR ELECTRICALS/ICIC,,164670.83,34881199.83,S58533442,ICICI
TXN00000110,04/07/26,UPI-AMRAVATI PHARMACEUTICALS INDIA PRIVATE LIMITED-AMRAVATIPH@YBL-8667946580-PAYMENT FROM API,,412246.32,35293446.15,1701548051,HDFC
TXN00000111,31-07-2026,RTGS/ICICR52024117755/KOLHAPUR REFRACTORIES LIMITED,,248172.31,35541618.46,S64327674,ICICI
TXN00000112,14-07-2026,NEFT/ICICR52024117270/AMRAVATI CAB,,381773.13,35923391.59,S73509922,ICICI
TXN00000113,21/07/26,NEFT CR-HDFC0009812-AMRAVATI AGRO EXPO-UTR300000000113,,158570.28,36081961.87,7587552692,HDFC
TXN00000114,30/06/26,NEFT CR-HDFC0009812-CHANDRAPUR BEARINGS-UTR6462619080,,477394.67,36559356.54,8030400668,HDFC
TXN00000115,19/08/26,RTGS-HDFC0004567-ANANTAPUR TEXTILES PVT LTD-5271497065,,1342237.79,37901594.33,7325737564,HDFC
TXN00000116,21/06/26,NEFT CR-HDFC0009812-SALEM FERTIL-UTR1257922823,,483538.42,38385132.75,9125201729,HDFC
TXN00000117,19-07-2026,NEFT-ICICR52023081734-AMRAVATIAGROEXPORTSPRIVATELIMITED,,354740.77,38739873.52,S18501586,ICICI
TXN00000118,27-08-2026,NEFT/ICICR52023994179/AMRAVATI PLASTICS AND COMPANY,,222798.86,38962672.38,S41006711,ICICI
TXN00000119,07-08-2026,NEFT-ICICR52024117409-AMRAVATI PLASTICS AND COMPANY,,177142.14,39139814.52,S52265790,ICICI
TXN00000120,28/08/26,RTGS-HDFC0009812-JODHPUR CERAMICS PVT LTD-300000000120,,47391.03,39187205.55,4898351305,HDFC
TXN00000121,13/08/26,ACH C-AMRAVATI AGR-300000000121,,229207.21,39416412.76,4272906474,HDFC
TXN00000122,02/08/26,UPI-CUTTACK MOTORS PRIVATE LIMITED-CUTTACKMOT@YBL-300000000122,,631468.64,40047881.40,5392669701,HDFC
TXN00000123,28-06-2026,NEFT-ICICR52023081399-Jabalpur Industries India Private Limited,,133530.75,40181412.15,S78255127,ICICI
TXN00000124,02-08-2026,UPI/9856264217/Payment from/nashikprin@ibl/HDFC,,124009.63,40305421.78,S55873760,ICICI
TXN00000125,12-06-2026,NEFT/ICICR52024117209/GUNTUR GARMENTS PRIVATE LIMITED,,123608.82,40429030.60,S92138779,ICICI
TXN00000126,18-08-2026,MMT/IMPS/300000000126/ERNAKULAM DIAGNOSTICS LIMITED/SBIN,,772512.30,41201542.90,S86763742,ICICI
TXN00000127,28-07-2026,NEFT/ICICR52024560949/CHENNAIPLASTICSANDCOMPANY,,61270.07,41262812.97,S25189633,ICICI
TXN00000128,29/08/26,UPI-JODHPUR PHARMACEUTICALS INDIA PVT-JODHPURPHA@YBL-1644630523-PAYMENT FROM JPI,,272444.90,41535257.87,9422285317,HDFC
TXN00000129,16-06-2026,UPI/7781608576/Payment from/gandhinaga@paytm/SBIN,,462227.01,41997484.88,S19082067,ICICI
TXN00000130,09/06/26,NEFT CR-HDFC0000123-MADURAI META-UTR7075798574/,,456945.92,42454430.80,8258568023,HDFC
TXN00000131,10/07/26,ACH C-KAKINADA PHARMACEUTICALS INDIA PRIVATE LIMITED-300000000131,,801023.91,43255454.71,8712828384,HDFC
TXN00000132,06-07-2026,BIL/ONL/300000000132/TDP,,30277.92,43285732.63,S22429114,ICICI
TXN00000133,01-08-2026,UPI/300000000133/Payment from/chennaicas@ibl/SBIN,,214487.26,43500219.89,S48019546,ICICI
TXN00000134,10-07-2026,NEFT-ICICR52024560581-AMRAVATI LOGISTICS PRIVATE LIMITED,,79281.73,43579501.62,S92804565,ICICI
TXN00000135,21-07-2026,RTGS/ICICR52024117778/panipat polymers,,137948.47,43717450.09,S87066247,ICICI
TXN00000136,16/08/26,RTGS-HDFC0000123-AMRAVATI CONSTRUCTIONS PRIVATE LIMITED-8956449152,,164313.71,43881763.80,9498435585,HDFC
TXN00000137,04-06-2026,RTGS/ICICR52024560239/MEERUT  FERTILISE,,272829.59,44154593.39,S71207129,ICICI
TXN00000138,29-07-2026,UPI/300000000138/GEP/gandhinaga@paytm,,111342.80,44265936.19,S49542951,ICICI
TXN00000139,28-08-2026,BIL/ONL/300000000139/AII,,102039.90,44367976.09,S76565050,ICICI
TXN00000140,01-07-2026,RTGS/ICICR52024117632/JODHPUR AUTO,,704478.46,45072454.55,S52046364,ICICI
TXN00000141,09/06/26,UPI-GWALIOR INDUSTRIES INDIA PRIVATE LIMITED-GWALIORIND@PAYTM-300000000141,,195833.62,45268288.17,5020871331,HDFC
TXN00000142,06-07-2026,BIL/ONL/300000000142/RSS,,85344.19,45353632.36,S19408620,ICICI
TXN00000143,28-08-2026,NEFT/ICICR52024117243/Amravati Agro Exports Private Limited,,76568.06,45430200.42,S89583788,ICICI
TXN00000144,09-06-2026,UPI/300000000144/Payment from/chandrapur@ybl/UTIB,,52162.69,45482363.11,S23058343,ICICI
TXN00000145,15/08/26,UPI-ERNAKULAM  LOGISTICS-ERNAKULAML@APL-6513585010,,250439.77,45732802.88,2769661076,HDFC
TXN00000146,05-06-2026,NEFT/ICICR52023994731/ERNAKULAM IN,,258838.51,45991641.39,S82123324,ICICI
TXN00000147,04/06/26,NEFT CR-HDFC0004567-AMRAVATI GARMENTS PR-UTR300000000147-,,277285.63,46268927.02,2205185682,HDFC
TXN00000148,29-07-2026,NEFT-ICICR52024560693-MANGALORE FORGINGS LIMITED,,74245.45,46343172.47,S10681501,ICICI
TXN00000149,06/06/26,NEFT-HDFC0009812-TRICHY INDUSTRIES INDIA-3940614579,,383020.48,46726192.95,6865168092,HDFC
TXN00000150,23-06-2026,MMT/IMPS/300000000150/BHAVNAGAR AUTO COMPONENTS PVT LTD/AXIS,,46665.09,46772858.04,S73104323,ICICI
TXN00000151,18-07-2026,UPI/8063812593/BRL/bhopalrefr@paytm,,478742.57,47251600.61,S81157706,ICICI
TXN00000152,12/08/26,RTGS-HDFC0009812-CALICUT CABLES PVT-300000000152,,352972.99,47604573.60,7193796102,HDFC
TXN00000153,06/06/26,NEFT-HDFC0002341-INDORE SOFTWARE SERV-2694036518,,296504.36,47901077.96,6845729114,HDFC
TXN00000154,25/07/26,UPI-HUBLI MOTORS PRIVATE-HUBLIMOTOR@APL-300000000154,,405038.05,48306116.01,7682169593,HDFC
TXN00000155,19/07/26,RTGS-HDFC0009812-AMRAVATI SOFTWARE-300000000155,,355818.22,48661934.23,4514489277,HDFC
TXN00000156,13-08-2026,UPI/300000000156/Payment from/chennaifer@paytm/KKBK,,281485.38,48943419.61,S65296966,ICICI
TXN00000157,21/06/26,NEFT CR-HDFC0000123-RAIPUR MOTOR-UTR300000000157,,216828.89,49160248.50,5549509559,HDFC
TXN00000158,06-06-2026,MMT/IMPS/300000000158/panipat engineering/KKBK,,126932.24,49287180.74,S35709072,ICICI
TXN00000159,08-08-2026,RTGS/ICICR52024117977/amravati logistics private limited,,176001.95,49463182.69,S11716086,ICICI
TXN00000160,21/07/26,UPI-GWALIOR HANDICRAFTS LLP-GWALIORHAN@OKAXIS-300000000160-PAYMENT FROM GHL,,437983.50,49901166.19,2404264843,HDFC
TXN00000161,13-06-2026,MMT/IMPS/300000000161/Gandhinagar Diagnostics Limited/SBIN,,40319.70,49941485.89,S92804241,ICICI
TXN00000162,07-07-2026,UPI/300000000162/JPL/jamnagarpa@paytm,,183316.18,50124802.07,S53274663,ICICI
TXN00000163,13/06/26,UPI-KOLHAPUR ENTERPRISES-KOLHAPUREN@IBL-3483321097-PAYMENT FROM KEI,,14262.27,50139064.34,9919193627,HDFC
TXN00000164,09-07-2026,NEFT-ICICR52024117362-CHENNAI AUTO COMPONENTS,,402693.72,50541758.06,S25241574,ICICI
TXN00000165,02/07/26,IMPS-5682829864-AMRAVATI POLYMERS PRIVATE LIMITED-KKBK,,51258.30,50593016.36,6376474657,HDFC
TXN00000166,16-06-2026,UPI/300000000166/AFA/anantapurf@paytm,,129351.03,50722367.39,S51362065,ICICI
TXN00000167,17-08-2026,RTGS/ICICR52023994315/GODAVARI PAPER MILLS,,191374.64,50913742.03,S96493863,ICICI
TXN00000168,06-07-2026,UPI/300000000168/Payment from/kakinadamo@okhdfcbank/HDFC,,230124.54,51143866.57,S60643036,ICICI
TXN00000169,03-06-2026,NEFT-ICICR52024560976-AMRAVATI AGRO EX,,230972.29,51374838.86,S47979220,ICICI
TXN00000170,23/07/26,UPI-BHILAI METALS P LTD-BHILAIMETA@APL-1195472006,,609891.41,51984730.27,9766565058,HDFC
TXN00000171,04-08-2026,NEFT-ICICR52023081293-ANANTAPUR PAPER MILLS PVT LTD,,193752.66,52178482.93,S73115555,ICICI
TXN00000172,30-07-2026,NEFT/ICICR52023081957/AMRAVATI HOSPITALITY PVT  LTD,,110701.06,52289183.99,S98521869,ICICI
TXN00000173,05/07/26,IMPS-7341260172-BHOPAL TEXTILES PVT LTD-AXIS,,1492305.83,53781489.82,8003744133,HDFC
TXN00000174,14-07-2026,UPI/300000000174/AAE/amravatiag@ibl,,237096.28,54018586.10,S72365138,ICICI
TXN00000175,14/08/26,RTGS-HDFC0009812-BELGAUM PHARMACEUTIC-8412733036,,126194.81,54144780.91,2299900457,HDFC
TXN00000176,25-06-2026,RTGS/ICICR52023081441/AMRAVATIENGINEERINGPVTLTD,,235851.86,54380632.77,S67953597,ICICI
TXN00000177,14-08-2026,RTGS/ICICR52023994807/Mangalore Chemicals India Private Limited,,401594.52,54782227.29,S33258738,ICICI
TXN00000178,02-08-2026,BIL/ONL/300000000178/AGP,,327327.35,55109554.64,S24888885,ICICI
TXN00000179,18/08/26,NEFT CR-HDFC0004567-KAKINADA AGRO EXPO-UTR4302972301,,78624.61,55188179.25,8537002793,HDFC
TXN00000180,02-07-2026,RTGS/ICICR52023994640/Gandhinagar Packaging,,443568.75,55631748.00,S96420023,ICICI
TXN00000181,19/08/26,UPI-NARMADA CASTINGS L-NARMADACAS@YBL-6896899328-PAYMENT FROM NCL,,162797.11,55794545.11,4164784001,HDFC
TXN00000182,01/07/26,NEFT CR-HDFC0004567-BELGAUMENGINEERINGPVTLTD-UTR3272643775,,94241.64,55888786.75,5088043307,HDFC
TXN00000183,18-07-2026,NEFT/ICICR52024117504/AMRAVATI CONSTRUCT,,298897.52,56187684.27,S69471365,ICICI
TXN00000184,22-06-2026,UPI/300000000184/Payment from/godavariph@okaxis/ICIC,,180765.08,56368449.35,S30700047,ICICI
TXN00000185,26/08/26,ACH C-SOLAPUR CONTAINERS PVT LTD-300000000185,,186674.50,56555123.85,7735563741,HDFC
TXN00000186,21-08-2026,UPI/300000000186/Payment from/amravatica@paytm/UTIB,,870621.20,57425745.05,S90465362,ICICI
TXN00000187,28-08-2026,RTGS/ICICR52024117860/AMRAVATI AGR,,49779.06,57475524.11,S58025924,ICICI
TXN00000188,04/08/26,RTGS-HDFC0004567-AMRAVATI POLYMERS PR-300000000188,,47342.00,57522866.11,3427258822,HDFC
TXN00000189,12/08/26,RTGS-HDFC0002341-AMRAVATI BEARINGS LIMITED-7934038104,,15000.00,57537866.11,9326907907,HDFC
TXN00000190,19/07/26,NEFT CR-HDFC0009812-BHOPAL CHEMICALS IND-UTR300000000190,,16031.00,57553897.11,2073673810,HDFC
TXN00000191,26-07-2026,UPI/300000000191/AHP/amravatiho@ibl,,50000.00,57603897.11,S93932889,ICICI
TXN00000192,13/07/26,NEFT-HDFC0000123-BHOPAL METALS LIMITED-300000000192,,10000.99,57613898.10,6933306132,HDFC
TXN00000193,03/06/26,RTGS-HDFC0004567-AMRAVATI CERAMICS-300000000193,,7688.00,57621586.10,3461927364,HDFC
TXN00000194,20/08/26,UPI-GODAVARI CONSTRUCT-GODAVARICO@IBL-6831464530,,216000.00,57837586.10,5167282477,HDFC
TXN00000195,26/07/26,UPI-CHENNAI MEDIA PVT LTD-CHENNAIMED@OKHDFCBANK-9512295568,,38695.25,57876281.35,5476181191,HDFC
TXN00000196,01-08-2026,NEFT/ICICR52023081466/ANANTAPUR CERAMICS PVT LTD,,50000.00,57926281.35,S69110577,ICICI
TXN00000197,27/06/26,UPI-AMRAVATI  PRINTERS-AMRAVATIPR@PAYTM-3909635823-PAYMENT FROM APP,,68770.00,57995051.35,8771690787,HDFC
TXN00000198,16/06/26,NEFT CR-HDFC0004567-GUNTUR PHARMACEUTICA-UTR300000000198,,41191.25,58036242.60,5933057363,HDFC
TXN00000199,15-08-2026,UPI/300000000199/Payment from/anantapurh@okaxis/AXIS,,106259.00,58142501.60,S80528150,ICICI
TXN00000200,16/08/26,IMPS-300000000200-HOSURCABLESPRIVATELIMITED-SBIN,,28476.00,58170977.60,4228195145,HDFC
TXN00000201,15-07-2026,MMT/IMPS/300000000201/AURANGABAD ENTERPRISES INDIA P LTD/SBIN,,187194.00,58358171.60,S20490324,ICICI
TXN00000202,27-06-2026,BIL/ONL/5286358927/KEI,,252122.00,58610293.60,S64198613,ICICI
TXN00000203,21-06-2026,NEFT/ICICR52024117549/Siliguri Garments Pr,,71668.00,58681961.60,S87511871,ICICI
TXN00000204,25-08-2026,NEFT-ICICR52023081681-MYSORE MOTORS PRIVATE LIMITED,,5000.00,58686961.60,S54325475,ICICI
TXN00000205,19-07-2026,MMT/IMPS/300000000205/DEHRADUN CHE/HDFC,,22053.00,58709014.60,S90982133,ICICI
TXN00000206,07-07-2026,UPI/300000000206/CEP/chandrapur@okhdfcbank,,15000.99,58724015.59,S62209742,ICICI
TXN00000207,26/08/26,ACH C-SOLAPURINDUSTRIESINDIAPRIVATELIMITED-300000000207,,58873.00,58782888.59,7403618535,HDFC
TXN00000208,30-07-2026,RTGS/ICICR52024560493/calicut distributors private limited,,15000.00,58797888.59,S62821563,ICICI
TXN00000209,22/08/26,ACH C-HOSUR FABRICATORS AND COMPANY-300000000209,,30000.00,58827888.59,7056316485,HDFC
TXN00000210,12-06-2026,MMT/IMPS/5881146883/AMRAVATI  INDUSTRIES INDIA PVT/HDFC,,10000.00,58837888.59,S68750274,ICICI
TXN00000211,13/06/26,UPI-AMRAVATI ENT-AMRAVATIEN@OKAXIS-300000000211-PAYMENT FROM AEI,,44139.00,58882027.59,4852628125,HDFC
TXN00000212,08-06-2026,RTGS/ICICR52023081916/BHAVNAGAR  PHARMACEUTICALS INDIA PRIVATE LIMITED,,27000.00,58909027.59,S65791626,ICICI
TXN00000213,10/08/26,ACH C-CHENNAI  FERTILISER-300000000213,,10893.00,58919920.59,7974637746,HDFC
TXN00000214,16-06-2026,BIL/ONL/3979507921/AAE,,38331.00,58958251.59,S19061506,ICICI
TXN00000215,02/07/26,NEFT CR-HDFC0000123-BELGAUM DIAG-UTR3661875683,,14712.00,58972963.59,1162808124,HDFC
TXN00000216,07-07-2026,RTGS/ICICR52023081780/RAIPUR TRADERS INDIA  PRIVATE LIMITED,,32092.00,59005055.59,S91612860,ICICI
TXN00000217,02/08/26,RTGS-HDFC0004567-MYSORE INDUSTRIES INDIA PRIVATE LIMITED-300000000217,,8730.00,59013785.59,1848411797,HDFC
TXN00000218,06-07-2026,MMT/IMPS/8703275529/BHILAI REFRACTORIES P LTD/HDFC,,7793.50,59021579.09,S84202557,ICICI
TXN00000219,08/07/26,RTGS-HDFC0009812-INDORE HANDICRAFTS-300000000219,,238000.00,59259579.09,7397573322,HDFC
TXN00000220,12-08-2026,UPI/9837774039/GFL/godavarifo@okaxis/ ,,128395.99,59387975.08,S94685039,ICICI
TXN00000221,31/07/26,ACH C-HOSUR TRANSP-300000000221,,25000.00,59412975.08,8266383743,HDFC
TXN00000222,16/06/26,ACH C-CHANDRAPUR REFRA-300000000222,,21130.25,59434105.33,7549661883,HDFC
TXN00000223,27-06-2026,BIL/ONL/6119106378/GEP,,8158.00,59442263.33,S20711890,ICICI
TXN00000224,06/06/26,UPI-AURANGABAD  ENGINEE-AURANGABAD@PAYTM-300000000224-PAYMENT FROM AEP,,142000.00,59584263.33,7139456572,HDFC
TXN00000225,21-07-2026,UPI/300000000225/Payment from/bhavnagarc@ibl/HDFC,,33331.99,59617595.32,S43358157,ICICI
TXN00000226,25/06/26,ACH C-BHAVNAGAR CASTINGS LLP-8206651996,,12739.00,59630334.32,9292914000,HDFC
TXN00000227,27/06/26,NEFT CR-HDFC0002341-UDAIPURFABRICATORSANDCOMPANY-UTR3004903816,,31375.00,59661709.32,4006086273,HDFC
TXN00000228,21-07-2026,RTGS/ICICR52024117689/Amravati Cold Storage And Company,,407550.00,60069259.32,S61224263,ICICI
TXN00000229,04/07/26,NEFT-HDFC0004567-GUNTUR DISTRIBUTORS-300000000229,,25492.00,60094751.32,7114738485,HDFC
TXN00000230,15-08-2026,NEFT/ICICR52023994416/JODHPUR CASTINGS,,43142.00,60137893.32,S87037211,ICICI
TXN00000231,13/07/26,NEFT-HDFC0002341-CALICUT SPINNERS LLP-300000000231,,23066.00,60160959.32,6744132833,HDFC
TXN00000232,08-07-2026,RTGS/ICICR52024117691/gwalior spinners l,,17926.00,60178885.32,S29437798,ICICI
TXN00000233,13-08-2026,RTGS/ICICR52024117153/ANANTAPUR AGRO EXPORTS PRIVATE LIMITED,,10906.00,60189791.32,S68226527,ICICI
TXN00000234,03-08-2026,UPI/300000000234/TEL/tirupurele@apl,,130818.00,60320609.32,S26106179,ICICI
TXN00000235,15/08/26,UPI-AMRAVATI CONTAINERS-AMRAVATICO@OKAXIS-300000000235-PAYMENT FROM ACP,,50000.00,60370609.32,5379777377,HDFC
TXN00000236,16/08/26,NEFT-HDFC0004567-CUTTACK HOSPITALITY PVT LTD-300000000236/,,16722.00,60387331.32,3803069611,HDFC
TXN00000237,18-06-2026,RTGS/ICICR52024560243/Amravati Castings Llp,,18000.00,60405331.32,S57260360,ICICI
TXN00000238,05/06/26,UPI-ERNAKULAM ELECTRICALS LLP-ERNAKULAME@PAYTM-300000000238-PAYMENT FROM EEL,,20456.00,60425787.32,5996418672,HDFC
TXN00000239,27/06/26,ACH C-CALICUT AGRO EXPORTS PRIVATE LIMITED-300000000239,,77925.00,60503712.32,3592473405,HDFC
TXN00000240,23-07-2026,BIL/ONL/2175304017/ACP,,20000.00,60523712.32,S33586265,ICICI
TXN00000241,17-07-2026,UPI/2673161789/Payment from/coimbatore@okaxis/KKBK/,,47931.00,60571643.32,S98256603,ICICI
TXN00000242,22-08-2026,UPI/7452025499/Payment from/amravatidi@okaxis/UTIB,,137000.00,60708643.32,S21669195,ICICI
TXN00000243,01/07/26,IMPS-4138750794-SILIGURI MOTORS PRIVATE LIMITED-UTIB,,126877.00,60835520.32,2741486648,HDFC
TXN00000244,15-07-2026,MMT/IMPS/300000000244/Ernakulam Spinners Llp/SBIN,,27459.00,60862979.32,S16832563,ICICI
TXN00000245,26-08-2026,NEFT/ICICR52023081574/BHILAI POLYMERS  PR,,192000.75,61054980.07,S92615071,ICICI
TXN00000246,25-06-2026,UPI/300000000246/Payment from/calicutcol@apl/ICIC,,55000.00,61109980.07,S63064163,ICICI
TXN00000247,05/07/26,RTGS-HDFC0009812-BHAVNAGAR DISTRIBUTO-1475305327,,94000.00,61203980.07,1135749072,HDFC
TXN00000248,04-08-2026,NEFT-ICICR52023081210-gwalior castings llp,,44331.00,61248311.07,S11831931,ICICI
TXN00000249,18-08-2026,RTGS/ICICR52024117387/jamnagar pla,,176000.00,61424311.07,S67600736,ICICI
TXN00000250,24/06/26,UPI-AMRAVATI SOFTWARE SE-AMRAVATISO@OKHDFCBANK-2830957372-PAYMENT FROM ASS,,26742.00,61451053.07,5209602003,HDFC
TXN00000251,16-06-2026,NEFT-ICICR52023994721-ANANTAPUR  CH,,3551.00,61454604.07,S75939337,ICICI
TXN00000252,29-08-2026,MMT/IMPS/300000000252/belgaum transport and company/SBIN,,50000.00,61504604.07,S24276138,ICICI
TXN00000253,27/06/26,UPI-AMRAVATI ELECTRICALS LLP-AMRAVATIEL@OKAXIS-300000000253-PAYMENT FROM AEL,,5172.50,61509776.57,9483102271,HDFC
TXN00000254,26/07/26,RTGS-HDFC0000123-NARMADA SOFTWARE SERVICES PRIVATE LIMITED-300000000254,,67852.00,61577628.57,1322060399,HDFC
TXN00000255,27/06/26,IMPS-7550139546-BHOPAL ENGINEERING PVT LTD-UTIB,,13780.00,61591408.57,1961769664,HDFC
TXN00000256,19/06/26,UPI-COIMBATORE FABRICATORS AND COMPANY-COIMBATORE@IBL-300000000256,,76000.75,61667409.32,7921262641,HDFC
TXN00000257,06/07/26,NEFT CR-HDFC0004567-BELGAUM AGRO EXPORTS PRIVATE LIMITED-UTR300000000257,,5000.50,61672409.82,8528638280,HDFC
TXN00000258,01/08/26,IMPS-2211370833-AMRAVATI GARMENTS PRIVATE LIMITED-AXIS,,223000.00,61895409.82,1616423848,HDFC
TXN00000259,04/06/26,IMPS-300000000259-BHILAI TEXTI-ICIC-,,14700.50,61910110.32,4038499343,HDFC
TXN00000260,14-07-2026,NEFT/ICICR52023081623/AMRAVATI SPINNERS LLP,,11412.00,61921522.32,S13221342,ICICI
TXN00000261,29-08-2026,NEFT/ICICR52023994221/ANANTAPUR CO,,23213.99,61944736.31,S33899852,ICICI
TXN00000262,22-06-2026,BIL/ONL/300000000262/BAE,,93000.00,62037736.31,S52984033,ICICI
TXN00000263,14/08/26,ACH C-AMRAVATI FERTILI-300000000263,,66159.25,62103895.56,4958262912,HDFC
TXN00000264,01/07/26,UPI-BHAVNAGAR  HOSPITALITY PVT LTD-BHAVNAGARH@PAYTM-300000000264,,10233.00,62114128.56,4517623123,HDFC
TXN00000265,29/06/26,NEFT-HDFC0004567-AURANGABAD ENTERPRISES INDIA P LTD-5611808298,,200000.00,62314128.56,9643525901,HDFC
TXN00000266,09-08-2026,MMT/IMPS/300000000266/LUDHIANA GARMENTS PRIVATE LIMITED/UTIB,,15460.00,62329588.56,S77551168,ICICI
TXN00000267,06-07-2026,NEFT-ICICR52024117510-AMRAVATI HANDICRAFTS LLP,,121062.00,62450650.56,S85067208,ICICI
TXN00000268,25/08/26,NEFT CR-HDFC0000123-ERNAKULAM CONTAINE-UTR300000000268,,250000.00,62700650.56,3326016489,HDFC
TXN00000269,21/08/26,IMPS-300000000269-AMRAVATI BEARINGS  LIMITED-SBIN,,24718.00,62725368.56,8524105278,HDFC
TXN00000270,04/08/26,RTGS-HDFC0004567-INDORE FOODS PVT LTD-2246053272,,67648.00,62793016.56,4086168237,HDFC
TXN00000271,15-07-2026,UPI/2664876543/VCS/varanasico@apl,,29691.00,62822707.56,S12005448,ICICI
TXN00000272,03-08-2026,RTGS/ICICR52023994584/Amravati Fabricato,,101850.25,62924557.81,S26638464,ICICI
TXN00000273,21-08-2026,NEFT-ICICR52024117816-TIRUPUR HOSPITALITY,,23371.00,62947928.81,S49011805,ICICI
TXN00000274,16/07/26,UPI-BHAVNAGAR EN-BHAVNAGARE@IBL-6151688714-PAYMENT FROM BEP,,36296.25,62984225.06,8478761088,HDFC
TXN00000275,29/06/26,UPI-AMRAVATI CONSTRUCTIONS PRIVATE LIMITED-AMRAVATICO@APL-300000000275-PAYMENT FROM ACP,,98398.00,63082623.06,3730256149,HDFC
TXN00000276,29/07/26,UPI-AMRAVATI CASTINGS LLP-AMRAVATICA@OKHDFCBANK-300000000276-PAYMENT FROM ACL,,150000.00,63232623.06,8287228425,HDFC
TXN00000277,12-06-2026,BIL/ONL/8443722173/BPM,,138663.50,63371286.56,S64544291,ICICI
TXN00000278,23/08/26,UPI-ANANTAPUR PHARMACEUTICALS INDIA-ANANTAPURP@YBL-300000000278,,38230.99,63409517.55,4726992894,HDFC
TXN00000279,10/08/26,RTGS-HDFC0004567-HOSUR FOODS PVT LTD-300000000279,,10799.00,63420316.55,8018437138,HDFC
TXN00000280,14/06/26,NEFT CR-HDFC0002341-HOSURMETALSLIMITED-UTR300000000280,,48003.00,63468319.55,2636725415,HDFC
TXN00000281,24/08/26,NEFT CR-HDFC0009812-AMRAVATI PRINTERS PVT LTD-UTR300000000281 ,,268172.99,63736492.54,1140336385,HDFC
TXN00000282,13/07/26,RTGS-HDFC0000123-AMRAVATI AGRO EXPORTS PRIVATE LIMITED-300000000282,,17782.75,63754275.29,9178353764,HDFC
TXN00000283,22/08/26,NEFT-HDFC0004567-CHENNAI LOGISTICS PRIVATE LIMITED-300000000283,,67017.00,63821292.29,9698553771,HDFC
TXN00000284,23-08-2026,NEFT/ICICR52023081570/Jabalpur Cables Private Limited,,39056.00,63860348.29,S45164329,ICICI
TXN00000285,21-07-2026,RTGS/ICICR52023081282/NARMADA PRIN,,500000.50,64360348.79,S14221211,ICICI
TXN00000286,20-08-2026,NEFT-ICICR52024117987-AMRAVATI  CONTAINERS PVT LTD/,,178000.00,64538348.79,S39495837,ICICI
TXN00000287,13-06-2026,BIL/ONL/300000000287/ACL,,23949.00,64562297.79,S47726289,ICICI
TXN00000288,29-06-2026,UPI/300000000288/Payment from/suratenter@paytm/KKBK,,75000.00,64637297.79,S18625670,ICICI
TXN00000289,19-08-2026,UPI/300000000289/Payment from/bhopalphar@paytm/UTIB,,32665.00,64669962.79,S52205153,ICICI
TXN00000290,29/06/26,NEFT-HDFC0000123-AMRAVATI DIAGNOSTICS LIMITED-300000000290,,6000.00,64675962.79,8070676290,HDFC
TXN00000291,04-08-2026,NEFT/ICICR52023994118/HALDIA CONSTRUCTIONS,,40781.00,64716743.79,S48166934,ICICI
TXN00000292,16/07/26,UPI-AMRAVATI ELECTRICALS LLP-AMRAVATIEL@PAYTM-300000000292-PAYMENT FROM AEL,,2352.00,64719095.79,6984296009,HDFC
TXN00000293,20/07/26,ACH C-HOSUR CONTAINERS PVT LTD-8405611782,,59203.00,64778298.79,5250149467,HDFC
TXN00000294,09-07-2026,RTGS/ICICR52024117871/SALEM CHEMICALS INDIA PRIVATE LIMITED,,47836.00,64826134.79,S26424667,ICICI
TXN00000295,07/07/26,NEFT-HDFC0000123-CHENNAI PRINTERS P-4675905639,,245000.00,65071134.79,2653821070,HDFC
TXN00000296,12/07/26,NEFT CR-HDFC0002341-CHANDRAPUR ELECTRICALS LLP-UTR3205311267,,271000.00,65342134.79,1438363066,HDFC
TXN00000297,29-07-2026,UPI/300000000297/Payment from/calicutcon@paytm/AXIS,,20000.00,65362134.79,S97056537,ICICI
TXN00000298,08/07/26,NEFT-HDFC0000123-BHAVNAGAR HANDICRAFTS LLP-300000000298,,66582.00,65428716.79,2183089470,HDFC
TXN00000299,29/08/26,NEFT CR-HDFC0002341-NAGPUR INFRAPROJECTS AND COMPANY-UTR1404768759,,10888.00,65439604.79,1298305388,HDFC
TXN00000300,13/07/26,ACH C-AMRAVATI PHA-300000000300/ ,,260040.00,65699644.79,4587839741,HDFC
TXN00000301,11-07-2026,MMT/IMPS/300000000301/CHENNAI TRANSPORT AND COMPANY/UTIB,,25000.25,65724645.04,S89959344,ICICI
TXN00000302,20-06-2026,UPI/2543696858/Payment from/chandrapur@ybl/UTIB,,266000.25,65990645.29,S83137443,ICICI
TXN00000303,27-08-2026,BIL/ONL/300000000303/NEP,,24292.00,66014937.29,S48709538,ICICI
TXN00000304,22-06-2026,NEFT/ICICR52023994945/AMRAVATICONSTRUCTIONSPRIVATELIMITED,,25000.00,66039937.29,S10683201,ICICI
TXN00000305,09/07/26,UPI-BHOPAL BEARINGS LIMITED-BHOPALBEAR@OKHDFCBANK-300000000305,,31689.00,66071626.29,6953859063,HDFC
TXN00000306,25/06/26,RTGS-HDFC0009812-BHILAI AUTO COMPONENTS PVT LTD-300000000306,,50917.00,66122543.29,6082544784,HDFC
TXN00000307,06-08-2026,UPI/300000000307/Payment from/kakinadabe@ibl/ICIC,,3493.00,66126036.29,S87889556,ICICI
TXN00000308,21-07-2026,UPI/300000000308/Payment from/chennaifab@ybl/UTIB,,75000.00,66201036.29,S49000574,ICICI
TXN00000309,07/08/26,RTGS-HDFC0009812-DEHRADUN AGRO EXPORTS PRIVATE LIMITED-5959722992,,49504.00,66250540.29,1288372981,HDFC
TXN00000310,06/06/26,NEFT-HDFC0002341-AMRAVATI FORGINGS LI-7643108589,,33559.00,66284099.29,3823792255,HDFC
TXN00000311,25-08-2026,UPI/300000000311/ALP/amravatilo@paytm,,10498.00,66294597.29,S62268329,ICICI
TXN00000312,16-07-2026,RTGS/ICICR52024560625/AMRAVATI AGRO EX,,228000.00,66522597.29,S98037888,ICICI
TXN00000313,25-08-2026,MMT/IMPS/300000000313/HUBLI TEXTILES/SBIN,,72000.00,66594597.29,S92876094,ICICI
TXN00000314,30-06-2026,NEFT/ICICR52023081726/ludhiana enterprises india,,5000.50,66599597.79,S19782015,ICICI
TXN00000315,16/06/26,NEFT-HDFC0004567-BHOPAL GARMENTS PRIV-300000000315,,16000.75,66615598.54,3871865327,HDFC
TXN00000316,09/08/26,UPI-AMRAVATI TEXTILES PVT LTD-AMRAVATITE@APL-300000000316-PAYMENT FROM ATP,,23935.00,66639533.54,3444491041,HDFC
TXN00000317,10-08-2026,MMT/IMPS/7442652840/AMRAVATI  DISTRIBUTORS PVT/UTIB,,3467.00,66643000.54,S45306385,ICICI
TXN00000318,13/07/26,RTGS-HDFC0000123-GUNTUR CONTA-300000000318,,200000.00,66843000.54,7663320708,HDFC
TXN00000319,05-08-2026,MMT/IMPS/300000000319/siliguriinfraprojectsandcompany/ICIC,,22000.00,66865000.54,S12428651,ICICI
TXN00000320,28/07/26,IMPS-300000000320-CUTTACK ENGINEERING-ICIC ,,150000.00,67015000.54,3439750224,HDFC
TXN00000321,08/06/26,NEFT-HDFC0002341-UDAIPUR SOFTWARE SERVICES-300000000321,,50000.25,67065000.79,6179133387,HDFC
TXN00000322,10/07/26,UPI-HOSURSOFTWARESERVICESPRIVATELIMITED-HOSURSOFTW@IBL-300000000322-PAYMENT FROM HSS,,44716.00,67109716.79,6285111559,HDFC
TXN00000323,05/06/26,UPI-JABALPUR PAC-JABALPURPA@OKHDFCBANK-300000000323-PAYMENT FROM JPL ,,125000.50,67234717.29,6947083374,HDFC
TXN00000324,08-08-2026,RTGS/ICICR52024117875/AMRAVATI AGRO EXPORTS PRIVATE LIMITED,,30000.00,67264717.29,S68260695,ICICI
TXN00000325,27-08-2026,NEFT/ICICR52024560863/Meerut Refractories Limited,,33060.99,67297778.28,S46828381,ICICI
TXN00000326,14-08-2026,BIL/ONL/300000000326/ACL,,278000.00,67575778.28,S33996035,ICICI
TXN00000327,17-07-2026,UPI/300000000327/Payment from/bhopalindu@paytm/SBIN,,5000.00,67580778.28,S27075512,ICICI
TXN00000328,23-08-2026,RTGS/ICICR52023081794/ANANTAPUR CONTAI/,,10000.00,67590778.28,S56939919,ICICI
TXN00000329,14/08/26,UPI-AMRAVATI COLD STORAGE AND COMPANY-AMRAVATICO@PAYTM-300000000329-PAYMENT FROM ACS,,228066.00,67818844.28,1133820039,HDFC
TXN00000330,16-06-2026,MMT/IMPS/5939533165/BHAVNAGAR CASTINGS LLP/KKBK,,77000.25,67895844.53,S66113763,ICICI
TXN00000331,26-08-2026,RTGS/ICICR52024560422/COIMBATORE METALS,,10000.00,67905844.53,S65019311,ICICI
TXN00000332,19-07-2026,UPI/9200233904/Payment from/belgaumtex@paytm/SBIN,,259000.00,68164844.53,S64828316,ICICI
TXN00000333,29-07-2026,NEFT/ICICR52024560124/Bhilai Pharmaceuticals India Private Limited,,15652.50,68180497.03,S81042742,ICICI
TXN00000334,08/07/26,ACH C-RAIPUR FOODS PVT LTD-300000000334,,9543.00,68190040.03,8549092491,HDFC
TXN00000335,20-06-2026,MMT/IMPS/6292531626/Hosur Handicrafts/KKBK,,16087.25,68206127.28,S67269299,ICICI
TXN00000336,28/06/26,NEFT-HDFC0000123-AURANGABAD CHEMICALS INDIA P LTD-9236429015,,69547.00,68275674.28,4242119379,HDFC
TXN00000337,02-08-2026,UPI/300000000337/Payment from/amravatiag@okhdfcbank/AXIS,,24558.25,68300232.53,S28363405,ICICI
TXN00000338,01-07-2026,BIL/ONL/2861342732/VCP,,8771.00,68309003.53,S14783007,ICICI
TXN00000339,26-08-2026,UPI/300000000339/SSS/siliguriso@ybl,,7286.50,68316290.03,S37990700,ICICI
TXN00000340,22-08-2026,MMT/IMPS/9053231514/HUBLICONTAINERSPVTLTD/UTIB,,60000.00,68376290.03,S74553231,ICICI
TXN00000341,29/07/26,UPI-AURANGABAD ENTERPR-AURANGABAD@IBL-300000000341-PAYMENT FROM AEI,,75000.00,68451290.03,5419360487,HDFC
TXN00000342,13-07-2026,UPI/300000000342/Payment from/anantapurr@ybl/UTIB,,200000.00,68651290.03,S39703731,ICICI
TXN00000343,20/08/26,NEFT CR-HDFC0000123-DEHRADUN FABRICATORS AND COMPANY-UTR3374662487,,40000.25,68691290.28,4083015586,HDFC
TXN00000344,30/06/26,NEFT-HDFC0002341-AURANGABAD DIAGNOSTICS LIMITED-300000000344,,125000.00,68816290.28,2062182961,HDFC
TXN00000345,19/06/26,NEFT CR-HDFC0004567-ANANTAPUR TEXTILES P-UTR300000000345,,150000.00,68966290.28,8985645850,HDFC
TXN00000346,14-06-2026,RTGS/ICICR52024117491/KAKINADA DIS,,25331.00,68991621.28,S60028002,ICICI
TXN00000347,01-07-2026,MMT/IMPS/300000000347/JAMNAGAR FERTILISERS/ICIC,,10224.00,69001845.28,S80250319,ICICI
TXN00000348,12/07/26,UPI-INDORE  CONTAINERS-INDORECONT@PAYTM-8708159741-PAYMENT FROM ICP,,39966.00,69041811.28,5746127311,HDFC
TXN00000349,16/06/26,NEFT-HDFC0004567-HOSUR FOODS PVT LTD-300000000349,,7000.00,69048811.28,8201299357,HDFC
TXN00000350,08-08-2026,NEFT-ICICR52024560110-CHENNAIREFRACTORIESLIMITED,,13811.00,69062622.28,S18999031,ICICI
TXN00000351,15/06/26,IMPS-300000000351-VARANASI CHEMICALS  INDIA PRIVATE LIMITED-SBIN,,40000.00,69102622.28,8589159282,HDFC
TXN00000352,16-06-2026,UPI/300000000352/Payment from/salemcolds@ibl/KKBK,,43929.00,69146551.28,S92662979,ICICI
TXN00000353,18/08/26,NEFT CR-HDFC0002341-GWALIOR DIAGNOSTICS-UTR300000000353,,49645.25,69196196.53,7332834814,HDFC
TXN00000354,22-08-2026,BIL/ONL/300000000354/APL,,79073.50,69275270.03,S99931125,ICICI
TXN00000355,20/07/26,UPI-BELGAUM HANDICRAFTS-BELGAUMHAN@IBL-300000000355/ ,,68568.50,69343838.53,8050936384,HDFC
TXN00000356,13-08-2026,NEFT-ICICR52023994129-BHILAIAGROEXPORTSPRIVATELIMITED,,28766.00,69372604.53,S33744145,ICICI
TXN00000357,09-06-2026,RTGS/ICICR52023994957/MYSORE FABRICATORS,,200000.25,69572604.78,S88765336,ICICI
TXN00000358,26/07/26,RTGS-HDFC0002341-INDORE CHEMICALS INDIA PRIVATE LIMITED-300000000358,,8000.99,69580605.77,5308815905,HDFC
TXN00000359,29/08/26,RTGS-HDFC0000123-ANANTAPUR TR-300000000359,,175000.00,69755605.77,6354673685,HDFC
TXN00000360,10/07/26,UPI-MADURAI CABLES PRI-MADURAICAB@APL-300000000360-PAYMENT FROM MCP,,39066.50,69794672.27,7399010176,HDFC
TXN00000361,22-08-2026,MMT/IMPS/300000000361/DEHRADUN PAPER M/UTIB,,268000.00,70062672.27,S46097873,ICICI
TXN00000362,17-06-2026,UPI/300000000362/Payment from/amravatica@apl/HDFC,,6048.00,70068720.27,S11060092,ICICI
TXN00000363,17/07/26,UPI-AMRAVATI HANDICRAFTS-AMRAVATIHA@OKHDFCBANK-6341172911/,,117040.00,70185760.27,3177379883,HDFC
TXN00000364,05/08/26,UPI-BHILAI  PAPER MILLS-BHILAIPAPE@OKAXIS-300000000364-PAYMENT FROM BPM/,,25294.00,70211054.27,6033995612,HDFC
TXN00000365,02/07/26,NEFT CR-HDFC0002341-AURANGABADLOGISTICSPRIVATELIMITED-UTR4001236185,,40000.00,70251054.27,5706531945,HDFC
TXN00000366,17-08-2026,BIL/ONL/300000000366/ADP ,,44660.99,70295715.26,S20370954,ICICI
TXN00000367,10/07/26,IMPS-300000000367-GODAVARI PAPER MILLS P LTD-AXIS,,40000.00,70335715.26,5649905416,HDFC
TXN00000368,22-06-2026,RTGS/ICICR52024560614/HALDIA GARMENTS  PRIV,,150000.25,70485715.51,S81809727,ICICI
TXN00000369,26-08-2026,RTGS/ICICR52024560475/TIRUPUR HOSPITALITY,,30000.99,70515716.50,S67136827,ICICI
TXN00000370,24-06-2026,NEFT/ICICR52024117279/Belgaum Electricals,,13000.00,70528716.50,S29413831,ICICI
TXN00000371,04/07/26,UPI-GANDHINAGAR TEXTIL-GANDHINAGA@PAYTM-5729286078-PAYMENT FROM GTP,,173093.00,70701809.50,8502307281,HDFC
TXN00000372,14/08/26,UPI-INDORE CASTINGS P LTD-INDORECAST@PAYTM-300000000372/,,246361.50,70948171.00,5852312091,HDFC
TXN00000373,05-06-2026,UPI/300000000373/Payment from/anantapurp@ybl/KKBK,,29842.00,70978013.00,S56488499,ICICI
TXN00000374,29-08-2026,UPI/300000000374/KMP/krishnamot@paytm,,500000.00,71478013.00,S13968089,ICICI
TXN00000375,04/06/26,UPI-AMRAVATI GARMENTS-AMRAVATIGA@IBL-300000000375,,12890.00,71490903.00,7049530959,HDFC
TXN00000376,16-06-2026,BIL/ONL/2930398504/JFL,,20976.00,71511879.00,S72279909,ICICI
TXN00000377,25/07/26,IMPS-2073487379-GUNTUR FOODS-HDFC,,4533.00,71516412.00,8104374310,HDFC
TXN00000378,01-07-2026,MMT/IMPS/300000000378/CUTTACK ELEC/ICIC,,45071.00,71561483.00,S91068419,ICICI
TXN00000379,03-06-2026,NEFT/ICICR52023081549/MADURAI CERAMICS PVT LTD,,33349.25,71594832.25,S63471904,ICICI
TXN00000380,25/07/26,UPI-LUDHIANA CONSTRUCTIONS PRIVATE LIMITED-LUDHIANACO@YBL-300000000380,,3825.99,71598658.24,5613093606,HDFC
TXN00000381,28-07-2026,UPI/300000000381/Payment from/nashikengi@apl/SBIN,,29418.00,71628076.24,S31246994,ICICI
TXN00000382,22/06/26,UPI-DEHRADUN CERAMICS PVT LTD-DEHRADUNCE@YBL-300000000382,,226000.00,71854076.24,7514683531,HDFC
TXN00000383,05-08-2026,NEFT-ICICR52023081784-CALICUT REFRACTORIES LIMITED,,28179.00,71882255.24,S40106377,ICICI
TXN00000384,04/08/26,ACH C-AMRAVATI FOODS PVT  LTD-300000000384,,60497.00,71942752.24,4747855538,HDFC
TXN00000385,26/06/26,ACH C-TIRUPUR FABRICATORS AND  COMPANY-300000000385,,50000.00,71992752.24,2300347998,HDFC
TXN00000386,15-06-2026,NEFT-ICICR52024117202-AMRAVATI TRANSPORT AND COMPANY,,298000.00,72290752.24,S50260078,ICICI
TXN00000387,17/08/26,ACH C-DEHRADUN CONTAINERS-300000000387,,50963.50,72341715.74,6760162253,HDFC
TXN00000388,02-08-2026,BIL/ONL/300000000388/GSL,,71478.50,72413194.24,S24591037,ICICI
TXN00000389,08/08/26,RTGS-HDFC0004567-JAMNAGAR FERTILISERS PRIVATE LIMITED-4375033100,,75000.00,72488194.24,8415124854,HDFC
TXN00000390,11-07-2026,BIL/ONL/300000000390/ADL,,156000.00,72644194.24,S37140582,ICICI
TXN00000391,20/07/26,IMPS-300000000391-AMRAVATI TRANSPORT AND COMPANY-AXIS,,10411.00,72654605.24,8127147064,HDFC
TXN00000392,19-07-2026,BIL/ONL/300000000392/HLP,,25923.00,72680528.24,S30188973,ICICI
TXN00000393,11/08/26,UPI-DHANBAD ENTE-DHANBADENT@OKAXIS-8613701350-PAYMENT FROM DEI,,11571.00,72692099.24,6407474729,HDFC
TXN00000394,02-08-2026,NEFT/ICICR52023994749/ERNAKULAM CHEMICALS,,8920.00,72701019.24,S84932501,ICICI
TXN00000395,01/08/26,IMPS-300000000395-JODHPUR SPINNERS LLP-ICIC,,49048.00,72750067.24,5387238367,HDFC
TXN00000396,30/06/26,UPI-DEHRADUN HANDICRAFTS LLP-DEHRADUNHA@OKAXIS-9269343397,,150000.00,72900067.24,9702567924,HDFC
TXN00000397,11-07-2026,UPI/1117237338/EBL/ernakulamb@ybl,,16029.75,72916096.99,S37995717,ICICI
TXN00000398,16/06/26,ACH C-BHAVNAGAR FORGINGS LIMITED-300000000398,,48609.00,72964705.99,7347871270,HDFC
TXN00000399,14/06/26,RTGS-HDFC0002341-CHENNAI CONTAINERS-300000000399,,3643.00,72968348.99,1194860493,HDFC
TXN00000400,20/06/26,IMPS-300000000400-MANGALORE BEARINGS LIMITED-ICIC,,5000.00,72973348.99,6074996463,HDFC
TXN00000401,28-06-2026,BIL/ONL/9736920270/NCP,,30000.00,73003348.99,S80491768,ICICI
TXN00000402,24-07-2026,NEFT-ICICR52023994587-AMRAVATI INFRAPROJECTS AND COMPANY,,125000.25,73128349.24,S82475706,ICICI
TXN00000403,17/06/26,RTGS-HDFC0000123-BHAVNAGAR AUTO COMPONENTS PVT LTD-300000000403,,14053.50,73142402.74,9478079661,HDFC
TXN00000404,13/07/26,NEFT CR-HDFC0000123-GWALIOR DIAGNOSTICS LIMITED-UTR5207051997,,74552.50,73216955.24,9640239444,HDFC
TXN00000405,28-07-2026,UPI/300000000405/CAE/chandrapur@ibl,,121841.99,73338797.23,S99659144,ICICI
TXN00000406,06-06-2026,NEFT/ICICR52023994563/MANGALORE SPINNERS LLP,,46272.00,73385069.23,S77742871,ICICI
TXN00000407,27-08-2026,MMT/IMPS/300000000407/amravatipackagingllp/ICIC,,19608.00,73404677.23,S31307037,ICICI
TXN00000408,11-08-2026,NEFT/ICICR52023994239/AMRAVATI CHEMICALS I,,50000.50,73454677.73,S84592492,ICICI
TXN00000409,23/07/26,RTGS-HDFC0009812-GWALIOR CONTAINERS P LTD-1302931075,,15000.00,73469677.73,3887580924,HDFC
TXN00000410,21-08-2026,UPI/2951493270/ATI/amravatitr@ybl,,60000.25,73529677.98,S44286237,ICICI
TXN00000411,03/08/26,NEFT-HDFC0002341-AMRAVATI CONSTRUCTIONS PRIVATE LIMITED-300000000411,,71312.00,73600989.98,7476052850,HDFC
TXN00000412,02-08-2026,BIL/ONL/2643199628/BPL,,38874.00,73639863.98,S87862664,ICICI
TXN00000413,23-08-2026,UPI/1110125417/Payment from/gwaliorind@ybl/SBIN,,11121.75,73650985.73,S13808371,ICICI
TXN00000414,03-07-2026,MMT/IMPS/4502414628/INDOREMOTORSPRIVATELIMITED/SBIN,,67811.00,73718796.73,S40544052,ICICI
TXN00000415,13-07-2026,MMT/IMPS/4241716107/AURANGABAD POLYMERS/HDFC,,47000.00,73765796.73,S77930179,ICICI
TXN00000416,29-08-2026,MMT/IMPS/300000000416/HOSUR HANDICRAFTS LLP/UTIB,,15346.00,73781142.73,S21034254,ICICI
TXN00000417,22-06-2026,NEFT/ICICR52024117112/AURANGABAD TRANS,,21000.00,73802142.73,S74863842,ICICI
TXN00000418,08-08-2026,UPI/300000000418/Payment from/maduraicer@ibl/SBIN,,11582.00,73813724.73,S28051318,ICICI
TXN00000419,15/06/26,IMPS-5230873857-AURANGABAD TEXTILES PVT LTD-HDFC,,42157.00,73855881.73,7833563240,HDFC
TXN00000420,16/07/26,UPI-AMRAVATI BEARINGS LIMITED-AMRAVATIBE@OKAXIS-300000000420-PAYMENT FROM ABL,,2104.00,73857985.73,7236772367,HDFC
TXN00000421,21/06/26,NEFT CR-HDFC0000123-COIMBATORE MEDIA PVT LTD-UTR300000000421,,7988.99,73865974.72,1778411697,HDFC
TXN00000422,24-07-2026,UPI/3146117090/Payment from/godavaritr@okaxis/ICIC,,205644.99,74071619.71,S94960805,ICICI
TXN00000423,11/08/26,IMPS-300000000423-AMRAVATI CAB-ICIC,,29395.25,74101014.96,3298726599,HDFC
TXN00000424,13/08/26,IMPS-9307531768-TRICHY AUTO COMPONENTS PVT LTD-UTIB,,25000.00,74126014.96,4866461018,HDFC
TXN00000425,28-07-2026,BIL/ONL/300000000425/CPM,,35141.99,74161156.95,S98538069,ICICI
TXN00000426,14/07/26,UPI-HUBLI BEARINGS L-HUBLIBEARI@YBL-7125994325-PAYMENT FROM HBL,,3492.00,74164648.95,7705530537,HDFC
TXN00000427,07-08-2026,UPI/300000000427/Payment from/ernakulamh@ybl/HDFC,,148000.25,74312649.20,S57213180,ICICI
TXN00000428,06/08/26,IMPS-300000000428-SURAT MEDIA PVT-KKBK ,,200000.50,74512649.70,3960905453,HDFC
TXN00000429,13-07-2026,BIL/ONL/300000000429/RBL,,50000.00,74562649.70,S51572498,ICICI
TXN00000430,25-07-2026,NEFT-ICICR52023081752-Amravati Tex,,29253.00,74591902.70,S75570300,ICICI
TXN00000431,09/07/26,NEFT-HDFC0000123-AMRAVATI BEARINGS LIMITED-300000000431,,29041.99,74620944.69,1469628454,HDFC
TXN00000432,28-07-2026,UPI/2365461649/Payment from/anantapurc@okaxis/SBIN,,38252.50,74659197.19,S96454359,ICICI
TXN00000433,20/08/26,NEFT-HDFC0004567-AMRAVATI AUTO COMPONENTS PVT LTD-300000000433,,23227.00,74682424.19,3294688377,HDFC
TXN00000434,19-06-2026,NEFT/ICICR52023081677/gandhinagar,,100000.00,74782424.19,S73945115,ICICI
TXN00000435,03-07-2026,NEFT-ICICR52024117393-Salem Handicrafts Llp,,9460.00,74791884.19,S62137114,ICICI
TXN00000436,07-06-2026,RTGS/ICICR52024560472/VARANASI SOFTWARE,,143156.50,74935040.69,S81126909,ICICI
TXN00000437,26-08-2026,NEFT-ICICR52024117322-AMRAVATI TRADERS INDIA P LTD,,40000.00,74975040.69,S79457789,ICICI
TXN00000438,24-06-2026,MMT/IMPS/300000000438/bhopal ceramics pvt ltd/AXIS,,71368.00,75046408.69,S92184856,ICICI
TXN00000439,03-06-2026,MMT/IMPS/300000000439/COIMBATORE DIAGNOSTICS LIMITED/HDFC,,304317.00,75350725.69,S88309134,ICICI
TXN00000440,11/08/26,RTGS-HDFC0002341-NASHIK SPINNERS-300000000440,,66146.00,75416871.69,9199886397,HDFC
TXN00000441,01-08-2026,NEFT-ICICR52023081478-AMRAVATI CERAMICS PVT LTD,,150000.00,75566871.69,S62830211,ICICI
TXN00000442,10-07-2026,MMT/IMPS/300000000442/raipur containers pvt  ltd/SBIN,,40000.75,75606872.44,S79851147,ICICI
TXN00000443,23-08-2026,BIL/ONL/8115443919/NSS,,100000.25,75706872.69,S93774633,ICICI
TXN00000444,20-07-2026,MMT/IMPS/300000000444/AMRAVATI AGRO EXPORTS/UTIB,,54452.00,75761324.69,S47801233,ICICI
TXN00000445,13/07/26,RTGS-HDFC0004567-ANANTAPUR PRINTERS  PVT LTD-300000000445/ ,,47681.00,75809005.69,3651973404,HDFC
TXN00000446,18/08/26,NEFT-HDFC0002341-AMRAVATI GARMENTS PRIVATE LIMITED-1393358576,,19256.25,75828261.94,6122343715,HDFC
TXN00000447,28-08-2026,NEFT-ICICR52023081819-KRISHNA CONS,,23442.00,75851703.94,S40563463,ICICI
TXN00000448,07/07/26,UPI-AMRAVATIHOSPITALITYPVTLTD-AMRAVATIHO@OKHDFCBANK-300000000448,,13860.00,75865563.94,9849367682,HDFC
TXN00000449,26/08/26,UPI-JALANDHAR POLYMERS PRIVATE LIMITED-JALANDHARP@OKHDFCBANK-300000000449,,69550.00,75935113.94,4199619032,HDFC
TXN00000450,31-07-2026,BIL/ONL/6950952784/ACP,,125000.00,76060113.94,S63609010,ICICI
TXN00000451,24-06-2026,RTGS/ICICR52024117294/BHAVNAGAR AUTO COM,,57086.00,76117199.94,S68399149,ICICI
TXN00000452,14-06-2026,RTGS/ICICR52024117446/siliguri metals limi,,10000.00,76127199.94,S92091154,ICICI
TXN00000453,20-07-2026,UPI/3956147725/Payment from/amravatidi@ibl/SBIN,,75000.00,76202199.94,S54434217,ICICI
TXN00000454,02/07/26,UPI-HOSURFABRICATORSANDCOMPANY-HOSURFABRI@IBL-300000000454,,34713.00,76236912.94,7403540599,HDFC
TXN00000455,26/06/26,UPI-ERNAKULAMCABLESPRIVATELIMITED-ERNAKULAMC@PAYTM-300000000455-PAYMENT FROM ECP,,31863.00,76268775.94,3303434640,HDFC
TXN00000456,10/06/26,NEFT-HDFC0009812-KRISHNA PRINTERS PVT LTD-300000000456,,25529.00,76294304.94,8569337115,HDFC
TXN00000457,11/08/26,NEFT-HDFC0009812-AMRAVATI CABLES PRIVATE LIMITED-300000000457,,43210.00,76337514.94,9021872325,HDFC
TXN00000458,10-08-2026,NEFT-ICICR52024560165-Cuttack Engi,,162000.99,76499515.93,S31928724,ICICI
TXN00000459,12-06-2026,BIL/ONL/300000000459/SPP,,185000.75,76684516.68,S44997902,ICICI
TXN00000460,29/08/26,UPI-ANANTAPUR CONTAINERS PVT LTD-ANANTAPURC@APL-300000000460-PAYMENT FROM ACP/ ,,5000.00,76689516.68,3114100031,HDFC
TXN00000461,27-06-2026,RTGS/ICICR52024117649/Gwalior Engineering Pvt Ltd,,99886.00,76789402.68,S45654499,ICICI
TXN00000462,13-07-2026,BIL/ONL/8602163695/CHP,,60008.00,76849410.68,S37592908,ICICI
TXN00000463,16/08/26,NEFT CR-HDFC0009812-AMRAVATI SOFTWARE SERVICES PRIVATE LIMITED-UTR300000000463,,48970.00,76898380.68,8387095101,HDFC
TXN00000464,13/08/26,UPI-HUBLI TRANSPORT AND COMPANY-HUBLITRANS@OKHDFCBANK-300000000464-PAYMENT FROM HTA,,34026.99,76932407.67,5128358636,HDFC
TXN00000465,11-06-2026,BIL/ONL/300000000465/ACP ,,98000.75,77030408.42,S33431904,ICICI
TXN00000466,16/08/26,NEFT-HDFC0000123-AMRAVATI AGRO EXPORTS PRIVATE LIMITED-300000000466,,50000.00,77080408.42,8861728111,HDFC
TXN00000467,08/07/26,ACH C-BHILAI FORGINGS LIMITED-3792511382,,94815.00,77175223.42,6525548910,HDFC
TXN00000468,20-07-2026,BIL/ONL/300000000468/ACL,,242000.00,77417223.42,S76372099,ICICI
TXN00000469,19-06-2026,NEFT-ICICR52023994653-GWALIOR PHARMACEUTICALS INDIA PRIVATE LIMITED,,42288.00,77459511.42,S86999716,ICICI
TXN00000470,24/07/26,ACH C-AMRAVATI ENTERPRISES INDIA PRIVATE LIMITED-4177035684,,17118.00,77476629.42,2687061995,HDFC
TXN00000471,23/08/26,ACH C-DEHRADUN MEDIA PVT LTD-300000000471,,81293.00,77557922.42,3741256933,HDFC
TXN00000472,16/06/26,UPI-SOLAPUR CHEM-SOLAPURCHE@OKAXIS-300000000472,,5000.00,77562922.42,9769785826,HDFC
TXN00000473,05/07/26,UPI-CHANDRAPUR FORGINGS-CHANDRAPUR@OKHDFCBANK-5271939051,,100000.00,77662922.42,1356330603,HDFC
TXN00000474,18-08-2026,UPI/300000000474/IEL/indoreelec@okaxis,,21910.50,77684832.92,S85839721,ICICI
TXN00000475,31-08-2026,NEFT-ICICR52023081303-BHAVNAGAR MOTORS PRIVATE LIMITED/,,82716.00,77767548.92,S60562450,ICICI
TXN00000476,02/07/26,NEFT-HDFC0002341-AMRAVATI AGRO EX-300000000476,,100000.99,77867549.91,3334248722,HDFC
TXN00000477,25-07-2026,RTGS/ICICR52024117188/BHILAIMETALSLIMITED,,200000.00,78067549.91,S98565173,ICICI
TXN00000478,24/08/26,IMPS-300000000478-VARANASI INDUSTR-HDFC,,135000.00,78202549.91,5333009936,HDFC
TXN00000479,27/06/26,IMPS-1304592812-NAGPUR ENTERPRISES I-HDFC,,50000.50,78252550.41,9901706660,HDFC
TXN00000480,23-07-2026,UPI/6973338427/AII/amravatiin@ibl,,12297.75,78264848.16,S95274489,ICICI
TXN00000481,05/06/26,UPI-AMRAVATI GARMENTS PRIVATE LIMITED-AMRAVATIGA@IBL-300000000481,,41761.00,78306609.16,7389998697,HDFC
TXN00000482,18-08-2026,BIL/ONL/300000000482/JTI,,12050.00,78318659.16,S78923207,ICICI
TXN00000483,10-07-2026,UPI/300000000483/Payment from/anantapurc@apl/UTIB,,36488.00,78355147.16,S84209410,ICICI
TXN00000484,21/08/26,UPI-AURANGABAD SPINNERS LLP-AURANGABAD@OKAXIS-300000000484,,54494.75,78409641.91,2084632548,HDFC
TXN00000485,04-07-2026,NEFT/ICICR52024560547/SURAT SPINNE,,39708.00,78449349.91,S26497586,ICICI
TXN00000486,12-08-2026,NEFT-ICICR52023994540-BELGAUM SPIN,,140390.00,78589739.91,S86586930,ICICI
TXN00000487,15-08-2026,NEFT-ICICR52024117965-JALANDHAR GA,,37405.00,78627144.91,S32232167,ICICI
TXN00000488,28-07-2026,NEFT/ICICR52024560971/narmada indu,,175657.00,78802801.91,S46470084,ICICI
TXN00000489,04-06-2026,NEFT-ICICR52024117906-AMRAVATI TRADERS INDIA PRIVATE LIMITED,,85535.00,78888336.91,S64371908,ICICI
TXN00000490,29-08-2026,UPI/300000000490/ATI/anantapurt@okhdfcbank,,23085.25,78911422.16,S44215552,ICICI
TXN00000491,22/06/26,NEFT-HDFC0004567-BELGAUM INFRAPROJECTS AND COMPANY-300000000491,,134000.00,79045422.16,6390808142,HDFC
TXN00000492,24/06/26,NEFT-HDFC0009812-AMRAVATI FOO-4182978511,,200000.00,79245422.16,4060289049,HDFC
TXN00000493,01/08/26,IMPS-300000000493-AMRAVATIBEARINGSLIMITED-HDFC,,30000.00,79275422.16,2691382520,HDFC
TXN00000494,20/07/26,UPI-AMRAVATIINDUSTRIESINDIAPRIVATELIMITED-AMRAVATIIN@YBL-300000000494,,33885.00,79309307.16,8725950616,HDFC
TXN00000495,24-08-2026,BIL/ONL/300000000495/GSS,,12614.00,79321921.16,S91120624,ICICI
TXN00000496,03-06-2026,NEFT-ICICR52024560350-nashik refractories limited,,164739.00,79486660.16,S43946341,ICICI
TXN00000497,24/07/26,UPI-CHANDRAPUR D-CHANDRAPUR@IBL-9040663593-PAYMENT FROM CDL ,,85832.00,79572492.16,5585975622,HDFC
TXN00000498,13/06/26,UPI-BELGAUM CHEMICAL-BELGAUMCHE@PAYTM-300000000498,,260000.00,79832492.16,3515223769,HDFC
TXN00000499,12/08/26,IMPS-300000000499-NAGPUR MOTORS PRIVATE LIMITED-ICIC,,8496.00,79840988.16,2693932560,HDFC
TXN00000500,12-08-2026,RTGS/ICICR52024117979/AMRAVATIAGROEXPORTSPRIVATELIMITED,,69000.00,79909988.16,S18870325,ICICI
TXN00000501,26-08-2026,RTGS/ICICR52023994639/ANANTAPUR CASTINGS LLP,,12958.00,79922946.16,S89158875,ICICI
TXN00000502,04-06-2026,NEFT-ICICR52024117668-Chennaipharmaceuticalsindiaprivatelimited,,126000.00,80048946.16,S30569974,ICICI
TXN00000503,13/08/26,NEFT-HDFC0002341-RAJKOT DIAGNOSTICS LIMITED-5539363988,,11547.00,80060493.16,2590770430,HDFC
TXN00000504,29-06-2026,NEFT/ICICR52023081184/AURANGABAD MEDIA,,34984.00,80095477.16,S67518016,ICICI
TXN00000505,31-07-2026,MMT/IMPS/1375896352/CHANDRAPUR HANDICRAFTS LLP/HDFC,,25000.25,80120477.41,S15303441,ICICI
TXN00000506,02/08/26,UPI-ERNAKULAM PLASTICS AND  COMPANY-ERNAKULAMP@YBL-3211441979-PAYMENT FROM EPA,,82397.00,80202874.41,3856190108,HDFC
TXN00000507,23-07-2026,NEFT-ICICR52023081251-HOSUR CERAMICS PVT LTD,,7323.00,80210197.41,S19857239,ICICI
TXN00000508,02/08/26,UPI-AURANGABAD CASTINGS LLP-AURANGABAD@PAYTM-300000000508-PAYMENT FROM ACL,,164000.00,80374197.41,7432215734,HDFC
TXN00000509,14-07-2026,UPI/300000000509/Payment from/gunturinfr@okhdfcbank/HDFC,,22286.00,80396483.41,S28836248,ICICI
TXN00000510,05-06-2026,UPI/6139619911/Payment from/anantapurf@ibl/KKBK,,42607.99,80439091.40,S71261852,ICICI
TXN00000511,10-06-2026,BIL/ONL/300000000511/AAE/,,209000.00,80648091.40,S99715454,ICICI
TXN00000512,30/06/26,IMPS-2789949373-NASHIK SOFTWARE SERVICES PVT-KKBK,,136000.00,80784091.40,9543880001,HDFC
TXN00000513,04/06/26,NEFT CR-HDFC0009812-CUTTACK PHARMACEUTICALS INDIA PRIVATE LIMITED-UTR2108931441,,280000.00,81064091.40,2552328441,HDFC
TXN00000514,21/08/26,NEFT-HDFC0004567-JAMNAGAR LOGISTICS PRIVATE LIMITED-9350979387,,278000.00,81342091.40,7591021980,HDFC
TXN00000515,13-06-2026,MMT/IMPS/4292023422/CHENNAI ELECTRICALS LLP/SBIN,,41326.00,81383417.40,S81780879,ICICI
TXN00000516,21/07/26,UPI-AMRAVATI PRINTERS PV-AMRAVATIPR@OKHDFCBANK-300000000516,,20626.00,81404043.40,1180236719,HDFC
TXN00000517,26/08/26,ACH C-BHOPAL SPINNERS LLP-5878096289,,125000.00,81529043.40,2361792016,HDFC
TXN00000518,11-07-2026,UPI/5214695496/Payment from/aurangabad@apl/SBIN,,92719.00,81621762.40,S13509495,ICICI
TXN00000519,17-07-2026,BIL/ONL/300000000519/TMP,,48000.25,81669762.65,S83677009,ICICI
TXN00000520,14-06-2026,NEFT/ICICR52024117170/SALEM DISTRIBUTORS PRIVATE LIMITED,,85874.00,81755636.65,S74018781,ICICI
TXN00000521,11/08/26,NEFT CR-HDFC0000123-AMRAVATI AGRO EXPORTS PRIVATE LIMITED-UTR300000000521,,99076.00,81854712.65,3189078060,HDFC
TXN00000522,26-06-2026,NEFT-ICICR52024560692-UDAIPUR PACKAGING LL,,60000.00,81914712.65,S26730079,ICICI
TXN00000523,16/06/26,RTGS-HDFC0000123-HUBLI AGRO EXPORTS PRIVATE LIMITED-2068502555,,255000.00,82169712.65,2695304195,HDFC
TXN00000524,23-08-2026,RTGS/ICICR52023994432/SURAT PHARMACEUT,,58000.00,82227712.65,S46918544,ICICI
TXN00000525,16-07-2026,UPI/300000000525/BHP/bhopalhosp@apl,,25000.00,82252712.65,S37358925,ICICI
TXN00000526,03-06-2026,NEFT-ICICR52024560376-BHILAI GARMENTS,,22448.00,82275160.65,S27916286,ICICI
TXN00000527,12/08/26,NEFT-HDFC0009812-AMRAVATI AGRO EXPO-300000000527,,249000.00,82524160.65,6509641321,HDFC
TXN00000528,07/08/26,NEFT-HDFC0009812-KOLHAPUR GARMENTS PRIVATE LIMITED-300000000528,,13564.00,82537724.65,7119678479,HDFC
TXN00000529,27/08/26,IMPS-6827758031-HOSUR CONSTRUCTIONS-ICIC-,,103000.00,82640724.65,4847969893,HDFC
TXN00000530,16/06/26,UPI-ANANTAPUR DISTRI-ANANTAPURD@IBL-300000000530-PAYMENT FROM ADP,,6680.25,82647404.90,5696473543,HDFC
TXN00000531,20/08/26,UPI-RAIPUR TRANSPORT  AND COMPANY-RAIPURTRAN@YBL-2420535159-PAYMENT FROM RTA,,32710.00,82680114.90,9309279227,HDFC
TXN00000532,26/08/26,UPI-JALANDHAR MEDIA PVT LTD-JALANDHARM@APL-300000000532-PAYMENT FROM JMP,,28593.25,82708708.15,1577737703,HDFC
TXN00000533,28/08/26,NEFT-HDFC0002341-AMRAVATICONTAINERSPVTLTD-300000000533,,8904.75,82717612.90,5760712372,HDFC
TXN00000534,28-08-2026,NEFT-ICICR52023994423-ANANTAPUR DIAGNO,,6035.00,82723647.90,S12688078,ICICI
TXN00000535,14/06/26,NEFT CR-HDFC0004567-AMRAVATI REF-UTR300000000535,,275000.00,82998647.90,9807939295,HDFC
TXN00000536,09-08-2026,RTGS/ICICR52024117922/meerutcastingsllp,,3218.00,83001865.90,S29840362,ICICI
TXN00000537,29/07/26,IMPS-4105648029-GANDHINAGAR-UTIB,,15000.75,83016866.65,3954750262,HDFC
TXN00000538,10/06/26,RTGS-HDFC0004567-CHANDRAPUR AGRO EXPORTS PRIVATE LIMITED-6549690147,,94935.00,83111801.65,7342714681,HDFC
TXN00000539,12-07-2026,MMT/IMPS/300000000539/CHANDRAPUR F/SBIN,,95881.25,83207682.90,S30127103,ICICI
TXN00000540,01-07-2026,MMT/IMPS/300000000540/BHILAI  CONTAINERS/ICIC,,94437.00,83302119.90,S84928707,ICICI
TXN00000541,17/06/26,IMPS-4171860046-CALICUT COLD STORAGE AND COMPANY-UTIB,,9000.50,83311120.40,4998184156,HDFC
TXN00000542,10/06/26,NEFT CR-HDFC0009812-CHENNAI HOSPITALITY-UTR300000000542,,97000.00,83408120.40,5855505105,HDFC
TXN00000543,12-06-2026,RTGS/ICICR52024560907/Indore Chemicals India Private Limited,,96889.75,83505010.15,S82943202,ICICI
TXN00000544,01-08-2026,RTGS/ICICR52024117950/HALDIADISTRIBUTORSPRIVATELIMITED,,12000.00,83517010.15,S72502873,ICICI
TXN00000545,21/08/26,RTGS-HDFC0009812-ERNAKULAM HOSPIT-300000000545,,19936.00,83536946.15,1438841120,HDFC
TXN00000546,17/08/26,UPI-AMRAVATICERAMICSPVTLTD-AMRAVATICE@IBL-9739216787-PAYMENT FROM ACP,,26535.25,83563481.40,2672205455,HDFC
TXN00000547,02/06/26,UPI-CALICUT CONTAINERS PVT LTD-CALICUTCON@PAYTM-300000000547-PAYMENT FROM CCP,,8677.25,83572158.65,7431076389,HDFC
TXN00000548,21-08-2026,MMT/IMPS/7764694647/INDORE PACKA/ICIC,,92518.25,83664676.90,S13540146,ICICI
TXN00000549,19/08/26,UPI-DHANBADCHEMICALSINDIAPRIVATELIMITED-DHANBADCHE@IBL-300000000549-PAYMENT FROM DCI,,64430.50,83729107.40,8696719645,HDFC
TXN00000550,17/06/26,NEFT CR-HDFC0002341-ANANTAPUR  FABRICATORS AND COMPANY-UTR300000000550,,125007.25,83854114.65,5607122989,HDFC
TXN00000551,15/07/26,RTGS-HDFC0004567-SALEM REFRACTORIES-300000000551,,30000.75,83884115.40,1497479920,HDFC
TXN00000552,09-07-2026,NEFT/ICICR52023994562/Aurangabad Hospi,,66866.75,83950982.15,S16374169,ICICI
TXN00000553,13-08-2026,MMT/IMPS/7983455615/CHENNAI CHEMICALS INDIA PRIVATE LIMITED/KKBK,,89761.00,84040743.15,S71230430,ICICI
TXN00000554,23/08/26,ACH C-AMRAVATI CASTINGS-5094342863,,50583.00,84091326.15,9457263254,HDFC
TXN00000555,12-08-2026,MMT/IMPS/300000000555/BHILAI COLD STORAGE AND  COMPANY/UTIB,,23965.00,84115291.15,S53725194,ICICI
TXN00000556,26/08/26,ACH C-GWALIOR FABRICATORS AND COMPANY-300000000556,,34779.50,84150070.65,5927368473,HDFC
TXN00000557,05-07-2026,NEFT-ICICR52024560200-Dhanbad Fabricators And Company,,76000.00,84226070.65,S80934691,ICICI
TXN00000558,26/06/26,ACH C-AURANGABAD PHARMACEUTICALS INDIA PRIVATE LIMITED-300000000558,,62000.00,84288070.65,9617909120,HDFC
TXN00000559,08/06/26,IMPS-4669833820-MANGALORE HANDIC-KKBK,,96882.00,84384952.65,5639013227,HDFC
TXN00000560,23-07-2026,UPI/300000000560/GPM/gandhinaga@okhdfcbank,,100000.00,84484952.65,S62443962,ICICI
TXN00000561,25-07-2026,RTGS/ICICR52024560148/Amravati Hos,,76779.00,84561731.65,S18964953,ICICI
TXN00000562,09/06/26,NEFT-HDFC0009812-JAMNAGAR TEXTILE-1735506683,,204000.75,84765732.40,4898275173,HDFC
TXN00000563,15-06-2026,MMT/IMPS/300000000563/GWALIOR TEXTILES PVT/HDFC,,30000.00,84795732.40,S45513832,ICICI
TXN00000564,22-07-2026,NEFT-ICICR52024560581-DHANBAD HAND,,5750.00,84801482.40,S77063002,ICICI
TXN00000565,23/06/26,IMPS-300000000565-GWALIOR COLD STO-UTIB,,30000.00,84831482.40,8550030472,HDFC
TXN00000566,17-06-2026,NEFT/ICICR52023081564/Meerut Traders I,,277000.00,85108482.40,S76634324,ICICI
TXN00000567,02/06/26,RTGS-HDFC0000123-ANANTAPUR ENTERPRI-8127735101,,51436.75,85159919.15,3445690964,HDFC
TXN00000568,14/07/26,ACH C-INDORE TRADERS INDIA PRIVATE LIMITED-300000000568,,46532.50,85206451.65,4133766146,HDFC
TXN00000569,05-08-2026,MMT/IMPS/300000000569/Guntur Printers Pvt Ltd/AXIS,,27101.00,85233552.65,S14804924,ICICI
TXN00000570,29/07/26,UPI-HOSUR CHEMICALS INDIA PRIVATE LIMITED-HOSURCHEMI@IBL-300000000570-PAYMENT FROM HCI,,62938.99,85296491.64,9226229353,HDFC
TXN00000571,13-08-2026,RTGS/ICICR52023081812/CHENNAI CABLES PRIVATE LIMITED,,91491.00,85387982.64,S58366333,ICICI
TXN00000572,05-06-2026,NEFT-ICICR52024560571-JALANDHAR POLYMERS PRIVATE LIMITED,,21764.00,85409746.64,S92059030,ICICI
TXN00000573,14/08/26,RTGS-HDFC0002341-AURANGABADENGINEERINGPVTLTD-300000000573,,64338.00,85474084.64,8565577212,HDFC
TXN00000574,13/08/26,RTGS-HDFC0000123-INDORE COLD STORAGE AND COMPANY-300000000574,,206057.00,85680141.64,2393185834,HDFC
TXN00000575,01/06/26,IMPS-300000000575-ERNAKULAM HANDICRAFTS LLP-UTIB,,27584.00,85707725.64,4407848229,HDFC
TXN00000576,13-07-2026,BIL/ONL/8806269776/ACL,,202000.00,85909725.64,S12155101,ICICI
TXN00000577,22/08/26,RTGS-HDFC0000123-SURAT CERAMICS PVT LTD-300000000577,,77000.00,85986725.64,8549542339,HDFC
TXN00000578,22-07-2026,NEFT-ICICR52024560386-AMRAVATI AGRO EXPORTS,,121000.75,86107726.39,S55350898,ICICI
TXN00000579,16-08-2026,BIL/ONL/300000000579/CDP-,,29961.00,86137687.39,S15754576,ICICI
TXN00000580,30/06/26,RTGS-HDFC0002341-AMRAVATI  GARMENTS PRIVATE LIMITED-300000000580,,118000.00,86255687.39,4170352066,HDFC
TXN00000581,22/07/26,UPI-HALDIACONSTRUCTIONSPRIVATELIMITED-HALDIACONS@APL-300000000581-PAYMENT FROM HCP,,146000.99,86401688.38,1027339118,HDFC
TXN00000582,27/06/26,UPI-BHAVNAGAR  BEARINGS LIMITED-BHAVNAGARB@YBL-300000000582-PAYMENT FROM BBL,,49212.00,86450900.38,4803116808,HDFC
TXN00000583,15-07-2026,UPI/9159800657/Payment from/chennaipap@apl/SBIN,,47005.00,86497905.38,S45652297,ICICI
TXN00000584,21-06-2026,NEFT-ICICR52024560223-Chandrapur Ceramics Pvt Ltd,,293000.75,86790906.13,S38866008,ICICI
TXN00000585,24/06/26,ACH C-AMRAVATI SOFTWARE SERVICES PRIVATE LIMITED-4786265850,,69345.00,86860251.13,8045281887,HDFC
TXN00000586,29-08-2026,UPI/300000000586/Payment from/anantapure@okhdfcbank/ICIC,,80223.00,86940474.13,S12625340,ICICI
TXN00000587,05/08/26,NEFT-HDFC0000123-DEHRADUN ELECTRICALS LLP-300000000587,,130000.00,87070474.13,2422105453,HDFC
TXN00000588,29/06/26,NEFT CR-HDFC0004567-GWALIOR CERAMICS PVT LTD-UTR300000000588,,63509.00,87133983.13,4706462983,HDFC
TXN00000589,11-08-2026,NEFT/ICICR52024560162/Cuttack Castings,,10000.00,87143983.13,S50547649,ICICI
TXN00000590,16/06/26,RTGS-HDFC0004567-ANANTAPUR ENTERPRISES INDIA PRIVATE LIMITED-300000000590,,3992.75,87147975.88,1103207870,HDFC
TXN00000591,18-08-2026,NEFT-ICICR52024117849-AURANGABAD HANDICRAF,,29984.00,87177959.88,S71786427,ICICI
TXN00000592,15/06/26,ACH C-BHILAI FABRICATORS AND COMPANY-300000000592,,156596.25,87334556.13,2068046073,HDFC
TXN00000593,20/07/26,NEFT-HDFC0009812-RAJKOTCOLDSTORAGEANDCOMPANY-1445085616,,19952.00,87354508.13,8228609138,HDFC
TXN00000594,18/06/26,RTGS-HDFC0000123-GANDHINAGAR FORG-8394104918,,100000.75,87454508.88,2482789277,HDFC
TXN00000595,29-07-2026,NEFT/ICICR52024117966/JODHPUR PLASTICS AND COMPANY,,36603.00,87491111.88,S30960858,ICICI
TXN00000596,22-06-2026,NEFT-ICICR52023081522-AMRAVATI AGR,,23086.00,87514197.88,S81275948,ICICI
TXN00000597,01/07/26,NEFT-HDFC0002341-GUNTUR AUTO-9403486064,,29532.25,87543730.13,6789753893,HDFC
TXN00000598,04/07/26,IMPS-300000000598-AURANGABAD CHEMICALS INDIA PRIVATE LIMITED-UTIB,,32767.50,87576497.63,7224806815,HDFC
TXN00000599,04-06-2026,NEFT/ICICR52024560186/AURANGABAD A,,10777.00,87587274.63,S23645439,ICICI
TXN00000600,08-07-2026,RTGS/ICICR52024117457/ANANTAPUR HANDICRAFTS,,159690.00,87746964.63,S67164456,ICICI
TXN00000601,13-07-2026,RTGS/ICICR52023081637/HOSUR PAPER MILLS PV,,46634.00,87793598.63,S12547533,ICICI
TXN00000602,15/07/26,ACH C-AMRAVATI AGRO EXPORT-300000000602,,9287.00,87802885.63,5307967688,HDFC
TXN00000603,20-08-2026,RTGS/ICICR52024117574/ANANTAPUR INDUSTRIES INDIA PRIVATE LIMITED,,55616.00,87858501.63,S65643484,ICICI
TXN00000604,13/06/26,IMPS-8568570347-BHAVNAGARHANDICRAFTSLLP-UTIB,,8145.00,87866646.63,7850993986,HDFC
TXN00000605,04/07/26,ACH C-DEHRADUN TRA-300000000605,,29963.00,87896609.63,9707742997,HDFC
TXN00000606,02/07/26,UPI-KANPUR SPINNERS LLP-KANPURSPIN@IBL-300000000606-PAYMENT FROM KSL,,259476.25,88156085.88,1593739063,HDFC
TXN00000607,02-07-2026,RTGS/ICICR52024560585/JALANDHAR  TRANSPORT AND COMPANY,,23673.00,88179758.88,S34136369,ICICI
TXN00000608,24-08-2026,MMT/IMPS/300000000608/Madurai Hospitality Pvt Ltd/UTIB,,4807.00,88184565.88,S99962943,ICICI
TXN00000609,02-07-2026,MMT/IMPS/300000000609/RAJKOT PAPER MILLS P/UTIB,,29511.00,88214076.88,S54735696,ICICI
TXN00000610,26-08-2026,UPI/7914144869/ICP/indorecons@ibl ,,236000.00,88450076.88,S78679294,ICICI
TXN00000611,14-07-2026,UPI/300000000611/Payment from/aurangabad@okaxis/KKBK,,5000.00,88455076.88,S81498245,ICICI
TXN00000612,05/07/26,RTGS-HDFC0000123-HOSUR DIAGNOSTICS-300000000612,,22000.50,88477077.38,4750076818,HDFC
TXN00000613,23/07/26,UPI-HUBLI INFRAPROJECTS AND COMPANY-HUBLIINFRA@PAYTM-300000000613-PAYMENT FROM HIA,,40000.00,88517077.38,5713131525,HDFC
TXN00000614,06-07-2026,NEFT/ICICR52023081659/AURANGABAD PRINTERS PVT LTD,,40000.00,88557077.38,S71971688,ICICI
TXN00000615,06/07/26,IMPS-300000000615-LUDHIANA MOTORS PRIVATE LIMITED-UTIB,,60000.00,88617077.38,7186241692,HDFC
TXN00000616,16/07/26,RTGS-HDFC0002341-RAJKOT PAPER MIL-300000000616-,,114719.00,88731796.38,5597262809,HDFC
TXN00000617,12/08/26,NEFT-HDFC0009812-AMRAVATI CABLES-300000000617/ ,,112153.00,88843949.38,4466010948,HDFC
TXN00000618,28-08-2026,UPI/300000000618/AFP/aurangabad@paytm,,174955.99,89018905.37,S55622852,ICICI
TXN00000619,11-07-2026,RTGS/ICICR52024117888/COIMBATORE INFRAPR,,250000.75,89268906.12,S24549026,ICICI
TXN00000620,07/06/26,UPI-BHAVNAGAR TEXTILES PVT LTD-BHAVNAGART@APL-300000000620-PAYMENT FROM BTP,,178000.00,89446906.12,5584157193,HDFC
TXN00000621,13-06-2026,UPI/300000000621/AAE/amravatiag@okhdfcbank,,60000.00,89506906.12,S85004808,ICICI
TXN00000622,03-06-2026,UPI/300000000622/Payment from/amravatidi@ibl/ICIC,,6480.99,89513387.11,S74252953,ICICI
TXN00000623,01-08-2026,NEFT/ICICR52023994359/BELGAUM FERTILISERS PRIVATE LIMITED ,,29297.25,89542684.36,S44153671,ICICI
TXN00000624,19/06/26,ACH C-AURANGABAD INFRA-300000000624,,240000.00,89782684.36,8148964691,HDFC
TXN00000625,13/08/26,UPI-GODAVARI  PACKAGING LLP-GODAVARIPA@PAYTM-9878863684,,85915.00,89868599.36,1834778099,HDFC
TXN00000626,20-06-2026,UPI/4179591386/Payment from/bhavnagarm@ibl/AXIS,,29776.00,89898375.36,S18987335,ICICI
TXN00000627,05-07-2026,NEFT-ICICR52023081586-madurai infraprojects and company,,89000.00,89987375.36,S84151411,ICICI
TXN00000628,03-07-2026,BIL/ONL/300000000628/ACS,,74809.75,90062185.11,S90376344,ICICI
TXN00000629,01/08/26,NEFT CR-HDFC0009812-AMRAVATI AUTO CO-UTR2085051459,,8059.00,90070244.11,2011318028,HDFC
TXN00000630,05/06/26,ACH C-DEHRADUN CHEMICALS INDIA PRIVATE LIMITED-300000000630,,20000.99,90090245.10,1795059757,HDFC
TXN00000631,21/07/26,UPI-AMRAVATI MEDIA PVT LTD-AMRAVATIME@OKAXIS-2658861672,,15000.00,90105245.10,5694143595,HDFC
TXN00000632,04-07-2026,BIL/ONL/7823421383/AAC,,29161.00,90134406.10,S71343415,ICICI
TXN00000633,16-08-2026,UPI/7107794839/Payment from/ludhianaso@okhdfcbank/UTIB,,8720.75,90143126.85,S21615436,ICICI
TXN00000634,30-07-2026,UPI/300000000634/Payment from/hublichemi@okaxis/KKBK,,52582.25,90195709.10,S60723650,ICICI
TXN00000635,04/06/26,UPI-COIMBATOREFOODSPVTLTD-COIMBATORE@IBL-300000000635-PAYMENT FROM CFP,,57078.00,90252787.10,9922942160,HDFC
TXN00000636,12-06-2026,BIL/ONL/6097146801/BTI,,122000.00,90374787.10,S86724177,ICICI
TXN00000637,15-07-2026,MMT/IMPS/7392104267/BHAVNAGARCASTINGSLLP/HDFC,,15000.75,90389787.85,S96567889,ICICI
TXN00000638,05-07-2026,UPI/9091200884/Payment from/cuttackdis@ibl/HDFC,,207000.99,90596788.84,S60042866,ICICI
TXN00000639,13-08-2026,UPI/300000000639/Payment from/chandrapur@okhdfcbank/SBIN,,44027.00,90640815.84,S71654008,ICICI
TXN00000640,13/08/26,UPI-AMRAVATI LOGISTICS P-AMRAVATILO@OKAXIS-1784983542-PAYMENT FROM ALP,,99363.50,90740179.34,8612524573,HDFC
TXN00000641,12/06/26,RTGS-HDFC0004567-AMRAVATI AGRO EXPORTS PRIVATE LIMITED-5665080307,,125000.25,90865179.59,2892314992,HDFC
TXN00000642,11/06/26,ACH C-KRISHNA HANDICRAFTS LLP-8667408204,,10000.00,90875179.59,7306408784,HDFC
TXN00000643,04-07-2026,NEFT/ICICR52024117924/DHANBAD HOSPITALITY PVT LTD,,20311.00,90895490.59,S19492312,ICICI
TXN00000644,13/08/26,IMPS-6840910912-AMRAVATI AGRO EXPO-ICIC,,79000.00,90974490.59,8997418957,HDFC
TXN00000645,01/07/26,UPI-TRICHYFERTILISERSPRIVATELIMITED-TRICHYFERT@YBL-300000000645,,15334.00,90989824.59,5510235152,HDFC
TXN00000646,29/06/26,IMPS-300000000646-BELGAUMSOFTWARESERVICESPRIVATELIMITED-HDFC,,12121.00,91001945.59,2003179826,HDFC
TXN00000647,18-08-2026,NEFT-ICICR52024560834-SOLAPUR CASTINGS LLP,,8936.00,91010881.59,S45976961,ICICI
TXN00000648,25-08-2026,NEFT-ICICR52023081427-HOSUR FABRICATORS AND COMPANY,,30000.25,91040881.84,S34574296,ICICI
TXN00000649,20/08/26,IMPS-4627206450-PANIPAT CASTINGS LLP-UTIB,,133000.00,91173881.84,3765586586,HDFC
TXN00000650,28/08/26,ACH C-PANIPAT REFR-4772213435,,60681.75,91234563.59,9899209385,HDFC
TXN00000651,20-08-2026,NEFT/ICICR52023081470/AURANGABAD FORGINGS LIMITED,,49442.00,91284005.59,S75349641,ICICI
TXN00000652,10-08-2026,RTGS/ICICR52023994811/DEHRADUNCONTAINERSPVTLTD,,14933.00,91298938.59,S39233152,ICICI
TXN00000653,29-06-2026,UPI/300000000653/GPP/gunturprin@okaxis,,7750.75,91306689.34,S27449362,ICICI
TXN00000654,03/07/26,NEFT-HDFC0000123-NASHIK DISTRIBUT-300000000654,,20000.00,91326689.34,9614066292,HDFC
TXN00000655,20-06-2026,NEFT/ICICR52023994977/Jamnagar  Hospita,,21044.00,91347733.34,S89671199,ICICI
TXN00000656,02/07/26,RTGS-HDFC0000123-JODHPUR CASTINGS LLP-300000000656,,203000.00,91550733.34,2910906833,HDFC
TXN00000657,10/08/26,UPI-AMRAVATI CASTING-AMRAVATICA@APL-300000000657,,83000.00,91633733.34,2862876997,HDFC
TXN00000658,13-06-2026,UPI/300000000658/JDL/jodhpurdia@okaxis,,9143.00,91642876.34,S91050580,ICICI
TXN00000659,22/06/26,RTGS-HDFC0000123-MEERUT CASTINGS LLP-300000000659,,150000.00,91792876.34,1697990504,HDFC
TXN00000660,30/06/26,IMPS-4140232139-AMRAVATI AUTO COMP-SBIN,,11992.00,91804868.34,4011204942,HDFC
TXN00000661,08/06/26,NEFT CR-HDFC0004567-GWALIOR INFRAPROJECTS AND COMPANY-UTR300000000661/,,58300.00,91863168.34,3161820783,HDFC
TXN00000662,09-06-2026,NEFT/ICICR52024117886/BHILAIMEDIAPVTLTD,,10754.00,91873922.34,S90291052,ICICI
TXN00000663,10/07/26,UPI-AMRAVATI CASTINGS LLP-AMRAVATICA@OKHDFCBANK-5420258513-PAYMENT FROM ACL,,64180.00,91938102.34,3437347082,HDFC
TXN00000664,04-06-2026,NEFT-ICICR52024560339-KANPUR PHARMACEUTICALS INDIA PRIVATE LIMITED,,20000.00,91958102.34,S78738936,ICICI
TXN00000665,08-07-2026,NEFT/ICICR52024117681/KANPUR TRANSPORT AND COMPANY,,31000.00,91989102.34,S91137087,ICICI
TXN00000666,16-06-2026,RTGS/ICICR52023081795/Bhavnagar Enterprise,,92516.00,92081618.34,S15273520,ICICI
TXN00000667,20-08-2026,UPI/300000000667/Payment from/coimbatore@ibl/ICIC,,38786.00,92120404.34,S27982209,ICICI
TXN00000668,25/08/26,RTGS-HDFC0009812-INDORE  AGRO EXPO-300000000668,,6494.75,92126899.09,9003959750,HDFC
TXN00000669,30-07-2026,MMT/IMPS/300000000669/JODHPUR PAPER MILLS PVT LTD/AXIS,,21805.00,92148704.09,S61312479,ICICI
TXN00000670,11/06/26,UPI-SURATFERTILISERSPRIVATELIMITED-SURATFERTI@IBL-2467549493-PAYMENT FROM SFP,,40000.50,92188704.59,8920948326,HDFC
TXN00000671,02-07-2026,BIL/ONL/9390892676/APL,,6009.50,92194714.09,S52511436,ICICI
TXN00000672,23/07/26,UPI-NAGPUR TRADE-NAGPURTRAD@IBL-1717311953-PAYMENT FROM NTI,,10000.00,92204714.09,6501214550,HDFC
TXN00000673,28-07-2026,BIL/ONL/300000000673/AGP,,144000.50,92348714.59,S81006112,ICICI
TXN00000674,28-07-2026,RTGS/ICICR52023081761/BHILAI FERTILISERS PRIVATE LIMITED,,76000.00,92424714.59,S30468290,ICICI
TXN00000675,25/08/26,NEFT-HDFC0004567-KOLHAPUR REFRACT-5577200690,,302088.00,92726802.59,7890052328,HDFC
TXN00000676,23-07-2026,BIL/ONL/300000000676/ACP,,35829.00,92762631.59,S13595556,ICICI
TXN00000677,19/06/26,NEFT CR-HDFC0004567-DHANBAD TRANSPORT AND COMPANY-UTR8793998005/ ,,500000.75,93262632.34,8957990693,HDFC
TXN00000678,17-06-2026,MMT/IMPS/300000000678/HALDIA REFRACTORIES LIMITED/ICIC,,37372.00,93300004.34,S26212584,ICICI
TXN00000679,03/06/26,RTGS-HDFC0000123-JAMNAGAR INDUSTRIES INDIA-5131366463,,40078.00,93340082.34,7023851425,HDFC
TXN00000680,28/08/26,NEFT-HDFC0004567-AMRAVATI SOFTWARE SERVICES PRIVATE LIMITED-3431267294,,94000.50,93434082.84,9560119285,HDFC
TXN00000681,02/07/26,ACH C-ANANTAPUR AGRO EXPOR-300000000681,,33639.99,93467722.83,7707384358,HDFC
TXN00000682,24-08-2026,UPI/300000000682/Payment from/amravatife@paytm/SBIN,,47743.00,93515465.83,S33391451,ICICI
TXN00000683,12-06-2026,UPI/300000000683/Payment from/salemforgi@okhdfcbank/KKBK,,8644.25,93524110.08,S18079655,ICICI
TXN00000684,23/06/26,ACH C-CALICUT REFRACTORIES LIMITED-1385711216,,25000.00,93549110.08,7959153537,HDFC
TXN00000685,28-06-2026,UPI/5416593791/Payment from/calicutdis@okhdfcbank/KKBK,,118833.99,93667944.07,S95550709,ICICI
TXN00000686,10-07-2026,NEFT-ICICR52024117227-SALEM FABRICATORS AND COMPANY,,68829.00,93736773.07,S19294991,ICICI
TXN00000687,20-07-2026,RTGS/ICICR52024560413/Belgaummetalslimited,,125000.00,93861773.07,S76627264,ICICI
TXN00000688,24-07-2026,NEFT-ICICR52024117461-BHILAI CABLES PRIVATE LIMITED,,85069.25,93946842.32,S15051291,ICICI
TXN00000689,31/07/26,UPI-DHANBAD ELECTRICALS LLP-DHANBADELE@OKAXIS-300000000689,,7211.00,93954053.32,5986896302,HDFC
TXN00000690,12-06-2026,RTGS/ICICR52023994863/BHILAI GARMENTS,,75000.00,94029053.32,S19797079,ICICI
TXN00000691,19-08-2026,BIL/ONL/300000000691/KSS,,63000.00,94092053.32,S85344093,ICICI
TXN00000692,19-06-2026,UPI/300000000692/ALP/amravatilo@ybl,,169000.00,94261053.32,S79601571,ICICI
TXN00000693,02/08/26,RTGS-HDFC0004567-BELGAUM INDU-1275257124,,212000.00,94473053.32,1457998503,HDFC
TXN00000694,22/07/26,NEFT-HDFC0002341-JODHPUR PHARMACEUTICALS INDIA-300000000694,,250000.00,94723053.32,2281380475,HDFC
TXN00000695,10/06/26,NEFT CR-HDFC0004567-ANANTAPUR PACKAGING LLP-UTR1582963923,,199000.00,94922053.32,1462917728,HDFC
TXN00000696,09/08/26,UPI-AURANGABAD GARMENTS PRIVATE LIMITED-AURANGABAD@OKHDFCBANK-9975066805,,15624.99,94937678.31,5456199827,HDFC
TXN00000697,17-07-2026,MMT/IMPS/4258918001/AMRAVATI TRANSPORT AND COMPANY/KKBK,,80000.00,95017678.31,S11250812,ICICI
TXN00000698,14/06/26,ACH C-AMRAVATI ENGINEE-300000000698 ,,150000.00,95167678.31,7914730523,HDFC
TXN00000699,23/08/26,UPI-JALANDHAR FOODS PVT LTD-JALANDHARF@OKAXIS-300000000699,,30000.00,95197678.31,1566119589,HDFC
TXN00000700,13/06/26,NEFT-HDFC0002341-AMRAVATI DISTRIBUT-9234930973,,35000.25,95232678.56,2132624359,HDFC
TXN00000701,27/08/26,RTGS-HDFC0009812-BHAVNAGAR MEDIA PV-300000000701,,115471.00,95348149.56,4176118012,HDFC
TXN00000702,24/06/26,UPI-SILIGURI METALS  LIMI-SILIGURIME@OKHDFCBANK-7669220569,,12491.25,95360640.81,5005196189,HDFC
TXN00000703,25-06-2026,NEFT-ICICR52024117325-DHANBAD PRINTERS,,129000.00,95489640.81,S58414556,ICICI
TXN00000704,21-07-2026,BIL/ONL/4506643107/MAE ,,20000.00,95509640.81,S78259723,ICICI
TXN00000705,20/07/26,NEFT CR-HDFC0004567-DHANBAD SOFTWARE SERVICES PRIVATE LIMITED-UTR7428858209,,1550.25,95511191.06,8477885561,HDFC
TXN00000706,11/07/26,RTGS-HDFC0004567-BHILAI HANDI-300000000706,,232000.99,95743192.05,2227662866,HDFC
TXN00000707,22/06/26,NEFT-HDFC0009812-AMRAVATI BEARINGS-300000000707,,34103.00,95777295.05,3209211183,HDFC
TXN00000708,25/08/26,UPI-GODAVARI PLASTIC-GODAVARIPL@YBL-1359522952,,62062.00,95839357.05,7019239448,HDFC
TXN00000709,06-07-2026,NEFT-ICICR52024560753-narmada paper mills pvt ltd,,20000.00,95859357.05,S79898039,ICICI
TXN00000710,12/07/26,UPI-BELGAUM BEARINGS-BELGAUMBEA@YBL-4473182522,,10112.99,95869470.04,5490268635,HDFC
TXN00000711,09/07/26,NEFT-HDFC0000123-AMRAVATIHOSPITALITYPVTLTD-7927637315,,112000.25,95981470.29,1085480156,HDFC
TXN00000712,08/06/26,NEFT CR-HDFC0000123-ANANTAPURCERAMICSPVTLTD-UTR5311497955,,29435.25,96010905.54,4861796075,HDFC
TXN00000713,22/06/26,ACH C-CUTTACK CONSTRUCTION-8543193130,,125000.00,96135905.54,9130187688,HDFC
TXN00000714,13-06-2026,RTGS/ICICR52023081176/GWALIOR INFRAPROJECT,,68798.00,96204703.54,S31052222,ICICI
TXN00000715,11-08-2026,UPI/7564234630/ASL/amravatisp@okhdfcbank,,79000.00,96283703.54,S15831593,ICICI
TXN00000716,10/08/26,NEFT-HDFC0002341-BHILAI POLYMERS PRIVATE LIMITED-300000000716,,9063.00,96292766.54,7843690322,HDFC
TXN00000717,03/08/26,UPI-DEHRADUN PLASTICS AND COMPANY-DEHRADUNPL@OKAXIS-7587906813,,17714.00,96310480.54,5090630363,HDFC
TXN00000718,22-08-2026,UPI/300000000718/BFL/belgaumfor@okhdfcbank,,140000.00,96450480.54,S50871016,ICICI
TXN00000719,12-08-2026,BIL/ONL/300000000719/AAC,,11802.00,96462282.54,S50569855,ICICI
TXN00000720,28-06-2026,NEFT-ICICR52023994275-AMRAVATI CON,,6646.75,96468929.29,S71563112,ICICI
TXN00000721,09-08-2026,NEFT-ICICR52023994782-amravatiagroexportsprivatelimited,,83454.00,96552383.29,S73582537,ICICI
TXN00000722,01-07-2026,RTGS/ICICR52023081706/ANANTAPUR PHARMACEUTICALS INDIA PRIVATE LIMITED,,29707.00,96582090.29,S57974300,ICICI
TXN00000723,29-07-2026,NEFT/ICICR52024560758/BHAVNAGAR METALS P LTD,,60000.50,96642090.79,S37386444,ICICI
TXN00000724,03-07-2026,UPI/300000000724/BTA/bhilaitran@ybl,,42491.75,96684582.54,S26917610,ICICI
TXN00000725,12/07/26,UPI-AMRAVATI CON-AMRAVATICO@PAYTM-300000000725-PAYMENT FROM ACP,,12592.00,96697174.54,9163730294,HDFC
TXN00000726,01/07/26,RTGS-HDFC0002341-AURANGABAD HOSPITALITY PVT LTD-300000000726,,167000.00,96864174.54,1436486303,HDFC
TXN00000727,19/06/26,RTGS-HDFC0002341-HOSUR LOGISTICS PRIVATE LIMITED-9460701413,,95618.00,96959792.54,8194528779,HDFC
TXN00000728,15/07/26,ACH C-CUTTACK FOODS-300000000728,,75000.00,97034792.54,6855212153,HDFC
TXN00000729,31-07-2026,RTGS/ICICR52023081464/DHANBAD SPINNERS LLP,,233000.00,97267792.54,S86648532,ICICI
TXN00000730,01/07/26,IMPS-300000000730-CALICUT CHEMICAL-UTIB,,105000.00,97372792.54,9750714819,HDFC
TXN00000731,24/06/26,UPI-CALICUT PHARMACEUTIC-CALICUTPHA@OKHDFCBANK-300000000731,,176028.00,97548820.54,6267460413,HDFC
TXN00000732,27-07-2026,NEFT/ICICR52024117706/KOLHAPUR PACKAGING LLP,,2532.75,97551353.29,S40129718,ICICI
TXN00000733,05/07/26,NEFT-HDFC0004567-ANANTAPUR AGRO EXP-300000000733,,12546.99,97563900.28,7537228950,HDFC
TXN00000734,07-08-2026,UPI/3232950452/NSL/nashikspin@ybl,,75000.00,97638900.28,S72110699,ICICI
TXN00000735,11/07/26,ACH C-INDOREREFRACTORIESLIMITED-300000000735,,43336.50,97682236.78,7122278538,HDFC
TXN00000736,11/06/26,NEFT-HDFC0000123-JAMNAGARCONSTRUCTIONSPRIVATELIMITED-300000000736,,150000.25,97832237.03,9231028203,HDFC
TXN00000737,15-08-2026,BIL/ONL/300000000737/DLP,,73491.00,97905728.03,S22003127,ICICI
TXN00000738,01/08/26,NEFT CR-HDFC0004567-GANDHINAGAR MEDIA PV-UTR300000000738,,15016.00,97920744.03,9524474461,HDFC
TXN00000739,13/08/26,NEFT CR-HDFC0004567-AURANGABAD LOGISTICS  PRIVATE LIMITED-UTR300000000739,,104243.25,98024987.28,9185249317,HDFC
TXN00000740,27-07-2026,NEFT/ICICR52023994657/SALEM AGRO EXPORTS PRIVATE LIMITED,,45481.50,98070468.78,S49177990,ICICI
TXN00000741,03-07-2026,UPI/300000000741/BPP/bhopalpoly@okaxis,,172000.99,98242469.77,S71328876,ICICI
TXN00000742,23-07-2026,RTGS/ICICR52023081135/AMRAVATI AGR,,200000.99,98442470.76,S53396592,ICICI
TXN00000743,04/07/26,NEFT CR-HDFC0004567-GODAVARI AUT-UTR300000000743,,75000.00,98517470.76,5734980659,HDFC
TXN00000744,16-08-2026,BIL/ONL/300000000744/GTA,,8962.00,98526432.76,S92364868,ICICI
TXN00000745,02/07/26,ACH C-CHENNAI CONTAINERS PVT LTD-300000000745,,33364.00,98559796.76,4560527466,HDFC
TXN00000746,29/06/26,NEFT-HDFC0000123-AMRAVATI TEXTILES PVT LTD-300000000746,,35161.99,98594958.75,9381688418,HDFC
TXN00000747,18/06/26,NEFT-HDFC0000123-AMRAVATI  POLYMERS PRIVATE LIMITED-9954974666,,56180.00,98651138.75,2200436831,HDFC
TXN00000748,15-06-2026,NEFT-ICICR52023994201-AMRAVATI AGRO EXPORTS PRIVATE LIMITED,,11554.00,98662692.75,S83012583,ICICI
TXN00000749,21/07/26,ACH C-SOLAPUR CONTAINERS-300000000749,,500000.00,99162692.75,1919058248,HDFC
TXN00000750,11-07-2026,MMT/IMPS/300000000750/BHILAI MOTORS PRIVAT/HDFC,,10000.00,99172692.75,S41735204,ICICI
TXN00000751,25-07-2026,NEFT/ICICR52024117441/Bhavnagarplasticsandcompany,,70796.00,99243488.75,S39016246,ICICI
TXN00000752,22-06-2026,NEFT/ICICR52024560245/Ernakulam Refractories Limited,,10000.00,99253488.75,S44075978,ICICI
TXN00000753,17-06-2026,BIL/ONL/300000000753/APP,,31862.99,99285351.74,S27682464,ICICI
TXN00000754,14/07/26,RTGS-HDFC0000123-AMRAVATI PAC-6069326399,,150000.00,99435351.74,2356377619,HDFC
TXN00000755,01/08/26,NEFT-HDFC0000123-ANANTAPUR COLD STO-300000000755,,200000.00,99635351.74,5769303937,HDFC
TXN00000756,30-08-2026,NEFT/ICICR52024117574/SOLAPURINDUSTRIESINDIAPRIVATELIMITED,,46888.99,99682240.73,S46136013,ICICI
TXN00000757,26/08/26,RTGS-HDFC0009812-AURANGABADPACKAGINGLLP-300000000757,,262000.99,99944241.72,5185382543,HDFC
TXN00000758,08-07-2026,NEFT-ICICR52023994380-BHAVNAGAR PRINTERS,,54733.50,99998975.22,S11305716,ICICI
TXN00000759,19/06/26,RTGS-HDFC0002341-AMRAVATI  INFRAPROJECTS AND COMPANY-300000000759,,25001.00,100023976.22,2947497217,HDFC
TXN00000760,17/06/26,NEFT CR-HDFC0004567-DHANBAD INFRAPROJECTS AND COMPANY-UTR300000000760,,1000.25,100024976.47,8416359231,HDFC
TXN00000761,09-08-2026,RTGS/ICICR52024117544/JABALPUR  INDUSTRIES INDIA PRIVATE LIMITED,,8143.75,100033120.22,S69816708,ICICI
TXN00000762,26-08-2026,UPI/1051704079/ACP/amravatica@paytm,,15000.00,100048120.22,S69925222,ICICI
TXN00000763,06/07/26,NEFT CR-HDFC0004567-AURANGABAD TEXTI-UTR300000000763,,32776.00,100080896.22,7499741213,HDFC
TXN00000764,07-06-2026,UPI/5170151300/DPM/dhanbadpap@paytm/ ,,38484.50,100119380.72,S21702433,ICICI
TXN00000765,13/07/26,NEFT-HDFC0000123-AMRAVATI HANDICRAFTS LLP-300000000765,,25000.00,100144380.72,3583916930,HDFC
TXN00000766,11-06-2026,NEFT-ICICR52024560170-Anantapur Ca/ ,,210000.00,100354380.72,S81451022,ICICI
TXN00000767,12-07-2026,UPI/8018032769/Payment from/hublimedia@ybl/KKBK,,200000.00,100554380.72,S59117104,ICICI
TXN00000768,21/06/26,UPI-CHANDRAPURPOLYMERSPRIVATELIMITED-CHANDRAPUR@OKHDFCBANK-4250698831-PAYMENT FROM CPP,,43644.99,100598025.71,7482771866,HDFC
TXN00000769,22/07/26,NEFT CR-HDFC0002341-MANGALORE AUTO COMPONENTS PVT LTD-UTR7973074025,,13934.00,100611959.71,3744964912,HDFC
TXN00000770,06/08/26,NEFT CR-HDFC0009812-BELGAUM TEXTILES P-UTR300000000770,,20000.75,100631960.46,1647749335,HDFC
TXN00000771,17/07/26,IMPS-300000000771-BELGAUM DISTRIBUTORS PRIVATE LIMITED-UTIB,,20230.50,100652190.96,3364084191,HDFC
TXN00000772,30/06/26,ACH C-COIMBATORE DISTRIBUTORS PRIVATE LIMITED-3305711735,,5564.00,100657754.96,1187872166,HDFC
TXN00000773,24-06-2026,NEFT-ICICR52024560154-AMRAVATI CERAMICS PV,,53714.25,100711469.21,S37064257,ICICI
TXN00000774,11/06/26,RTGS-HDFC0002341-AMRAVATI COLD STORAG-8828160589,,20701.25,100732170.46,5254698920,HDFC
TXN00000775,22-08-2026,UPI/300000000775/ICP/indorecera@ybl,,298000.00,101030170.46,S84908485,ICICI
TXN00000776,01-08-2026,RTGS/ICICR52024117793/COIMBATORE  CHEMICALS,,31421.00,101061591.46,S43730822,ICICI
TXN00000777,29/07/26,RTGS-HDFC0000123-CHANDRAPUR AUTO CO-6806357653,,10214.25,101071805.71,4298673916,HDFC
TXN00000778,14-08-2026,RTGS/ICICR52023994167/anantapur bearings limited,,217874.00,101289679.71,S87586461,ICICI
TXN00000779,13-06-2026,BIL/ONL/300000000779/MDP,,32421.50,101322101.21,S44631884,ICICI
TXN00000780,28/08/26,UPI-NARMADA METALS LIM-NARMADAMET@YBL-300000000780,,40000.00,101362101.21,1201222319,HDFC
TXN00000781,30/08/26,ACH C-AMRAVATI CHEMICALS INDIA PRIVATE LIMITED-300000000781,,24895.99,101386997.20,8563669597,HDFC
TXN00000782,15-08-2026,BIL/ONL/4711828307/PPL,,50323.00,101437320.20,S41435163,ICICI
TXN00000783,21-06-2026,NEFT-ICICR52023994532-DHANBAD GARMENTS PRI-,,90256.00,101527576.20,S69262891,ICICI
TXN00000784,21/07/26,UPI-AMRAVATICHEMICALSINDIAPRIVATELIMITED-AMRAVATICH@OKAXIS-300000000784-PAYMENT FROM ACI,,2745.00,101530321.20,8931413717,HDFC
TXN00000785,05/07/26,NEFT CR-HDFC0000123-HOSUR SPINNERS LLP-UTR300000000785 ,,70520.00,101600841.20,3934290060,HDFC
TXN00000786,11-08-2026,BIL/ONL/8885111529/AFA,,28108.50,101628949.70,S80238223,ICICI
TXN00000787,18/07/26,IMPS-300000000787-VARANASI CONSTRUCTIONS PRIVATE LIMITED-HDFC,,175346.00,101804295.70,5332911486,HDFC
TXN00000788,05/08/26,ACH C-AMRAVATI POLYMERS-2115282646,,7297.99,101811593.69,4129496660,HDFC
TXN00000789,14-06-2026,MMT/IMPS/2597508443/AMRAVATI MOTORS P LTD/KKBK,,9744.00,101821337.69,S14346230,ICICI
TXN00000790,14-08-2026,UPI/300000000790/BDP/bhavnagard@paytm,,60163.00,101881500.69,S18126886,ICICI
TXN00000791,03-06-2026,NEFT-ICICR52023994697-BHILAI PLASTICS AND COMPANY,,15000.00,101896500.69,S71584195,ICICI
TXN00000792,27-07-2026,UPI/9729569630/Payment from/amravatipa@okaxis/HDFC,,41761.00,101938261.69,S92241666,ICICI
TXN00000793,18/06/26,UPI-KRISHNACONSTRUCTIONSPRIVATELIMITED-KRISHNACON@YBL-300000000793,,5656.50,101943918.19,2843563009,HDFC
TXN00000794,23-06-2026,BIL/ONL/7813467952/ADP,,11005.00,101954923.19,S50446864,ICICI
TXN00000795,03/06/26,IMPS-300000000795-KRISHNA CABLES PRIVATE LIMITED-SBIN/ ,,14562.00,101969485.19,4925040657,HDFC
TXN00000796,25/06/26,NEFT CR-HDFC0009812-DHANBAD CABL-UTR8753964973,,30000.00,101999485.19,6513363226,HDFC
TXN00000797,12/08/26,NEFT CR-HDFC0004567-KANPUR DISTRIBUTORS PRIVATE LIMITED-UTR300000000797-,,176724.00,102176209.19,3770724107,HDFC
TXN00000798,14-08-2026,NEFT/ICICR52024117608/Amravati Diagnostics,,33259.00,102209468.19,S51471936,ICICI
TXN00000799,26/06/26,NEFT-HDFC0002341-DHANBAD DIAGNOSTICS LIMITED-1568821556,,34000.99,102243469.18,2721346755,HDFC
TXN00000800,07-08-2026,MMT/IMPS/300000000800/Siliguri Electri/HDFC,,16237.00,102259706.18,S81544236,ICICI
TXN00000801,25-06-2026,MMT/IMPS/300000000801/NASHIK MOTORS PRIVATE LIMITED/ICIC,,71000.00,102330706.18,S50199913,ICICI
TXN00000802,21-08-2026,NEFT/ICICR52023081704/ANANTAPUR FABRICATORS AND COMPANY,,10666.99,102341373.17,S82844194,ICICI
TXN00000803,13/08/26,IMPS-300000000803-CHANDRAPUR CASTINGS LLP-AXIS,,500000.00,102841373.17,9418286260,HDFC
TXN00000804,09-08-2026,MMT/IMPS/300000000804/ANANTAPUR TRANSPORT AND COMPANY/ICIC,,6935.50,102848308.67,S58642195,ICICI
TXN00000805,15/08/26,NEFT CR-HDFC0002341-AURANGABAD INDUSTR-UTR300000000805,,100000.25,102948308.92,8561199922,HDFC
TXN00000806,06/07/26,NEFT-HDFC0002341-NAGPUR FERTILISERS PRIVATE LIMITED-300000000806,,287374.50,103235683.42,4604093744,HDFC
TXN00000807,02/08/26,IMPS-300000000807-SURAT GARMENTS PRIVATE LIMITED-ICIC,,100000.00,103335683.42,5983545502,HDFC
TXN00000808,03/06/26,UPI-LUDHIANATRANSPORTANDCOMPANY-LUDHIANATR@OKHDFCBANK-300000000808-PAYMENT FROM LTA,,50000.00,103385683.42,6973965856,HDFC
TXN00000809,01-07-2026,UPI/2762511121/ACL/anantapurc@ybl,,47596.00,103433279.42,S36850207,ICICI
TXN00000810,27-06-2026,MMT/IMPS/5430886153/HUBLIMEDIAPVTLTD/SBIN,,65493.00,103498772.42,S47237796,ICICI
TXN00000811,11-08-2026,NEFT/ICICR52024560415/Nagpur Electricals Llp,,73734.00,103572506.42,S32577873,ICICI
TXN00000812,14/08/26,NEFT CR-HDFC0000123-ANANTAPUR CASTINGS-UTR5882585297,,172000.99,103744507.41,2143407986,HDFC
TXN00000813,16-07-2026,UPI/3591608557/Payment from/gunturcons@ybl/KKBK,,4985.00,103749492.41,S16698934,ICICI
TXN00000814,31-07-2026,BIL/ONL/300000000814/AII,,30291.00,103779783.41,S62036138,ICICI
TXN00000815,25-08-2026,BIL/ONL/5935573342/JPI,,46089.75,103825873.16,S54898716,ICICI
TXN00000816,02/07/26,RTGS-HDFC0004567-AMRAVATI AGRO EXPORTS-300000000816,,18564.00,103844437.16,1906196621,HDFC
TXN00000817,18-06-2026,MMT/IMPS/300000000817/KRISHNA CONSTRUCTIONS PRIVATE LIMITED/KKBK,,59477.00,103903914.16,S67835480,ICICI
TXN00000818,31-07-2026,BIL/ONL/300000000818/BCL,,9150.99,103913065.15,S53305731,ICICI
TXN00000819,18-06-2026,NEFT-ICICR52023081516-mangalore ceramics pvt ltd,,13360.00,103926425.15,S19358752,ICICI
TXN00000820,16/08/26,RTGS-HDFC0004567-BHILAICERAMICSPVTLTD-300000000820,,5000.00,103931425.15,9616029981,HDFC
TXN00000821,21/06/26,UPI-BHILAI POLYMERS PRIVATE LIMITED-BHILAIPOLY@IBL-3973530331-PAYMENT FROM BPP,,53799.00,103985224.15,9563666167,HDFC
TXN00000822,25-06-2026,NEFT/ICICR52023081577/Dhanbad Refractori,,100000.99,104085225.14,S77377022,ICICI
TXN00000823,24/08/26,NEFT-HDFC0009812-MEERUT DISTRIBUTOR-3194737792,,150000.75,104235225.89,5197585518,HDFC
TXN00000824,06/06/26,ACH C-BHILAIFORGINGSLIMITED-300000000824,,229000.50,104464226.39,9719602743,HDFC
TXN00000825,24/08/26,UPI-MANGALORE EN-MANGALOREE@OKHDFCBANK-300000000825-PAYMENT FROM MEI,,17182.50,104481408.89,3394312477,HDFC
TXN00000826,24-06-2026,NEFT/ICICR52024560106/coimbatore contain,,119679.00,104601087.89,S49625783,ICICI
TXN00000827,25/07/26,NEFT CR-HDFC0009812-KOLHAPUR INDUSTRIES INDIA PRIVATE LIMITED-UTR300000000827,,97241.50,104698329.39,2927836083,HDFC
TXN00000828,07-06-2026,BIL/ONL/300000000828/AEL,,15754.75,104714084.14,S46504170,ICICI
TXN00000829,03-08-2026,UPI/300000000829/MEI/maduraient@ibl,,76627.99,104790712.13,S19890525,ICICI
TXN00000830,20/06/26,NEFT-HDFC0004567-AMRAVATI ELECTRICALS LLP-300000000830,,10792.50,104801504.63,2753125883,HDFC
TXN00000831,19-08-2026,UPI/300000000831/Payment from/amravatipl@okaxis/KKBK,,80000.00,104881504.63,S68227454,ICICI
TXN00000832,09/06/26,NEFT-HDFC0004567-AMRAVATI AGRO EX-3574792435,,60000.00,104941504.63,6538759198,HDFC
TXN00000833,20-08-2026,MMT/IMPS/3422460343/Amravati Auto Components Pvt Ltd/HDFC,,73488.00,105014992.63,S76532552,ICICI
TXN00000834,20-08-2026,MMT/IMPS/300000000834/AURANGABAD  TEXTI/ICIC,,18005.00,105032997.63,S67260792,ICICI
TXN00000835,20-08-2026,UPI/5016836711/BTA/bhilaitran@ibl,,268657.00,105301654.63,S74463687,ICICI
TXN00000836,10-07-2026,UPI/7952146780/AFL/amravatifo@okhdfcbank,,24902.25,105326556.88,S96216581,ICICI
TXN00000837,15/08/26,NEFT CR-HDFC0000123-AMRAVATI INFRAPROJECTS AND COMPANY-UTR300000000837,,41643.00,105368199.88,6110484122,HDFC
TXN00000838,12-08-2026,UPI/300000000838/Payment from/indorespin@okhdfcbank/AXIS,,26351.75,105394551.63,S91644753,ICICI
TXN00000839,16/07/26,ACH C-AMRAVATI BEARINGS  LIMITED-300000000839,,355973.00,105750524.63,5301219154,HDFC
TXN00000840,29-07-2026,RTGS/ICICR52023081701/BELGAUM  HOSP,,44197.00,105794721.63,S51843482,ICICI
TXN00000841,19/08/26,ACH C-AMRAVATI CONTAINERS PVT LTD-300000000841,,10000.50,105804722.13,9368828180,HDFC
TXN00000842,21/06/26,IMPS-6311714868-GANDHINAGAR MEDIA PVT LTD-HDFC,,2112.00,105806834.13,6583376103,HDFC
TXN00000843,02/08/26,NEFT-HDFC0000123-MANGALORE ELECTRICALS LLP-300000000843,,104311.99,105911146.12,6969135358,HDFC
TXN00000844,11/08/26,NEFT CR-HDFC0002341-AMRAVATI CHE-UTR300000000844,,142000.00,106053146.12,5325076856,HDFC
TXN00000845,29/08/26,UPI-CALICUT REFR-CALICUTREF@OKHDFCBANK-7752955351-PAYMENT FROM CRL,,143000.00,106196146.12,2749963741,HDFC
TXN00000846,02-06-2026,UPI/300000000846/Payment from/anantapurh@ybl/AXIS,,87159.00,106283305.12,S16957012,ICICI
TXN00000847,03-06-2026,NEFT/ICICR52023081706/Bhavnagar Re,,150000.00,106433305.12,S41844175,ICICI
TXN00000848,05-07-2026,MMT/IMPS/300000000848/Godavari Engineering Pvt Ltd/HDFC,,25000.00,106458305.12,S67765028,ICICI
TXN00000849,25/08/26,NEFT-HDFC0009812-AMRAVATI AGRO EXPO-300000000849,,101724.75,106560029.87,6966953621,HDFC
TXN00000850,14/07/26,UPI-GANDHINAGAR PACKAGING LLP-GANDHINAGA@OKHDFCBANK-300000000850-PAYMENT FROM GPL ,,79562.00,106639591.87,5894286038,HDFC
TXN00000851,21/08/26,UPI-COIMBATORE  POLYMER-COIMBATORE@YBL-300000000851-PAYMENT FROM CPP,,5000.00,106644591.87,5085062361,HDFC
TXN00000852,13-08-2026,NEFT-ICICR52023994849-BHILAI POLYMERS,,147704.00,106792295.87,S52932757,ICICI
TXN00000853,15-08-2026,MMT/IMPS/300000000853/HOSUR CABLES PRIVATE LIMITED/AXIS,,111281.25,106903577.12,S53254231,ICICI
TXN00000854,02/06/26,NEFT-HDFC0009812-HUBLI GARMENTS PRIVATE LIMITED-9970907563,,12784.00,106916361.12,1704127274,HDFC
TXN00000855,30-06-2026,MMT/IMPS/300000000855/ERNAKULAM CERAMI/AXIS,,63246.99,106979608.11,S97609388,ICICI
TXN00000856,01/07/26,NEFT CR-HDFC0000123-AMRAVATI  PHARMAC-UTR300000000856,,500000.50,107479608.61,6492834969,HDFC
TXN00000857,22-06-2026,UPI/300000000857/Payment from/amravatien@okhdfcbank/HDFC,,101241.00,107580849.61,S91785816,ICICI
TXN00000858,03/06/26,NEFT-HDFC0002341-GANDHINAGAR DIST-5845929927,,50000.00,107630849.61,7006192917,HDFC
TXN00000859,12/08/26,UPI-RAJKOT HOSPITALITY-RAJKOTHOSP@APL-300000000859,,81702.00,107712551.61,7425524442,HDFC
TXN00000860,23-06-2026,UPI/1171840882/Payment from/amravatiag@apl/KKBK,,42901.00,107755452.61,S64162221,ICICI
TXN00000861,29/07/26,UPI-NAGPUR MEDIA PVT-NAGPURMEDI@YBL-300000000861,,31374.00,107786826.61,2835021905,HDFC
TXN00000862,20-06-2026,RTGS/ICICR52023081233/Dhanbad Engineer,,17662.50,107804489.11,S81627632,ICICI
TXN00000863,09-07-2026,RTGS/ICICR52024117936/KOLHAPUR CAS,,20000.00,107824489.11,S76801198,ICICI
TXN00000864,01/08/26,IMPS-1553053788-AURANGABAD FORGINGS LIMITED-SBIN,,40629.00,107865118.11,2246069247,HDFC
TXN00000865,31-08-2026,UPI/6458983423/BMP/bhavnagarm@apl,,15000.50,107880118.61,S86150979,ICICI
TXN00000866,20/06/26,UPI-JODHPUR FOODS PVT LTD-JODHPURFOO@YBL-300000000866-PAYMENT FROM JFP,,19837.99,107899956.60,9164167457,HDFC
TXN00000867,07-08-2026,UPI/300000000867/Payment from/indoretrad@okhdfcbank/KKBK,,25726.00,107925682.60,S65690277,ICICI
TXN00000868,20/07/26,IMPS-2271766046-KOLHAPUR ENTERPRIS-KKBK,,153735.00,108079417.60,9662899915,HDFC
TXN00000869,03-06-2026,UPI/300000000869/Payment from/jodhpurgar@apl/HDFC,,51209.99,108130627.59,S82552378,ICICI
TXN00000870,29-06-2026,NEFT-ICICR52024117960-ernakulam logistics private limited,,3817.25,108134444.84,S24698972,ICICI
TXN00000871,07-06-2026,MMT/IMPS/300000000871/Anantapur Ag/HDFC,,178544.00,108312988.84,S83619337,ICICI
TXN00000872,05/07/26,NEFT CR-HDFC0009812-AMRAVATI AGRO EXPORTS PRIVATE LIMITED-UTR5895884969-,,63944.00,108376932.84,7269949295,HDFC
TXN00000873,11/06/26,NEFT CR-HDFC0002341-AURANGABAD COLD-UTR300000000873,,12195.75,108389128.59,4291890942,HDFC
TXN00000874,20-08-2026,NEFT-ICICR52024560512-AMRAVATI INFRAPR,,5854.99,108394983.58,S96200200,ICICI
TXN00000875,01/08/26,NEFT CR-HDFC0002341-RAIPUR AGRO EXPORTS PRIVATE LIMITED-UTR300000000875,,15000.25,108409983.83,1620243606,HDFC
TXN00000876,01/07/26,UPI-GUNTUR DISTRIBUTORS PRIVATE LIMITED-GUNTURDIST@IBL-300000000876,,5000.50,108414984.33,9523065094,HDFC
TXN00000877,12/07/26,IMPS-300000000877-DEHRADUN REFRACTORIES LIMITED-KKBK,,60890.00,108475874.33,7988717155,HDFC
TXN00000878,23/07/26,IMPS-300000000878-AMRAVATI INFRAPROJECTS AND COMPANY-UTIB/ ,,28057.00,108503931.33,4170664063,HDFC
TXN00000879,11/08/26,ACH C-CUTTACK BEARINGS LIMITED-300000000879,,250215.00,108754146.33,1566743151,HDFC
TXN00000880,17-08-2026,UPI/300000000880/CAE/chandrapur@ibl,,25000.00,108779146.33,S40237434,ICICI
TXN00000881,03/06/26,ACH C-VARANASI INDUSTRIES INDIA PRIVATE LIMITED-300000000881,,125000.00,108904146.33,4887238730,HDFC
TXN00000882,01-07-2026,NEFT/ICICR52023994165/BELGAUM POLYMERS P,,13629.00,108917775.33,S23744261,ICICI
TXN00000883,24-07-2026,BIL/ONL/300000000883/JII,,34884.50,108952659.83,S69915959,ICICI
TXN00000884,21-08-2026,UPI/300000000884/CLP/coimbatore@ybl,,8655.00,108961314.83,S28080813,ICICI
TXN00000885,17-06-2026,RTGS/ICICR52024560672/ERNAKULAMPACKAGINGLLP-,,15057.00,108976371.83,S54483342,ICICI
TXN00000886,30-06-2026,UPI/300000000886/Payment from/cuttackmot@okaxis/AXIS,,18101.50,108994473.33,S61579960,ICICI
TXN00000887,22/08/26,NEFT-HDFC0002341-MADURAI TRADERS INDIA PRIVATE LIMITED-3618896499,,26729.00,109021202.33,4854990179,HDFC
TXN00000888,07-07-2026,NEFT-ICICR52024560394-AMRAVATI CABLES PRIVATE LIMITED,,8616.00,109029818.33,S26827538,ICICI
TXN00000889,21/06/26,IMPS-4825491742-COIMBATORE HANDICRAFTS LLP-AXIS,,124000.25,109153818.58,9546760220,HDFC
TXN00000890,06/07/26,UPI-BHILAI HANDICRAFTS LLP-BHILAIHAND@OKHDFCBANK-6240634163-PAYMENT FROM BHL,,1449641.50,110603460.08,9122226757,HDFC
TXN00000891,11-06-2026,UPI/300000000891/CEP/chandrapur@ybl,,1673.00,110605133.08,S63076788,ICICI
TXN00000892,07-06-2026,UPI/6733158970/PDP/panipatdis@okhdfcbank,,98089.00,110703222.08,S45260096,ICICI
TXN00000893,11-08-2026,MMT/IMPS/8229916046/KOLHAPUR MOTORS/ICIC,,24000.00,110727222.08,S10106518,ICICI
TXN00000894,21-07-2026,UPI/300000000894/AGP/aurangabad@ibl,,43732.75,110770954.83,S72620182,ICICI
TXN00000895,28-08-2026,NEFT/ICICR52023994614/Dhanbad Engineering,,33000.00,110803954.83,S81929099,ICICI
TXN00000896,12-06-2026,MMT/IMPS/300000000896/CALICUT TRANSPORT AN/KKBK,,160000.00,110963954.83,S16085071,ICICI
TXN00000897,29/07/26,RTGS-HDFC0000123-ERNAKULAM PRINTERS PVT LTD-300000000897,,11420.00,110975374.83,2736216405,HDFC
TXN00000898,15/07/26,UPI-AMRAVATI AUTO COMPONENTS PVT LTD-AMRAVATIAU@YBL-300000000898-PAYMENT FROM AAC,,30000.99,111005375.82,1157488668,HDFC
TXN00000899,14/06/26,NEFT CR-HDFC0000123-AURANGABAD PLASTICS AND COMPANY-UTR2193465561,,290000.00,111295375.82,5497653417,HDFC
TXN00000900,06-06-2026,NEFT/ICICR52023994285/BHAVNAGARFABRICATORSANDCOMPANY,,10101.00,111305476.82,S31249869,ICICI
TXN00000901,13-07-2026,NEFT-ICICR52024560539-Anantapur Forgings,,88301.00,111393777.82,S88295005,ICICI
TXN00000902,02-08-2026,UPI/300000000902/Payment from/solapurbea@ybl/AXIS,,233000.00,111626777.82,S61492407,ICICI
TXN00000903,03/08/26,NEFT CR-HDFC0009812-TRICHY PHARMACEUTICALS INDIA PRIVATE LIMITED-UTR300000000903,,17643.00,111644420.82,8292722149,HDFC
TXN00000904,28-07-2026,UPI/2073061710/AHL/amravatiha@okhdfcbank,,66640.99,111711061.81,S30231248,ICICI
TXN00000905,31/07/26,RTGS-HDFC0009812-AURANGABAD FERTILISERS PRIVATE LIMITED-300000000905,,42000.00,111753061.81,5407212847,HDFC
TXN00000906,21-08-2026,NEFT/ICICR52024560190/Kakinada Distrib,,23546.00,111776607.81,S37946715,ICICI
TXN00000907,01-06-2026,UPI/300000000907/Payment from/calicutpap@ybl/ICIC,,242000.00,112018607.81,S36368322,ICICI
TXN00000908,14/07/26,ACH C-DHANBAD GARMENTS-5762623796,,227000.00,112245607.81,3855911777,HDFC
TXN00000909,22/07/26,NEFT-HDFC0004567-VARANASI COLD STORAGE AND COMPANY-300000000909 ,,200000.00,112445607.81,1461434876,HDFC
TXN00000910,14/08/26,UPI-BELGAUM LOGISTIC-BELGAUMLOG@APL-300000000910,,3324.00,112448931.81,5726142801,HDFC
TXN00000911,27/07/26,ACH C-AMRAVATI AGRO EXPORTS PRIVATE LIMITED-300000000911,,30703.25,112479635.06,4916372333,HDFC
TXN00000912,09/08/26,NEFT-HDFC0009812-AMRAVATI FOODS P-300000000912,,45172.99,112524808.05,1848177764,HDFC
TXN00000913,15/08/26,NEFT-HDFC0002341-BHILAI SPINNERS LLP-300000000913,,19300.00,112544108.05,5876328741,HDFC
TXN00000914,23/08/26,UPI-PANIPAT CABLES PRIVATE LIMITED-PANIPATCAB@OKAXIS-300000000914-PAYMENT FROM PCP,,991478.00,113535586.05,7485728824,HDFC
TXN00000915,10/06/26,NEFT CR-HDFC0002341-CHANDRAPUR FOODS PVT LTD-UTR300000000915,,220000.00,113755586.05,1651768832,HDFC
TXN00000916,13/07/26,RTGS-HDFC0004567-BELGAUM INFRAPROJECTS AND COMPANY-300000000916,,39633.50,113795219.55,1322344974,HDFC
TXN00000917,01-08-2026,RTGS/ICICR52023081478/AMRAVATI ENTERPRISES INDIA,,250000.25,114045219.80,S55732425,ICICI
TXN00000918,19/07/26,UPI-BHOPAL CHEMICALS INDIA-BHOPALCHEM@PAYTM-300000000918-PAYMENT FROM BCI,,206000.00,114251219.80,3046169433,HDFC
TXN00000919,29-06-2026,UPI/300000000919/GSL/gunturspin@okhdfcbank,,60000.00,114311219.80,S17918105,ICICI
TXN00000920,19/06/26,NEFT CR-HDFC0004567-GWALIORHOSPITALITYPVTLTD-UTR1692940438,,57528.00,114368747.80,2219377735,HDFC
TXN00000921,19/08/26,NEFT-HDFC0000123-COIMBATORE H-300000000921,,18863.00,114387610.80,8620574752,HDFC
TXN00000922,24-08-2026,NEFT/ICICR52024117129/AMRAVATI PRINTERS,,45306.00,114432916.80,S13184937,ICICI
TXN00000923,03/07/26,RTGS-HDFC0002341-NARMADA SOFTWARE SERVICES PRIVATE LIMITED-6422984681,,75000.75,114507917.55,1156391160,HDFC
TXN00000924,30/06/26,UPI-AMRAVATICASTINGSLLP-AMRAVATICA@APL-300000000924-PAYMENT FROM ACL,,13681.00,114521598.55,5353983527,HDFC
TXN00000925,29/08/26,NEFT CR-HDFC0002341-KOLHAPUR SPINNERS LLP-UTR300000000925,,42842.75,114564441.30,2843188735,HDFC
TXN00000926,29/07/26,NEFT-HDFC0000123-BHAVNAGAR ENTERPRISES INDIA P LTD-5591801596,,9256.00,114573697.30,6130129180,HDFC
TXN00000927,06/07/26,IMPS-300000000927-INDORE CONSTRUCTIONS-ICIC-,,7160.00,114580857.30,2176420164,HDFC
TXN00000928,03-07-2026,NEFT/ICICR52023994268/BHOPAL TRADERS INDIA,,20000.75,114600858.05,S38574272,ICICI
TXN00000929,09/07/26,UPI-ANANTAPUR CHEMICALS INDIA-ANANTAPURC@IBL-300000000929-PAYMENT FROM ACI,,100000.00,114700858.05,3577385098,HDFC
TXN00000930,17-06-2026,NEFT-ICICR52024117515-bhopalhandicraftsllp,,75000.50,114775858.55,S10664949,ICICI
TXN00000931,02-07-2026,NEFT/ICICR52024560197/BHAVNAGARTEXTILESPVTLTD,,33068.25,114808926.80,S42126291,ICICI
TXN00000932,02/08/26,UPI-GODAVARI INFRAPROJECTS AND COMPANY-GODAVARIIN@PAYTM-300000000932-PAYMENT FROM GIA,,50000.00,114858926.80,8202725858,HDFC
TXN00000933,17/08/26,UPI-HOSUR GARMENTS PRI-HOSURGARME@APL-1932846334-PAYMENT FROM HGP,,125000.00,114983926.80,4300165020,HDFC
TXN00000934,27-07-2026,UPI/9934732205/ACI/aurangabad@apl,,226000.50,115209927.30,S56251543,ICICI
TXN00000935,13-08-2026,UPI/1257157317/AML/amravatime@ybl,,21426.00,115231353.30,S83429776,ICICI
TXN00000936,28/06/26,RTGS-HDFC0004567-HALDIA AUTO COMPONENTS PVT LTD-300000000936,,63877.00,115295230.30,7496691038,HDFC
TXN00000937,10/07/26,NEFT CR-HDFC0004567-BHILAIHANDICRAFTSLLP-UTR300000000937,,19431.00,115314661.30,7173387385,HDFC
TXN00000938,03-08-2026,NEFT/ICICR52023994315/DHANBAD SPINNERS LLP,,21289.00,115335950.30,S46881809,ICICI
TXN00000939,30-08-2026,BIL/ONL/5915589720/GCS,,150000.50,115485950.80,S75633669,ICICI
TXN00000940,22-07-2026,NEFT/ICICR52023994825/SOLAPURAGROEXPORTSPRIVATELIMITED,,201000.00,115686950.80,S93949738,ICICI
TXN00000941,13/08/26,UPI-AMRAVATI ENT-AMRAVATIEN@APL-9056568565,,200000.00,115886950.80,7931600285,HDFC
TXN00000942,19-06-2026,RTGS/ICICR52024560663/DHANBAD AUTO COMPONENTS PVT LTD,,60000.25,115946951.05,S10839179,ICICI
TXN00000943,19/06/26,ACH C-AURANGABADCONSTRUCTIONSPRIVATELIMITED-300000000943,,253000.99,116199952.04,2043743521,HDFC
TXN00000944,06-07-2026,NEFT-ICICR52024117969-Bhopal  Infraprojects And Company-,,219560.00,116419512.04,S28564766,ICICI
TXN00000945,28/08/26,RTGS-HDFC0002341-NAGPUR METALS-300000000945,,478476.00,116897988.04,7036454899,HDFC
TXN00000946,18/08/26,UPI-INDORE DISTRIBUTORS PRIVATE LIMITED-INDOREDIST@OKAXIS-300000000946,,17077.75,116915065.79,6219025091,HDFC
TXN00000947,14-07-2026,MMT/IMPS/9847694338/AMRAVATI AUTO COMPONENTS PVT LTD/UTIB,,54551.00,116969616.79,S14794568,ICICI
TXN00000948,16/07/26,UPI-AURANGABAD COLD STORAGE AND COMPANY-AURANGABAD@OKAXIS-300000000948-PAYMENT FROM ACS,,327402.00,117297018.79,6668149006,HDFC
TXN00000949,24-07-2026,RTGS/ICICR52023081514/CHENNAI CABLES P  LTD,,5000.00,117302018.79,S37408056,ICICI
TXN00000950,07/08/26,UPI-CHANDRAPUR CERAMICS-CHANDRAPUR@YBL-300000000950-PAYMENT FROM CCP,,15000.00,117317018.79,8384840466,HDFC
TXN00000951,26-06-2026,MMT/IMPS/300000000951/MEERUT PLASTICS AND COMPANY/KKBK,,275000.00,117592018.79,S78340964,ICICI
TXN00000952,14-06-2026,BIL/ONL/9285123081/AHP,,150000.00,117742018.79,S37164831,ICICI
TXN00000953,02-08-2026,NEFT-ICICR52023994407-amravati agro exports ,,76490.50,117818509.29,S35560882,ICICI
TXN00000954,04/06/26,RTGS-HDFC0009812-SALEM TRANSPORT AND COMPANY-1498017051,,500000.00,118318509.29,2674762035,HDFC
TXN00000955,07/06/26,UPI-AMRAVATI AGRO EXPO-AMRAVATIAG@APL-8123833948-PAYMENT FROM AAE,,491325.00,118809834.29,3038978817,HDFC
TXN00000956,30/07/26,RTGS-HDFC0004567-BHAVNAGAR ENGINEER-300000000956,,39568.00,118849402.29,3983101985,HDFC
TXN00000957,21-08-2026,NEFT/ICICR52023994604/AMRAVATI DISTRIBUTORS PRIVATE LIMITED,,15000.50,118864402.79,S54124481,ICICI
TXN00000958,24/07/26,IMPS-9202249646-AMRAVATI AGRO EXPORTS-SBIN,,4046.50,118868449.29,6184094209,HDFC
TXN00000959,14-08-2026,UPI/4572357978/CGP/chandrapur@ybl,,30000.00,118898449.29,S98234692,ICICI
TXN00000960,23-07-2026,UPI/3825353937/Payment from/bhilaielec@ybl/HDFC,,266000.00,119164449.29,S60598783,ICICI
TXN00000961,15-07-2026,BIL/ONL/6302015913/KPM,,13000.00,119177449.29,S36947218,ICICI
TXN00000962,07/06/26,NEFT-HDFC0004567-KOLHAPUR MOTORS PRIVATE LIMITED-5153991571,,10000.00,119187449.29,3933217062,HDFC
TXN00000963,22/08/26,UPI-GANDHINAGAR CONTAINERS PVT LTD-GANDHINAGA@APL-300000000963-PAYMENT FROM GCP,,135000.00,119322449.29,4082960786,HDFC
TXN00000964,10/08/26,NEFT-HDFC0009812-AMRAVATI BEARINGS LIMITED-300000000964,,35131.00,119357580.29,6294752013,HDFC
TXN00000965,03-08-2026,MMT/IMPS/300000000965/VARANASIPRINTERSPVTLTD/AXIS,,145006.99,119502587.28,S99492116,ICICI
TXN00000966,30/07/26,UPI-BELGAUM POLYMERS-BELGAUMPOL@YBL-300000000966-PAYMENT FROM BPP,,150000.50,119652587.78,2395283071,HDFC
TXN00000967,17-08-2026,MMT/IMPS/300000000967/AMRAVATI PHARMACEUTICALS INDIA PRIVATE LIMITED/AXIS,,74842.00,119727429.78,S61027154,ICICI
TXN00000968,11/07/26,IMPS-300000000968-AURANGABAD FABRICATORS AND COMPANY-HDFC,,5443.25,119732873.03,9001404820,HDFC
TXN00000969,27-07-2026,RTGS/ICICR52024560674/mysore  auto compon,,48000.00,119780873.03,S16682630,ICICI
TXN00000970,16/06/26,UPI-GANDHINAGAR  HOSPITAL-GANDHINAGA@IBL-300000000970,,17403.00,119798276.03,1778068163,HDFC
TXN00000971,20-07-2026,NEFT-ICICR52024560766-ANANTAPUR CONTAINERS PVT LTD,,40000.25,119838276.28,S87070198,ICICI
TXN00000972,05-08-2026,UPI/9196159879/BPP/bhopalprin@ibl,,148000.75,119986277.03,S58571652,ICICI
TXN00000973,15-07-2026,MMT/IMPS/300000000973/GODAVARI PHARMACEUTICALS INDIA PRIVATE LIMITED/ICIC,,191000.00,120177277.03,S40687661,ICICI
TXN00000974,25-07-2026,UPI/7273758227/Payment from/gunturplas@ibl/KKBK,,81497.00,120258774.03,S97301166,ICICI
TXN00000975,09-07-2026,UPI/5550833043/BEP/bhilaiengi@okhdfcbank,,17613.00,120276387.03,S11099317,ICICI
TXN00000976,12/08/26,NEFT-HDFC0009812-AMRAVATI AUTO COMPONENTS PVT LTD-6646732159,,30000.50,120306387.53,9559039917,HDFC
TXN00000977,21/08/26,UPI-AMRAVATI CONSTRUCTIONS PRIVATE LIMITED-AMRAVATICO@IBL-300000000977,,25000.00,120331387.53,3940104078,HDFC
TXN00000978,13/06/26,IMPS-7017700189-KRISHNA REFRACTORI-SBIN,,54608.00,120385995.53,8196836214,HDFC
TXN00000979,03-08-2026,RTGS/ICICR52023994196/PANIPAT CABL,,19002.00,120404997.53,S50860764,ICICI
TXN00000980,29/08/26,ACH C-BELGAUMFORGINGSLIMITED-300000000980,,113000.00,120517997.53,9963033891,HDFC
TXN00000981,26-07-2026,UPI/7193666870/APP/aurangabad@ybl,,31091.50,120549089.03,S21252313,ICICI
TXN00000982,11-06-2026,BIL/ONL/300000000982/ECP,,168545.75,120717634.78,S33252333,ICICI
TXN00000983,12-07-2026,MMT/IMPS/7016123302/SOLAPUR CONTAINERS PVT LTD/UTIB,,50000.25,120767635.03,S41882942,ICICI
TXN00000984,19/07/26,RTGS-HDFC0004567-AMRAVATI COLD  STOR-300000000984,,242000.00,121009635.03,7936531317,HDFC
TXN00000985,01-08-2026,MMT/IMPS/5838310974/Anantapur Constr/ICIC,,26833.99,121036469.02,S67359384,ICICI
TXN00000986,19-08-2026,BIL/ONL/300000000986/AEI/,,29867.00,121066336.02,S85816916,ICICI
TXN00000987,18-08-2026,RTGS/ICICR52023081234/CHENNAI FORGINGS LIMITED,,2906.00,121069242.02,S42753932,ICICI
TXN00000988,08-06-2026,RTGS/ICICR52024117379/CUTTACK PHARMACEUTICALS INDIA PRIVATE LIMITED,,61557.75,121130799.77,S56705847,ICICI
TXN00000989,27/07/26,NEFT CR-HDFC0000123-AURANGABAD FERTILISERS PRIVATE LIMITED-UTR300000000989,,25000.00,121155799.77,2611888154,HDFC
TXN00000990,03-07-2026,RTGS/ICICR52023081343/AMRAVATI CHEMICALS INDIA PRIVATE LIMITED,,77000.00,121232799.77,S21536510,ICICI
TXN00000991,01-08-2026,NEFT/ICICR52023081585/GODAVARI TEXTILES PVT,,32508.00,121265307.77,S46103797,ICICI
TXN00000992,18-08-2026,UPI/4236149857/CPI/cuttackpha@paytm,,6680.00,121271987.77,S29027791,ICICI
TXN00000993,30-07-2026,MMT/IMPS/300000000993/ERNAKULAM TEXTILES/AXIS,,200000.50,121471988.27,S24301134,ICICI
TXN00000994,29/06/26,NEFT CR-HDFC0009812-AMRAVATIENGINEERINGPVTLTD-UTR300000000994,,58114.00,121530102.27,5590665219,HDFC
TXN00000995,28/06/26,NEFT CR-HDFC0000123-AURANGABAD FERTILISERS PRIVATE LIMITED-UTR300000000995,,7652.00,121537754.27,2810321015,HDFC
TXN00000996,21-07-2026,RTGS/ICICR52023994654/NARMADA BEARINGS LIMITED,,65775.00,121603529.27,S95992823,ICICI
TXN00000997,26/06/26,RTGS-HDFC0000123-ANANTAPURCONTAINERSPVTLTD-300000000997,,72830.00,121676359.27,1404533615,HDFC
TXN00000998,18/06/26,IMPS-300000000998-COIMBATORE REFRACTORIES-AXIS,,30000.00,121706359.27,7771235501,HDFC
TXN00000999,18-06-2026,UPI/300000000999/NPP/narmadapri@ybl,,11226.00,121717585.27,S52061564,ICICI
TXN00001000,13-06-2026,NEFT/ICICR52024560674/BHILAI DIAGNOSTICS P LTD,,209000.00,121926585.27,S38354723,ICICI
TXN00001001,23/07/26,NEFT CR-HDFC0002341-COIMBATORE  AGRO-UTR300000001001,,12800.00,121939385.27,6130209407,HDFC
TXN00001002,07-07-2026,NEFT-ICICR52023994628-raipur motors private limited,,5781.75,121945167.02,S66518812,ICICI
TXN00001003,16/06/26,ACH C-NASHIK PRINTERS PVT LTD-9125975646,,7616.00,121952783.02,4177273646,HDFC
TXN00001004,04/08/26,RTGS-HDFC0009812-AURANGABAD TRADERS INDIA PRIVATE  LIMITED-300000001004,,27781.75,121980564.77,6375963846,HDFC
TXN00001005,03/06/26,NEFT-HDFC0002341-ANANTAPUR ELECTRICALS LLP-300000001005,,112000.50,122092565.27,5757153610,HDFC
TXN00001006,25/07/26,RTGS-HDFC0004567-CHANDRAPUR CERAMICS-300000001006,,10724.25,122103289.52,9638060407,HDFC
TXN00001007,05/07/26,NEFT-HDFC0009812-RAIPUR INFRAPROJECTS AND COMPANY-300000001007,,88000.00,122191289.52,6626423858,HDFC
TXN00001008,22/06/26,NEFT-HDFC0009812-ANANTAPUR REFRACTORIES LIMITED-300000001008,,284000.75,122475290.27,6739635525,HDFC
TXN00001009,04/08/26,NEFT-HDFC0009812-UDAIPURPACKAGINGLLP-300000001009,,75000.00,122550290.27,4541852788,HDFC
TXN00001010,27/06/26,UPI-BHAVNAGAR LOGISTICS PRIVATE LIMITED-BHAVNAGARL@APL-300000001010-PAYMENT FROM BLP,,15000.00,122565290.27,9585544957,HDFC
TXN00001011,14/06/26,ACH C-DHANBAD TEXTILES PVT LTD-300000001011,,36814.00,122602104.27,5304418838,HDFC
TXN00001012,25/06/26,ACH C-BHILAI SOFTWARE SERV-6932419008,,40000.00,122642104.27,2220968131,HDFC
TXN00001013,14-07-2026,NEFT-ICICR52023994591-INDORE INDUSTRIES INDIA PRIVATE LIMITED,,25000.00,122667104.27,S91208321,ICICI
TXN00001014,01-08-2026,RTGS/ICICR52024560317/MYSORE METALS LI,,16435.00,122683539.27,S96577978,ICICI
TXN00001015,17-08-2026,UPI/300000001015/BCL/bhilaicast@ibl,,223000.00,122906539.27,S20843930,ICICI
TXN00001016,15-06-2026,UPI/300000001016/Payment from/amravatiag@apl/AXIS,,31339.99,122937879.26,S34253410,ICICI
TXN00001017,15-08-2026,NEFT-ICICR52024560451-AMRAVATI TEXTILES PVT LTD,,27557.99,122965437.25,S45472873,ICICI
TXN00001018,15/08/26,ACH C-NASHIK INDUSTRIES INDIA PVT-7401658827,,8655.00,122974092.25,4246463398,HDFC
TXN00001019,11-08-2026,UPI/300000001019/CLP/chennailog@ibl,,126000.99,123100093.24,S21282229,ICICI
TXN00001020,05-08-2026,NEFT-ICICR52023081298-SURAT TRADERS INDIA P LTD,,36540.00,123136633.24,S47749932,ICICI
TXN00001021,02/07/26,UPI-ANANTAPUR AUTO COM-ANANTAPURA@OKHDFCBANK-300000001021,,43173.00,123179806.24,6829679552,HDFC
TXN00001022,22-07-2026,BIL/ONL/2435731500/CCP,,67356.00,123247162.24,S13690499,ICICI
TXN00001023,07/07/26,NEFT-HDFC0002341-SURAT FERTILISERS PRIVATE LIMITED-300000001023,,9419.00,123256581.24,4336999453,HDFC
TXN00001024,08-07-2026,NEFT-ICICR52024560474-AMRAVATI AUTO COMPONENTS,,20968.00,123277549.24,S27466246,ICICI
TXN00001025,06/06/26,NEFT-HDFC0000123-SILIGURI AGRO EX-2809964669,,10744.25,123288293.49,9425272454,HDFC
TXN00001026,11-07-2026,MMT/IMPS/300000001026/Kakinadahandicraftsllp/UTIB,,219000.00,123507293.49,S92424462,ICICI
TXN00001027,16/07/26,ACH C-AMRAVATI AGRO EX-300000001027/ ,,69000.00,123576293.49,8894905381,HDFC
TXN00001028,09-06-2026,MMT/IMPS/300000001028/HALDIA CABLES P LTD/UTIB,,107473.00,123683766.49,S45050980,ICICI
TXN00001029,05/07/26,UPI-BHOPAL TRANSPORT AND COMPANY-BHOPALTRAN@OKHDFCBANK-300000001029-PAYMENT FROM BTA,,62681.00,123746447.49,1875258405,HDFC
TXN00001030,18-07-2026,NEFT/ICICR52023994997/TIRUPUR  DIAGNOSTICS LIMITED,,11044.00,123757491.49,S80130705,ICICI
TXN00001031,11-08-2026,NEFT/ICICR52024117418/aurangabadhospitalitypvtltd,,61948.00,123819439.49,S15509949,ICICI
TXN00001032,20-07-2026,RTGS/ICICR52024117881/INDORE TEXTILES PVT LTD,,43195.00,123862634.49,S33271861,ICICI
TXN00001033,12/06/26,NEFT CR-HDFC0000123-AMRAVATI BEA-UTR300000001033,,242000.75,124104635.24,6614861581,HDFC
TXN00001034,19-07-2026,RTGS/ICICR52023994410/Amravatiagroexportsprivatelimited,,19061.99,124123697.23,S90213329,ICICI
TXN00001035,09/06/26,IMPS-3645096320-DHANBAD FOOD-UTIB,,60000.00,124183697.23,2073994016,HDFC
TXN00001036,04-08-2026,NEFT/ICICR52023994608/KANPUR MEDIA,,25000.00,124208697.23,S11492827,ICICI
TXN00001037,19/06/26,NEFT CR-HDFC0009812-BELGAUM HAND-UTR300000001037,,181000.00,124389697.23,1524401035,HDFC
TXN00001038,07/06/26,NEFT-HDFC0000123-ERNAKULAM HOSPITALITY PVT LTD-5483592897,,100000.00,124489697.23,7344122367,HDFC
TXN00001039,14-08-2026,MMT/IMPS/300000001039/BHOPAL  PRINTERS/ICIC,,16249.00,124505946.23,S81248558,ICICI
TXN00001040,20/08/26,RTGS-HDFC0009812-CHENNAI CONTAINERS-2641495985,,17797.00,124523743.23,1066244679,HDFC
TXN00001041,08/08/26,NEFT-HDFC0000123-CHENNAI CONTAINERS PVT LTD-300000001041,,20000.75,124543743.98,6297234154,HDFC
TXN00001042,31/07/26,RTGS-HDFC0002341-BHOPAL FOODS PVT LTD-300000001042,,73175.99,124616919.97,6011363609,HDFC
TXN00001043,08/08/26,RTGS-HDFC0009812-JODHPUR FABRICATOR-300000001043,,52191.50,124669111.47,7109184272,HDFC
TXN00001044,14-07-2026,UPI/300000001044/PCP/panipatcer@ybl,,12768.00,124681879.47,S56253163,ICICI
TXN00001045,20-08-2026,BIL/ONL/300000001045/HEL,,58488.00,124740367.47,S25813035,ICICI
TXN00001046,24-07-2026,BIL/ONL/300000001046/KPM/,,16364.00,124756731.47,S57105377,ICICI
TXN00001047,13/06/26,NEFT-HDFC0004567-JABALPUR DIAGNOSTI-6218241400,,222073.25,124978804.72,6386059807,HDFC
TXN00001048,06-07-2026,UPI/6334395858/Payment from/gunturente@ybl/AXIS,,15000.25,124993804.97,S46583139,ICICI
TXN00001049,21-07-2026,UPI/300000001049/Payment from/bhilailogi@apl/HDFC,,50000.00,125043804.97,S63027777,ICICI
TXN00001050,28-08-2026,RTGS/ICICR52024117187/Rajkot Chemicals India,,7620.00,125051424.97,S97108374,ICICI
TXN00001051,30/07/26,UPI-MADURAI COLD STORAGE AND COMPANY-MADURAICOL@IBL-300000001051,,50000.99,125101425.96,2698333179,HDFC
TXN00001052,27/08/26,ACH C-BHOPALMEDIAPVTLTD-300000001052,,44835.25,125146261.21,5725796546,HDFC
TXN00001053,26-08-2026,RTGS/ICICR52023994764/Raipur  Engineering P Ltd,,36841.75,125183102.96,S39884262,ICICI
TXN00001054,25/07/26,NEFT CR-HDFC0004567-UDAIPUR AGRO EXPORTS PRIVATE LIMITED-UTR7386087602,,9067.00,125192169.96,7287028384,HDFC
TXN00001055,15/07/26,UPI-AMRAVATI DISTRIBUTORS PRIVATE LIMITED-AMRAVATIDI@PAYTM-8126481194-PAYMENT FROM ADP,,10000.00,125202169.96,6741368259,HDFC
TXN00001056,22-08-2026,NEFT/ICICR52023994481/ANANTAPUR MEDIA PVT LTD,,139000.00,125341169.96,S88124517,ICICI
TXN00001057,04/08/26,RTGS-HDFC0004567-KAKINADA ENTERPRIS-300000001057,,11723.75,125352893.71,8035515656,HDFC
TXN00001058,24/07/26,IMPS-2249174896-BHOPAL INDUSTRIES IN-SBIN,,239000.00,125591893.71,6512165903,HDFC
TXN00001059,20-07-2026,RTGS/ICICR52023081600/HUBLI HOSPITALITY PVT LTD,,274765.00,125866658.71,S81001456,ICICI
TXN00001060,19-07-2026,MMT/IMPS/300000001060/AURANGABAD PAPER MILLS/SBIN,,21819.00,125888477.71,S16103610,ICICI
TXN00001061,11/06/26,UPI-CHANDRAPUR ENTERPRISES  INDIA PRIVATE LIMITED-CHANDRAPUR@APL-300000001061,,4235.00,125892712.71,6268683568,HDFC
TXN00001062,27/07/26,NEFT CR-HDFC0009812-BHILAI CONTA-UTR7996030678,,5437.99,125898150.70,2471907357,HDFC
TXN00001063,09-06-2026,NEFT-ICICR52023081370-SILIGURI POLYMERS PRIVATE LIMITED,,26128.75,125924279.45,S31349570,ICICI
TXN00001064,24-08-2026,NEFT-ICICR52023994486-KOLHAPUR CABLES PRIVATE LIMITED,,20000.00,125944279.45,S52550453,ICICI
TXN00001065,11/06/26,IMPS-300000001065-AURANGABADCABLESPRIVATELIMITED-UTIB,,200151.75,126144431.20,5639729419,HDFC
TXN00001066,26-08-2026,MMT/IMPS/300000001066/BHAVNAGAR HA/ICIC,,5000.75,126149431.95,S63001598,ICICI
TXN00001067,26/07/26,UPI-RAIPUR LOGISTICS PRIVATE LIMITED-RAIPURLOGI@APL-300000001067-PAYMENT FROM RLP,,28552.00,126177983.95,9872029928,HDFC
TXN00001068,07/08/26,UPI-BHILAIINFRAPROJECTSANDCOMPANY-BHILAIINFR@APL-300000001068,,108622.00,126286605.95,7139225080,HDFC
TXN00001069,27-08-2026,UPI/300000001069/Payment from/aurangabad@okaxis/SBIN,,320580.00,126607185.95,S25366945,ICICI
TXN00001070,20-07-2026,MMT/IMPS/7280837936/HOSUR SOFTWARE SERVICES PRIVATE LIMITED/ICIC,,63278.00,126670463.95,S63415051,ICICI
TXN00001071,23-06-2026,BIL/ONL/300000001071/IML,,67924.50,126738388.45,S93424048,ICICI
TXN00001072,12-07-2026,MMT/IMPS/4154243917/Godavari Electricals/HDFC,,125000.00,126863388.45,S21647488,ICICI
TXN00001073,14-08-2026,NEFT/ICICR52023081977/DEHRADUN ENGINEERING PVT LTD,,299000.00,127162388.45,S56358761,ICICI
TXN00001074,05/07/26,UPI-BHILAI FERTILISERS PRIVATE LIMITED-BHILAIFERT@IBL-7831560606,,3453.00,127165841.45,7688778079,HDFC
TXN00001075,21-07-2026,NEFT-ICICR52024117145-Jamnagar Handicrafts Llp,,17224.25,127183065.70,S66398137,ICICI
TXN00001076,14-07-2026,UPI/9517860612/JCP/jalandharc@paytm/ ,,101632.75,127284698.45,S48857385,ICICI
TXN00001077,02/08/26,IMPS-300000001077-AMRAVATI HOSPITALITY-AXIS,,125000.75,127409699.20,2958147674,HDFC
TXN00001078,27-08-2026,NEFT-ICICR52024560169-AMRAVATI INDUSTRIES INDIA PRIVATE LIMITED,,5150.00,127414849.20,S83532711,ICICI
TXN00001079,17-08-2026,UPI/9258355332/Payment from/calicutpri@okaxis/AXIS,,50227.99,127465077.19,S84343016,ICICI
TXN00001080,23/08/26,ACH C-DHANBAD PHARMACE-300000001080,,10000.00,127475077.19,9365097434,HDFC
TXN00001081,19-08-2026,BIL/ONL/300000001081/DBL ,,22663.00,127497740.19,S45554422,ICICI
TXN00001082,14-07-2026,BIL/ONL/300000001082/ALP,,25232.00,127522972.19,S27718376,ICICI
TXN00001083,10/08/26,UPI-BHAVNAGAR AUTO C-BHAVNAGARA@APL-300000001083,,73796.99,127596769.18,9437283145,HDFC
TXN00001084,02/08/26,NEFT CR-HDFC0004567-RAIPUR REFRACTORIES LIMITED-UTR5622624608,,22165.00,127618934.18,5780729322,HDFC
TXN00001085,25-06-2026,NEFT-ICICR52024117121-RAIPUR CASTINGS  LL,,109850.00,127728784.18,S98058046,ICICI
TXN00001086,18-07-2026,UPI/300000001086/Payment from/jalandharh@okhdfcbank/ICIC,,500000.00,128228784.18,S12403362,ICICI
TXN00001087,14/08/26,NEFT CR-HDFC0000123-JODHPUR REFRACTORIES-UTR1810199665,,208000.00,128436784.18,6223399166,HDFC
TXN00001088,30-07-2026,NEFT/ICICR52024560107/COIMBATOREFORGINGSLIMITED,,48421.75,128485205.93,S85899625,ICICI
TXN00001089,19/08/26,ACH C-BHOPAL CERAMICS-300000001089,,18002.00,128503207.93,4906234933,HDFC
TXN00001090,16-06-2026,NEFT-ICICR52023994812-BELGAUM FORGINGS,,16350.00,128519557.93,S72779536,ICICI
TXN00001091,08/08/26,RTGS-HDFC0002341-LUDHIANA BEARINGS-300000001091,,130231.00,128649788.93,3061654994,HDFC
TXN00001092,28-06-2026,BIL/ONL/300000001092/NHL,,98000.00,128747788.93,S79595566,ICICI
TXN00001093,30-06-2026,MMT/IMPS/300000001093/Meerut Traders India/SBIN,,20387.00,128768175.93,S57558261,ICICI
TXN00001094,30-08-2026,NEFT/ICICR52023994950/CHANDRAPUR CASTI,,153934.00,128922109.93,S29905627,ICICI
TXN00001095,25-06-2026,NEFT-ICICR52023994228-CALICUTFOODSPVTLTD,,20000.50,128942110.43,S91982796,ICICI
TXN00001096,10-08-2026,BIL/ONL/300000001096/CCL,,20749.00,128962859.43,S67884912,ICICI
TXN00001097,02/07/26,NEFT-HDFC0002341-JAMNAGAR TEX-300000001097,,75000.00,129037859.43,8064882799,HDFC
TXN00001098,12-07-2026,MMT/IMPS/300000001098/AURANGABAD GARME/SBIN,,65289.00,129103148.43,S36367463,ICICI
TXN00001099,04/06/26,ACH C-AURANGABAD INFRAPROJECTS AND COMPANY-300000001099,,295000.00,129398148.43,3194476063,HDFC
TXN00001100,14/07/26,IMPS-300000001100-NARMADA INDUSTRI-HDFC,,247000.00,129645148.43,8812252612,HDFC
TXN00001101,11/06/26,UPI-AMRAVATI GARMENTS-AMRAVATIGA@YBL-8985200887,,178000.00,129823148.43,8194515431,HDFC
TXN00001102,18/07/26,RTGS-HDFC0000123-SILIGURI  INDUSTRIES INDIA PRIVATE LIMITED-9099990631,,4415.00,129827563.43,9883631490,HDFC
TXN00001103,03-08-2026,NEFT/ICICR52024560351/HUBLI FORGINGS LIMITED,,6929.75,129834493.18,S28002338,ICICI
TXN00001104,02-07-2026,NEFT/ICICR52024560709/MADURAI REFRACTORIES  PVT,,125000.99,129959494.17,S38960412,ICICI
TXN00001105,14-06-2026,NEFT/ICICR52023081650/haldia traders india private limited,,20993.25,129980487.42,S62444122,ICICI
TXN00001106,06/08/26,ACH C-GUNTURFORGINGSLIMITED-9741051158,,5723.00,129986210.42,3055712892,HDFC
TXN00001107,21-06-2026,BIL/ONL/300000001107/CTP/,,25000.00,130011210.42,S16672885,ICICI
TXN00001108,22-08-2026,MMT/IMPS/300000001108/Jamnagar Software Services Private Limited/AXIS ,,23728.00,130034938.42,S60857535,ICICI
TXN00001109,02-08-2026,NEFT/ICICR52024117868/coimbatore bearings,,109893.00,130144831.42,S98022819,ICICI
TXN00001110,08/08/26,IMPS-300000001110-BHOPAL FABRICATORS AND COMPANY-AXIS,,22277.00,130167108.42,2785346696,HDFC
TXN00001111,06-07-2026,MMT/IMPS/300000001111/BHAVNAGAR COLD STORAGE  AND COMPANY/KKBK,,83366.00,130250474.42,S86239493,ICICI
TXN00001112,11/07/26,IMPS-1118098892-MADURAI TRANSPORT-SBIN,,8946.00,130259420.42,5023690335,HDFC
TXN00001113,14-08-2026,MMT/IMPS/300000001113/UDAIPUR DIAGNOSTICS LIMITED/HDFC,,31494.00,130290914.42,S31040273,ICICI
TXN00001114,08/06/26,UPI-AMRAVATI FERTILISE-AMRAVATIFE@APL-300000001114,,100000.00,130390914.42,4163582046,HDFC
TXN00001115,14/07/26,ACH C-LUDHIANA AGRO EXPORTS PRIVATE LIMITED-300000001115,,30000.25,130420914.67,9734440794,HDFC
TXN00001116,19-08-2026,NEFT-ICICR52024560295-cuttack industries india pvt,,17294.00,130438208.67,S41501634,ICICI
TXN00001117,10/06/26,UPI-CALICUT DIAGNOSTICS-CALICUTDIA@PAYTM-7759218405-PAYMENT FROM CDL,,22000.00,130460208.67,4384245849,HDFC
TXN00001118,12-07-2026,NEFT/ICICR52024117368/MYSORE MEDIA PVT LTD,,48646.50,130508855.17,S19363099,ICICI
TXN00001119,14/07/26,UPI-CHENNAI HOSPITALITY-CHENNAIHOS@APL-300000001119,,20000.00,130528855.17,9172184338,HDFC
TXN00001120,28-06-2026,UPI/300000001120/Payment from/bhopalspin@okhdfcbank/ICIC,,258000.00,130786855.17,S73403987,ICICI
TXN00001121,29/07/26,UPI-DHANBAD SPINNERS LLP-DHANBADSPI@OKHDFCBANK-7935816535,,28382.00,130815237.17,8874632173,HDFC
TXN00001122,11-06-2026,UPI/1155502309/AAE/amravatiag@paytm,,250000.00,131065237.17,S32245731,ICICI
TXN00001123,28-07-2026,NEFT/ICICR52023994629/AURANGABAD TEXTILES PVT LTD,,23226.00,131088463.17,S43078814,ICICI
TXN00001124,30-07-2026,UPI/300000001124/BCP/bhilaicont@ybl,,10000.99,131098464.16,S24850932,ICICI
TXN00001125,25/07/26,NEFT CR-HDFC0009812-RAJKOT SOFTW-UTR8774550979,,20000.00,131118464.16,6765749477,HDFC
TXN00001126,27-08-2026,NEFT-ICICR52024560741-SALEM PRINTE,,56000.00,131174464.16,S24987846,ICICI
TXN00001127,29-07-2026,NEFT-ICICR52024560978-SOLAPUR PRINTERS PVT LTD,,12807.00,131187271.16,S30593541,ICICI
TXN00001128,29-08-2026,UPI/300000001128/Payment from/meerutrefr@ybl/AXIS,,8242.00,131195513.16,S96044825,ICICI
TXN00001129,17-06-2026,RTGS/ICICR52024560313/Amravati Chemicals India Private Limited,,17434.00,131212947.16,S12090511,ICICI
TXN00001130,01-06-2026,UPI/300000001130/Payment from/amravatich@okaxis/KKBK,,168000.00,131380947.16,S91112704,ICICI
TXN00001131,07/06/26,NEFT CR-HDFC0000123-LUDHIANA PAPER MILLS PVT LTD-UTR300000001131,,10580.00,131391527.16,8678462225,HDFC
TXN00001132,01/06/26,NEFT CR-HDFC0002341-TIRUPURCABLESPRIVATELIMITED-UTR3682179086,,79495.50,131471022.66,5831275281,HDFC
TXN00001133,24/07/26,IMPS-300000001133-GWALIOR POLYMERS PRIVATE  LIMITED-ICIC,,13369.00,131484391.66,2234489517,HDFC
TXN00001134,26-06-2026,NEFT-ICICR52024560380-CHANDRAPUR AGRO EXPORTS PRIVATE LIMITED,,50000.50,131534392.16,S87498010,ICICI
TXN00001135,08-08-2026,UPI/300000001135/Payment from/gwaliorcer@okaxis/ICIC,,20984.50,131555376.66,S92530580,ICICI
TXN00001136,06-07-2026,NEFT/ICICR52024117147/BHILAIHOSPITALITYPVTLTD,,155000.00,131710376.66,S79757952,ICICI
TXN00001137,17-07-2026,RTGS/ICICR52024117464/AMRAVATI AGRO EXPORTS PRIVATE LIMITED,,65438.00,131775814.66,S45761862,ICICI
TXN00001138,22/07/26,IMPS-300000001138-SOLAPUR HANDICRAFT-KKBK,,86162.00,131861976.66,3453500806,HDFC
TXN00001139,15-07-2026,RTGS/ICICR52024560566/ERNAKULAM AUTO COMPONENTS PVT LTD,,251000.75,132112977.41,S29920279,ICICI
TXN00001140,22/06/26,NEFT CR-HDFC0004567-SURAT ELECTR-UTR300000001140,,61774.00,132174751.41,3002904954,HDFC
TXN00001141,11-06-2026,NEFT/ICICR52023081583/surat engineering pvt ltd,,149463.50,132324214.91,S13020677,ICICI
TXN00001142,26-08-2026,RTGS/ICICR52023081260/CUTTACK CONTAINERS PVT LTD,,500000.00,132824214.91,S54562556,ICICI
TXN00001143,05/08/26,NEFT-HDFC0002341-AMRAVATI  CERAMIC-300000001143,,4713.00,132828927.91,1991767171,HDFC
TXN00001144,22-08-2026,BIL/ONL/3603371504/HSS,,60000.00,132888927.91,S67213325,ICICI
TXN00001145,27-06-2026,UPI/300000001145/Payment from/ernakulamm@ibl/UTIB,,18451.00,132907378.91,S54464700,ICICI
TXN00001146,09/07/26,IMPS-300000001146-CUTTACKENGINEERINGPVTLTD-HDFC,,20000.00,132927378.91,8323259253,HDFC
TXN00001147,14/07/26,UPI-AMRAVATI CHE-AMRAVATICH@OKAXIS-300000001147,,13182.00,132940560.91,4179005964,HDFC
TXN00001148,16-07-2026,UPI/8804262046/SHL/solapurhan@okhdfcbank,,165209.00,133105769.91,S84110101,ICICI
TXN00001149,15-08-2026,NEFT/ICICR52023081956/COIMBATORE MEDIA PVT LTD,,201619.00,133307388.91,S51540154,ICICI
TXN00001150,30-08-2026,MMT/IMPS/7715313992/LUDHIANA CABLES PRIVATE LIMITED/AXIS,,50000.00,133357388.91,S21846501,ICICI
TXN00001151,05-06-2026,MMT/IMPS/300000001151/AMRAVATI COLD STORAGE AND COMPANY/HDFC,,250000.50,133607389.41,S57868085,ICICI
TXN00001152,24/08/26,RTGS-HDFC0002341-TIRUPUR  CABLES-300000001152,,50938.75,133658328.16,1976165691,HDFC
TXN00001153,15/08/26,RTGS-HDFC0004567-HALDIAHOSPITALITYPVTLTD-5015971686,,129219.50,133787547.66,4559365646,HDFC
TXN00001154,23/07/26,IMPS-300000001154-CHENNAI FOODS PVT LTD-ICIC,,25168.00,133812715.66,8833430046,HDFC
TXN00001155,06-07-2026,BIL/ONL/300000001155/KAE,,130000.75,133942716.41,S57601184,ICICI
TXN00001156,04-07-2026,RTGS/ICICR52023994561/Varanasi Cold Storage And Company,,150000.00,134092716.41,S65920436,ICICI
TXN00001157,29/06/26,UPI-GWALIOR CABLES PRIVA-GWALIORCAB@OKAXIS-7296296960,,3031.00,134095747.41,5306194532,HDFC
TXN00001158,28-06-2026,NEFT/ICICR52023081845/CHENNAI COLD STO,,30000.00,134125747.41,S28554878,ICICI
TXN00001159,13/07/26,UPI-RAJKOT METALS LIMITE-RAJKOTMETA@OKHDFCBANK-300000001159-PAYMENT FROM RML,,53186.00,134178933.41,7925094556,HDFC
TXN00001160,28/07/26,RTGS-HDFC0004567-NAGPUR  TRADE-2682029245,,23396.00,134202329.41,5928367299,HDFC
TXN00001161,22/07/26,RTGS-HDFC0002341-GWALIOR REFRACTORIES LIMITED-5408417613,,2279.00,134204608.41,3882767769,HDFC
TXN00001162,15/08/26,UPI-SALEM FORGINGS LIMITED-SALEMFORGI@OKAXIS-300000001162-PAYMENT FROM SFL,,166000.75,134370609.16,5235541974,HDFC
TXN00001163,06-08-2026,UPI/1074612223/Payment from/dehradunlo@okhdfcbank/KKBK,,70588.00,134441197.16,S13135833,ICICI
TXN00001164,06/06/26,NEFT CR-HDFC0000123-BHILAI BEARI-UTR300000001164,,12627.99,134453825.15,2642363502,HDFC
TXN00001165,02/07/26,NEFT-HDFC0000123-INDORE LOGISTICS PRIVATE LIMITED-300000001165,,38072.00,134491897.15,9244809360,HDFC
TXN00001166,24/08/26,NEFT CR-HDFC0002341-AMRAVATIAGROEXPORTSPRIVATELIMITED-UTR300000001166,,25000.50,134516897.65,1831143525,HDFC
TXN00001167,11-06-2026,UPI/300000001167/AHL/amravatiha@ibl,,32503.00,134549400.65,S12610868,ICICI
TXN00001168,04/07/26,RTGS-HDFC0009812-GODAVARIPOLYMERSPRIVATELIMITED-300000001168,,24099.00,134573499.65,7084139837,HDFC
TXN00001169,20/08/26,NEFT-HDFC0002341-CALICUTSPINNERSLLP-4090456905,,57490.00,134630989.65,9013063506,HDFC
TXN00001170,11/08/26,UPI-AMRAVATI CABLES PRIVATE LIMITED-AMRAVATICA@OKAXIS-300000001170-PAYMENT FROM ACP,,16356.99,134647346.64,2127465845,HDFC
TXN00001171,05/07/26,NEFT-HDFC0002341-CUTTACK INDUSTRIES INDIA PRIVATE LIMITED-3388708199,,192000.00,134839346.64,8237685438,HDFC
TXN00001172,16-06-2026,RTGS/ICICR52024560563/CHANDRAPUR CONTA,,138873.00,134978219.64,S65335804,ICICI
TXN00001173,13/08/26,UPI-AMRAVATI CABLES PRIVATE LIMITED-AMRAVATICA@OKAXIS-300000001173,,15000.00,134993219.64,7723110101,HDFC
TXN00001174,05-06-2026,UPI/300000001174/Payment from/amravatiho@okhdfcbank/KKBK,,24504.00,135017723.64,S70573130,ICICI
TXN00001175,22/07/26,NEFT-HDFC0009812-JALANDHAR CO-6202017883,,86000.00,135103723.64,5275062212,HDFC
TXN00001176,23-07-2026,UPI/7572135409/Payment from/anantapurf@okhdfcbank/HDFC,,33555.99,135137279.63,S16231255,ICICI
TXN00001177,07/07/26,IMPS-8189090003-KANPUR LOGISTICS P-SBIN,,14745.00,135152024.63,7690876502,HDFC
TXN00001178,29/07/26,IMPS-4700553530-AMRAVATI TRA-AXIS,,125000.00,135277024.63,1712727648,HDFC
TXN00001179,25-08-2026,RTGS/ICICR52024117454/ANANTAPUR  FORGINGS LIMITED,,8117.00,135285141.63,S11161238,ICICI
TXN00001180,10/08/26,NEFT CR-HDFC0002341-BELGAUM CONTAINERS PVT LTD-UTR7613529728,,280000.99,135565142.62,9312803499,HDFC
TXN00001181,24-06-2026,MMT/IMPS/300000001181/SOLAPUR TRADERS IN/AXIS,,32370.00,135597512.62,S79587863,ICICI
TXN00001182,09-07-2026,UPI/300000001182/Payment from/godavaritr@apl/HDFC,,29096.75,135626609.37,S68379908,ICICI
TXN00001183,28/06/26,UPI-AMRAVATI PACKAGING-AMRAVATIPA@PAYTM-6336072226-PAYMENT FROM APL,,78843.00,135705452.37,2726846982,HDFC
TXN00001184,06/06/26,NEFT CR-HDFC0004567-HOSUR SOFTWARE SERVICES PRIVATE LIMITED-UTR300000001184,,134623.99,135840076.36,8889840715,HDFC
TXN00001185,25-07-2026,UPI/1451572178/SCS/suratcolds@ybl,,500000.00,136340076.36,S34965578,ICICI
TXN00001186,11-06-2026,NEFT/ICICR52024560433/CUTTACK LOGISTICS PRIVATE LIMITED,,69325.00,136409401.36,S13855045,ICICI
TXN00001187,24-06-2026,RTGS/ICICR52024117649/AMRAVATI INDUSTRIES INDIA PRIVATE LIMITED,,49654.00,136459055.36,S48461227,ICICI
TXN00001188,13-06-2026,NEFT-ICICR52024560635-BHOPAL PHARMACEU,,25000.00,136484055.36,S74495668,ICICI
TXN00001189,21/06/26,IMPS-6448757068-COIMBATORE TRADERS INDIA PRIVATE LIMITED-ICIC,,100000.00,136584055.36,6247866919,HDFC
TXN00001190,15-07-2026,MMT/IMPS/300000001190/Godavaricontainerspvtltd/SBIN,,189000.00,136773055.36,S18173272,ICICI
TXN00001191,11/08/26,IMPS-300000001191-SILIGURI AGRO EXPORTS P LTD-AXIS,,9913.50,136782968.86,5461085968,HDFC
TXN00001192,15-08-2026,UPI/6769299416/Payment from/amravatico@apl/KKBK,,25656.75,136808625.61,S67879290,ICICI
TXN00001193,19-08-2026,MMT/IMPS/2879921272/CHANDRAPURPOLYMERSPRIVATELIMITED/ICIC,,96000.00,136904625.61,S51981391,ICICI
TXN00001194,06/06/26,UPI-DEHRADUN  TRADERS-DEHRADUNTR@IBL-300000001194-PAYMENT FROM DTI,,59613.00,136964238.61,8555735677,HDFC
TXN00001195,19/08/26,NEFT-HDFC0009812-AMRAVATIFABRICATORSANDCOMPANY-6182763009,,183000.00,137147238.61,8112195365,HDFC
TXN00001196,18-08-2026,MMT/IMPS/300000001196/Chandrapur Foods Pvt Ltd/SBIN,,121412.75,137268651.36,S59371260,ICICI
TXN00001197,20-07-2026,RTGS/ICICR52024117739/AMRAVATI AGRO EXPO,,123000.00,137391651.36,S98960068,ICICI
TXN00001198,11/06/26,ACH C-NASHIK CABLES PRIVATE LIMITED-6902405487,,10000.50,137401651.86,3855341792,HDFC
TXN00001199,07-08-2026,NEFT/ICICR52024117855/CALICUT PACKAGING LLP,,30410.00,137432061.86,S33202555,ICICI
TXN00001200,14/08/26,UPI-DEHRADUN TRADERS INDIA-DEHRADUNTR@IBL-300000001200,,23561.25,137455623.11,3814955011,HDFC
TXN00001201,12/08/26,IMPS-300000001201-NASHIK SOFTWARE SERVICES PRIVATE LIMITED-ICIC,,209000.00,137664623.11,7972504667,HDFC
TXN00001202,02/07/26,ACH C-HALDIA SPINNERS-3158224494,,10070.00,137674693.11,1147617239,HDFC
TXN00001203,11-06-2026,NEFT-ICICR52024117171-GANDHINAGAR AGRO EXPORTS PRIVATE LIMITED,,2802.00,137677495.11,S85375049,ICICI
TXN00001204,28-07-2026,RTGS/ICICR52023081111/Indore Hospitality Pvt Ltd,,298899.00,137976394.11,S85589391,ICICI
TXN00001205,12/07/26,IMPS-300000001205-AMRAVATI CERAMIC-HDFC,,500000.00,138476394.11,6973614644,HDFC
TXN00001206,24-08-2026,BIL/ONL/8138824133/AAC,,33168.00,138509562.11,S68987671,ICICI
TXN00001207,19-07-2026,BIL/ONL/9451843096/TCL,,33509.00,138543071.11,S71902897,ICICI
TXN00001208,15-08-2026,UPI/300000001208/Payment from/amravatiau@okhdfcbank/HDFC,,23452.25,138566523.36,S75890183,ICICI
TXN00001209,23/08/26,UPI-AURANGABAD ENGINEERING PVT LTD-AURANGABAD@PAYTM-3974060090,,10435.00,138576958.36,1483483145,HDFC
TXN00001210,12-07-2026,NEFT/ICICR52024117346/Gandhinagarceramicspvtltd,,200000.50,138776958.86,S41592929,ICICI
TXN00001211,07/08/26,UPI-BHILAI FERTILISERS PVT-BHILAIFERT@OKHDFCBANK-300000001211-PAYMENT FROM BFP,,11746.75,138788705.61,5818215753,HDFC
TXN00001212,06-07-2026,NEFT/ICICR52024560651/Belgaum Prin,,263000.00,139051705.61,S14167151,ICICI
TXN00001213,04-06-2026,UPI/300000001213/MDL/meerutdiag@okaxis,,3070.00,139054775.61,S45825055,ICICI
TXN00001214,12-07-2026,NEFT-ICICR52023081715-KOLHAPUR CONTAINERS PVT LTD,,60000.00,139114775.61,S30110622,ICICI
TXN00001215,28/08/26,IMPS-2936950633-SOLAPUR PAPER MILLS-UTIB,,9379.50,139124155.11,9190003904,HDFC
TXN00001216,29/08/26,UPI-AMRAVATI AGRO EXPO-AMRAVATIAG@IBL-2990279619,,40000.00,139164155.11,7770593436,HDFC
TXN00001217,17-07-2026,MMT/IMPS/9457591461/MYSORE TEXTILES PVT LTD/SBIN-,,30000.00,139194155.11,S25065401,ICICI
TXN00001218,11-06-2026,BIL/ONL/300000001218/BHP,,48446.00,139242601.11,S38569395,ICICI
TXN00001219,04/08/26,RTGS-HDFC0009812-CUTTACK DIAG-300000001219,,104932.00,139347533.11,7727115217,HDFC
TXN00001220,21/08/26,ACH C-CUTTACK PACKAGING LLP-300000001220,,75000.00,139422533.11,1893862915,HDFC
TXN00001221,31/07/26,UPI-RAIPUR FERTILISERS PRIVATE  LIMITED-RAIPURFERT@YBL-9418711045-PAYMENT FROM RFP,,25965.00,139448498.11,1518923223,HDFC
TXN00001222,04/07/26,NEFT CR-HDFC0009812-UDAIPUR LOGISTICS PRIVATE LIMITED-UTR7259814068,,75000.75,139523498.86,8582310827,HDFC
TXN00001223,10-07-2026,NEFT-ICICR52024117276-Tirupur Engineering,,500000.99,140023499.85,S97214868,ICICI
TXN00001224,03-08-2026,UPI/300000001224/Payment from/indorehosp@apl/KKBK,,497614.99,140521114.84,S65011443,ICICI
TXN00001225,01/06/26,IMPS-300000001225-AURANGABAD LOGISTICS PRIVATE LIMITED-KKBK,,61649.00,140582763.84,8575091839,HDFC
TXN00001226,15/08/26,UPI-JALANDHAR GARMENTS PRIVATE LIMITED-JALANDHARG@IBL-300000001226-PAYMENT FROM JGP,,192224.25,140774988.09,8956092459,HDFC
TXN00001227,19-06-2026,BIL/ONL/300000001227/KGP,,13166.00,140788154.09,S15416782,ICICI
TXN00001228,25/06/26,NEFT-HDFC0004567-AMRAVATI PRINTER-6393143785,,68000.25,140856154.34,9559907383,HDFC
TXN00001229,13/07/26,NEFT CR-HDFC0000123-JALANDHAR MEDIA PVT LTD-UTR300000001229,,67914.00,140924068.34,1106185273,HDFC
TXN00001230,25/07/26,UPI-INDOREAGROEXPORTSPRIVATELIMITED-INDOREAGRO@OKAXIS-300000001230-PAYMENT FROM IAE,,108000.00,141032068.34,6236063884,HDFC
TXN00001231,30/06/26,UPI-GWALIORMETALSLIMITED-GWALIORMET@YBL-300000001231,,40000.00,141072068.34,4271318905,HDFC
TXN00001232,07/07/26,NEFT-HDFC0000123-HALDIA  DIAGNOSTICS-300000001232,,50794.00,141122862.34,8124170077,HDFC
TXN00001233,17/07/26,NEFT CR-HDFC0004567-COIMBATORE PAPER MILLS-UTR300000001233,,15797.00,141138659.34,2934033270,HDFC
TXN00001234,28/06/26,RTGS-HDFC0002341-GODAVARI SOFTWARE SERVICES PRIVATE LIMITED-300000001234,,11539.00,141150198.34,2022298891,HDFC
TXN00001235,16/07/26,UPI-AMRAVATI CERAMICS P LTD-AMRAVATICE@OKAXIS-300000001235,,46725.00,141196923.34,3023063838,HDFC
TXN00001236,13/08/26,IMPS-300000001236-MYSORE FABRICATORS-SBIN,,11168.00,141208091.34,8202679959,HDFC
TXN00001237,19/08/26,NEFT-HDFC0002341-AURANGABAD ENTERPR-300000001237,,33679.00,141241770.34,1932868736,HDFC
TXN00001238,28/06/26,IMPS-300000001238-AMRAVATI AUTO COMPONENTS P LTD-AXIS,,9848.99,141251619.33,5207730177,HDFC
TXN00001239,03-06-2026,BIL/ONL/300000001239/BTP,,17687.00,141269306.33,S86640968,ICICI
TXN00001240,19/08/26,ACH C-GANDHINAGARLOGISTICSPRIVATELIMITED-3881473391,,500000.00,141769306.33,8137616332,HDFC
TXN00001241,04-07-2026,NEFT/ICICR52023994233/godavari distributor,,5446.00,141774752.33,S62209498,ICICI
TXN00001242,11/07/26,NEFT-HDFC0002341-BHOPAL ELECTRICALS LLP-300000001242,,75637.00,141850389.33,8502906068,HDFC
TXN00001243,07-07-2026,BIL/ONL/300000001243/AAC,,262000.99,142112390.32,S57737121,ICICI
TXN00001244,06-06-2026,UPI/300000001244/BPL/bhavnagarp@paytm,,101921.00,142214311.32,S67755581,ICICI
TXN00001245,24/06/26,RTGS-HDFC0009812-JABALPUR CERAMICS PVT LTD-8296086549,,66636.00,142280947.32,3743756147,HDFC
TXN00001246,29-06-2026,NEFT-ICICR52024117700-AMRAVATI AGRO EX,,3896.00,142284843.32,S11551787,ICICI
TXN00001247,17-07-2026,UPI/7862229954/Payment from/amravatico@apl/UTIB/ ,,99559.00,142384402.32,S55102920,ICICI
TXN00001248,09-08-2026,RTGS/ICICR52024117824/AMRAVATI DIA,,50000.99,142434403.31,S59075413,ICICI
TXN00001249,15/08/26,UPI-AMRAVATI AGRO EXPORTS PRIVATE LIMITED-AMRAVATIAG@OKAXIS-9770715149-PAYMENT FROM AAE,,16089.00,142450492.31,9284632081,HDFC
TXN00001250,09/08/26,ACH C-CHANDRAPUR METALS LIMITED-4181095275,,77699.00,142528191.31,5610355508,HDFC
TXN00001251,22/08/26,ACH C-AURANGABAD REFRACTORIES LIMITED-1951988112,,142007.00,142670198.31,8597737806,HDFC
TXN00001252,09/07/26,UPI-DEHRADUN REFRACTORIES LIMITED-DEHRADUNRE@YBL-300000001252,,59294.00,142729492.31,1279611804,HDFC
TXN00001253,06-07-2026,UPI/5733942414/Payment from/jalandharp@ibl/AXIS,,67198.00,142796690.31,S85972484,ICICI
TXN00001254,29-08-2026,MMT/IMPS/300000001254/Mysore Printers Pvt Ltd/KKBK,,150000.00,142946690.31,S56759741,ICICI
TXN00001255,06-07-2026,BIL/ONL/9193513660/DEP,,60000.00,143006690.31,S48608369,ICICI
TXN00001256,06-06-2026,NEFT-ICICR52024117901-BHOPAL TEXTILES PVT,,70198.50,143076888.81,S69859815,ICICI
TXN00001257,10-08-2026,UPI/300000001257/SPP/solapurpri@ybl,,150000.00,143226888.81,S31126046,ICICI
TXN00001258,18/07/26,UPI-MADURAI DIAGNOSTICS LIMITED-MADURAIDIA@APL-300000001258-PAYMENT FROM MDL,,27307.00,143254195.81,9592888093,HDFC
TXN00001259,10/06/26,IMPS-300000001259-AURANGABAD SPINNERS-UTIB,,26211.00,143280406.81,9240075449,HDFC
TXN00001260,02/07/26,RTGS-HDFC0009812-AMRAVATI AGRO EXPORTS PRIVATE LIMITED-300000001260,,35623.00,143316029.81,5617540127,HDFC
TXN00001261,06-07-2026,NEFT/ICICR52023081874/MEERUT HANDICRAFTS LLP,,43948.00,143359977.81,S81256685,ICICI
TXN00001262,14/08/26,UPI-AMRAVATI FERTILISERS PRIVATE LIMITED-AMRAVATIFE@PAYTM-300000001262-PAYMENT FROM AFP,,500000.00,143859977.81,8754703469,HDFC
TXN00001263,18/06/26,UPI-KOLHAPUR INFRAPROJEC-KOLHAPURIN@OKAXIS-300000001263,,7503.75,143867481.56,9156298899,HDFC
TXN00001264,03/07/26,RTGS-HDFC0002341-TIRUPURENGINEERINGPVTLTD-300000001264/,,15690.00,143883171.56,9460522459,HDFC
TXN00001265,10/06/26,NEFT CR-HDFC0009812-AURANGABAD FOODS PVT LTD-UTR300000001265,,17858.50,143901030.06,9999166734,HDFC
TXN00001266,04/07/26,UPI-GUNTUR ENTERPRISES INDIA PRIVATE LIMITED-GUNTURENTE@OKHDFCBANK-300000001266,,122648.00,144023678.06,1879358857,HDFC
TXN00001267,17-07-2026,RTGS/ICICR52023081194/AMRAVATI BEARINGS LIMITED,,53699.00,144077377.06,S94984077,ICICI
TXN00001268,11/08/26,IMPS-7492854006-AURANGABAD HANDICRAFTS LLP-SBIN,,255000.00,144332377.06,7902031541,HDFC
TXN00001269,09/07/26,NEFT CR-HDFC0000123-ANANTAPUR CASTIN-UTR300000001269,,21342.00,144353719.06,9506442354,HDFC
TXN00001270,11-07-2026,RTGS/ICICR52023081788/INDORE SPINN,,19358.99,144373078.05,S83769322,ICICI
TXN00001271,18-06-2026,MMT/IMPS/8570127091/MANGALORE INDUSTRIES INDIA PRIVATE LIMITED/UTIB,,30000.50,144403078.55,S11488932,ICICI
TXN00001272,24-08-2026,UPI/300000001272/Payment from/panipatcab@okaxis/SBIN,,9084.50,144412163.05,S47194050,ICICI
TXN00001273,27/07/26,RTGS-HDFC0009812-DEHRADUN PACKAGING L-4038777992,,310371.00,144722534.05,1407366813,HDFC
TXN00001274,14-08-2026,UPI/2761422687/HPL/haldiapack@okaxis,,87525.75,144810059.80,S67400859,ICICI
TXN00001275,10/06/26,ACH C-CHENNAIPAPERMILLSPVTLTD-300000001275,,47753.99,144857813.79,3606753598,HDFC
TXN00001276,13-06-2026,UPI/300000001276/Payment from/haldiaauto@ybl/ICIC,,13081.00,144870894.79,S91028434,ICICI
TXN00001277,21-07-2026,RTGS/ICICR52023994592/AMRAVATI AGRO EXPORTS PRIVATE LIMITED,,150000.00,145020894.79,S61193370,ICICI
TXN00001278,24/06/26,ACH C-BHOPAL TRADERS I-300000001278,,15798.00,145036692.79,7725506600,HDFC
TXN00001279,27/08/26,RTGS-HDFC0002341-TRICHY MEDIA PVT LTD-3656765787,,23640.00,145060332.79,2776865747,HDFC
TXN00001280,10/08/26,NEFT CR-HDFC0002341-KRISHNA COLD STORA-UTR7446550367,,11892.00,145072224.79,7059004982,HDFC
TXN00001281,05-08-2026,RTGS/ICICR52024560733/anantapur spinners llp,,60088.00,145132312.79,S69407278,ICICI
TXN00001282,28/07/26,IMPS-300000001282-JABALPUR SPINNERS-UTIB,,123000.00,145255312.79,4773107140,HDFC
TXN00001283,16-07-2026,RTGS/ICICR52024560694/GODAVARIGARMENTSPRIVATELIMITED,,14000.00,145269312.79,S43242329,ICICI
TXN00001284,06/07/26,ACH C-BHILAI  DISTRIBUTOR-300000001284,,269000.00,145538312.79,5901212012,HDFC
TXN00001285,15-08-2026,UPI/9163897406/BSL/belgaumspi@okaxis,,273000.00,145811312.79,S86554615,ICICI
TXN00001286,09/06/26,NEFT-HDFC0002341-GANDHINAGAR-300000001286,,172000.00,145983312.79,9079487246,HDFC
TXN00001287,04/06/26,ACH C-CALICUT POLYMERS PRIVATE LIMITED-300000001287,,61168.00,146044480.79,3947455524,HDFC
TXN00001288,24-07-2026,RTGS/ICICR52024117714/Bhilai Fabri,,250000.00,146294480.79,S22730930,ICICI
TXN00001289,18/08/26,IMPS-300000001289-MEERUT INDUSTRIES INDIA PRIVATE LIMITED-SBIN,,3909.00,146298389.79,5345251833,HDFC
TXN00001290,16/06/26,UPI-DEHRADUNPAPERMILLSPVTLTD-DEHRADUNPA@OKAXIS-6589430553,,33671.75,146332061.54,8596809497,HDFC
TXN00001291,02-06-2026,MMT/IMPS/9529925925/Calicut Diag/AXIS,,24296.00,146356357.54,S93775341,ICICI
TXN00001292,12/08/26,ACH C-CHANDRAPUR  TRADE-300000001292,,134000.25,146490357.79,8487060725,HDFC
TXN00001293,18/08/26,RTGS-HDFC0000123-AMRAVATI HANDICR-6809476815,,72118.00,146562475.79,8744882085,HDFC
TXN00001294,21/06/26,IMPS-300000001294-ANANTAPUR TRANSPOR-UTIB,,94854.00,146657329.79,4902259654,HDFC
TXN00001295,09-06-2026,RTGS/ICICR52024117377/AURANGABAD GARMENT,,67606.00,146724935.79,S41769627,ICICI
TXN00001296,02/08/26,RTGS-HDFC0009812-COIMBATORE AUTO COMPONENTS PVT-300000001296,,15000.00,146739935.79,4108772304,HDFC
TXN00001297,05-08-2026,RTGS/ICICR52023994699/BELGAUM DISTRIBUTORS,,22000.00,146761935.79,S14086791,ICICI
TXN00001298,08/07/26,ACH C-CHENNAI ELECTRICALS-5012167833,,60000.00,146821935.79,5950136254,HDFC
TXN00001299,21-08-2026,MMT/IMPS/1541986351/BHOPAL ENTERPRISES INDIA PRIVATE LIMITED/SBIN,,229000.99,147050936.78,S43328870,ICICI
TXN00001300,14-07-2026,RTGS/ICICR52024560536/Chandrapur Cables Private Limited,,2259.00,147053195.78,S66609483,ICICI
TXN00001301,04-06-2026,UPI/300000001301/GMP/gunturmedi@okhdfcbank,,8659.00,147061854.78,S18422659,ICICI
TXN00001302,15/06/26,ACH C-SILIGURI BEARINGS-300000001302,,29175.00,147091029.78,5823360027,HDFC
TXN00001303,30-08-2026,UPI/300000001303/Payment from/varanasiag@ybl/UTIB,,43204.99,147134234.77,S73572140,ICICI
TXN00001304,22/08/26,IMPS-4738083832-AMRAVATI CASTINGS PVT-KKBK,,13927.25,147148162.02,1377936072,HDFC
TXN00001305,18-07-2026,NEFT/ICICR52024560701/Bhavnagar Ca,,12863.00,147161025.02,S41702781,ICICI
TXN00001306,13-08-2026,BIL/ONL/8614654166/CSS,,101552.25,147262577.27,S11060607,ICICI
TXN00001307,26-06-2026,NEFT-ICICR52023994574-COIMBATORESOFTWARESERVICESPRIVATELIMITED,,48000.00,147310577.27,S32341047,ICICI
TXN00001308,24-08-2026,UPI/300000001308/Payment from/jamnagarel@paytm/HDFC,,35897.00,147346474.27,S91854015,ICICI
TXN00001309,13-07-2026,UPI/7986216442/ACP/anantapurc@okhdfcbank,,19430.00,147365904.27,S79707411,ICICI
TXN00001310,04-07-2026,RTGS/ICICR52023994154/AMRAVATI BEARINGS PVT,,12988.50,147378892.77,S79079333,ICICI
TXN00001311,04-08-2026,RTGS/ICICR52024560614/Bhilai Handicrafts P Ltd/ ,,78644.99,147457537.76,S55274881,ICICI
TXN00001312,26/07/26,NEFT CR-HDFC0002341-AMRAVATI BEARINGS LIMITED-UTR300000001312,,24704.00,147482241.76,8729378300,HDFC
TXN00001313,29-08-2026,RTGS/ICICR52023081685/AMRAVATI METALS LIMITED,,25000.00,147507241.76,S12912803,ICICI
TXN00001314,11-08-2026,BIL/ONL/9285543397/KAE,,36050.00,147543291.76,S89328563,ICICI
TXN00001315,29/06/26,NEFT-HDFC0000123-HALDIA SPINNERS LLP-3109110489,,60000.00,147603291.76,6796366462,HDFC
TXN00001316,19/07/26,UPI-NASHIKFOODSPVTLTD-NASHIKFOOD@OKAXIS-300000001316,,27484.99,147630776.75,1832109426,HDFC
TXN00001317,16/06/26,ACH C-AURANGABAD PACKAGING LLP-300000001317,,12028.75,147642805.50,2919899052,HDFC
TXN00001318,18/08/26,UPI-SURAT SPINNERS LLP-SURATSPINN@OKHDFCBANK-300000001318,,75000.00,147717805.50,5390189552,HDFC
TXN00001319,21/06/26,RTGS-HDFC0009812-JAMNAGAR FERTILISERS PRIVATE LIMITED-5913328324,,167000.00,147884805.50,9260524580,HDFC
TXN00001320,10/06/26,ACH C-CUTTACK CONSTRUCTIONS PRIVATE LIMITED-300000001320,,5000.00,147889805.50,1993625420,HDFC
TXN00001321,16-08-2026,NEFT-ICICR52024117132-GANDHINAGAR PAPER MILLS,,272000.00,148161805.50,S45576654,ICICI
TXN00001322,17-06-2026,NEFT-ICICR52023081151-BHILAI FORGI,,133462.00,148295267.50,S58992789,ICICI
TXN00001323,01-07-2026,RTGS/ICICR52024117561/INDORE DIAGN,,214000.00,148509267.50,S22870422,ICICI
TXN00001324,15/06/26,UPI-KAKINADA FERTILISERS PRIVATE LIMITED-KAKINADAFE@IBL-300000001324,,60000.00,148569267.50,5760716666,HDFC
TXN00001325,03/07/26,NEFT-HDFC0002341-BHAVNAGAR FERTILISERS  PRIVATE LIMITED-3532578715,,3868.00,148573135.50,9114758692,HDFC
TXN00001326,09-07-2026,BIL/ONL/300000001326/ACP,,24980.00,148598115.50,S61297687,ICICI
TXN00001327,03-06-2026,NEFT/ICICR52024560906/MEERUT PLASTICS,,60000.00,148658115.50,S78790977,ICICI
TXN00001328,17/08/26,RTGS-HDFC0004567-MEERUT  ENTERPRISES INDIA PRIVATE LIMITED-1210275749,,20000.00,148678115.50,5398575707,HDFC
TXN00001329,03-08-2026,RTGS/ICICR52023081676/RAJKOT INFRAPROJECTS AND COMPANY,,12908.00,148691023.50,S90516945,ICICI
TXN00001330,28-06-2026,NEFT-ICICR52024117137-Panipat Enterprises India Private Limited,,15000.99,148706024.49,S42233478,ICICI
TXN00001331,09-07-2026,NEFT/ICICR52023081664/MANGALORE PRINTERS P,,30323.00,148736347.49,S76657561,ICICI
TXN00001332,20-07-2026,BIL/ONL/300000001332/API,,26661.00,148763008.49,S36863265,ICICI
TXN00001333,13/08/26,NEFT CR-HDFC0004567-AMRAVATI AUTO COMPONENTS PVT LTD-UTR300000001333,,131000.00,148894008.49,7679159696,HDFC
TXN00001334,07-08-2026,NEFT/ICICR52024560359/cuttack industries,,150000.00,149044008.49,S84964698,ICICI
TXN00001335,28/07/26,RTGS-HDFC0009812-AMRAVATI GARMENT-300000001335,,44825.25,149088833.74,8919888996,HDFC
TXN00001336,03/08/26,NEFT-HDFC0004567-BHAVNAGAR DIAGNO-300000001336,,22129.99,149110963.73,6714133816,HDFC
TXN00001337,20-08-2026,NEFT-ICICR52024117726-BELGAUM METALS LIMITED,,252533.00,149363496.73,S64618112,ICICI
TXN00001338,12/07/26,NEFT-HDFC0000123-COIMBATORE HANDICRAFTS LLP-300000001338,,66915.75,149430412.48,8980510767,HDFC
TXN00001339,14/08/26,NEFT CR-HDFC0000123-JODHPUR PRINTERS PVT LTD-UTR7936168844,,60128.00,149490540.48,2378510629,HDFC
TXN00001340,03-08-2026,UPI/300000001340/Payment from/coimbatore@paytm/SBIN,,51676.00,149542216.48,S31832713,ICICI
TXN00001341,04/07/26,UPI-AMRAVATI  AGRO EXPORTS PRIVATE LIMITED-AMRAVATIAG@IBL-2267461338,,20000.75,149562217.23,6408171481,HDFC
TXN00001342,08/06/26,RTGS-HDFC0004567-HALDIA FOODS PVT-300000001342,,375325.25,149937542.48,6746468222,HDFC
TXN00001343,13-06-2026,BIL/ONL/300000001343/ABL,,25735.00,149963277.48,S54122624,ICICI
TXN00001344,18/08/26,RTGS-HDFC0004567-NASHIK TEXTILES PVT LTD-3545406888,,19840.00,149983117.48,8088456362,HDFC
TXN00001345,07-07-2026,UPI/300000001345/Payment from/amravatiha@okhdfcbank/ICIC,,11523.00,149994640.48,S26200923,ICICI
TXN00001346,09-06-2026,UPI/300000001346/LDL/ludhianadi@okaxis,,2346.50,149996986.98,S90511561,ICICI
TXN00001347,25-07-2026,UPI/300000001347/Payment from/amravatidi@ibl/HDFC,,17201.25,150014188.23,S39222998,ICICI
TXN00001348,08/07/26,NEFT CR-HDFC0000123-AMRAVATI CHEMICALS-UTR300000001348,,34850.50,150049038.73,9079473443,HDFC
TXN00001349,20/07/26,UPI-AMRAVATI HANDICRAFTS LLP-AMRAVATIHA@OKHDFCBANK-300000001349,,120898.00,150169936.73,9010806382,HDFC
TXN00001350,14/07/26,RTGS-HDFC0000123-CHANDRAPUR DIAGN-300000001350,,10000.00,150179936.73,5916195136,HDFC
TXN00001351,08/07/26,ACH C-KANPURFORGINGSLIMITED-7661098900,,23231.00,150203167.73,8877825837,HDFC
TXN00001352,06-07-2026,UPI/300000001352/CCS/cuttackcol@apl,,290787.25,150493954.98,S89614038,ICICI
TXN00001353,12-07-2026,MMT/IMPS/300000001353/AMRAVATI PHARMACEUTI/UTIB,,40000.00,150533954.98,S49934203,ICICI
TXN00001354,16-07-2026,RTGS/ICICR52023994857/DEHRADUN BEA,,43256.00,150577210.98,S59766229,ICICI
TXN00001355,07-06-2026,UPI/300000001355/Payment from/dehraduntr@okhdfcbank/AXIS,,101000.50,150678211.48,S40922759,ICICI
TXN00001356,17/08/26,ACH C-TRICHY CONSTRUCTIONS-1604159314,,10776.00,150688987.48,8773207220,HDFC
TXN00001357,30/06/26,UPI-MYSORECERAMICSPVTLTD-MYSORECERA@APL-6283064973,,34175.50,150723162.98,1515418549,HDFC
TXN00001358,03/08/26,ACH C-NASHIK PHARM-300000001358,,8201.00,150731363.98,9111561744,HDFC
TXN00001359,05-08-2026,UPI/300000001359/Payment from/gwaliorlog@okaxis/KKBK,,50000.25,150781364.23,S43933878,ICICI
TXN00001360,05-07-2026,NEFT/ICICR52023081314/Amravati Agro Exports Private Limited,,10000.00,150791364.23,S96466715,ICICI
TXN00001361,14/06/26,UPI-AURANGABAD PACKAGING LLP-AURANGABAD@OKAXIS-300000001361,,55045.00,150846409.23,2303357117,HDFC
TXN00001362,26-08-2026,UPI/7395727400/AAE/amravatiag@okhdfcbank,,37817.00,150884226.23,S68781243,ICICI
TXN00001363,17/06/26,NEFT-HDFC0002341-RAIPUR ENTERPRISES INDIA PRIVATE LIMITED-300000001363,,5326.00,150889552.23,6665427509,HDFC
TXN00001364,31/07/26,IMPS-1172013882-JABALPURGARMENTSPRIVATELIMITED-AXIS,,58729.00,150948281.23,3442667754,HDFC
TXN00001365,18/07/26,ACH C-JAMNAGAR PLASTICS AND COMPANY-300000001365,,14340.25,150962621.48,2958877110,HDFC
TXN00001366,16/07/26,ACH C-AMRAVATI ENTERPRIS-4245971484,,250000.25,151212621.73,7069560692,HDFC
TXN00001367,24/08/26,ACH C-CALICUT  GARMENTS PRIVATE LIMITED-2190701597,,19375.50,151231997.23,2728863739,HDFC
TXN00001368,03-06-2026,UPI/300000001368/Payment from/haldiamedi@paytm/ICIC,,252000.00,151483997.23,S76782059,ICICI
TXN00001369,11-06-2026,BIL/ONL/300000001369/AAC,,281000.00,151764997.23,S72220765,ICICI
TXN00001370,09-08-2026,NEFT/ICICR52023994917/anantapur  forgings limited,,193000.00,151957997.23,S69365908,ICICI
TXN00001371,24/07/26,NEFT CR-HDFC0000123-GANDHINAGAR-UTR300000001371,,11568.00,151969565.23,8791378078,HDFC
TXN00001372,31/07/26,UPI-RAIPUR PRINTERS PV-RAIPURPRIN@OKHDFCBANK-300000001372/ ,,56952.50,152026517.73,6196845728,HDFC
TXN00001373,11/06/26,UPI-AMRAVATI ENTERPRISES  INDIA PRIVATE LIMITED-AMRAVATIEN@APL-300000001373-PAYMENT FROM AEI,,25000.00,152051517.73,1875755962,HDFC
TXN00001374,27-08-2026,BIL/ONL/300000001374/KCP,,66000.00,152117517.73,S26601868,ICICI
TXN00001375,21-08-2026,MMT/IMPS/300000001375/LUDHIANA LOGISTICS PRIVATE LIMITED/AXIS,,100000.00,152217517.73,S63885207,ICICI
TXN00001376,20/08/26,NEFT CR-HDFC0004567-COIMBATORE CONST-UTR300000001376,,84683.00,152302200.73,7994703230,HDFC
TXN00001377,04/08/26,UPI-MYSORE SPINNERS LLP-MYSORESPIN@OKAXIS-300000001377,,5000.00,152307200.73,7328037474,HDFC
TXN00001378,06-07-2026,UPI/300000001378/Payment from/chandrapur@okhdfcbank/UTIB,,141000.00,152448200.73,S37902884,ICICI
TXN00001379,24/08/26,NEFT CR-HDFC0004567-CHANDRAPUR MOTORS  PRIVATE LIMITED-UTR300000001379,,44022.00,152492222.73,1186931685,HDFC
TXN00001380,22-08-2026,NEFT-ICICR52023081802-JALANDHAR POLYMERS PRIVATE LIMITED,,50000.00,152542222.73,S17880918,ICICI
TXN00001381,28-08-2026,UPI/300000001381/Payment from/godavaritr@ibl/AXIS,,300000.00,152842222.73,S45240667,ICICI
TXN00001382,20/08/26,ACH C-BELGAUM DISTRIBUTORS PVT-4440355365,,32525.00,152874747.73,8227464092,HDFC
TXN00001383,25-08-2026,RTGS/ICICR52023994845/Nashik Metals,,40000.00,152914747.73,S20840616,ICICI
TXN00001384,16/06/26,NEFT CR-HDFC0009812-AMRAVATIHOSPITALITYPVTLTD-UTR8028417251,,259000.00,153173747.73,7098849168,HDFC
TXN00001385,13-07-2026,NEFT/ICICR52024117181/Chandrapur Auto ,,106000.00,153279747.73,S10189941,ICICI
TXN00001386,05-07-2026,MMT/IMPS/300000001386/CHANDRAPUR FABRICATO/ICIC,,76413.00,153356160.73,S36111443,ICICI
TXN00001387,02-08-2026,MMT/IMPS/300000001387/AMRAVATI BEARINGS/UTIB,,91166.25,153447326.98,S31462628,ICICI
TXN00001388,29/08/26,IMPS-300000001388-HALDIA ENTER-ICIC,,24003.00,153471329.98,6494451212,HDFC
TXN00001389,05-06-2026,UPI/300000001389/AMP/amravatimo@paytm,,21190.00,153492519.98,S13966953,ICICI
TXN00001390,18-08-2026,MMT/IMPS/300000001390/AMRAVATI REFRACTOR/UTIB,,10000.25,153502520.23,S75041138,ICICI
TXN00001391,13-08-2026,UPI/300000001391/BAE/belgaumagr@okaxis,,153864.00,153656384.23,S67612764,ICICI
TXN00001392,28-08-2026,UPI/300000001392/Payment from/solapurlog@okhdfcbank/AXIS,,20000.00,153676384.23,S49714236,ICICI
TXN00001393,20-07-2026,UPI/6646445191/ECP/ernakulamc@ybl,,75000.00,153751384.23,S68620174,ICICI
TXN00001394,14-06-2026,BIL/ONL/300000001394/CCP,,200000.00,153951384.23,S45697867,ICICI
TXN00001395,29/07/26,UPI-BELGAUM PLASTICS AND-BELGAUMPLA@OKAXIS-300000001395-PAYMENT FROM BPA,,67578.50,154018962.73,5122677238,HDFC
TXN00001396,16/06/26,UPI-GWALIOR DIAGNOSTICS LIMITED-GWALIORDIA@IBL-300000001396,,225417.99,154244380.72,5789485175,HDFC
TXN00001397,03-06-2026,BIL/ONL/9788266458/AEP,,44825.00,154289205.72,S43002771,ICICI
TXN00001398,28-07-2026,UPI/300000001398/KLP/krishnalog@ybl,,65114.00,154354319.72,S60644002,ICICI
TXN00001399,27/07/26,RTGS-HDFC0002341-AMRAVATI CHEMICALS INDIA PRIVATE LIMITED-2218532635,,123000.00,154477319.72,9174284978,HDFC
TXN00001400,17/07/26,ACH C-ANANTAPUR FABRICATORS AND COMPANY-300000001400,,54708.00,154532027.72,7440184737,HDFC
TXN00001401,03/07/26,ACH C-AMRAVATI BEARINGS-300000001401,,125000.25,154657027.97,1683823488,HDFC
TXN00001402,20-06-2026,NEFT/ICICR52023081472/AURANGABAD PHARMACEUTICALS INDIA PRIVATE LIMITED,,12458.00,154669485.97,S72365525,ICICI
TXN00001403,26/07/26,ACH C-GUNTUR AUTO COMPONENTS PVT LTD-300000001403,,4000.00,154673485.97,9298793290,HDFC
TXN00001404,21/07/26,NEFT-HDFC0002341-KRISHNACASTINGSLLP-300000001404,,83634.00,154757119.97,5561354297,HDFC
TXN00001405,02-08-2026,BIL/ONL/300000001405/DFP,,75139.00,154832258.97,S41159925,ICICI
TXN00001406,01/08/26,RTGS-HDFC0004567-GODAVARI PAPER MILLS PVT LTD-300000001406,,80077.00,154912335.97,4855829487,HDFC
TXN00001407,17-06-2026,UPI/300000001407/AFP/anantapurf@ibl,,15000.00,154927335.97,S20042134,ICICI
TXN00001408,06/08/26,RTGS-HDFC0002341-AURANGABAD AGRO EXPORTS PRIVATE LIMITED-6704483233,,32069.00,154959404.97,7602216044,HDFC
TXN00001409,28/08/26,RTGS-HDFC0002341-GUNTUR TRANSPORT AND COMPANY-300000001409,,25000.00,154984404.97,3542239124,HDFC
TXN00001410,17/07/26,IMPS-300000001410-BHAVNAGAR REFRACTORIES-AXIS,,30304.00,155014708.97,1038776556,HDFC
TXN00001411,19-07-2026,UPI/8400771142/CPL/coimbatore@ybl,,186158.00,155200866.97,S64765439,ICICI
TXN00001412,06-08-2026,UPI/300000001412/Payment from/anantapurc@paytm/AXIS,,94282.00,155295148.97,S89899841,ICICI
TXN00001413,20-06-2026,MMT/IMPS/4724249849/JALANDHAR SPINNERS/KKBK,,22857.00,155318005.97,S72495884,ICICI
TXN00001414,26-06-2026,UPI/4988375033/AAE/amravatiag@okaxis,,3000.00,155321005.97,S56056483,ICICI
TXN00001415,30-06-2026,NEFT-ICICR52023994799-ANANTAPURMOTORSPRIVATELIMITED,,9258.00,155330263.97,S87457151,ICICI
TXN00001416,07/06/26,IMPS-5512031445-JABALPUR TRADERS INDIA PRIVATE LIMITED-UTIB,,60000.00,155390263.97,7212511783,HDFC
TXN00001417,17/08/26,ACH C-AMRAVATI PLASTICS AN-6852458093,,58454.00,155448717.97,3891975408,HDFC
TXN00001418,16-08-2026,MMT/IMPS/300000001418/TRICHY SPINNERS LL/KKBK,,150000.75,155598718.72,S29777543,ICICI
TXN00001419,20-08-2026,NEFT/ICICR52023994784/AMRAVATI GARMENTS PRIVATE LIMITED,,49965.00,155648683.72,S39299635,ICICI
TXN00001420,10-06-2026,MMT/IMPS/300000001420/AMRAVATIPHARMACEUTICALSINDIAPRIVATELIMITED/AXIS,,203865.00,155852548.72,S74348569,ICICI
TXN00001421,07/07/26,NEFT-HDFC0009812-AMRAVATI INDUSTRIES INDIA PRIVATE LIMITED-5574389069,,27969.00,155880517.72,3126353899,HDFC
TXN00001422,04-08-2026,RTGS/ICICR52023081142/Aurangabad Pharmaceuticals India Private Limited,,372986.00,156253503.72,S52248617,ICICI
TXN00001423,18/06/26,ACH C-AMRAVATI FORGINGS LIMITED-300000001423,,26968.00,156280471.72,1560328970,HDFC
TXN00001424,28/06/26,UPI-CHANDRAPURCOLDSTORAGEANDCOMPANY-CHANDRAPUR@OKAXIS-300000001424,,22779.75,156303251.47,5933220427,HDFC
TXN00001425,05-06-2026,NEFT-ICICR52023081658-Narmada Media  Pvt Ltd,,55717.00,156358968.47,S98083206,ICICI
TXN00001426,29-07-2026,MMT/IMPS/300000001426/AURANGABAD ENGINEERING/KKBK,,12893.00,156371861.47,S57778960,ICICI
TXN00001427,25/06/26,UPI-PANIPAT AGRO EXPORTS PRIVATE LIMITED-PANIPATAGR@PAYTM-300000001427-PAYMENT FROM PAE,,100000.00,156471861.47,5977178226,HDFC
TXN00001428,31-07-2026,UPI/7143622686/Payment from/anantapurg@ybl/SBIN,,61724.50,156533585.97,S61853027,ICICI
TXN00001429,24-06-2026,MMT/IMPS/9525423626/Amravati Castings Llp/UTIB,,150000.99,156683586.96,S79812205,ICICI
TXN00001430,10/07/26,NEFT-HDFC0004567-SOLAPUR POLYMERS PRIVATE LIMITED-300000001430,,53484.00,156737070.96,6168954758,HDFC
TXN00001431,01/06/26,NEFT CR-HDFC0009812-SURAT POLYMERS PRIVATE LIMITED-UTR300000001431,,20039.00,156757109.96,5721913545,HDFC
TXN00001432,23/07/26,IMPS-300000001432-AMRAVATI FOO-HDFC,,40000.00,156797109.96,3078362734,HDFC
TXN00001433,02-07-2026,BIL/ONL/9623446290/AAE,,125000.00,156922109.96,S72131205,ICICI
TXN00001434,09/07/26,UPI-BHAVNAGAR ENGINEERING PVT LTD-BHAVNAGARE@OKHDFCBANK-300000001434,,109000.50,157031110.46,1495076257,HDFC
TXN00001435,19/06/26,RTGS-HDFC0004567-CALICUT FABRICATORS AND COMPANY-3231985336,,27459.00,157058569.46,4596500568,HDFC
TXN00001436,24/06/26,NEFT CR-HDFC0004567-AMRAVATI INFRAPROJECTS AND COMPANY-UTR300000001436,,81520.50,157140089.96,1479761432,HDFC
TXN00001437,23/06/26,UPI-BHOPAL DISTRIBUTORS PRIVATE LIMITED-BHOPALDIST@IBL-300000001437-PAYMENT FROM BDP,,50277.50,157190367.46,1030319566,HDFC
TXN00001438,03/07/26,RTGS-HDFC0009812-AURANGABAD S-300000001438/,,260000.00,157450367.46,9923239858,HDFC
TXN00001439,11/07/26,UPI-CHENNAIPRINTERSPVTLTD-CHENNAIPRI@IBL-300000001439-PAYMENT FROM CPP-,,8369.00,157458736.46,4118477237,HDFC
TXN00001440,05/08/26,NEFT CR-HDFC0002341-VARANASIHANDICRAFTSLLP-UTR300000001440,,15211.75,157473948.21,4898863726,HDFC
TXN00001441,26-06-2026,UPI/300000001441/Payment from/amravatiel@okhdfcbank/HDFC,,47000.25,157520948.46,S72956668,ICICI
TXN00001442,13-06-2026,NEFT-ICICR52024117745-GODAVARIDIAGNOSTICSLIMITED,,18427.00,157539375.46,S44174038,ICICI
TXN00001443,11/08/26,UPI-LUDHIANA ENGINEERING PVT LTD-LUDHIANAEN@OKHDFCBANK-8922135747-PAYMENT FROM LEP,,84521.00,157623896.46,4874572470,HDFC
TXN00001444,04/06/26,RTGS-HDFC0004567-DHANBAD BEARINGS PVT-1172322491,,138000.00,157761896.46,5111366466,HDFC
TXN00001445,27/06/26,NEFT CR-HDFC0004567-AURANGABADINFRAPROJECTSANDCOMPANY-UTR7451175303,,4716.00,157766612.46,8407759440,HDFC
TXN00001446,18-08-2026,NEFT-ICICR52024560354-hosur hospitality,,55555.25,157822167.71,S62733960,ICICI
TXN00001447,12-08-2026,UPI/1678766266/Payment from/kanpurdiag@okaxis/ICIC,,123000.00,157945167.71,S25661988,ICICI
TXN00001448,29/08/26,UPI-ANANTAPUR PHARMACEUTICALS INDIA-ANANTAPURP@PAYTM-6132306708,,5207.00,157950374.71,4077781148,HDFC
TXN00001449,11-06-2026,MMT/IMPS/300000001449/JABALPUR INDUSTRIES INDIA PRIVATE LIMITED/HDFC,,36445.50,157986820.21,S50169033,ICICI
TXN00001450,17/07/26,NEFT CR-HDFC0004567-AMRAVATI MOTORS PRIVATE LIMITED-UTR300000001450,,37286.00,158024106.21,9549979342,HDFC
TXN00001451,20-07-2026,BIL/ONL/300000001451/AMP,,49762.99,158073869.20,S86347875,ICICI
TXN00001452,11/08/26,ACH C-AMRAVATI MET-300000001452,,12653.00,158086522.20,5036280384,HDFC
TXN00001453,03/06/26,ACH C-AURANGABAD MEDIA PVT LTD-300000001453,,29486.99,158116009.19,9864217656,HDFC
TXN00001454,25-07-2026,NEFT/ICICR52024117183/PANIPAT POLY,,77879.00,158193888.19,S17073706,ICICI
TXN00001455,26/07/26,IMPS-300000001455-AMRAVATI PHARMACEUTICALS INDIA PRIVATE LIMITED-HDFC,,197698.00,158391586.19,9439172587,HDFC
TXN00001456,07/07/26,IMPS-300000001456-CHENNAI BEAR-UTIB,,17000.25,158408586.44,6468612466,HDFC
TXN00001457,31/08/26,UPI-TIRUPUR TRADERS INDIA-TIRUPURTRA@YBL-300000001457-PAYMENT FROM TTI,,40274.99,158448861.43,3687509976,HDFC
TXN00001458,11/07/26,UPI-AMRAVATI AGRO EXPORTS PRIVATE LIMITED-AMRAVATIAG@OKHDFCBANK-4756260967-PAYMENT FROM AAE,,28755.00,158477616.43,2800208895,HDFC
TXN00001459,11-06-2026,MMT/IMPS/4371785040/Belgaum Polymers/SBIN,,22875.75,158500492.18,S91408918,ICICI
TXN00001460,22-06-2026,BIL/ONL/8619564884/GTI,,192000.00,158692492.18,S57327826,ICICI
TXN00001461,25/07/26,UPI-INDORE INDUSTRIES INDIA PRIVATE LIMITED-INDOREINDU@OKHDFCBANK-8953926967,,69492.75,158761984.93,7975770327,HDFC
TXN00001462,19-06-2026,MMT/IMPS/300000001462/CHANDRAPUR M/ICIC,,89296.00,158851280.93,S73053550,ICICI
TXN00001463,28-06-2026,NEFT-ICICR52024117840-NARMADA DIAGNOSTICS LIMITED-,,279000.00,159130280.93,S78601638,ICICI
TXN00001464,23-07-2026,UPI/3180077175/BPM/belgaumpap@ybl,,50000.00,159180280.93,S61619059,ICICI
TXN00001465,19/07/26,NEFT-HDFC0000123-AMRAVATI AUTO COMPONENTS-4942910275,,119000.00,159299280.93,1286964280,HDFC
TXN00001466,30-07-2026,NEFT/ICICR52023081313/DEHRADUN PRINTERS PVT LTD,,114508.99,159413789.92,S43570307,ICICI
TXN00001467,21-07-2026,UPI/300000001467/Payment from/amravatisp@okaxis/HDFC,,63593.00,159477382.92,S19372830,ICICI
TXN00001468,03-06-2026,UPI/5290993410/APL/aurangabad@okhdfcbank,,31793.00,159509175.92,S66380241,ICICI
TXN00001469,31/07/26,NEFT CR-HDFC0009812-SURAT BEARINGS LIM-UTR4943753629,,190510.00,159699685.92,3662896822,HDFC
TXN00001470,09-08-2026,UPI/3501291813/Payment from/bhopaltext@apl/AXIS,,4800.00,159704485.92,S68057084,ICICI
TXN00001471,05/06/26,NEFT-HDFC0002341-ANANTAPUR INFRAPROJECTS AND COMPANY-7555489638,,122000.25,159826486.17,8247729205,HDFC
TXN00001472,08-06-2026,RTGS/ICICR52023081916/jamnagarindustriesindiaprivatelimited,,75000.00,159901486.17,S74902028,ICICI
TXN00001473,30/08/26,UPI-NASHIK FORGINGS P LTD-NASHIKFORG@OKHDFCBANK-300000001473,,500000.00,160401486.17,7390033996,HDFC
TXN00001474,04/08/26,RTGS-HDFC0009812-AURANGABAD CONTAINERS PVT LTD-3182231247,,40000.99,160441487.16,8884919106,HDFC
TXN00001475,15-08-2026,UPI/300000001475/GSS/gwaliorsof@apl,,200000.00,160641487.16,S19630297,ICICI
TXN00001476,18-07-2026,UPI/7732396969/Payment from/anantapurc@ibl/AXIS,,55804.00,160697291.16,S86647503,ICICI
TXN00001477,14-08-2026,RTGS/ICICR52024117880/JALANDHAR ME,,13620.00,160710911.16,S43613442,ICICI
TXN00001478,08/07/26,NEFT-HDFC0002341-AMRAVATIELECTRICALSLLP-300000001478,,20000.00,160730911.16,2485622789,HDFC
TXN00001479,03-06-2026,UPI/300000001479/Payment from/kolhapurpa@ibl/KKBK,,25000.00,160755911.16,S10250607,ICICI
TXN00001480,22/06/26,ACH C-KANPUR INDUSTRIES INDIA-2636112317,,28129.00,160784040.16,2774499359,HDFC
TXN00001481,09-08-2026,RTGS/ICICR52023081827/AMRAVATICONTAINERSPVTLTD,,72308.00,160856348.16,S77446635,ICICI
TXN00001482,26-07-2026,NEFT-ICICR52023994444-JAMNAGARENTERPRISESINDIAPRIVATELIMITED,,66058.99,160922407.15,S75945949,ICICI
TXN00001483,30/06/26,UPI-ERNAKULAM INFRAPROJECTS AND COMPANY-ERNAKULAMI@OKHDFCBANK-8471694453-PAYMENT FROM EIA,,15382.25,160937789.40,2470182754,HDFC
TXN00001484,31/07/26,ACH C-KOLHAPUR PRINTERS PVT LTD-300000001484,,71821.00,161009610.40,4062492186,HDFC
TXN00001485,24-07-2026,RTGS/ICICR52024117620/BELGAUM CABLES PRIVATE LIMITED,,240000.00,161249610.40,S61905894,ICICI
TXN00001486,19-06-2026,MMT/IMPS/300000001486/Amravati Cold Stor/UTIB,,27289.25,161276899.65,S68643668,ICICI
TXN00001487,14-08-2026,MMT/IMPS/300000001487/BELGAUM FORGINGS LIMITED/HDFC,,18000.00,161294899.65,S21671617,ICICI
TXN00001488,23/07/26,NEFT-HDFC0004567-AMRAVATI  FORGINGS LIMITED-300000001488,,98169.50,161393069.15,7128589388,HDFC
TXN00001489,23/08/26,ACH C-MANGALORE HOSPITALITY PVT LTD-300000001489,,84227.00,161477296.15,8754687354,HDFC
TXN00001490,05/07/26,RTGS-HDFC0002341-MADURAI  CONTAINERS-300000001490,,11182.00,161488478.15,1534774753,HDFC
TXN00001491,15/08/26,UPI-MANGALORE DISTRIBUTORS-MANGALORED@PAYTM-7715398809-PAYMENT FROM MDP,,49000.00,161537478.15,8677089628,HDFC
TXN00001492,16-08-2026,BIL/ONL/7425901764/JSS,,5000.00,161542478.15,S14353056,ICICI
TXN00001493,08-08-2026,UPI/300000001493/Payment from/cuttackfoo@apl/KKBK,,108000.00,161650478.15,S33507351,ICICI
TXN00001494,27-06-2026,MMT/IMPS/300000001494/BELGAUM PRINTERS P/ICIC,,15000.25,161665478.40,S70083672,ICICI
TXN00001495,24/06/26,UPI-HALDIA AGRO EXPORTS PRIVATE LIMITED-HALDIAAGRO@IBL-300000001495-PAYMENT FROM HAE,,8901.99,161674380.39,3802365104,HDFC
TXN00001496,23-06-2026,UPI/300000001496/Payment from/amravatiag@paytm/HDFC,,40000.00,161714380.39,S83944762,ICICI
TXN00001497,02-08-2026,NEFT/ICICR52024117881/BELGAUM AUTO COMPONENTS PVT LTD,,54000.00,161768380.39,S81224796,ICICI
TXN00001498,06/08/26,NEFT CR-HDFC0002341-TIRUPUR ENGINEERING PVT LTD-UTR300000001498,,7581.00,161775961.39,7859487245,HDFC
TXN00001499,30-07-2026,BIL/ONL/9996859998/GRL,,100000.00,161875961.39,S69512466,ICICI
TXN00001500,12/07/26,IMPS-4517297306-HUBLI TEXTILES PVT LTD-ICIC,,60506.50,161936467.89,5615233109,HDFC
TXN00001501,07/06/26,RTGS-HDFC0000123-CALICUT CHEMICALS INDIA PRIVATE LIMITED-300000001501,,216000.00,162152467.89,8556574777,HDFC
TXN00001502,16/07/26,NEFT-HDFC0009812-AURANGABAD SOFTWARE SERVICES PRIVATE LIMITED-300000001502,,312866.00,162465333.89,5868245717,HDFC
TXN00001503,07-07-2026,UPI/300000001503/Payment from/amravatipo@apl/AXIS,,39817.00,162505150.89,S34140835,ICICI
TXN00001504,17-07-2026,NEFT-ICICR52023081915-Solapur Distributors Private Limited,,88688.00,162593838.89,S47650461,ICICI
TXN00001505,20-06-2026,MMT/IMPS/6843435201/Amravati Casting/HDFC,,42754.00,162636592.89,S82312784,ICICI
TXN00001506,01/07/26,UPI-NASHIK CHEMICALS INDIA PRIVATE LIMITED-NASHIKCHEM@YBL-300000001506,,47908.25,162684501.14,9380438386,HDFC
TXN00001507,12/06/26,NEFT-HDFC0009812-BELGAUMSOFTWARESERVICESPRIVATELIMITED-6642422190,,200000.00,162884501.14,3311833414,HDFC
TXN00001508,18-08-2026,UPI/300000001508/AAE/anantapura@paytm ,,18520.00,162903021.14,S31165784,ICICI
TXN00001509,29/06/26,ACH C-JABALPURSOFTWARESERVICESPRIVATELIMITED-9936693564,,42143.00,162945164.14,1148474561,HDFC
TXN00001510,02-07-2026,NEFT/ICICR52024117266/SILIGURI CHEMICALS INDIA  PVT,,20000.00,162965164.14,S23970985,ICICI
TXN00001511,26/07/26,UPI-GANDHINAGAR TRANSPORT AND COMPANY-GANDHINAGA@APL-300000001511,,93162.00,163058326.14,3681174428,HDFC
TXN00001512,10-06-2026,UPI/5622041959/Payment from/panipatfab@apl/ICIC,,45954.00,163104280.14,S38381593,ICICI
TXN00001513,29-07-2026,BIL/ONL/300000001513/JEI,,30587.25,163134867.39,S69660662,ICICI
TXN00001514,17-06-2026,MMT/IMPS/3985003577/AMRAVATI CERAMICS PVT LTD/HDFC,,44759.00,163179626.39,S83668652,ICICI
TXN00001515,18/06/26,RTGS-HDFC0000123-AMRAVATI BEARING-300000001515,,4730.75,163184357.14,4059972643,HDFC
TXN00001516,07-06-2026,UPI/9419350566/AAC/aurangabad@okaxis,,214173.00,163398530.14,S57617777,ICICI
TXN00001517,07-08-2026,MMT/IMPS/300000001517/anantapur metals limited/UTIB,,60356.75,163458886.89,S12731836,ICICI
TXN00001518,24-08-2026,UPI/300000001518/Payment from/belgaumcol@paytm/SBIN,,60000.99,163518887.88,S41072007,ICICI
TXN00001519,02-06-2026,MMT/IMPS/6996324107/DEHRADUN CHEMICALS INDIA/SBIN,,9126.00,163528013.88,S60605064,ICICI
TXN00001520,09/07/26,RTGS-HDFC0004567-SILIGURI GARMENTS PRIVATE LIMITED-300000001520,,8765.00,163536778.88,7979965616,HDFC
TXN00001521,22-07-2026,NEFT/ICICR52023081322/AMRAVATI AGRO EXPORTS PRIVATE LIMITED,,50000.25,163586779.13,S63738475,ICICI
TXN00001522,24/08/26,IMPS-3634002314-CALICUTINDUSTRIESINDIAPRIVATELIMITED-SBIN,,100000.00,163686779.13,2705667018,HDFC
TXN00001523,02/07/26,IMPS-3102146575-CHENNAI PRINTERS PVT-SBIN ,,62584.99,163749364.12,9881357339,HDFC
TXN00001524,28/07/26,NEFT-HDFC0004567-AURANGABAD MOTORS PRIVATE LIMITED-300000001524,,82502.00,163831866.12,4203265035,HDFC
TXN00001525,27/07/26,RTGS-HDFC0002341-AURANGABADENGINEERINGPVTLTD-300000001525,,500000.75,164331866.87,3526272334,HDFC
TXN00001526,09-06-2026,BIL/ONL/5919398997/BML,,6372.00,164338238.87,S29269725,ICICI
TXN00001527,23-08-2026,NEFT-ICICR52024117163-MADURAI FOODS PVT,,117150.75,164455389.62,S65878493,ICICI
TXN00001528,03-08-2026,UPI/1009734746/ATP/amravatite@paytm/,,9704.00,164465093.62,S26513789,ICICI
TXN00001529,23/06/26,IMPS-2312130109-AMRAVATI AUTO COMPONENTS PVT LTD-SBIN,,42409.99,164507503.61,9004938225,HDFC
TXN00001530,24-07-2026,NEFT-ICICR52023081959-AMRAVATI CONSTRUCTIONS,,21452.00,164528955.61,S29176384,ICICI
TXN00001531,18/06/26,UPI-BELGAUM PAPER MILLS PVT LTD-BELGAUMPAP@PAYTM-300000001531-PAYMENT FROM BPM,,3333.99,164532289.60,1252855051,HDFC
TXN00001532,22-07-2026,NEFT-ICICR52024560205-AURANGABAD ENGINEERING PVT LTD,,20000.00,164552289.60,S53727499,ICICI
TXN00001533,23-06-2026,NEFT-ICICR52024117968-AMRAVATI AGR,,46036.00,164598325.60,S51877379,ICICI
TXN00001534,13-07-2026,RTGS/ICICR52024560735/ANANTAPUR HANDICRAFTS LLP,,50000.00,164648325.60,S52986242,ICICI
TXN00001535,09/06/26,UPI-HUBLI CONTAINERS-HUBLICONTA@OKHDFCBANK-300000001535,,94903.00,164743228.60,5313240729,HDFC
TXN00001536,29/08/26,UPI-ANANTAPUR ENGINEERING-ANANTAPURE@YBL-300000001536,,10179.00,164753407.60,1291121224,HDFC
TXN00001537,30-06-2026,UPI/300000001537/Payment from/trichybear@apl/HDFC,,24105.00,164777512.60,S76803647,ICICI
TXN00001538,24-07-2026,MMT/IMPS/300000001538/AMRAVATI AGRO EX/KKBK,,221529.00,164999041.60,S63575423,ICICI
TXN00001539,15-07-2026,UPI/300000001539/AHL/anantapurh@okaxis,,6480.00,165005521.60,S45851995,ICICI
TXN00001540,05-06-2026,NEFT/ICICR52024560383/JAMNAGAR LOGISTICS PRIVATE LIMITED,,172000.00,165177521.60,S67919059,ICICI
TXN00001541,27/08/26,UPI-JODHPUR AGRO EXPORTS PRIVATE LIMITED-JODHPURAGR@APL-300000001541-PAYMENT FROM JAE,,73000.00,165250521.60,2170247913,HDFC
TXN00001542,11/07/26,ACH C-JODHPUR FABRICATORS AND COMPANY-2072621073,,24597.00,165275118.60,4747888432,HDFC
TXN00001543,03-06-2026,RTGS/ICICR52024560827/Belgaum Castings Llp,,38141.00,165313259.60,S98220138,ICICI
TXN00001544,09-06-2026,NEFT-ICICR52023994247-BHOPAL  CERAMICS,,16088.50,165329348.10,S56535485,ICICI
TXN00001545,07-07-2026,RTGS/ICICR52024117180/dehradun auto components pvt ltd,,71333.00,165400681.10,S66002753,ICICI
TXN00001546,17/07/26,NEFT-HDFC0009812-TIRUPUR CHEMICALS-8532520509,,62000.99,165462682.09,9063834465,HDFC
TXN00001547,20-06-2026,UPI/7736700989/APA/amravatipl@ibl,,50810.00,165513492.09,S11787930,ICICI
TXN00001548,06/08/26,UPI-HALDIA LOGISTICS PRIVATE LIMITED-HALDIALOGI@IBL-300000001548-PAYMENT FROM HLP,,34697.25,165548189.34,3633780120,HDFC
TXN00001549,28/08/26,ACH C-AMRAVATI METALS-300000001549,,48702.99,165596892.33,5084363944,HDFC
TXN00001550,05-08-2026,BIL/ONL/300000001550/AHL,,41708.00,165638600.33,S45897380,ICICI
TXN00001551,29/08/26,NEFT-HDFC0002341-BHOPAL TRANSPORT-300000001551,,27919.75,165666520.08,8493384779,HDFC
TXN00001552,24-08-2026,BIL/ONL/300000001552/CLP,,240026.25,165906546.33,S56411474,ICICI
TXN00001553,12/07/26,UPI-GODAVARI METALS LI-GODAVARIME@PAYTM-300000001553-PAYMENT FROM GML,,75000.00,165981546.33,1205735266,HDFC
TXN00001554,14/06/26,ACH C-VARANASI FABRICATORS-7589468870,,77622.00,166059168.33,7279763437,HDFC
TXN00001555,26-08-2026,NEFT/ICICR52024117233/NASHIK FOODS PVT LTD,,35286.00,166094454.33,S52578225,ICICI
TXN00001556,23-08-2026,NEFT/ICICR52024117834/AURANGABAD MOTORS PRIVATE LIMITED,,200000.00,166294454.33,S87066647,ICICI
TXN00001557,09-06-2026,UPI/300000001557/BAE/belgaumagr@okaxis,,23195.50,166317649.83,S77804320,ICICI
TXN00001558,27/08/26,IMPS-300000001558-RAIPUR  BEARINGS LIMITED-SBIN,,23967.99,166341617.82,8163167364,HDFC
TXN00001559,14-07-2026,UPI/300000001559/Payment from/dhanbadpac@apl/SBIN,,16458.00,166358075.82,S74927485,ICICI
TXN00001560,28-08-2026,MMT/IMPS/300000001560/Nashik Foods/AXIS,,90000.00,166448075.82,S54545172,ICICI
TXN00001561,12-07-2026,BIL/ONL/300000001561/ABL,,32163.50,166480239.32,S16454285,ICICI
TXN00001562,16/08/26,NEFT-HDFC0002341-AMRAVATITRADERSINDIAPRIVATELIMITED-3190453309,,75000.00,166555239.32,6988593388,HDFC
TXN00001563,31-07-2026,BIL/ONL/300000001563/NCP,,11454.00,166566693.32,S86882816,ICICI
TXN00001564,30-07-2026,NEFT-ICICR52024560280-BHAVNAGAR CO,,125000.00,166691693.32,S49934451,ICICI
TXN00001565,26/06/26,UPI-KOLHAPUR MOTORS PRIVATE LIMITED-KOLHAPURMO@PAYTM-2695911875,,25444.25,166717137.57,9754216468,HDFC
TXN00001566,03-06-2026,BIL/ONL/300000001566/ARL,,20111.50,166737249.07,S96969642,ICICI
TXN00001567,29-06-2026,BIL/ONL/300000001567/AAC,,257000.00,166994249.07,S52533981,ICICI
TXN00001568,18-07-2026,NEFT-ICICR52023994399-Dehradun Refract,,8791.00,167003040.07,S74190721,ICICI
TXN00001569,14/06/26,UPI-AMRAVATIAGROEXPORTSPRIVATELIMITED-AMRAVATIAG@OKHDFCBANK-300000001569-PAYMENT FROM AAE,,41296.00,167044336.07,9879408627,HDFC
TXN00001570,23-07-2026,NEFT/ICICR52023994669/ANANTAPUR POLYMERS PRIVATE LIMITED,,81238.00,167125574.07,S68677199,ICICI
TXN00001571,17/08/26,UPI-AMRAVATIPRINTERSPVTLTD-AMRAVATIPR@APL-300000001571-PAYMENT FROM APP,,111478.50,167237052.57,5051102608,HDFC
TXN00001572,27/08/26,UPI-BHILAI FABRICATORS AND COMPANY-BHILAIFABR@APL-3939021786,,18078.00,167255130.57,9340669284,HDFC
TXN00001573,07-08-2026,MMT/IMPS/300000001573/jalandhar enterprises india private limited/KKBK,,107368.00,167362498.57,S60590392,ICICI
TXN00001574,29-06-2026,NEFT-ICICR52024117912-AMRAVATI PRINTERS PV,,15260.00,167377758.57,S92695802,ICICI
TXN00001575,08/07/26,UPI-RAJKOT CERAMICS PV-RAJKOTCERA@YBL-300000001575,,93000.00,167470758.57,8522844928,HDFC
TXN00001576,11-06-2026,RTGS/ICICR52023081549/AMRAVATI AGRO EXPORT,,21544.00,167492302.57,S68497067,ICICI
TXN00001577,11-07-2026,UPI/300000001577/BAE/bhavnagara@ibl,,12480.00,167504782.57,S68403596,ICICI
TXN00001578,02/08/26,UPI-ANANTAPUR FORGINGS-ANANTAPURF@IBL-300000001578-PAYMENT FROM AFL,,4798.00,167509580.57,5180762867,HDFC
TXN00001579,04-06-2026,NEFT/ICICR52023081430/AMRAVATI DIS,,10000.00,167519580.57,S47211740,ICICI
TXN00001580,26/08/26,ACH C-AURANGABAD HOSPI-300000001580,,200000.00,167719580.57,8360203041,HDFC
TXN00001581,05/06/26,RTGS-HDFC0002341-ERNAKULAM MOTORS PRIVATE LIMITED-300000001581,,38927.00,167758507.57,3370953140,HDFC
TXN00001582,09/06/26,IMPS-8926549633-JODHPUR PACKAGING LLP-AXIS,,27372.50,167785880.07,9827226296,HDFC
TXN00001583,29/07/26,RTGS-HDFC0000123-GODAVARI INDUSTRIES INDIA PRIVATE LIMITED-4180065629,,187000.00,167972880.07,5078381983,HDFC
TXN00001584,20/07/26,ACH C-BHILAI CONSTRUCTIONS PRIVATE LIMITED-300000001584,,30000.00,168002880.07,8033048877,HDFC
TXN00001585,25/08/26,IMPS-4463521320-CUTTACKFERTILISERSPRIVATELIMITED-AXIS,,60681.00,168063561.07,5904574262,HDFC
TXN00001586,29/08/26,ACH C-CHENNAI POLYMERS PVT-300000001586,,46337.00,168109898.07,9318792329,HDFC
TXN00001587,13-08-2026,UPI/3432491351/Payment from/anantapurc@ibl/AXIS,,35888.00,168145786.07,S77358487,ICICI
TXN00001588,27-07-2026,NEFT/ICICR52024117852/AMRAVATI TEXTILES P LTD,,34907.99,168180694.06,S52741825,ICICI
TXN00001589,16-07-2026,BIL/ONL/300000001589/SCP,,13638.50,168194332.56,S70069691,ICICI
TXN00001590,18/07/26,UPI-AMRAVATI FOO-AMRAVATIFO@YBL-300000001590-PAYMENT FROM AFP,,258000.00,168452332.56,5805564025,HDFC
TXN00001591,26/07/26,NEFT-HDFC0000123-JAMNAGAR PACKAGING LLP-300000001591,,7073.00,168459405.56,1591756286,HDFC
TXN00001592,12-07-2026,NEFT-ICICR52024117907-GANDHINAGAR HANDICRAFTS,,10000.99,168469406.55,S64150132,ICICI
TXN00001593,14-07-2026,RTGS/ICICR52023994762/AURANGABAD  ELECT,,30000.00,168499406.55,S64622800,ICICI
TXN00001594,05-07-2026,UPI/8458824572/Payment from/bhilaicast@ybl/SBIN ,,19000.25,168518406.80,S24695432,ICICI
TXN00001595,03-08-2026,UPI/300000001595/Payment from/jabalpurfo@ibl/UTIB,,250000.00,168768406.80,S24573611,ICICI
TXN00001596,05-07-2026,UPI/300000001596/Payment from/haldiaagro@ibl/ICIC,,109093.00,168877499.80,S95748434,ICICI
TXN00001597,11/08/26,UPI-DHANBADBEARINGSLIMITED-DHANBADBEA@OKAXIS-8619300023-PAYMENT FROM DBL,,144000.00,169021499.80,4551846375,HDFC
TXN00001598,06-06-2026,BIL/ONL/7855065241/APP,,145082.00,169166581.80,S25368409,ICICI
TXN00001599,05/08/26,NEFT CR-HDFC0002341-LUDHIANA SOFTWARE SERVICES PRIVATE LIMITED-UTR300000001599,,17629.00,169184210.80,8173099534,HDFC
TXN00001600,05-07-2026,NEFT-ICICR52023994494-AMRAVATI AGRO EXPORTS PRIVATE LIMITED,,15506.00,169199716.80,S67746152,ICICI
TXN00001601,29-08-2026,MMT/IMPS/9015574546/HUBLI TRANSPORT/AXIS,,30694.00,169230410.80,S78525356,ICICI
TXN00001602,22/06/26,UPI-NASHIK TEXTI-NASHIKTEXT@OKAXIS-300000001602-PAYMENT FROM NTP,,57588.00,169287998.80,2938327357,HDFC
TXN00001603,09/07/26,RTGS-HDFC0002341-ANANTAPUR FORGINGS LIMITED-300000001603,,4346.99,169292345.79,7765337480,HDFC
TXN00001604,22-08-2026,NEFT-ICICR52024560549-Anantapurrefractorieslimited,,40901.00,169333246.79,S14261222,ICICI
TXN00001605,15-06-2026,BIL/ONL/300000001605/APP,,29289.00,169362535.79,S22862873,ICICI
TXN00001606,02/06/26,UPI-CHENNAI FABRICATORS AND COMPANY-CHENNAIFAB@PAYTM-300000001606,,150000.00,169512535.79,4904505719,HDFC
TXN00001607,05/06/26,UPI-BELGAUMREFRACTORIESLIMITED-BELGAUMREF@OKAXIS-300000001607-PAYMENT FROM BRL,,45000.25,169557536.04,3804705433,HDFC
TXN00001608,17/08/26,NEFT CR-HDFC0000123-KOLHAPUR HANDICRAFTS LLP-UTR9133624601,,254000.00,169811536.04,7568577712,HDFC
TXN00001609,23/08/26,IMPS-300000001609-AMRAVATI AGRO EXPORTS PRIVATE LIMITED-SBIN,,246000.99,170057537.03,3372303211,HDFC
TXN00001610,07/06/26,NEFT CR-HDFC0000123-JAMNAGAR FERTILISERS-UTR300000001610-,,61251.00,170118788.03,8150958263,HDFC
TXN00001611,04-08-2026,MMT/IMPS/300000001611/Amravati Metals Limited/AXIS,,13997.75,170132785.78,S54315281,ICICI
TXN00001612,14-08-2026,NEFT/ICICR52023994398/SALEM PHARMA,,40000.00,170172785.78,S63931151,ICICI
TXN00001613,07-06-2026,RTGS/ICICR52024560962/KAKINADA HANDICRAFTS LLP,,138000.00,170310785.78,S97016569,ICICI
TXN00001614,05-06-2026,BIL/ONL/300000001614/AAE,,34833.00,170345618.78,S88860998,ICICI
TXN00001615,16-06-2026,BIL/ONL/300000001615/HTA,,40000.00,170385618.78,S32331292,ICICI
TXN00001616,22-07-2026,NEFT/ICICR52024117294/UDAIPUR DISTRIBUTORS PRIVATE LIMITED,,18688.00,170404306.78,S70247394,ICICI
TXN00001617,13/07/26,RTGS-HDFC0009812-AMRAVATI DIAGNOSTICS LIMITED-300000001617,,6626.25,170410933.03,8741975262,HDFC
TXN00001618,26/07/26,UPI-VARANASI PAC-VARANASIPA@OKHDFCBANK-8546667091,,189000.00,170599933.03,1093209850,HDFC
TXN00001619,29-07-2026,MMT/IMPS/300000001619/AURANGABAD ENTERPRISES INDIA PRIVATE LIMITED/AXIS,,40000.00,170639933.03,S76196382,ICICI
TXN00001620,08-08-2026,NEFT/ICICR52023994986/Hosur Bearings Limited,,9913.00,170649846.03,S45311929,ICICI
TXN00001621,18/07/26,UPI-AMRAVATI CONTAIN-AMRAVATICO@APL-300000001621-PAYMENT FROM ACP,,257000.00,170906846.03,6674409688,HDFC
TXN00001622,02-08-2026,RTGS/ICICR52023081496/Nashik Spinn,,28000.00,170934846.03,S25214279,ICICI
TXN00001623,14-06-2026,MMT/IMPS/300000001623/AMRAVATI CHEMICA/HDFC,,40000.00,170974846.03,S97236125,ICICI
TXN00001624,10/06/26,ACH C-RAJKOT MOTORS PRIVATE LIMITED-300000001624,,101788.00,171076634.03,5819402750,HDFC
TXN00001625,08/07/26,UPI-NAGPUR CHEMICALS INDIA PRIVATE LIMITED-NAGPURCHEM@PAYTM-300000001625-PAYMENT FROM NCI,,24572.50,171101206.53,2493388247,HDFC
TXN00001626,29/08/26,ACH C-GANDHINAGAR LOGISTICS PRIVATE LIMITED-300000001626,,77000.00,171178206.53,2847472162,HDFC
TXN00001627,23-08-2026,UPI/3937505620/Payment from/jodhpurpla@apl/UTIB,,128493.99,171306700.52,S60431089,ICICI
TXN00001628,16-06-2026,UPI/300000001628/AAC/amravatiau@ibl,,36622.00,171343322.52,S90930823,ICICI
TXN00001629,17/07/26,RTGS-HDFC0000123-CALICUT SOFTWARE SER-300000001629,,200000.00,171543322.52,7217775162,HDFC
TXN00001630,25-08-2026,UPI/300000001630/GML/godavarime@ybl,,8253.00,171551575.52,S91382042,ICICI
TXN00001631,14/06/26,RTGS-HDFC0002341-ERNAKULAM DIAGNOSTICS LIMITED-300000001631,,7473.00,171559048.52,3626003748,HDFC
TXN00001632,26/06/26,UPI-CHENNAIELECTRICALSLLP-CHENNAIELE@OKHDFCBANK-1688013113-PAYMENT FROM CEL,,20794.00,171579842.52,2486987454,HDFC
TXN00001633,17/06/26,UPI-KRISHNA REFRACTORIES LIMITED-KRISHNAREF@APL-8337488664-PAYMENT FROM KRL,,98293.99,171678136.51,2092554935,HDFC
TXN00001634,18/08/26,ACH C-PANIPAT ELECTRICALS LLP-300000001634,,75000.25,171753136.76,8703401929,HDFC
TXN00001635,18-07-2026,UPI/300000001635/Payment from/anantapurc@ibl/AXIS,,75048.75,171828185.51,S39867071,ICICI
TXN00001636,14/08/26,NEFT-HDFC0002341-CHENNAI PLAS-300000001636,,18415.50,171846601.01,6412233689,HDFC
TXN00001637,14/06/26,NEFT CR-HDFC0000123-TIRUPUR REFRACTO-UTR8753833390,,269000.75,172115601.76,9482324340,HDFC
TXN00001638,29/06/26,NEFT-HDFC0000123-CUTTACK PRINTERS PVT-300000001638,,9971.00,172125572.76,6590312708,HDFC
TXN00001639,27/06/26,ACH C-HUBLIINDUSTRIESINDIAPRIVATELIMITED-300000001639,,41873.00,172167445.76,2325368433,HDFC
TXN00001640,14/07/26,NEFT CR-HDFC0000123-BHOPAL FERTILISERS PRIVATE LIMITED-UTR300000001640,,39714.75,172207160.51,2383027699,HDFC
TXN00001641,17-08-2026,RTGS/ICICR52023081428/KOLHAPUR CHEMICALS INDIA  PRIVATE LIMITED-,,60000.00,172267160.51,S61180656,ICICI
TXN00001642,22/07/26,UPI-BHILAI FERTI-BHILAIFERT@OKAXIS-7830211939-PAYMENT FROM BFP,,15256.00,172282416.51,6112355155,HDFC
TXN00001643,30-07-2026,NEFT-ICICR52023081393-Haldia  Foods Pvt Ltd/,,253000.00,172535416.51,S22952059,ICICI
TXN00001644,28/07/26,UPI-BHAVNAGAR PLASTICS-BHAVNAGARP@OKAXIS-300000001644-PAYMENT FROM BPA,,20584.00,172556000.51,9332456444,HDFC
TXN00001645,07/06/26,UPI-GANDHINAGAR FABRICATORS AND COMPANY-GANDHINAGA@OKHDFCBANK-3306867876,,5000.50,172561001.01,8426623021,HDFC
TXN00001646,22-08-2026,RTGS/ICICR52023081219/anantapur plastics and company,,11160.00,172572161.01,S52407306,ICICI
TXN00001647,30-06-2026,BIL/ONL/300000001647/EAC,,158427.00,172730588.01,S68169067,ICICI
TXN00001648,08-07-2026,UPI/300000001648/Payment from/belgaumref@okhdfcbank/KKBK,,826113.00,173556701.01,S64531069,ICICI
TXN00001649,25/07/26,RTGS-HDFC0000123-AMRAVATI AGRO EX-300000001649,,13293.99,173569995.00,6944479565,HDFC
TXN00001650,15/07/26,RTGS-HDFC0009812-AMRAVATI METALS PVT-300000001650,,10607.00,173580602.00,4499130077,HDFC
TXN00001651,02-07-2026,UPI/300000001651/GGP/gandhinaga@ibl,,35743.00,173616345.00,S96386904,ICICI
TXN00001652,27/08/26,IMPS-300000001652-CHENNAI BEARINGS LIMITED-AXIS,,14875.00,173631220.00,7778645716,HDFC
TXN00001653,06/07/26,RTGS-HDFC0009812-JALANDHAR CONSTRUCTIONS PRIVATE LIMITED-300000001653,,295000.00,173926220.00,7455926908,HDFC
TXN00001654,23-08-2026,NEFT/ICICR52024117380/CUTTACK PAPER MILLS PVT LTD,,34507.00,173960727.00,S82211782,ICICI
TXN00001655,27/07/26,UPI-BHOPAL TRADERS INDIA PRIVATE LIMITED-BHOPALTRAD@OKAXIS-300000001655,,19045.00,173979772.00,1904497739,HDFC
TXN00001656,17-07-2026,BIL/ONL/9505277990/BPM,,100627.00,174080399.00,S74601459,ICICI
TXN00001657,30/07/26,IMPS-300000001657-RAIPUR CONTAINERS PVT LTD-KKBK,,11584.00,174091983.00,6672400972,HDFC
TXN00001658,03-08-2026,UPI/300000001658/Payment from/kolhapurpa@apl/SBIN,,150000.50,174241983.50,S10432728,ICICI
TXN00001659,28-06-2026,MMT/IMPS/4327057610/HUBLI CERAMICS PVT LTD/SBIN,,2449.00,174244432.50,S76837687,ICICI
TXN00001660,23/08/26,IMPS-300000001660-AMRAVATI AUTO COMPONENTS-SBIN,,28126.50,174272559.00,9539106253,HDFC
TXN00001661,15-06-2026,NEFT/ICICR52023081530/AMRAVATI REFRACTORIES LIMITED,,29000.99,174301559.99,S62290043,ICICI
TXN00001662,24/06/26,RTGS-HDFC0002341-AMRAVATI POL-300000001662-,,96997.99,174398557.98,1844719470,HDFC
TXN00001663,02/08/26,UPI-JALANDHAR PACKAGING LLP-JALANDHARP@APL-300000001663,,18545.00,174417102.98,3633556704,HDFC
TXN00001664,02-07-2026,BIL/ONL/7829528338/ACP,,23242.25,174440345.23,S40935609,ICICI
TXN00001665,21/07/26,UPI-CUTTACK SOFTWARE S-CUTTACKSOF@APL-300000001665,,40271.00,174480616.23,6583069332,HDFC
TXN00001666,12/07/26,NEFT-HDFC0004567-ANANTAPUR FOODS PVT LTD-9570364459,,9607.00,174490223.23,6712334624,HDFC
TXN00001667,28/08/26,ACH C-AMRAVATI REFRACTORIES-300000001667,,61604.75,174551827.98,7168431920,HDFC
TXN00001668,18-08-2026,UPI/6930913645/AII/amravatiin@paytm,,49715.00,174601542.98,S99351479,ICICI
TXN00001669,12/06/26,UPI-CHENNAI FORGINGS LIMITED-CHENNAIFOR@OKHDFCBANK-300000001669,,75000.00,174676542.98,4964953761,HDFC
TXN00001670,28/06/26,UPI-AURANGABAD D-AURANGABAD@OKAXIS-300000001670-PAYMENT FROM ADP,,24593.00,174701135.98,9788883917,HDFC
TXN00001671,25-06-2026,UPI/9484128800/HEL/hosurelect@ibl,,250000.00,174951135.98,S98444809,ICICI
TXN00001672,12/08/26,UPI-AMRAVATI AGRO EXPORTS PRIVATE LIMITED-AMRAVATIAG@PAYTM-5295337931,,51226.75,175002362.73,7844294622,HDFC
TXN00001673,03-07-2026,RTGS/ICICR52023994153/RAJKOT ELECTRICALS LLP,,100000.75,175102363.48,S19402342,ICICI
TXN00001674,08-06-2026,MMT/IMPS/300000001674/HUBLI BEARINGS LIMITED/SBIN,,152402.99,175254766.47,S54598799,ICICI
TXN00001675,05-07-2026,UPI/7408205117/BEP/bhavnagare@okaxis,,180000.00,175434766.47,S24679419,ICICI
TXN00001676,19/07/26,UPI-KANPUR AUTO COMPONENTS PVT LTD-KANPURAUTO@OKHDFCBANK-300000001676-PAYMENT FROM KAC,,286000.25,175720766.72,9407282624,HDFC
TXN00001677,10/07/26,UPI-NARMADA CASTINGS LLP-NARMADACAS@YBL-300000001677,,149000.00,175869766.72,6271344952,HDFC
TXN00001678,05/07/26,IMPS-5794892619-GWALIOR ELECTRICAL-AXIS,,38476.00,175908242.72,3806251008,HDFC
TXN00001679,31-07-2026,BIL/ONL/300000001679/AAE,,35940.00,175944182.72,S11865954,ICICI
TXN00001680,08-08-2026,UPI/300000001680/ACP/amravatica@apl,,35036.00,175979218.72,S74722291,ICICI
TXN00001681,21-06-2026,UPI/1648733003/Payment from/kanpurhosp@apl/ICIC,,20390.00,175999608.72,S81771078,ICICI
TXN00001682,28/08/26,ACH C-ANANTAPUR CHEMICALS INDIA PRIVATE LIMITED-8765874070,,56772.00,176056380.72,1389141826,HDFC
TXN00001683,08/08/26,UPI-GWALIOR  FORGINGS LIM-GWALIORFOR@OKAXIS-9792938028,,150000.25,176206380.97,7953788173,HDFC
TXN00001684,28-07-2026,BIL/ONL/300000001684/NPP,,9569.25,176215950.22,S75521964,ICICI
TXN00001685,24/06/26,ACH C-AMRAVATI PHARMACEUTICALS INDIA PRIVATE LIMITED-300000001685,,10000.00,176225950.22,4519212768,HDFC
TXN00001686,08/08/26,ACH C-KRISHNA METALS LIMITED-300000001686,,18546.00,176244496.22,3420494472,HDFC
TXN00001687,13-07-2026,MMT/IMPS/6347131821/SOLAPUR HANDICRAFTS LLP/SBIN,,155943.00,176400439.22,S95288990,ICICI
TXN00001688,05/07/26,IMPS-9608759654-LUDHIANA FERTILISERS-HDFC,,284000.25,176684439.47,9379046000,HDFC
TXN00001689,11/08/26,UPI-RAIPURCASTINGSLLP-RAIPURCAST@PAYTM-300000001689,,247000.00,176931439.47,5351436056,HDFC
TXN00001690,08-06-2026,NEFT-ICICR52023081836-HOSURAGROEXPORTSPRIVATELIMITED,,17412.00,176948851.47,S93532006,ICICI
TXN00001691,05/06/26,IMPS-300000001691-JALANDHAR AU-SBIN,,60000.00,177008851.47,4598575385,HDFC
TXN00001692,21-07-2026,NEFT/ICICR52023994282/anantapur cables pri,,22116.00,177030967.47,S16876514,ICICI
TXN00001693,21/06/26,UPI-BHAVNAGARCABLESPRIVATELIMITED-BHAVNAGARC@OKHDFCBANK-300000001693-PAYMENT FROM BCP,,10000.00,177040967.47,4735050051,HDFC
TXN00001694,28-08-2026,MMT/IMPS/300000001694/Bhopal Cables Private Limited/HDFC,,200000.00,177240967.47,S24611331,ICICI
TXN00001695,21/08/26,UPI-RAIPUR  CHEMI-RAIPURCHEM@IBL-1902763934-PAYMENT FROM RCI/,,11783.99,177252751.46,2393269605,HDFC
TXN00001696,10-07-2026,MMT/IMPS/300000001696/ernakulam industries india pvt/AXIS,,248234.00,177500985.46,S67260039,ICICI
TXN00001697,07/08/26,UPI-AMRAVATI  SPI-AMRAVATISP@OKHDFCBANK-300000001697,,144669.00,177645654.46,2701552468,HDFC
TXN00001698,23/07/26,IMPS-300000001698-AMRAVATI COLD STORAGE AND COMPANY-KKBK,,64984.00,177710638.46,4895014344,HDFC
TXN00001699,11/08/26,ACH C-CHANDRAPUR CONTAINERS-300000001699,,30000.00,177740638.46,7891293248,HDFC
TXN00001700,06-07-2026,UPI/3293444559/AAE/amravatiag@ibl,,10000.00,177750638.46,S71454201,ICICI
TXN00001701,27-08-2026,UPI/300000001701/RCI/raipurchem@ibl,,59456.00,177810094.46,S11156180,ICICI
TXN00001702,02-07-2026,NEFT-ICICR52024117746-MADURAI HAND,,30000.75,177840095.21,S48078283,ICICI
TXN00001703,19-06-2026,UPI/300000001703/KEL/krishnaele@okhdfcbank,,3850.00,177843945.21,S14298468,ICICI
TXN00001704,23-07-2026,NEFT-ICICR52023994451-COIMBATORE CASTINGS P LTD,,22135.00,177866080.21,S85459425,ICICI
TXN00001705,30-07-2026,UPI/300000001705/KIA/kakinadain@okaxis,,76904.00,177942984.21,S41324203,ICICI
TXN00001706,28/06/26,UPI-CUTTACK INFRAPROJE-CUTTACKINF@OKAXIS-300000001706,,107803.00,178050787.21,7430586575,HDFC
TXN00001707,23-08-2026,BIL/ONL/300000001707/GGP,,75000.00,178125787.21,S62393373,ICICI
TXN00001708,17/08/26,NEFT-HDFC0009812-GODAVARI CHE-9044499394,,200000.00,178325787.21,2718579810,HDFC
TXN00001709,21/06/26,NEFT CR-HDFC0002341-GUNTUR ENGINEERING PVT LTD-UTR300000001709,,56562.00,178382349.21,9554950651,HDFC
TXN00001710,28/07/26,UPI-BHAVNAGAR DIAGNOSTICS LIMITED-BHAVNAGARD@OKHDFCBANK-2085885792,,96373.00,178478722.21,9498647935,HDFC
TXN00001711,12-07-2026,NEFT/ICICR52023994181/VARANASI CONTAINERS  PVT LTD,,17359.00,178496081.21,S60198579,ICICI
TXN00001712,15-07-2026,BIL/ONL/300000001712/HIA,,89892.99,178585974.20,S32104211,ICICI
TXN00001713,08/07/26,IMPS-300000001713-JAMNAGAR FERTILISERS PRIVATE LIMITED-UTIB,,20000.00,178605974.20,4038122026,HDFC
TXN00001714,22/08/26,UPI-AURANGABAD ENTERPRISES INDIA PRIVATE LIMITED-AURANGABAD@OKHDFCBANK-300000001714-PAYMENT FROM AEI,,9571.00,178615545.20,4737901442,HDFC
TXN00001715,16-08-2026,MMT/IMPS/300000001715/AMRAVATI AGRO EX/ICIC,,23239.50,178638784.70,S10236882,ICICI
TXN00001716,13/06/26,UPI-BELGAUM FOODS PVT-BELGAUMFOO@PAYTM-300000001716,,289000.00,178927784.70,9028009453,HDFC
TXN00001717,03/07/26,NEFT CR-HDFC0002341-HALDIA SPINNERS-UTR3660206123,,193742.00,179121526.70,9904859888,HDFC
TXN00001718,20-06-2026,UPI/300000001718/Payment from/amravatich@ybl/AXIS,,150000.00,179271526.70,S69585756,ICICI
TXN00001719,18-06-2026,BIL/ONL/1868260541/AAE,,11000.00,179282526.70,S80501333,ICICI
TXN00001720,29-07-2026,BIL/ONL/300000001720/AAC,,2312.50,179284839.20,S58579923,ICICI
TXN00001721,30/07/26,ACH C-AURANGABAD AGRO EXPORTS-5744477918,,50000.75,179334839.95,9563729092,HDFC
TXN00001722,27/06/26,NEFT-HDFC0002341-SOLAPUR SOFTWARE-300000001722,,170000.50,179504840.45,6924735058,HDFC
TXN00001723,23-06-2026,NEFT-ICICR52023081459-gandhinagar plastics and company,,5000.25,179509840.70,S40508334,ICICI
TXN00001724,20-08-2026,RTGS/ICICR52024117825/CHENNAI FERTILISERS PRIVATE LIMITED,,37067.00,179546907.70,S61646980,ICICI
TXN00001725,12/06/26,NEFT CR-HDFC0000123-JODHPUR FERTILISERS PRIVATE LIMITED-UTR300000001725,,500000.00,180046907.70,8091021507,HDFC
TXN00001726,13-08-2026,BIL/ONL/300000001726/AIA,,40466.00,180087373.70,S40671219,ICICI
TXN00001727,26-08-2026,UPI/300000001727/Payment from/gwaliorcab@okhdfcbank/HDFC,,12830.00,180100203.70,S46760731,ICICI
TXN00001728,24/07/26,RTGS-HDFC0000123-AURANGABAD AUTO COMPONENTS  PVT LTD-300000001728,,124138.00,180224341.70,7243172391,HDFC
TXN00001729,19/07/26,UPI-HOSUR CABLES PRIVATE LIMITED-HOSURCABLE@IBL-300000001729,,13817.99,180238159.69,1652366167,HDFC
TXN00001730,17-06-2026,NEFT-ICICR52024117956-anantapur forgings limited,,102569.50,180340729.19,S49773791,ICICI
TXN00001731,24-07-2026,NEFT-ICICR52023081506-AMRAVATI IND,,30207.00,180370936.19,S71691827,ICICI
TXN00001732,15-08-2026,MMT/IMPS/300000001732/Amravati Auto Components Pvt Ltd/HDFC,,113865.00,180484801.19,S16535119,ICICI
TXN00001733,22/06/26,IMPS-300000001733-CUTTACKCOLDSTORAGEANDCOMPANY-KKBK,,216000.50,180700801.69,5952658405,HDFC
TXN00001734,24/06/26,ACH C-JODHPUR META-6400249119,,91113.99,180791915.68,5042045188,HDFC
TXN00001735,30-07-2026,RTGS/ICICR52023994723/BHAVNAGAR INFRAP,,67118.99,180859034.67,S20701047,ICICI
TXN00001736,21/08/26,UPI-BHILAI PACKAGING-BHILAIPACK@YBL-300000001736,,291000.00,181150034.67,4122981163,HDFC
TXN00001737,29-07-2026,UPI/5573754249/HCS/hublicolds@okaxis,,97122.00,181247156.67,S22498811,ICICI
TXN00001738,28-07-2026,UPI/6546962593/VTI/varanasitr@apl,,27922.00,181275078.67,S74009417,ICICI
TXN00001739,31-07-2026,UPI/300000001739/JCL/jamnagarca@okhdfcbank,,29393.99,181304472.66,S89109091,ICICI
TXN00001740,01/06/26,UPI-TIRUPUR TEXTILES-TIRUPURTEX@APL-300000001740,,248000.00,181552472.66,7306069734,HDFC
TXN00001741,25/06/26,ACH C-ANANTAPUR PLASTICS A-300000001741,,13600.50,181566073.16,7577758719,HDFC
TXN00001742,26-08-2026,BIL/ONL/300000001742/DML,,4490.00,181570563.16,S64411846,ICICI
TXN00001743,21-08-2026,UPI/300000001743/EBL/ernakulamb@ibl,,17266.50,181587829.66,S72122072,ICICI
TXN00001744,29/06/26,NEFT-HDFC0002341-AURANGABAD SOFTW-300000001744,,100000.00,181687829.66,4807401604,HDFC
TXN00001745,14/07/26,NEFT CR-HDFC0009812-BHAVNAGAR DIAGNOSTICS LIMITED-UTR2627975270,,60000.75,181747830.41,8512560033,HDFC
TXN00001746,05/08/26,UPI-AMRAVATIAGROEXPORTSPRIVATELIMITED-AMRAVATIAG@YBL-5878580061-PAYMENT FROM AAE,,19116.00,181766946.41,1086272844,HDFC
TXN00001747,30-07-2026,MMT/IMPS/7201195489/amravati castings llp/UTIB,,25000.00,181791946.41,S66563329,ICICI
TXN00001748,09-08-2026,BIL/ONL/7922382969/AAC,,6270.00,181798216.41,S96591665,ICICI
TXN00001749,21/08/26,NEFT-HDFC0004567-CHANDRAPUR DIAGN-8200973170,,21949.00,181820165.41,2615260432,HDFC
TXN00001750,05/07/26,UPI-RAIPURCERAMICSPVTLTD-RAIPURCERA@OKAXIS-300000001750-PAYMENT FROM RCP,,17688.00,181837853.41,8306162949,HDFC
TXN00001751,23-08-2026,MMT/IMPS/300000001751/Kanpur Cold Storage And Company/HDFC,,10000.00,181847853.41,S50276393,ICICI
TXN00001752,11-08-2026,NEFT/ICICR52024117309/AMRAVATI BEARINGS LIMITED,,30000.00,181877853.41,S65565599,ICICI
TXN00001753,05/07/26,RTGS-HDFC0004567-CHENNAI ENGINEERING PVT LTD-2789617935,,7690.00,181885543.41,2307515497,HDFC
TXN00001754,16-08-2026,BIL/ONL/300000001754/CFP,,124000.00,182009543.41,S73421110,ICICI
TXN00001755,28-08-2026,MMT/IMPS/300000001755/AURANGABAD  BEARINGS/HDFC,,15000.00,182024543.41,S12276520,ICICI
TXN00001756,11-08-2026,BIL/ONL/300000001756/AMP,,18830.00,182043373.41,S63182841,ICICI
TXN00001757,06-06-2026,RTGS/ICICR52024117259/amravati castings llp/,,4463.00,182047836.41,S98919839,ICICI
TXN00001758,17-08-2026,RTGS/ICICR52024560260/BHOPAL PAPER MILLS PVT LTD,,5000.25,182052836.66,S16518359,ICICI
TXN00001759,30/08/26,NEFT-HDFC0004567-HOSUR CONSTRUCTI-300000001759,,11518.50,182064355.16,6463653220,HDFC
TXN00001760,14/07/26,ACH C-SALEM MEDIA PVT  LTD-5938480945,,278490.00,182342845.16,8216724960,HDFC
TXN00001761,20-07-2026,NEFT/ICICR52023081914/Bhilai Hospitali,,289000.00,182631845.16,S60626103,ICICI
TXN00001762,03-07-2026,RTGS/ICICR52023994623/CHANDRAPUR E,,75000.00,182706845.16,S48984039,ICICI
TXN00001763,24/08/26,NEFT-HDFC0000123-BHAVNAGAR PACKAGING-300000001763,,82520.00,182789365.16,8583353124,HDFC
TXN00001764,22-06-2026,RTGS/ICICR52024117777/amravati agro exports private limited,,282134.00,183071499.16,S94194049,ICICI
TXN00001765,10/08/26,ACH C-SILIGURI HAN-300000001765,,22457.00,183093956.16,6271996941,HDFC
TXN00001766,31-07-2026,NEFT/ICICR52023081248/CHANDRAPUR ELECTRICALS P LTD,,18108.00,183112064.16,S88213528,ICICI
TXN00001767,30/07/26,UPI-BELGAUM MEDIA-BELGAUMMED@YBL-300000001767,,26501.50,183138565.66,8151181202,HDFC
TXN00001768,28-07-2026,UPI/3827888452/BGP/bhopalgarm@okhdfcbank,,40000.00,183178565.66,S35059720,ICICI
TXN00001769,07/07/26,NEFT CR-HDFC0000123-CUTTACK AGRO EXPORTS  PRIVATE LIMITED-UTR300000001769,,128930.00,183307495.66,1443768137,HDFC
TXN00001770,25/08/26,UPI-JAMNAGAR CON-JAMNAGARCO@OKHDFCBANK-300000001770,,20130.99,183327626.65,8802218762,HDFC
TXN00001771,16-07-2026,UPI/2855123934/Payment from/bhavnagarh@apl/SBIN,,25000.00,183352626.65,S24370481,ICICI
TXN00001772,02-06-2026,BIL/ONL/300000001772/AIA,,25468.00,183378094.65,S15731884,ICICI
TXN00001773,29/06/26,RTGS-HDFC0002341-MANGALORE ENGINEER-300000001773,,8000.99,183386095.64,3777515461,HDFC
TXN00001774,07-06-2026,UPI/5270789179/JCL/jabalpurca@okhdfcbank,,251000.99,183637096.63,S96371305,ICICI
TXN00001775,24-07-2026,NEFT-ICICR52024560323-Aurangabad Industries India Private Limited,,100000.75,183737097.38,S15756641,ICICI
TXN00001776,24-07-2026,UPI/300000001776/APA/amravatipl@okhdfcbank,,12928.75,183750026.13,S83458659,ICICI
TXN00001777,14/08/26,NEFT-HDFC0004567-AMRAVATI CASTINGS LLP-7190923004,,113685.25,183863711.38,9913110362,HDFC
TXN00001778,27/08/26,UPI-VARANASI FERTILISERS-VARANASIFE@IBL-1732615672-PAYMENT FROM VFP,,15000.00,183878711.38,4221707183,HDFC
TXN00001779,16/07/26,RTGS-HDFC0004567-INDORE TRANS-300000001779,,144000.75,184022712.13,9649180242,HDFC
TXN00001780,17-06-2026,RTGS/ICICR52023081631/MYSORECASTINGSLLP,,39105.00,184061817.13,S45514329,ICICI
TXN00001781,08/07/26,NEFT CR-HDFC0002341-NASHIK CASTINGS P  LTD-UTR300000001781,,33083.00,184094900.13,3217403188,HDFC
TXN00001782,02/06/26,UPI-AMRAVATI PLASTICS AND COMPANY-AMRAVATIPL@OKHDFCBANK-300000001782-PAYMENT FROM APA,,17098.00,184111998.13,3049890197,HDFC
TXN00001783,23-08-2026,UPI/300000001783/Payment from/cuttackpla@okaxis/KKBK,,84065.99,184196064.12,S81796939,ICICI
TXN00001784,09/06/26,UPI-ANANTAPUR HOSPITALITY PVT LTD-ANANTAPURH@YBL-300000001784-PAYMENT FROM AHP,,5167.00,184201231.12,8240066901,HDFC
TXN00001785,04/07/26,NEFT CR-HDFC0009812-COIMBATORE DIAGN-UTR300000001785,,100000.00,184301231.12,4404985303,HDFC
TXN00001786,04/07/26,UPI-KAKINADA GARMENT-KAKINADAGA@YBL-300000001786,,27434.00,184328665.12,1684149575,HDFC
TXN00001787,14/08/26,IMPS-6391572395-VARANASI COL-ICIC,,8388.00,184337053.12,2803149618,HDFC
TXN00001788,30/07/26,UPI-AURANGABADCHEMICALSINDIAPRIVATELIMITED-AURANGABAD@APL-2749029303,,12006.00,184349059.12,4031807863,HDFC
TXN00001789,12/06/26,ACH C-BHILAI ELECTRICALS LLP-300000001789,,12353.75,184361412.87,6464739316,HDFC
TXN00001790,12-08-2026,NEFT-ICICR52023994654-ANANTAPURCHEMICALSINDIAPRIVATELIMITED,,9239.00,184370651.87,S60644341,ICICI
TXN00001791,25-06-2026,UPI/4921243700/AAE/amravatiag@okaxis,,60000.00,184430651.87,S37960648,ICICI
TXN00001792,05/06/26,NEFT-HDFC0000123-JAMNAGAR HANDICRAFTS LLP-300000001792,,204424.00,184635075.87,5211844236,HDFC
TXN00001793,01/07/26,UPI-MEERUT TRADERS INDIA PRIVATE LIMITED-MEERUTTRAD@OKHDFCBANK-300000001793,,40721.25,184675797.12,7334124727,HDFC
TXN00001794,04/06/26,RTGS-HDFC0009812-CHENNAI POLYMERS PRIVATE LIMITED-300000001794,,25000.00,184700797.12,8894614249,HDFC
TXN00001795,19-07-2026,RTGS/ICICR52023994485/AMRAVATI CON,,866239.00,185567036.12,S78486658,ICICI
TXN00001796,14-07-2026,MMT/IMPS/300000001796/AMRAVATI CASTINGS/ICIC,,150000.99,185717037.11,S94509825,ICICI
TXN00001797,09-06-2026,MMT/IMPS/300000001797/AURANGABAD  MOTORS PRIVATE LIMITED/ICIC,,24883.00,185741920.11,S54780981,ICICI
TXN00001798,18/08/26,ACH C-AMRAVATI COLD STORAGE AND COMPANY-300000001798,,109686.99,185851607.10,5470718025,HDFC
TXN00001799,17-06-2026,NEFT/ICICR52023081906/AMRAVATI PAPER MILLS,,51169.00,185902776.10,S75187118,ICICI
TXN00001800,19-06-2026,NEFT/ICICR52024560696/BHOPALTRANSPORTANDCOMPANY,,30750.50,185933526.60,S51035568,ICICI
TXN00001801,29/08/26,IMPS-300000001801-BELGAUM CONTAINERS-SBIN,,21818.00,185955344.60,4743550538,HDFC
TXN00001802,09-07-2026,UPI/300000001802/CPL/chennaipac@paytm,,9291.00,185964635.60,S71477293,ICICI
TXN00001803,21/06/26,NEFT-HDFC0002341-AMRAVATI AUTO COMPONENTS PVT LTD-300000001803,,75000.00,186039635.60,6379664069,HDFC
TXN00001804,11/08/26,UPI-KANPUR FOODS PVT LTD-KANPURFOOD@APL-300000001804-PAYMENT FROM KFP,,280000.00,186319635.60,1456606388,HDFC
TXN00001805,13-07-2026,NEFT/ICICR52023081881/DEHRADUN INDUSTRIES INDIA PRIVATE LIMITED,,59735.00,186379370.60,S34333153,ICICI
TXN00001806,22/07/26,IMPS-300000001806-BHILAI  DIAGNOSTICS LIMITED-UTIB,,53532.00,186432902.60,9706868875,HDFC
TXN00001807,05-06-2026,UPI/8086006425/ALP/anantapurl@apl,,29303.00,186462205.60,S16495690,ICICI
TXN00001808,05/07/26,UPI-NASHIK TRADERS INDIA PRIVATE LIMITED-NASHIKTRAD@APL-300000001808,,27333.50,186489539.10,1169345056,HDFC
TXN00001809,19/06/26,ACH C-RAJKOT FERTILISERS PRIVATE LIMITED-5919418601,,40305.75,186529844.85,4650810955,HDFC
TXN00001810,19/08/26,NEFT CR-HDFC0002341-KOLHAPUR AGRO EXPORTS PRIVATE LIMITED-UTR300000001810,,169000.00,186698844.85,8607803914,HDFC
TXN00001811,11/06/26,UPI-AMRAVATI AUTO COMPONENTS PVT LTD-AMRAVATIAU@PAYTM-300000001811,,57124.00,186755968.85,1272935048,HDFC
TXN00001812,24-07-2026,NEFT-ICICR52023994795-KRISHNA DISTRIBUTORS,,36561.00,186792529.85,S95982938,ICICI
TXN00001813,10-08-2026,NEFT-ICICR52024560914-ANANTAPUR PHARMACEUTICALS INDIA PRIVATE LIMITED,,200000.00,186992529.85,S44536250,ICICI
TXN00001814,04-06-2026,MMT/IMPS/300000001814/Jodhpur Fertiliser/HDFC ,,138447.75,187130977.60,S24582701,ICICI
TXN00001815,22/08/26,NEFT-HDFC0009812-AMRAVATI CERAMICS-300000001815,,36793.00,187167770.60,1072434544,HDFC
TXN00001816,16/07/26,UPI-DHANBAD BEARINGS L-DHANBADBEA@YBL-3716353048,,40000.00,187207770.60,9558549893,HDFC
TXN00001817,17/07/26,IMPS-300000001817-KRISHNA ENGINEERING PVT LTD-KKBK,,6465.00,187214235.60,4956225650,HDFC
TXN00001818,01-08-2026,BIL/ONL/300000001818/KEL,,25496.00,187239731.60,S80146202,ICICI
TXN00001819,15-07-2026,BIL/ONL/300000001819/AEL,,29212.75,187268944.35,S87814824,ICICI
TXN00001820,16-07-2026,UPI/9679569215/CEP/cuttackeng@okhdfcbank,,25000.00,187293944.35,S32514597,ICICI
TXN00001821,04-06-2026,NEFT/ICICR52024117725/AMRAVATI AGR,,131000.75,187424945.10,S92998231,ICICI
TXN00001822,22-08-2026,UPI/300000001822/Payment from/kolhapurca@okhdfcbank/SBIN,,65000.25,187489945.35,S13347310,ICICI
TXN00001823,01/06/26,UPI-COIMBATORE SOFTWAR-COIMBATORE@OKHDFCBANK-300000001823-PAYMENT FROM CSS,,40000.00,187529945.35,2150158379,HDFC
TXN00001824,24/08/26,UPI-SILIGURI SPINNERS-SILIGURISP@YBL-3036655062-PAYMENT FROM SSL,,14333.00,187544278.35,3765510100,HDFC
TXN00001825,18-06-2026,NEFT/ICICR52023081771/CHANDRAPUR F,,13798.00,187558076.35,S62439689,ICICI
TXN00001826,19/07/26,NEFT-HDFC0009812-ANANTAPUR SPINNERS LLP-300000001826,,31039.00,187589115.35,7022468889,HDFC
TXN00001827,04/07/26,UPI-AMRAVATI  HOSPITALITY PVT LTD-AMRAVATIHO@OKHDFCBANK-300000001827,,24743.50,187613858.85,7940944282,HDFC
TXN00001828,14/07/26,NEFT-HDFC0000123-KOLHAPUR BEARINGS-9715288789,,4221.00,187618079.85,8359345713,HDFC
TXN00001829,10/07/26,UPI-NAGPUR FABRICATORS AND COMPANY-NAGPURFABR@OKAXIS-300000001829-PAYMENT FROM NFA,,30000.25,187648080.10,1453990754,HDFC
TXN00001830,25/07/26,IMPS-2939605341-CUTTACK TRANSPORT AND COMPANY-HDFC,,38843.99,187686924.09,8064269678,HDFC
TXN00001831,02-07-2026,UPI/300000001831/ATI/anantapurt@okhdfcbank,,54945.00,187741869.09,S82258593,ICICI
TXN00001832,29-08-2026,RTGS/ICICR52023081729/DEHRADUN TRADERS,,27391.50,187769260.59,S69041765,ICICI
TXN00001833,19/08/26,RTGS-HDFC0002341-KANPUR DIAGNOSTICS-300000001833,,150018.00,187919278.59,8323550212,HDFC
TXN00001834,08-07-2026,NEFT/ICICR52024117127/HALDIA HOSPI,,60050.00,187979328.59,S21253777,ICICI
TXN00001835,12-08-2026,RTGS/ICICR52023994598/Godavarielectricalsllp,,40000.00,188019328.59,S66962588,ICICI
TXN00001836,05-06-2026,UPI/7539052659/CEL/calicutele@ybl,,500000.50,188519329.09,S85182161,ICICI
TXN00001837,07-08-2026,UPI/300000001837/HCP/hubliconst@okhdfcbank,,75000.00,188594329.09,S39922635,ICICI
TXN00001838,04-07-2026,NEFT/ICICR52023081522/ANANTAPUR POLYMERS PVT,,54000.00,188648329.09,S19683845,ICICI
TXN00001839,10/07/26,IMPS-300000001839-CALICUT  CONTAINERS PVT LTD-SBIN,,74000.00,188722329.09,7376721402,HDFC
TXN00001840,02/07/26,UPI-BHILAIMOTORSPRIVATELIMITED-BHILAIMOTO@OKAXIS-300000001840,,81119.00,188803448.09,5804766666,HDFC
TXN00001841,03-08-2026,RTGS/ICICR52023081769/MYSORE INDUSTRIES INDIA,,39573.00,188843021.09,S39848345,ICICI
TXN00001842,13/07/26,NEFT CR-HDFC0009812-DEHRADUN CHEMICALS I-UTR3994913212,,23066.50,188866087.59,3583741632,HDFC
TXN00001843,04/08/26,IMPS-1687083531-LUDHIANA METALS LIMITED-HDFC,,250000.00,189116087.59,8511253082,HDFC
TXN00001844,26/07/26,NEFT-HDFC0004567-AMRAVATIAGROEXPORTSPRIVATELIMITED-6670416501,,6994.00,189123081.59,3335387866,HDFC
TXN00001845,02-07-2026,BIL/ONL/300000001845/GEL,,5000.00,189128081.59,S16860688,ICICI
TXN00001846,27/07/26,UPI-PANIPAT ELECTRICALS LLP-PANIPATELE@YBL-300000001846,,583234.25,189711315.84,3992820188,HDFC
TXN00001847,31-07-2026,RTGS/ICICR52024117413/TIRUPUR TRANSPORT AND COMPANY,,397915.50,190109231.34,S36874839,ICICI
TXN00001848,07/07/26,RTGS-HDFC0009812-CUTTACK PACKAGING LLP-6838821474,,12515.00,190121746.34,3615546421,HDFC
TXN00001849,12/08/26,IMPS-300000001849-NARMADA CABLES PRIVATE LIMITED-AXIS,,5000.00,190126746.34,3828841430,HDFC
TXN00001850,06/07/26,ACH C-GUNTURCHEMICALSINDIAPRIVATELIMITED-8467558859,,20000.00,190146746.34,7003643185,HDFC
TXN00001851,03-06-2026,NEFT-ICICR52023994557-JABALPURCHEMICALSINDIAPRIVATELIMITED,,26619.00,190173365.34,S92799947,ICICI
TXN00001852,04-08-2026,RTGS/ICICR52024117489/Amravati Distributors  Private Limited,,192000.99,190365366.33,S93305974,ICICI
TXN00001853,15-07-2026,UPI/8649772943/GPM/godavaripa@apl,,23908.00,190389274.33,S48555903,ICICI
TXN00001854,29/08/26,NEFT CR-HDFC0000123-COIMBATORE ENTERPRISES INDIA PRIVATE LIMITED-UTR300000001854,,34863.25,190424137.58,7271526956,HDFC
TXN00001855,08/06/26,ACH C-GANDHINAGAR INFRAPROJECTS AND COMPANY-300000001855,,55407.50,190479545.08,7357301772,HDFC
TXN00001856,25-07-2026,NEFT/ICICR52023081329/belgaum garments pri,,20343.00,190499888.08,S57291703,ICICI
TXN00001857,21-08-2026,NEFT/ICICR52024560317/ANANTAPUR PA,,33074.00,190532962.08,S54944588,ICICI
TXN00001858,28-06-2026,NEFT/ICICR52024560967/Godavari Traders India Pvt,,11993.00,190544955.08,S10779628,ICICI
TXN00001859,26/06/26,ACH C-MEERUT ENTERPRISES INDIA PRIVATE LIMITED-300000001859,,20374.00,190565329.08,3596123182,HDFC
TXN00001860,08/08/26,IMPS-300000001860-TIRUPUR CONTAINERS-UTIB,,246000.00,190811329.08,7612818913,HDFC
TXN00001861,14-08-2026,BIL/ONL/300000001861/APA,,18431.99,190829761.07,S50532818,ICICI
TXN00001862,14/08/26,NEFT CR-HDFC0009812-RAJKOT ELECTRICALS PVT-UTR3962612455,,103442.00,190933203.07,9542914212,HDFC
TXN00001863,10-06-2026,NEFT/ICICR52024560376/BELGAUM CABLES PRIVATE LIMITED,,66268.00,190999471.07,S47982793,ICICI
TXN00001864,20/06/26,NEFT CR-HDFC0002341-DHANBAD PHAR-UTR8959262283,,83537.00,191083008.07,8214357399,HDFC
TXN00001865,04/07/26,NEFT CR-HDFC0002341-AMRAVATI AGRO EXPORTS PRIVATE LIMITED-UTR300000001865,,32707.50,191115715.57,4761758727,HDFC
TXN00001866,31-07-2026,UPI/300000001866/ASS/anantapurs@apl,,72524.25,191188239.82,S32609951,ICICI
TXN00001867,07/06/26,NEFT CR-HDFC0004567-ANANTAPUR METALS LIMITED-UTR300000001867,,47635.50,191235875.32,7470716518,HDFC
TXN00001868,30-06-2026,MMT/IMPS/300000001868/Amravati  Agro Expo/KKBK,,288000.50,191523875.82,S15878135,ICICI
TXN00001869,07-08-2026,UPI/300000001869/MPM/mysorepape@ybl,,110823.50,191634699.32,S12082971,ICICI
TXN00001870,20-08-2026,UPI/1571529256/Payment from/belgaumcon@ybl/ICIC,,43698.00,191678397.32,S18221972,ICICI
TXN00001871,15/06/26,UPI-BHILAI AUTO COMPONENTS-BHILAIAUTO@IBL-300000001871-PAYMENT FROM BAC,,69142.99,191747540.31,4503524507,HDFC
TXN00001872,03-06-2026,NEFT-ICICR52023081252-ANANTAPUR CABLES,,73000.75,191820541.06,S17479376,ICICI
TXN00001873,17-08-2026,UPI/3435995830/Payment from/amravatiag@ibl/ICIC,,25000.00,191845541.06,S25646323,ICICI
TXN00001874,25-07-2026,NEFT/ICICR52023994103/GODAVARI CERAMICS PV,,9996.75,191855537.81,S15334252,ICICI
TXN00001875,02-08-2026,UPI/300000001875/Payment from/dhanbadpla@okaxis/KKBK,,34154.00,191889691.81,S90291419,ICICI
TXN00001876,26/06/26,NEFT CR-HDFC0004567-GWALIOR DIAGNOST-UTR4668522545,,58526.00,191948217.81,6228996463,HDFC
TXN00001877,06/06/26,IMPS-300000001877-ERNAKULAM AGRO EXPORTS PRIVATE LIMITED-ICIC,,25000.00,191973217.81,6882735121,HDFC
TXN00001878,02-07-2026,BIL/ONL/2195438195/BHL,,50000.00,192023217.81,S41445855,ICICI
TXN00001879,19-08-2026,MMT/IMPS/300000001879/Amravati Tra/SBIN,,103204.00,192126421.81,S34852490,ICICI
TXN00001880,25-06-2026,BIL/ONL/6574768878/BHL,,79343.00,192205764.81,S93184327,ICICI
TXN00001881,17/07/26,RTGS-HDFC0004567-AMRAVATI CHEMICALS INDIA PRIVATE LIMITED-3837206226,,71777.00,192277541.81,3688221591,HDFC
TXN00001882,23/07/26,UPI-KANPUR DIAGNOSTICS P LTD-KANPURDIAG@PAYTM-8848640725-PAYMENT FROM KDL/,,33082.00,192310623.81,2145194993,HDFC
TXN00001883,05/06/26,NEFT CR-HDFC0000123-MADURAI FORGINGS LIMITED-UTR300000001883,,54156.00,192364779.81,8349806911,HDFC
TXN00001884,25-07-2026,NEFT/ICICR52023994548/Amravati Pla,,15000.00,192379779.81,S97312082,ICICI
TXN00001885,30-06-2026,UPI/1468738042/GHL/gandhinaga@paytm,,6186.00,192385965.81,S49904419,ICICI
TXN00001886,17-08-2026,BIL/ONL/5560094841/SCL,,500000.00,192885965.81,S86506195,ICICI
TXN00001887,25/07/26,ACH C-AMRAVATI LOG-300000001887-,,40000.00,192925965.81,2359346037,HDFC
TXN00001888,18-07-2026,UPI/300000001888/BML/bhavnagarm@okaxis,,200000.00,193125965.81,S30948916,ICICI
TXN00001889,16/06/26,UPI-AMRAVATI BEARINGS LIMITED-AMRAVATIBE@YBL-300000001889-PAYMENT FROM ABL,,78841.25,193204807.06,8975785971,HDFC
TXN00001890,25/06/26,IMPS-300000001890-SURATINDUSTRIESINDIAPRIVATELIMITED-UTIB,,60000.99,193264808.05,6610010243,HDFC
TXN00001891,07-06-2026,NEFT/ICICR52024117900/KOLHAPUR REFRACTORIES LIMITED,,165224.00,193430032.05,S46089816,ICICI
TXN00001892,20/08/26,RTGS-HDFC0002341-JODHPUR CONTAINERS PVT LTD-300000001892,,20000.00,193450032.05,9176990411,HDFC
TXN00001893,06/06/26,NEFT-HDFC0002341-GANDHINAGARDISTRIBUTORSPRIVATELIMITED-300000001893-,,60657.00,193510689.05,9065809516,HDFC
TXN00001894,01-08-2026,BIL/ONL/300000001894/AFP,,10000.99,193520690.04,S58118466,ICICI
TXN00001895,31/07/26,IMPS-300000001895-AMRAVATI CABLES PRIVATE LIMITED-AXIS,,39609.75,193560299.79,5898083244,HDFC
TXN00001896,16/08/26,ACH C-GODAVARI METALS LIMITED-300000001896,,11628.99,193571928.78,2792805552,HDFC
TXN00001897,23-07-2026,MMT/IMPS/300000001897/NARMADA CHEMICALS/HDFC,,125000.00,193696928.78,S39274654,ICICI
TXN00001898,04-08-2026,NEFT/ICICR52024117527/AMRAVATI AGRO EXPORTS  PRIVATE LIMITED,,206212.00,193903140.78,S34167042,ICICI
TXN00001899,14-06-2026,UPI/300000001899/DPL/dhanbadpac@okhdfcbank,,95546.00,193998686.78,S22559504,ICICI
TXN00001900,30/08/26,NEFT CR-HDFC0002341-TIRUPUR POLYMERS PRIVATE LIMITED-UTR5746866252,,16758.00,194015444.78,9815150663,HDFC
TXN00001901,29-06-2026,UPI/300000001901/Payment from/coimbatore@okaxis/SBIN,,108750.25,194124195.03,S76277024,ICICI
TXN00001902,09/06/26,UPI-AURANGABADCHEMICALSINDIAPRIVATELIMITED-AURANGABAD@OKAXIS-300000001902,,266986.00,194391181.03,2739524574,HDFC
TXN00001903,09-08-2026,RTGS/ICICR52023994328/DHANBAD PLAS,,17442.00,194408623.03,S63509768,ICICI
TXN00001904,01/08/26,RTGS-HDFC0004567-HUBLI POLYMERS P LTD-2638809075,,65671.00,194474294.03,9980859900,HDFC
TXN00001905,23/07/26,UPI-COIMBATORE CONTAINERS PVT LTD-COIMBATORE@IBL-300000001905,,277000.00,194751294.03,2763597522,HDFC
TXN00001906,01/07/26,UPI-KAKINADA DISTRIBUTORS-KAKINADADI@APL-300000001906-PAYMENT FROM KDP,,131000.00,194882294.03,7196723777,HDFC
TXN00001907,26/06/26,NEFT-HDFC0002341-JALANDHAR METALS-6165396229,,40000.00,194922294.03,7126765607,HDFC
TXN00001908,04-06-2026,UPI/300000001908/Payment from/bhilaichem@okhdfcbank/SBIN,,200000.00,195122294.03,S87394574,ICICI
TXN00001909,25/08/26,ACH C-ANANTAPUR CASTINGS LLP-300000001909-,,10665.00,195132959.03,9585439577,HDFC
TXN00001910,13/07/26,NEFT-HDFC0009812-AURANGABAD  ENGINEERING-300000001910,,34810.00,195167769.03,4443339115,HDFC
TXN00001911,25-06-2026,UPI/300000001911/Payment from/panipatpac@apl/AXIS,,142000.25,195309769.28,S56984008,ICICI
TXN00001912,28/06/26,ACH C-AMRAVATI AGRO EXPORTS P LTD-300000001912,,6712.00,195316481.28,9846125527,HDFC
TXN00001913,25-06-2026,RTGS/ICICR52024560525/ANANTAPUR CERAMICS PVT LTD,,210598.00,195527079.28,S30973451,ICICI
TXN00001914,10-08-2026,NEFT/ICICR52023081366/Surat Containers Pvt Ltd,,124000.00,195651079.28,S44214276,ICICI
TXN00001915,15-08-2026,UPI/300000001915/Payment from/jamnagarme@okhdfcbank/AXIS,,119988.00,195771067.28,S27994059,ICICI
TXN00001916,26/06/26,RTGS-HDFC0002341-ANANTAPURCOLDSTORAGEANDCOMPANY-300000001916,,83389.00,195854456.28,6849509386,HDFC
TXN00001917,04/07/26,ACH C-AMRAVATI MOTORS PRIVATE LIMITED-300000001917,,129000.00,195983456.28,2881342606,HDFC
TXN00001918,29/08/26,RTGS-HDFC0009812-BELGAUM CHEMICALS INDIA PRIVATE LIMITED-2916736860,,12124.00,195995580.28,2935930035,HDFC
TXN00001919,25/08/26,NEFT CR-HDFC0009812-MANGALORE FOODS PVT-UTR300000001919,,266000.00,196261580.28,4284154854,HDFC
TXN00001920,11-08-2026,MMT/IMPS/300000001920/AURANGABAD GARMENTS PRIVATE LIMITED/SBIN,,23164.25,196284744.53,S74481598,ICICI
TXN00001921,21-06-2026,RTGS/ICICR52024117164/kakinada auto components pvt ltd,,9117.99,196293862.52,S38923996,ICICI
TXN00001922,17-06-2026,RTGS/ICICR52023994575/PANIPATAUTOCOMPONENTSPVTLTD,,20118.00,196313980.52,S44578963,ICICI
TXN00001923,28/08/26,RTGS-HDFC0004567-CHANDRAPUR INFRAPROJECTS AND COMPANY-300000001923,,20321.00,196334301.52,9403552609,HDFC
TXN00001924,08/07/26,IMPS-5576228518-VARANASI INDUSTRIE-ICIC,,411412.50,196745714.02,7725016435,HDFC
TXN00001925,05/06/26,NEFT CR-HDFC0004567-AMRAVATI CASTINGS LLP-UTR6573733457,,5000.00,196750714.02,5242222712,HDFC
TXN00001926,12-06-2026,UPI/300000001926/MPP/mangalorep@okhdfcbank-,,17974.50,196768688.52,S74436431,ICICI
TXN00001927,24/06/26,UPI-AMRAVATI AGRO EXPORTS PVT-AMRAVATIAG@OKAXIS-300000001927-PAYMENT FROM AAE,,64557.00,196833245.52,8870097090,HDFC
TXN00001928,06/06/26,UPI-TRICHY SOFTWARE SERVICES PRIVATE LIMITED-TRICHYSOFT@YBL-300000001928,,159000.25,196992245.77,2264984658,HDFC
TXN00001929,29/07/26,NEFT CR-HDFC0004567-ERNAKULAM SOFTWARE SERVICES-UTR300000001929,,63809.75,197056055.52,3170159545,HDFC
TXN00001930,18-07-2026,NEFT/ICICR52024560625/DHANBAD CONTAINERS PVT LTD,,56319.00,197112374.52,S14134415,ICICI
TXN00001931,13-06-2026,NEFT/ICICR52024117204/AMRAVATI AGRO EX,,24335.25,197136709.77,S56175274,ICICI
TXN00001932,28-08-2026,UPI/1285444325/APP/anantapurp@apl,,67000.00,197203709.77,S86367587,ICICI
TXN00001933,21/08/26,RTGS-HDFC0000123-AMRAVATI DISTRIBUTORS PRIVATE LIMITED-300000001933,,62429.00,197266138.77,7975317751,HDFC
TXN00001934,07/07/26,ACH C-AURANGABAD ELECTRICA-300000001934,,75832.00,197341970.77,9440606328,HDFC
TXN00001935,13-08-2026,UPI/300000001935/JTI/jabalpurtr@apl,,83037.00,197425007.77,S38228469,ICICI
TXN00001936,27-08-2026,UPI/300000001936/AHP/amravatiho@okhdfcbank,,171000.99,197596008.76,S93814972,ICICI
TXN00001937,28/08/26,UPI-MYSORE AUTO COMP-MYSOREAUTO@APL-300000001937,,246317.75,197842326.51,4396320937,HDFC
TXN00001938,29/07/26,UPI-ERNAKULAM FORGINGS L-ERNAKULAMF@IBL-300000001938-PAYMENT FROM EFL,,49741.00,197892067.51,6106143982,HDFC
TXN00001939,11/07/26,NEFT-HDFC0009812-TIRUPUR  TEXTILES PVT LTD-300000001939,,13828.25,197905895.76,4182673173,HDFC
TXN00001940,27/08/26,RTGS-HDFC0000123-HALDIA CONSTRUCTIONS PRIVATE LIMITED-300000001940,,87101.75,197992997.51,7623149971,HDFC
TXN00001941,13-07-2026,UPI/2005801324/Payment from/amravatiau@apl/AXIS,,81616.00,198074613.51,S28189790,ICICI
TXN00001942,13/08/26,UPI-RAJKOT REFRACTOR-RAJKOTREFR@APL-5821368866-PAYMENT FROM RRL,,179907.99,198254521.50,4889882049,HDFC
TXN00001943,05-08-2026,UPI/5534552645/Payment from/amravatiph@ibl/UTIB/ ,,87104.00,198341625.50,S31717865,ICICI
TXN00001944,14/07/26,IMPS-9323349000-CHENNAI TRADERS INDIA PRIVATE LIMITED-AXIS,,50000.00,198391625.50,5656072826,HDFC
TXN00001945,18/07/26,RTGS-HDFC0009812-BELGAUM ENTERPRISES INDIA PRIVATE LIMITED-300000001945,,75000.00,198466625.50,9846432027,HDFC
TXN00001946,24/06/26,UPI-AMRAVATI HOSPITALITY PVT LTD-AMRAVATIHO@PAYTM-300000001946,,17333.00,198483958.50,9003066139,HDFC
TXN00001947,19/06/26,UPI-AMRAVATI ENG-AMRAVATIEN@OKAXIS-300000001947-PAYMENT FROM AEP,,32000.00,198515958.50,8938994059,HDFC
TXN00001948,31-07-2026,UPI/9317359839/BDL/belgaumdia@ibl,,133249.00,198649207.50,S51033065,ICICI
TXN00001949,10/07/26,IMPS-300000001949-AMRAVATI CABLES PRIVATE LIMITED-HDFC,,5000.99,198654208.49,7438596807,HDFC
TXN00001950,09/06/26,NEFT CR-HDFC0004567-AMRAVATI AGRO EXPORTS PRIVATE LIMITED-UTR300000001950,,60340.00,198714548.49,2307967576,HDFC
TXN00001951,12-07-2026,MMT/IMPS/7786222794/ANANTAPUR AU/SBIN,,40241.99,198754790.48,S27231262,ICICI
TXN00001952,14/07/26,RTGS-HDFC0009812-ANANTAPUR FERTILIS-300000001952,,40000.00,198794790.48,8349809233,HDFC
TXN00001953,11/08/26,RTGS-HDFC0009812-JABALPUR  LOGISTICS-300000001953,,54731.00,198849521.48,2097316573,HDFC
TXN00001954,25-07-2026,UPI/8373803828/Payment from/aurangabad@okhdfcbank/AXIS,,60791.00,198910312.48,S68808094,ICICI
TXN00001955,24-08-2026,UPI/300000001955/TLP/tirupurlog@ibl,,92710.50,199003022.98,S14012791,ICICI
TXN00001956,09-06-2026,UPI/300000001956/Payment from/indoredist@okaxis/AXIS,,14142.00,199017164.98,S24554985,ICICI
TXN00001957,04/07/26,UPI-GODAVARI DISTRIBUTORS-GODAVARIDI@OKHDFCBANK-300000001957,,14173.00,199031337.98,8511276047,HDFC
TXN00001958,04/06/26,ACH C-ANANTAPUR CABLES P-300000001958,,259000.50,199290338.48,7276357387,HDFC
TXN00001959,10/06/26,NEFT-HDFC0009812-AMRAVATI AGRO EXPORTS PRIVATE LIMITED-1770405084,,24098.00,199314436.48,7735911320,HDFC
TXN00001960,07-07-2026,UPI/300000001960/PHP/panipathos@ibl,,100000.75,199414437.23,S14575629,ICICI
TXN00001961,17-07-2026,UPI/2751248685/Payment from/aurangabad@ybl/ICIC,,34349.00,199448786.23,S38426838,ICICI
TXN00001962,07-06-2026,UPI/300000001962/Payment from/anantapurs@okhdfcbank/AXIS,,10000.00,199458786.23,S63352338,ICICI
TXN00001963,27/08/26,NEFT CR-HDFC0004567-AMRAVATI  AGR-UTR300000001963,,97562.00,199556348.23,7294090855,HDFC
TXN00001964,23-08-2026,NEFT/ICICR52023081830/Belgaum Diagnostics Limited,,269000.99,199825349.22,S59181393,ICICI
TXN00001965,28/06/26,NEFT-HDFC0000123-BELGAUM AGRO  EXPOR-300000001965,,240000.00,200065349.22,8977048386,HDFC
TXN00001966,07/06/26,UPI-GUNTUR PRINTERS PVT-GUNTURPRIN@OKAXIS-300000001966-PAYMENT FROM GPP,,32401.00,200097750.22,6472777045,HDFC
TXN00001967,09/08/26,ACH C-GWALIOR CONSTRUCTIONS PRIVATE LIMITED-300000001967,,35297.00,200133047.22,8792045847,HDFC
TXN00001968,24-06-2026,NEFT/ICICR52023994352/CHENNAI CONTAINERS PVT LTD,,125000.00,200258047.22,S54338695,ICICI
TXN00001969,27-08-2026,NEFT-ICICR52023081611-KAKINADA PLASTICS AND COMPANY,,46398.00,200304445.22,S98971926,ICICI
TXN00001970,29-06-2026,MMT/IMPS/300000001970/Aurangabad Castings Llp/KKBK,,42990.00,200347435.22,S74602958,ICICI
TXN00001971,20/06/26,UPI-DHANBAD ELECTRICALS  LLP-DHANBADELE@YBL-3657690846,,190096.00,200537531.22,1478721937,HDFC
TXN00001972,12-08-2026,NEFT-ICICR52024560942-Kolhapur Agro Exports Private Limited,,91000.00,200628531.22,S43091057,ICICI
TXN00001973,10/07/26,IMPS-300000001973-SALEM POLYMERS PRIVATE LIMITED-KKBK,,18997.00,200647528.22,9722271245,HDFC
TXN00001974,24-06-2026,RTGS/ICICR52024117806/COIMBATORE FOODS P LTD,,9758.00,200657286.22,S34879792,ICICI
TXN00001975,20-06-2026,RTGS/ICICR52023994470/Narmada Traders India Private Limited,,100000.50,200757286.72,S55399360,ICICI
TXN00001976,24/06/26,IMPS-9376784140-KOLHAPUR TRADERS IND-ICIC,,17138.00,200774424.72,8489868356,HDFC
TXN00001977,20/06/26,NEFT CR-HDFC0002341-PANIPAT CERAMICS PVT LTD-UTR300000001977,,39813.00,200814237.72,6919399863,HDFC
TXN00001978,14-08-2026,MMT/IMPS/300000001978/NAGPUR INDUSTRIES INDIA PRIVATE LIMITED/KKBK,,17575.00,200831812.72,S56635310,ICICI
TXN00001979,28/08/26,NEFT CR-HDFC0002341-HALDIA HANDICRAFTS LLP-UTR300000001979,,13433.50,200845246.22,4684420100,HDFC
TXN00001980,27/06/26,IMPS-300000001980-HALDIA AUTO COMP-ICIC,,20000.99,200865247.21,1883858284,HDFC
TXN00001981,12-07-2026,NEFT/ICICR52023081719/AMRAVATI INFRAPROJECTS AND COMPANY,,75000.00,200940247.21,S61098980,ICICI
TXN00001982,30/08/26,IMPS-300000001982-ANANTAPUR DIAGNOSTICS LIMITED-AXIS,,31110.00,200971357.21,1631858595,HDFC
TXN00001983,16-07-2026,UPI/300000001983/Payment from/bhavnagart@okaxis/UTIB,,16598.75,200987955.96,S90117512,ICICI
TXN00001984,25-07-2026,UPI/5646014980/Payment from/ernakulamc@paytm/HDFC,,75000.00,201062955.96,S70757039,ICICI
TXN00001985,31-07-2026,RTGS/ICICR52023994976/HALDIA CONSTRUCTIO,,23787.00,201086742.96,S70539079,ICICI
TXN00001986,14/06/26,ACH C-AMRAVATI ENTERPRISES INDIA PRIVATE LIMITED-7237429842,,76490.00,201163232.96,6856712561,HDFC
TXN00001987,02-06-2026,UPI/1209864881/Payment from/anantapurh@okhdfcbank/AXIS,,100000.00,201263232.96,S69056761,ICICI
TXN00001988,18-07-2026,MMT/IMPS/300000001988/BHILAI METAL/ICIC,,16493.00,201279725.96,S67378105,ICICI
TXN00001989,18/07/26,NEFT CR-HDFC0009812-CHANDRAPUR CONTAINERS PVT LTD-UTR300000001989,,75000.00,201354725.96,2158639912,HDFC
TXN00001990,11-06-2026,UPI/5499652270/CEL/chandrapur@ibl,,60743.00,201415468.96,S18205951,ICICI
TXN00001991,21-08-2026,BIL/ONL/2130902180/EEP,,13730.00,201429198.96,S14452665,ICICI
TXN00001992,18/07/26,ACH C-DEHRADUN PLASTICS AND COMPANY-1084754565,,19116.00,201448314.96,1994132738,HDFC
TXN00001993,12/07/26,UPI-SURAT PACKAGING-SURATPACKA@OKAXIS-300000001993,,13424.99,201461739.95,2752944107,HDFC
TXN00001994,10/06/26,NEFT-HDFC0000123-BELGAUM TRADERS-3655082385,,20000.00,201481739.95,4161460831,HDFC
TXN00001995,13-08-2026,UPI/300000001995/Payment from/aurangabad@paytm/UTIB,,229000.00,201710739.95,S83039367,ICICI
TXN00001996,27-06-2026,NEFT/ICICR52024117401/AURANGABAD CERAMICS,,150000.00,201860739.95,S16581403,ICICI
TXN00001997,14-08-2026,RTGS/ICICR52024117391/BHILAI CONTAINERS PVT LTD,,97491.00,201958230.95,S94621886,ICICI
TXN00001998,20/06/26,RTGS-HDFC0004567-AMRAVATI AGRO EXPORTS PRIVATE LIMITED-3443738143,,56735.00,202014965.95,9954818301,HDFC
TXN00001999,03-07-2026,UPI/8701201247/Payment from/kolhapurca@okhdfcbank/SBIN,,10000.00,202024965.95,S18567932,ICICI
TXN00002000,28-08-2026,MMT/IMPS/1618007085/Nashik Plast/UTIB,,19260.99,202044226.94,S53053931,ICICI
TXN00002001,21/08/26,NEFT CR-HDFC0000123-AMRAVATIAGROEXPORTSPRIVATELIMITED-UTR300000002001,,5000.00,202049226.94,6086579086,HDFC
TXN00002002,25-08-2026,NEFT/ICICR52023994856/Bhavnagar Industries India-,,61481.00,202110707.94,S95156305,ICICI
TXN00002003,10-07-2026,NEFT-ICICR52023081293-HOSUR FORGINGS LIMITED,,27518.00,202138225.94,S97472266,ICICI
TXN00002004,05/07/26,IMPS-300000002004-BHOPAL REFRACTOR-AXIS,,28000.00,202166225.94,7860978966,HDFC
TXN00002005,16-07-2026,UPI/4198340810/Payment from/amravatilo@okaxis/ICIC,,230000.00,202396225.94,S61959155,ICICI
TXN00002006,08/07/26,NEFT-HDFC0009812-BHOPAL AUTO COMPONENTS-300000002006,,52461.99,202448687.93,3569521270,HDFC
TXN00002007,17/07/26,IMPS-6048193674-DHANBAD AGRO EXPORTS PRIVATE LIMITED-KKBK,,20506.99,202469194.92,7432615317,HDFC
TXN00002008,04-08-2026,NEFT/ICICR52023994985/BHILAI MEDIA  PVT LTD,,166000.00,202635194.92,S96055379,ICICI
TXN00002009,29-07-2026,BIL/ONL/7001910137/AAE,,44449.00,202679643.92,S34634338,ICICI
TXN00002010,20/06/26,RTGS-HDFC0004567-CHENNAI AUTO COMPONENTS PVT LTD-300000002010,,75000.00,202754643.92,4615932494,HDFC
TXN00002011,10/07/26,UPI-NASHIK CONSTRUCTIONS-NASHIKCONS@OKAXIS-300000002011,,166000.25,202920644.17,8132898308,HDFC
TXN00002012,16-08-2026,UPI/300000002012/DDP/dehradundi@ybl,,14822.99,202935467.16,S87197424,ICICI
TXN00002013,01/07/26,RTGS-HDFC0009812-CALICUT CABLES PRIVATE LIMITED-300000002013,,19981.00,202955448.16,2156166010,HDFC
TXN00002014,06-07-2026,UPI/9181232944/Payment from/amravatiag@okhdfcbank/UTIB,,16445.00,202971893.16,S14837257,ICICI
TXN00002015,10/07/26,UPI-LUDHIANA MOTORS PRIVATE LIMITED-LUDHIANAMO@APL-5215006697-PAYMENT FROM LMP,,12906.00,202984799.16,8174408375,HDFC
TXN00002016,10-08-2026,NEFT/ICICR52024117596/DHANBAD COLD STORAGE AND COMPANY,,125000.50,203109799.66,S88252454,ICICI
TXN00002017,24-08-2026,NEFT-ICICR52024560227-GANDHINAGAR CABLES PRIVATE  LIMITED,,25000.00,203134799.66,S57528945,ICICI
TXN00002018,17-08-2026,NEFT-ICICR52023994750-KOLHAPUR SPINNERS LLP,,4412.75,203139212.41,S58120389,ICICI
TXN00002019,11/08/26,UPI-DEHRADUN CAS-DEHRADUNCA@IBL-3923875861,,16149.00,203155361.41,5021084080,HDFC
TXN00002020,13-06-2026,UPI/300000002020/ATA/amravatitr@ibl,,50000.00,203205361.41,S92716272,ICICI
TXN00002021,09/06/26,ACH C-GODAVARI PHARMACEUTICALS INDIA-5716276373,,44375.50,203249736.91,9033177572,HDFC
TXN00002022,06/08/26,UPI-UDAIPURTRADERSINDIAPRIVATELIMITED-UDAIPURTRA@APL-5228500998,,60086.00,203309822.91,1149963501,HDFC
TXN00002023,23-06-2026,UPI/300000002023/Payment from/udaipurfab@apl/HDFC,,31463.00,203341285.91,S92302170,ICICI
TXN00002024,23/06/26,UPI-SOLAPUR  MOTORS PRIVATE LIMITED-SOLAPURMOT@OKHDFCBANK-4536676586-PAYMENT FROM SMP,,12378.99,203353664.90,4509751428,HDFC
TXN00002025,13/07/26,ACH C-BHAVNAGAR PACKAGIN-7785907211,,35775.00,203389439.90,6396956326,HDFC
TXN00002026,17/07/26,NEFT CR-HDFC0000123-ANANTAPUR SPINNERS-UTR300000002026,,29716.00,203419155.90,3520288748,HDFC
TXN00002027,11-07-2026,MMT/IMPS/300000002027/SALEM TRANSPORT AND COMPANY/KKBK,,98539.00,203517694.90,S62868860,ICICI
TXN00002028,05-06-2026,NEFT-ICICR52024560448-AURANGABAD FERTILISERS PRIVATE  LIMITED,,9000.50,203526695.40,S75454785,ICICI
TXN00002029,17/06/26,UPI-CHANDRAPUR COLD-CHANDRAPUR@OKAXIS-9596377061,,47050.00,203573745.40,1774930894,HDFC
TXN00002030,11-06-2026,NEFT-ICICR52024560314-TIRUPUR SOFT,,50480.00,203624225.40,S10086305,ICICI
TXN00002031,29-08-2026,MMT/IMPS/300000002031/COIMBATORE DIAGNOSTICS LIMITED/HDFC,,9702.00,203633927.40,S78102084,ICICI
TXN00002032,16/06/26,UPI-CUTTACK TEXTILES PVT LTD-CUTTACKTEX@YBL-300000002032-PAYMENT FROM CTP,,24332.00,203658259.40,6665746610,HDFC
TXN00002033,27/08/26,ACH C-AMRAVATI PHARMACEUTICALS INDIA PRIVATE LIMITED-1926468472,,97000.00,203755259.40,9694813735,HDFC
TXN00002034,25/06/26,RTGS-HDFC0009812-GODAVARI PACKAGING LLP-6028148359 ,,25130.00,203780389.40,1581386476,HDFC
TXN00002035,11/08/26,UPI-PANIPAT INFR-PANIPATINF@IBL-6064454108,,500000.00,204280389.40,5455242170,HDFC
TXN00002036,11-06-2026,UPI/300000002036/Payment from/bhavnagari@ybl/HDFC,,21714.50,204302103.90,S12797162,ICICI
TXN00002037,14-06-2026,MMT/IMPS/300000002037/JALANDHAR FO/SBIN,,95624.50,204397728.40,S73724781,ICICI
TXN00002038,21-08-2026,MMT/IMPS/300000002038/VARANASICONSTRUCTIONSPRIVATELIMITED/KKBK,,139000.99,204536729.39,S64633018,ICICI
TXN00002039,20/06/26,ACH C-AMRAVATI PRINTERS  PVT LTD-300000002039,,29127.00,204565856.39,2505097873,HDFC
TXN00002040,22-07-2026,UPI/300000002040/Payment from/meerutmeta@okaxis/SBIN,,30000.00,204595856.39,S47867810,ICICI
TXN00002041,26/07/26,NEFT CR-HDFC0000123-AMRAVATI HANDICRAFTS-UTR300000002041,,125485.00,204721341.39,4250494539,HDFC
TXN00002042,20/06/26,UPI-HALDIA SPINNERS PVT-HALDIASPIN@IBL-2710082415-PAYMENT FROM HSL,,219000.00,204940341.39,1953975192,HDFC
TXN00002043,14/07/26,UPI-AMRAVATI COLD STORAGE AND COMPANY-AMRAVATICO@YBL-8223494545/ ,,125000.00,205065341.39,8040845533,HDFC
TXN00002044,09-08-2026,UPI/300000002044/Payment from/ernakulami@okhdfcbank/KKBK,,15365.00,205080706.39,S70257187,ICICI
TXN00002045,08-07-2026,MMT/IMPS/300000002045/dehradun handicr/UTIB,,31129.00,205111835.39,S67862427,ICICI
TXN00002046,05-08-2026,RTGS/ICICR52023081966/PANIPAT CONSTRUCTIONS PRIVATE LIMITED,,14797.00,205126632.39,S31306671,ICICI
TXN00002047,15/08/26,ACH C-KANPUR TEXTILES PVT-300000002047,,19087.00,205145719.39,8933914891,HDFC
TXN00002048,14/08/26,UPI-BELGAUM MEDIA PVT LTD-BELGAUMMED@APL-5145231834,,40000.25,205185719.64,1246285369,HDFC
TXN00002049,29/06/26,IMPS-4223033264-BHILAI TRADE-AXIS,,8000.00,205193719.64,8874838569,HDFC
TXN00002050,21-08-2026,NEFT/ICICR52024560581/DHANBAD  FOODS P LTD,,21801.00,205215520.64,S72001812,ICICI
TXN00002051,22/07/26,NEFT-HDFC0002341-AMRAVATI AUTO COMPONENTS P LTD-300000002051,,7719.00,205223239.64,4222492177,HDFC
TXN00002052,30/06/26,NEFT-HDFC0004567-AMRAVATI ELE-8447209108,,150000.00,205373239.64,9228700547,HDFC
TXN00002053,09-07-2026,UPI/300000002053/Payment from/bhopaldist@ibl/ICIC,,106240.25,205479479.89,S61827613,ICICI
TXN00002054,21-06-2026,MMT/IMPS/300000002054/Amravati Diagnostics Pvt/SBIN,,194016.00,205673495.89,S72626684,ICICI
TXN00002055,20-06-2026,NEFT/ICICR52023994615/SILIGURI MOTORS PR,,42410.75,205715906.64,S36077827,ICICI
TXN00002056,29/06/26,UPI-AMRAVATI FORGINGS LI-AMRAVATIFO@APL-7280266369-PAYMENT FROM AFL,,150000.00,205865906.64,1265347597,HDFC
TXN00002057,21-07-2026,NEFT/ICICR52023081363/RAIPUR PACKAGING LLP,,37340.00,205903246.64,S49970740,ICICI
TXN00002058,10/07/26,NEFT CR-HDFC0004567-KRISHNA LOGISTICS PR-UTR300000002058,,57752.75,205960999.39,4336548221,HDFC
TXN00002059,18-06-2026,BIL/ONL/300000002059/KCP,,18268.75,205979268.14,S61639804,ICICI
TXN00002060,28/06/26,ACH C-BHILAI INDUSTRIE-6232829933,,20712.00,205999980.14,6878040037,HDFC
TXN00002061,15-06-2026,NEFT/ICICR52023081418/ERNAKULAM CO,,83770.25,206083750.39,S80910930,ICICI
TXN00002062,05-07-2026,RTGS/ICICR52024560306/AMRAVATICOLDSTORAGEANDCOMPANY,,207560.00,206291310.39,S59542970,ICICI
TXN00002063,18/07/26,UPI-NARMADA  AUTO COMPO-NARMADAAUT@APL-300000002063-PAYMENT FROM NAC,,41485.00,206332795.39,7725317611,HDFC
TXN00002064,19-07-2026,MMT/IMPS/300000002064/AMRAVATI FERTILISERS/ICIC,,12643.50,206345438.89,S73852563,ICICI
TXN00002065,28/07/26,ACH C-VARANASI BEARINGS LI-4816551321,,137000.50,206482439.39,4203962248,HDFC
TXN00002066,17-08-2026,BIL/ONL/300000002066/BGP,,69000.00,206551439.39,S89112811,ICICI
TXN00002067,14/08/26,NEFT-HDFC0009812-CHANDRAPUR CHEMICALS INDIA PRIVATE LIMITED-300000002067,,20172.00,206571611.39,2715645258,HDFC
TXN00002068,29-06-2026,BIL/ONL/4371370540/ACS/,,9261.75,206580873.14,S97825935,ICICI
TXN00002069,24-08-2026,MMT/IMPS/1937145239/BELGAUM HOSPITALITY PVT LTD/SBIN,,101000.00,206681873.14,S75699110,ICICI
TXN00002070,10/06/26,UPI-KOLHAPUR CONSTRUCTIONS PRIVATE LIMITED-KOLHAPURCO@YBL-300000002070,,20000.25,206701873.39,6622221695,HDFC
TXN00002071,14-07-2026,BIL/ONL/300000002071/ACP,,93233.50,206795106.89,S33367943,ICICI
TXN00002072,26/07/26,RTGS-HDFC0002341-BELGAUM CERAMICS-300000002072,,500000.00,207295106.89,7362616970,HDFC
TXN00002073,30/08/26,ACH C-AMRAVATI CHEMICALS INDIA PRIVATE LIMITED-3755866566,,226000.25,207521107.14,5633072474,HDFC
TXN00002074,12-07-2026,BIL/ONL/300000002074/ACS/,,39568.00,207560675.14,S64871233,ICICI
TXN00002075,22-06-2026,UPI/8887791878/Payment from/anantapuri@apl/UTIB,,190000.75,207750675.89,S53125861,ICICI
TXN00002076,01-08-2026,BIL/ONL/300000002076/SEI,,102000.00,207852675.89,S38181337,ICICI
TXN00002077,04-07-2026,UPI/5534517124/ACP/amravatice@ybl,,90000.50,207942676.39,S61243231,ICICI
TXN00002078,27/08/26,NEFT CR-HDFC0009812-BHILAI TRANSPORT AND COMPANY-UTR300000002078,,150000.00,208092676.39,9495193058,HDFC
TXN00002079,05/07/26,IMPS-300000002079-CHANDRAPUR MOTORS PRIVATE LIMITED-HDFC,,30963.00,208123639.39,1667358831,HDFC
TXN00002080,15-08-2026,NEFT/ICICR52024560996/NASHIK LOGIS,,44357.25,208167996.64,S10366086,ICICI
TXN00002081,02-06-2026,MMT/IMPS/300000002081/AMRAVATI CERAMICS PVT LTD/ICIC,,27033.00,208195029.64,S32555996,ICICI
TXN00002082,12/06/26,RTGS-HDFC0009812-CHENNAI ELECTRICALS-300000002082,,28580.00,208223609.64,4436424675,HDFC
TXN00002083,25-08-2026,BIL/ONL/300000002083/KCI,,127000.99,208350610.63,S81779869,ICICI
TXN00002084,07/07/26,RTGS-HDFC0002341-HOSUR AGRO EXPORTS-300000002084,,72804.50,208423415.13,6649185207,HDFC
TXN00002085,30/06/26,NEFT-HDFC0002341-HUBLI CHEMICALS INDIA PRIVATE LIMITED-300000002085,,115175.99,208538591.12,5574674464,HDFC
TXN00002086,11-08-2026,NEFT/ICICR52023994400/AMRAVATI BEARINGS LIMITED,,195000.00,208733591.12,S21647236,ICICI
TXN00002087,21/08/26,ACH C-AMRAVATI INDUSTRIES INDIA-7208527040 ,,12294.00,208745885.12,8808223052,HDFC
TXN00002088,28/08/26,NEFT CR-HDFC0000123-GANDHINAGAR REFRAC-UTR300000002088,,34655.99,208780541.11,9223091553,HDFC
TXN00002089,27/08/26,UPI-AMRAVATI AGRO EXPORTS PRIVATE LIMITED-AMRAVATIAG@PAYTM-1906947409-PAYMENT FROM AAE,,34601.00,208815142.11,9298285671,HDFC
TXN00002090,09-08-2026,NEFT/ICICR52024560817/Calicut Pharmaceuticals India Private Limited,,91957.00,208907099.11,S90368504,ICICI
TXN00002091,18/08/26,IMPS-300000002091-AMRAVATI CASTINGS LLP-AXIS,,24660.00,208931759.11,8974221026,HDFC
TXN00002092,03-06-2026,RTGS/ICICR52023994873/COIMBATORE POLYM,,11648.00,208943407.11,S64627175,ICICI
TXN00002093,25-06-2026,UPI/5268447342/BDL/bhavnagard@ibl,,50000.00,208993407.11,S52592557,ICICI
TXN00002094,13/08/26,UPI-AMRAVATI TRADERS-AMRAVATITR@YBL-300000002094,,12934.00,209006341.11,3692648838,HDFC
TXN00002095,02/07/26,UPI-HALDIAENGINEERINGPVTLTD-HALDIAENGI@APL-300000002095-PAYMENT FROM HEP ,,296000.75,209302341.86,8371846128,HDFC
TXN00002096,10-06-2026,BIL/ONL/2690191755/APL,,252000.50,209554342.36,S49503930,ICICI
TXN00002097,15/06/26,NEFT CR-HDFC0002341-INDORE INFRAPROJEC-UTR5228663131,,50725.00,209605067.36,9849210730,HDFC
TXN00002098,26/07/26,IMPS-300000002098-MEERUT TEXTILES PVT LTD-SBIN,,51009.00,209656076.36,7474412906,HDFC
TXN00002099,29/07/26,UPI-AMRAVATI HOSPITA-AMRAVATIHO@APL-300000002099-PAYMENT FROM AHP ,,18701.00,209674777.36,3735609268,HDFC
TXN00002100,25-07-2026,UPI/300000002100/Payment from/amravatiag@okhdfcbank/SBIN,,250000.00,209924777.36,S51274199,ICICI
TXN00002101,11-07-2026,MMT/IMPS/300000002101/JABALPUR FABRICATORS AND COMPANY/KKBK,,200000.00,210124777.36,S96996218,ICICI
TXN00002102,08-07-2026,NEFT-ICICR52023081327-HALDIA FERTILISE,,143246.75,210268024.11,S71806575,ICICI
TXN00002103,22/07/26,RTGS-HDFC0000123-BHAVNAGAR COLD STORAGE AND COMPANY-2904939317,,71000.00,210339024.11,2811991857,HDFC
TXN00002104,11-08-2026,RTGS/ICICR52023994215/AMRAVATI FERTILISERS PRIVATE LIMITED,,10641.00,210349665.11,S90237609,ICICI
TXN00002105,18/08/26,UPI-ERNAKULAMCASTINGSLLP-ERNAKULAMC@YBL-300000002105-PAYMENT FROM ECL,,34308.50,210383973.61,3312933875,HDFC
TXN00002106,13-07-2026,MMT/IMPS/300000002106/PANIPATLOGISTICSPRIVATELIMITED/KKBK,,93000.50,210476974.11,S99509011,ICICI
TXN00002107,20-08-2026,UPI/300000002107/ARL/amravatire@okhdfcbank,,75000.00,210551974.11,S69629753,ICICI
TXN00002108,31/08/26,UPI-KOLHAPUR CONSTRUCTIONS-KOLHAPURCO@APL-3441808541-PAYMENT FROM KCP,,8886.00,210560860.11,8166725016,HDFC
TXN00002109,01-07-2026,UPI/2689873883/AGP/amravatiga@ybl,,199000.00,210759860.11,S58899498,ICICI
TXN00002110,29/06/26,UPI-TIRUPUR HOSPITALITY PVT LTD-TIRUPURHOS@APL-300000002110,,250000.00,211009860.11,4401958531,HDFC
TXN00002111,29-08-2026,RTGS/ICICR52024560865/AMRAVATI AGRO EXPORTS  PRIVATE LIMITED,,11179.00,211021039.11,S60292368,ICICI
TXN00002112,21-08-2026,UPI/300000002112/ATI/anantapurt@apl,,28445.75,211049484.86,S60850060,ICICI
TXN00002113,05/06/26,ACH C-INDOREPOLYMERSPRIVATELIMITED-8912923768,,100000.50,211149485.36,2370878731,HDFC
TXN00002114,18/08/26,UPI-ANANTAPUR IN-ANANTAPURI@IBL-300000002114,,284000.00,211433485.36,3841954554,HDFC
TXN00002115,24-06-2026,UPI/300000002115/Payment from/meerutplas@ibl/KKBK,,11270.00,211444755.36,S70024904,ICICI
TXN00002116,12-07-2026,BIL/ONL/300000002116/BCL,,191266.00,211636021.36,S28814475,ICICI
TXN00002117,10-06-2026,BIL/ONL/300000002117/CMP,,83193.00,211719214.36,S90865780,ICICI
TXN00002118,03/06/26,NEFT-HDFC0000123-JALANDHAR TRANSPORT AND COMPANY-300000002118,,7884.50,211727098.86,2754038981,HDFC
TXN00002119,13-07-2026,BIL/ONL/8859661121/API,,149253.00,211876351.86,S77052442,ICICI
TXN00002120,12-07-2026,NEFT/ICICR52024560992/GODAVARI GARMENTS,,17434.00,211893785.86,S28592964,ICICI
TXN00002121,25-07-2026,RTGS/ICICR52023081954/madurai engineering pvt ltd,,28514.25,211922300.11,S71440563,ICICI
TXN00002122,14-08-2026,RTGS/ICICR52023994990/BHILAI TRANSPORT AND,,36930.50,211959230.61,S86037214,ICICI
TXN00002123,19-06-2026,NEFT/ICICR52023081176/INDORE SPINNERS LL,,64929.00,212024159.61,S96977769,ICICI
TXN00002124,29/06/26,ACH C-BHILAI INFRAPROJECTS AND COMPANY-300000002124,,5998.25,212030157.86,4788405613,HDFC
TXN00002125,12-07-2026,MMT/IMPS/300000002125/CHENNAI HANDICRAFTS LLP/UTIB,,79000.99,212109158.85,S56932399,ICICI
TXN00002126,18-07-2026,MMT/IMPS/300000002126/RAIPUR METALS LIMI/UTIB,,129841.00,212238999.85,S24311230,ICICI
TXN00002127,27-08-2026,NEFT/ICICR52023081565/KANPUR HOSPITALITY P,,38033.00,212277032.85,S64582718,ICICI
TXN00002128,11-08-2026,MMT/IMPS/300000002128/RAIPUR FOODS PVT LTD/KKBK,,6342.00,212283374.85,S32640386,ICICI
TXN00002129,11/08/26,IMPS-300000002129-GUNTUR SOFTWARE SERVICES-AXIS,,68000.00,212351374.85,2734721303,HDFC
TXN00002130,14/06/26,UPI-HUBLI FERTILISERS PRIVATE LIMITED-HUBLIFERTI@PAYTM-9359039660-PAYMENT FROM HFP,,5700.00,212357074.85,6612307265,HDFC
TXN00002131,21/08/26,RTGS-HDFC0004567-TRICHY DISTRIBUTORS PRIVATE LIMITED-300000002131,,81736.00,212438810.85,1846232528,HDFC
TXN00002132,04-06-2026,UPI/300000002132/ACP/anantapurc@paytm,,16866.00,212455676.85,S75109675,ICICI
TXN00002133,04/07/26,IMPS-300000002133-DHANBAD ENTERPRISES INDIA PRIVATE LIMITED-SBIN,,196483.75,212652160.60,6312418210,HDFC
TXN00002134,26-08-2026,NEFT/ICICR52024560805/CUTTACK BEARINGS LIMITED,,200000.25,212852160.85,S58239569,ICICI
TXN00002135,21-07-2026,RTGS/ICICR52023081306/BHAVNAGAR GARMENTS PRIVATE LIMITED,,200000.25,213052161.10,S19234035,ICICI
TXN00002136,03-08-2026,MMT/IMPS/6837471252/AMRAVATI AGRO EXPO/ICIC ,,20000.00,213072161.10,S33466548,ICICI
TXN00002137,03-07-2026,MMT/IMPS/300000002137/DHANBAD MEDIA PVT LTD/HDFC-,,164802.00,213236963.10,S51839740,ICICI
TXN00002138,02-06-2026,NEFT/ICICR52024560336/INDORE DIAGNOSTICS LIMITED,,188366.00,213425329.10,S95650926,ICICI
TXN00002139,24/06/26,UPI-KRISHNA PRINTERS PVT LTD-KRISHNAPRI@YBL-300000002139,,72000.99,213497330.09,6413230684,HDFC
TXN00002140,25/08/26,NEFT-HDFC0002341-ANANTAPUR ELECTRICALS LLP-300000002140,,25000.00,213522330.09,8123592874,HDFC
TXN00002141,10/06/26,NEFT-HDFC0004567-KOLHAPURFORGINGSLIMITED-300000002141,,7787.00,213530117.09,4670572519,HDFC
TXN00002142,30-08-2026,NEFT-ICICR52024117293-HOSUR INFRAPROJECTS,,24755.50,213554872.59,S72075584,ICICI
TXN00002143,20-07-2026,UPI/300000002143/Payment from/ernakulamg@okhdfcbank/SBIN,,12589.75,213567462.34,S31796090,ICICI
TXN00002144,26-07-2026,NEFT-ICICR52024117742-CHENNAI HANDICRAFTS P LTD,,82578.00,213650040.34,S79234294,ICICI
TXN00002145,11-06-2026,RTGS/ICICR52024560632/chandrapur hospita,,21589.00,213671629.34,S30225407,ICICI
TXN00002146,26/06/26,RTGS-HDFC0000123-BHAVNAGAR CONSTRUCTIONS PRIVATE LIMITED-6926093910,,19000.00,213690629.34,5219602581,HDFC
TXN00002147,13/07/26,UPI-TIRUPUR INFRAPROJECTS AND COMPANY-TIRUPURINF@PAYTM-1697222939,,53000.99,213743630.33,8787352537,HDFC
TXN00002148,17/07/26,NEFT-HDFC0009812-DHANBAD PAPER MILLS PVT-300000002148,,98000.00,213841630.33,5451084058,HDFC
TXN00002149,12/08/26,RTGS-HDFC0009812-AURANGABAD TEXTILES PVT LTD-300000002149,,8249.00,213849879.33,6745348699,HDFC
TXN00002150,14-08-2026,UPI/300000002150/KAE/kanpuragro@okaxis,,41874.00,213891753.33,S85052781,ICICI
TXN00002151,24/06/26,IMPS-300000002151-INDORE PAPER MILLS PVT  LTD-AXIS,,19751.00,213911504.33,9552140496,HDFC
TXN00002152,14-08-2026,UPI/300000002152/Payment from/dehradunco@ybl/SBIN,,5363.00,213916867.33,S76362606,ICICI
TXN00002153,28-06-2026,UPI/300000002153/MCL/mangalorec@ybl,,203000.99,214119868.32,S18996280,ICICI
TXN00002154,31/08/26,NEFT-HDFC0000123-AMRAVATI AUTO COMPONENTS PVT LTD-1863076986,,82590.75,214202459.07,5003961351,HDFC
TXN00002155,08-06-2026,MMT/IMPS/2285883197/Haldia Cables Private Limited/HDFC,,15807.00,214218266.07,S54751230,ICICI
TXN00002156,11/08/26,RTGS-HDFC0009812-AMRAVATI INDUSTRIES INDIA PRIVATE LIMITED-300000002156,,125000.00,214343266.07,5790755473,HDFC
TXN00002157,10/06/26,NEFT-HDFC0002341-AMRAVATI DIAGNOSTICS LIMITED-300000002157,,26658.00,214369924.07,7064199634,HDFC
TXN00002158,31-08-2026,RTGS/ICICR52023081564/Bhopal Software  Services,,137000.00,214506924.07,S59313187,ICICI
TXN00002159,09-08-2026,BIL/ONL/9672229635/GII,,48573.99,214555498.06,S61562837,ICICI
TXN00002160,18-08-2026,UPI/300000002160/BPM/bhavnagarp@ybl,,36160.00,214591658.06,S38618543,ICICI
TXN00002161,05/08/26,UPI-ANANTAPUR ENGINEERING-ANANTAPURE@OKAXIS-300000002161-PAYMENT FROM AEP,,107674.50,214699332.56,1594239820,HDFC
TXN00002162,01-06-2026,NEFT/ICICR52023081295/Haldia Fabricators And Company,,123000.00,214822332.56,S89839001,ICICI
TXN00002163,21/06/26,UPI-BHILAI  HOSPITALITY-BHILAIHOSP@APL-3441219973,,149000.75,214971333.31,6923460614,HDFC
TXN00002164,27-06-2026,UPI/8862890646/CML/chandrapur@ibl,,75000.00,215046333.31,S86252594,ICICI
TXN00002165,28/07/26,NEFT CR-HDFC0000123-ANANTAPUR AUTO COMPONENTS-UTR300000002165,,209000.00,215255333.31,5622659819,HDFC
TXN00002166,03/06/26,UPI-AURANGABAD CABLES-AURANGABAD@APL-300000002166,,60000.50,215315333.81,7994506149,HDFC
TXN00002167,25-06-2026,UPI/300000002167/ASL/amravatisp@paytm,,39835.25,215355169.06,S34953778,ICICI
TXN00002168,27/06/26,NEFT-HDFC0002341-BHAVNAGAR MEDIA PVT LTD-300000002168,,78429.50,215433598.56,7884464477,HDFC
TXN00002169,25/07/26,UPI-GANDHINAGARELECTRICALSLLP-GANDHINAGA@IBL-2710804413-PAYMENT FROM GEL,,19098.00,215452696.56,8347371937,HDFC
TXN00002170,11/06/26,NEFT CR-HDFC0009812-AMRAVATI BEARINGS-UTR300000002170,,15929.00,215468625.56,4308281135,HDFC
TXN00002171,11/06/26,RTGS-HDFC0009812-AURANGABAD COLD-300000002171,,63478.25,215532103.81,3689197319,HDFC
TXN00002172,06/06/26,IMPS-7797058166-TRICHY PAPER MILLS-UTIB,,25000.00,215557103.81,7304064341,HDFC
TXN00002173,12-08-2026,UPI/300000002173/TII/trichyindu@ibl,,33426.00,215590529.81,S46339848,ICICI
TXN00002174,12/07/26,IMPS-300000002174-AMRAVATI REFRACTORIES LIMITED-HDFC,,244066.00,215834595.81,9951438831,HDFC
TXN00002175,22/08/26,UPI-HOSUR SOFTWARE SER-HOSURSOFTW@OKAXIS-9415895766-PAYMENT FROM HSS,,15000.00,215849595.81,1025654544,HDFC
TXN00002176,23-07-2026,NEFT-ICICR52024117346-HOSUR TRADERS INDIA  PRIVATE LIMITED,,136000.25,215985596.06,S52967810,ICICI
TXN00002177,21-06-2026,NEFT/ICICR52024117422/CHANDRAPUR CABLES,,36541.00,216022137.06,S25920961,ICICI
TXN00002178,01/08/26,IMPS-3786931829-BHILAI  FOODS PVT LTD-HDFC,,7069.75,216029206.81,5057025971,HDFC
TXN00002179,16/07/26,ACH C-AMRAVATICERAMICSPVTLTD-3310051469,,40576.00,216069782.81,6937993272,HDFC
TXN00002180,23-08-2026,RTGS/ICICR52023994610/AMRAVATI AUTO COMPONENTS PVT LTD-,,9533.00,216079315.81,S11694314,ICICI
TXN00002181,26/06/26,UPI-GODAVARI TEX-GODAVARITE@YBL-300000002181,,14099.25,216093415.06,6622687493,HDFC
TXN00002182,23/07/26,UPI-DEHRADUN CASTINGS LLP-DEHRADUNCA@YBL-3615903317,,63158.00,216156573.06,2563499140,HDFC
TXN00002183,28-07-2026,RTGS/ICICR52024560418/GWALIOR CERA,,10000.00,216166573.06,S96029716,ICICI
TXN00002184,06-08-2026,BIL/ONL/5534422636/TPA,,75996.00,216242569.06,S21132263,ICICI
TXN00002185,06-06-2026,UPI/4010047160/KPP/kakinadapo@ybl,,52389.50,216294958.56,S62394388,ICICI
TXN00002186,15/06/26,UPI-BHILAI PRINTERS PVT LTD-BHILAIPRIN@APL-8748897411-PAYMENT FROM BPP,,33497.00,216328455.56,7083930090,HDFC
TXN00002187,26-07-2026,MMT/IMPS/4531235474/bhavnagar motors pri/HDFC,,143000.00,216471455.56,S12374684,ICICI
TXN00002188,26-07-2026,BIL/ONL/300000002188/HTI,,43172.00,216514627.56,S96652645,ICICI
TXN00002189,28/07/26,RTGS-HDFC0002341-ANANTAPUR MOTORS PRIVATE LIMITED-300000002189,,200000.00,216714627.56,9867165077,HDFC
TXN00002190,03-06-2026,UPI/300000002190/AFP/anantapurf@paytm,,56104.00,216770731.56,S10054319,ICICI
TXN00002191,28-08-2026,BIL/ONL/3420763916/AFP,,281000.00,217051731.56,S89843334,ICICI
TXN00002192,07-07-2026,UPI/300000002192/JFP/jamnagarfe@apl,,50205.00,217101936.56,S90225481,ICICI
TXN00002193,26-06-2026,UPI/300000002193/Payment from/bhilaifert@okaxis/UTIB,,23433.00,217125369.56,S31992370,ICICI
TXN00002194,15/07/26,NEFT-HDFC0009812-KANPUR CHEMI-6950477893,,14331.99,217139701.55,2981272872,HDFC
TXN00002195,22-06-2026,UPI/300000002195/Payment from/bhopalente@okaxis/AXIS,,42000.00,217181701.55,S68715559,ICICI
TXN00002196,29/06/26,ACH C-HALDIA INFRA-300000002196,,125000.50,217306702.05,5230659540,HDFC
TXN00002197,15/06/26,NEFT-HDFC0000123-MEERUT POLYMERS PRIVATE LIMITED-300000002197,,8798.00,217315500.05,2598694711,HDFC
TXN00002198,22/06/26,UPI-AMRAVATI  CER-AMRAVATICE@PAYTM-6769991236,,125000.00,217440500.05,6774081622,HDFC
TXN00002199,28/07/26,ACH C-MANGALORE FOODS PVT LTD-300000002199,,36589.75,217477089.80,4008747030,HDFC
TXN00002200,23/07/26,UPI-AURANGABAD SPINN-AURANGABAD@OKHDFCBANK-300000002200-PAYMENT FROM ASL,,45036.00,217522125.80,7100759868,HDFC
TXN00002201,27-06-2026,UPI/300000002201/Payment from/calicutpol@ibl/SBIN,,24532.00,217546657.80,S68920059,ICICI
TXN00002202,24-06-2026,NEFT-ICICR52023081508-cuttack chemicals india,,131821.00,217678478.80,S75838398,ICICI
TXN00002203,31-07-2026,MMT/IMPS/8151715207/TIRUPUR TRANSPORT AND COMPANY/AXIS,,20000.00,217698478.80,S20381557,ICICI
TXN00002204,24/06/26,RTGS-HDFC0002341-SOLAPUR FOODS PVT LTD-300000002204,,5002.00,217703480.80,5087249359,HDFC
TXN00002205,09-07-2026,NEFT-ICICR52023081454-BELGAUM CERAMICS PVT,,55010.00,217758490.80,S19629598,ICICI
TXN00002206,20/08/26,ACH C-GWALIORPRINTERSPVTLTD-300000002206,,267000.00,218025490.80,4387345874,HDFC
TXN00002207,30-07-2026,NEFT-ICICR52023994495-CHANDRAPUR INFRAPROJECTS AND COMPANY,,15556.00,218041046.80,S90677784,ICICI
TXN00002208,16/06/26,IMPS-300000002208-BELGAUM SPINNERS LLP-UTIB,,47114.75,218088161.55,1614720122,HDFC
TXN00002209,29-07-2026,RTGS/ICICR52023081292/Jalandhar Cables P Ltd,,20289.75,218108451.30,S83792447,ICICI
TXN00002210,21-08-2026,UPI/300000002210/KSL/kakinadasp@paytm,,9718.75,218118170.05,S24365161,ICICI
TXN00002211,05-07-2026,UPI/300000002211/Payment from/nashikgarm@ibl/HDFC,,10000.00,218128170.05,S36633710,ICICI
TXN00002212,15/07/26,UPI-TIRUPUR PHARMACEUTICALS INDIA PRIVATE LIMITED-TIRUPURPHA@APL-5165544547,,103882.00,218232052.05,9774098426,HDFC
TXN00002213,27/08/26,NEFT-HDFC0000123-SILIGURI LOGISTICS PRIVATE LIMITED-7475992550,,21413.25,218253465.30,4608705574,HDFC
TXN00002214,09/08/26,ACH C-HUBLI LOGISTICS PRIVATE LIMITED-300000002214,,42218.00,218295683.30,2232373360,HDFC
TXN00002215,21/08/26,UPI-AMRAVATI HANDICR-AMRAVATIHA@OKHDFCBANK-300000002215-PAYMENT FROM AHL,,6020.00,218301703.30,8503261914,HDFC
TXN00002216,19/08/26,RTGS-HDFC0009812-CUTTACK CAST-5936017325,,4012.75,218305716.05,5808162155,HDFC
TXN00002217,28-07-2026,UPI/300000002217/Payment from/amravatico@ybl/ICIC,,15579.00,218321295.05,S65729326,ICICI
TXN00002218,22-06-2026,NEFT/ICICR52023994625/Kanpur Metals Limited,,13992.00,218335287.05,S86844928,ICICI
TXN00002219,19-06-2026,NEFT-ICICR52023081863-AMRAVATI  AGRO EXPORTS,,17319.00,218352606.05,S68903290,ICICI
TXN00002220,03-07-2026,NEFT-ICICR52024117863-Kolhapur Software,,63436.00,218416042.05,S29266424,ICICI
TXN00002221,10/06/26,NEFT CR-HDFC0000123-AMRAVATI  PLASTICS AND COMPANY-UTR300000002221/,,14000.00,218430042.05,6838406829,HDFC
TXN00002222,20/07/26,NEFT-HDFC0002341-UDAIPUR DIAGNOSTICS LIMITED-300000002222,,5000.00,218435042.05,9180028030,HDFC
TXN00002223,10-06-2026,NEFT-ICICR52023081344-amravati polymers private limited,,150000.00,218585042.05,S55670381,ICICI
TXN00002224,10/06/26,UPI-AMRAVATI AGRO EXPORTS PRIVATE LIMITED-AMRAVATIAG@IBL-8789539025-PAYMENT FROM AAE,,41372.00,218626414.05,8351495111,HDFC
TXN00002225,02/06/26,IMPS-300000002225-BHILAI FOODS PVT LTD-AXIS,,97809.00,218724223.05,1774997371,HDFC
TXN00002226,02/08/26,UPI-BELGAUM AGRO EXPORTS PRIVATE LIMITED-BELGAUMAGR@OKHDFCBANK-300000002226-PAYMENT FROM BAE,,13112.00,218737335.05,9586560432,HDFC
TXN00002227,17-07-2026,NEFT/ICICR52023994620/VARANASI PRINTERS,,7099.00,218744434.05,S27232834,ICICI
TXN00002228,13/07/26,RTGS-HDFC0000123-BHAVNAGAR SOFTWARE SERVICES PRIVATE LIMITED-7274637347,,81371.25,218825805.30,6122093879,HDFC
TXN00002229,22/08/26,NEFT CR-HDFC0000123-AMRAVATI AUTO COMP-UTR300000002229,,30812.00,218856617.30,8472615208,HDFC
TXN00002230,02/07/26,NEFT CR-HDFC0002341-UDAIPUR REFRACTORIES-UTR300000002230,,160003.99,219016621.29,9753424361,HDFC
TXN00002231,18-08-2026,UPI/300000002231/AGP/amravatiga@okhdfcbank,,12431.00,219029052.29,S23466044,ICICI
TXN00002232,14-06-2026,UPI/9685974764/ACL/amravatica@apl,,11155.00,219040207.29,S45145140,ICICI
TXN00002233,14/08/26,UPI-DEHRADUN PACKAGING LLP-DEHRADUNPA@IBL-300000002233-PAYMENT FROM DPL,,7750.00,219047957.29,1728343008,HDFC
TXN00002234,21/06/26,RTGS-HDFC0009812-AMRAVATI AGRO EXPO-8632573164,,59321.00,219107278.29,9758245850,HDFC
TXN00002235,13-06-2026,BIL/ONL/9195127843/CMP,,7010.00,219114288.29,S35221070,ICICI
TXN00002236,31-07-2026,NEFT/ICICR52024560992/AMRAVATI ENTERPRISES INDIA PRIVATE LIMITED,,3582.00,219117870.29,S52861908,ICICI
TXN00002237,07/07/26,NEFT-HDFC0004567-BHOPAL TRANS-300000002237,,6915.00,219124785.29,1034475778,HDFC
TXN00002238,21/06/26,NEFT-HDFC0002341-AMRAVATICERAMICSPVTLTD-300000002238,,49354.00,219174139.29,6627483402,HDFC
TXN00002239,26-06-2026,RTGS/ICICR52023994627/CUTTACK PLASTICS AND COMPANY,,18818.00,219192957.29,S34846737,ICICI
TXN00002240,06-08-2026,RTGS/ICICR52024117486/HOSUR ELECTRICALS,,1575.00,219194532.29,S25861825,ICICI
TXN00002241,30-07-2026,MMT/IMPS/8444621162/BHAVNAGAR INFRAPROJECTS AND COMPANY/UTIB,,50270.99,219244803.28,S72274156,ICICI
TXN00002242,03/06/26,RTGS-HDFC0004567-CHANDRAPUR FERTILISERS PRIVATE LIMITED-3039937426,,41634.00,219286437.28,6049646750,HDFC
TXN00002243,24-08-2026,NEFT/ICICR52024560998/CHANDRAPUR PLASTICS AND COMPANY,,17406.00,219303843.28,S10406906,ICICI
TXN00002244,22/08/26,IMPS-300000002244-GODAVARI DIAGNOSTICS LIMITED-AXIS,,9399.00,219313242.28,9826843917,HDFC
TXN00002245,16-08-2026,RTGS/ICICR52023994970/CHENNAI REFR,,10000.00,219323242.28,S48288068,ICICI
TXN00002246,10-07-2026,RTGS/ICICR52023081527/COIMBATORE PLAST,,17659.50,219340901.78,S62586052,ICICI
TXN00002247,19/07/26,NEFT-HDFC0002341-SURAT LOGISTICS-7004940196,,5000.00,219345901.78,5805075467,HDFC
TXN00002248,15-08-2026,NEFT/ICICR52024117276/AMRAVATI CONSTRUCTIONS PRIVATE LIMITED,,171000.00,219516901.78,S88198258,ICICI
TXN00002249,11-07-2026,UPI/4913956937/Payment from/godavariso@paytm/SBIN,,10000.00,219526901.78,S34600786,ICICI
TXN00002250,25-07-2026,UPI/300000002250/STI/solapurtra@ibl,,26659.00,219553560.78,S17315487,ICICI
TXN00002251,13-07-2026,NEFT/ICICR52024560597/BHOPAL METALS P LTD,,107000.00,219660560.78,S37912517,ICICI
TXN00002252,08/07/26,ACH C-ANANTAPUR POLYMERS PRIVATE LIMITED-300000002252,,176000.00,219836560.78,7531513968,HDFC
TXN00002253,05/07/26,NEFT-HDFC0000123-AMRAVATI AGRO EXPORTS PRIVATE LIMITED-300000002253,,24213.00,219860773.78,4233514498,HDFC
TXN00002254,20/08/26,UPI-SURAT REFRACTORIES-SURATREFRA@OKAXIS-300000002254,,242000.00,220102773.78,1945017172,HDFC
TXN00002255,30/08/26,NEFT-HDFC0009812-MYSORE  FERTILISE-6024947317,,43324.00,220146097.78,2717905297,HDFC
TXN00002256,31/07/26,UPI-HALDIA CONSTRUCTIO-HALDIACONS@PAYTM-300000002256-PAYMENT FROM HCP,,3040.00,220149137.78,8981132882,HDFC
TXN00002257,07-07-2026,UPI/3364857485/Payment from/hublitrade@okaxis/UTIB,,30796.00,220179933.78,S83470801,ICICI
TXN00002258,01-06-2026,NEFT-ICICR52024117358-AMRAVATI HANDICRAFTS LLP,,12000.00,220191933.78,S84653674,ICICI
TXN00002259,09-07-2026,UPI/300000002259/Payment from/indorefabr@okaxis/SBIN,,50853.00,220242786.78,S10469298,ICICI
TXN00002260,25/06/26,UPI-BELGAUM FORGINGS L-BELGAUMFOR@PAYTM-300000002260,,82676.00,220325462.78,7887725469,HDFC
TXN00002261,18/06/26,UPI-CHANDRAPUR CABLES PRIVATE LIMITED-CHANDRAPUR@OKHDFCBANK-1744270008-PAYMENT FROM CCP,,101018.00,220426480.78,9013930707,HDFC
TXN00002262,16/06/26,RTGS-HDFC0000123-CUTTACK CASTINGS PVT-300000002262,,32748.99,220459229.77,9608461234,HDFC
TXN00002263,25/06/26,IMPS-300000002263-CHANDRAPUR SPINNER-KKBK,,224794.75,220684024.52,3491955912,HDFC
TXN00002264,23-06-2026,NEFT-ICICR52024117272-Amravati Industries India Private Limited,,5000.50,220689025.02,S32915898,ICICI
TXN00002265,02-06-2026,MMT/IMPS/300000002265/AURANGABAD FORGING/KKBK,,18503.00,220707528.02,S59550291,ICICI
TXN00002266,16/06/26,UPI-KRISHNA LOGISTICS PRIVATE LIMITED-KRISHNALOG@YBL-8256869844,,10000.00,220717528.02,4857145018,HDFC
TXN00002267,31/07/26,UPI-ANANTAPUR ENGINEERIN-ANANTAPURE@APL-300000002267-PAYMENT FROM AEP,,257000.50,220974528.52,8131208599,HDFC
TXN00002268,14-08-2026,MMT/IMPS/300000002268/GANDHINAGAR METALS LIMITED/AXIS,,75000.50,221049529.02,S96464447,ICICI
TXN00002269,30-06-2026,RTGS/ICICR52023994645/HOSUR PRINTERS PVT,,64512.00,221114041.02,S66433843,ICICI
TXN00002270,10/08/26,IMPS-300000002270-ANANTAPUR HOSPITALITY PVT-UTIB,,29326.00,221143367.02,8344243787,HDFC
TXN00002271,21-07-2026,NEFT/ICICR52023081680/belgaum agro exp,,60013.00,221203380.02,S10644252,ICICI
TXN00002272,05-07-2026,UPI/300000002272/Payment from/nashikcast@apl/UTIB,,85000.00,221288380.02,S18732048,ICICI
TXN00002273,11-08-2026,MMT/IMPS/300000002273/UDAIPUR REFRACTORIES/KKBK,,95241.00,221383621.02,S14490826,ICICI
TXN00002274,10/08/26,UPI-SOLAPUR METALS-SOLAPURMET@OKHDFCBANK-300000002274-,,9986.00,221393607.02,7144531614,HDFC
TXN00002275,10-06-2026,UPI/300000002275/Payment from/amravatiag@okhdfcbank/UTIB,,150000.00,221543607.02,S57495176,ICICI
TXN00002276,27-07-2026,MMT/IMPS/300000002276/HALDIA POLYMERS PRIVATE LIMITED/AXIS,,67368.00,221610975.02,S26671355,ICICI
TXN00002277,23/06/26,UPI-AMRAVATI AGRO EXPORTS PRIVATE LIMITED-AMRAVATIAG@OKAXIS-5813233039,,31638.50,221642613.52,1489508997,HDFC
TXN00002278,24/07/26,NEFT CR-HDFC0002341-GODAVARI POLYMERS-UTR300000002278,,70392.99,221713006.51,7061459665,HDFC
TXN00002279,17-07-2026,UPI/4629499902/Payment from/chandrapur@ybl/KKBK,,60000.00,221773006.51,S96553522,ICICI
TXN00002280,16/06/26,ACH C-AURANGABAD GARMENTS PRIVATE LIMITED-7028841479,,14535.50,221787542.01,2277780832,HDFC
TXN00002281,17-08-2026,UPI/300000002281/AAE/amravatiag@okaxis,,299979.00,222087521.01,S15720440,ICICI
TXN00002282,18-06-2026,UPI/300000002282/Payment from/gwaliorpha@paytm/AXIS,,72086.00,222159607.01,S37382471,ICICI
TXN00002283,28/07/26,UPI-AMRAVATI DISTRIB-AMRAVATIDI@APL-300000002283-PAYMENT FROM ADP,,10339.50,222169946.51,2326582038,HDFC
TXN00002284,15/06/26,UPI-JODHPUR TEXTILES-JODHPURTEX@OKAXIS-300000002284-PAYMENT FROM JTP,,125000.00,222294946.51,1647124197,HDFC
TXN00002285,07-08-2026,BIL/ONL/300000002285/BGP,,20484.00,222315430.51,S72592632,ICICI
TXN00002286,14/07/26,NEFT-HDFC0004567-AMRAVATI AGRO EXPORTS PRIVATE LIMITED-300000002286,,53135.00,222368565.51,4063773386,HDFC
TXN00002287,01/08/26,RTGS-HDFC0004567-DHANBAD HOSPITALITY PVT-300000002287,,176000.00,222544565.51,9453075417,HDFC
TXN00002288,01-06-2026,RTGS/ICICR52024560418/BELGAUM FABRICATORS AND COMPANY,,89000.00,222633565.51,S57727084,ICICI
TXN00002289,09-06-2026,RTGS/ICICR52023081531/RAIPUR CHEMICALS INDIA PRIVATE LIMITED,,12388.25,222645953.76,S16370931,ICICI
TXN00002290,28/08/26,UPI-GODAVARI AUTO COMPONENTS PVT LTD-GODAVARIAU@YBL-2685177024,,29701.00,222675654.76,8851422954,HDFC
TXN00002291,12/08/26,IMPS-1035048768-NASHIK DIAGNOSTI-SBIN,,14636.00,222690290.76,5390405226,HDFC
TXN00002292,01-08-2026,BIL/ONL/300000002292/JDL,,27931.00,222718221.76,S49654111,ICICI
TXN00002293,27/08/26,RTGS-HDFC0000123-BELGAUM FOODS PVT LTD-300000002293,,233000.00,222951221.76,8211367632,HDFC
TXN00002294,11-07-2026,NEFT/ICICR52023081816/godavari auto components pvt ltd,,49398.00,223000619.76,S72205727,ICICI
TXN00002295,01-08-2026,RTGS/ICICR52023994430/AMRAVATI ENTERPR,,153266.00,223153885.76,S95560075,ICICI
TXN00002296,23-06-2026,UPI/300000002296/RML/raipurmeta@ibl,,38140.99,223192026.75,S74273808,ICICI
TXN00002297,26/08/26,IMPS-300000002297-BELGAUMFORGINGSLIMITED-AXIS,,130777.00,223322803.75,9329393465,HDFC
TXN00002298,15-07-2026,RTGS/ICICR52024560823/BELGAUM ENTERPRISE,,201000.00,223523803.75,S33776877,ICICI
TXN00002299,18/07/26,UPI-AURANGABAD METALS LIMITED-AURANGABAD@PAYTM-300000002299-PAYMENT FROM AML,,61253.00,223585056.75,6418572387,HDFC
TXN00002300,23/08/26,RTGS-HDFC0004567-AURANGABAD TRANS-2052464423,,2000.00,223587056.75,1170004678,HDFC
TXN00002301,16/08/26,RTGS-HDFC0000123-HUBLI POLYMERS PRIVATE LIMITED-7220687264,,39983.00,223627039.75,6245800207,HDFC
TXN00002302,27/08/26,NEFT CR-HDFC0004567-HALDIA PRINTERS-UTR300000002302,,210000.00,223837039.75,6405011601,HDFC
TXN00002303,22-08-2026,NEFT-ICICR52023994872-BHOPAL AUTO/ ,,32000.00,223869039.75,S60328813,ICICI
TXN00002304,25-08-2026,NEFT-ICICR52024560155-aurangabad spinners,,52000.00,223921039.75,S77497192,ICICI
TXN00002305,10-08-2026,UPI/300000002305/Payment from/aurangabad@paytm/SBIN,,198855.00,224119894.75,S14293485,ICICI
TXN00002306,26-07-2026,BIL/ONL/300000002306/API,,16067.25,224135962.00,S34589382,ICICI
TXN00002307,14-08-2026,RTGS/ICICR52023994890/GUNTUR AGRO EXPORTS PRIVATE LIMITED,,3000.99,224138962.99,S45599579,ICICI
TXN00002308,07-06-2026,RTGS/ICICR52023994967/AMRAVATI LOGISTICS PRIVATE LIMITED,,11212.00,224150174.99,S91856140,ICICI
TXN00002309,31/07/26,RTGS-HDFC0002341-DHANBAD ELECTRICALS-300000002309,,20000.50,224170175.49,7793734097,HDFC
TXN00002310,13/08/26,UPI-CALICUTLOGISTICSPRIVATELIMITED-CALICUTLOG@OKHDFCBANK-7256582502,,199163.00,224369338.49,8451704043,HDFC
TXN00002311,14/06/26,UPI-JAMNAGAR FORGINGS LIMITED-JAMNAGARFO@YBL-300000002311-PAYMENT FROM JFL,,8594.00,224377932.49,7537600169,HDFC
TXN00002312,27/06/26,NEFT CR-HDFC0000123-AURANGABAD GARMENTS PRIVATE LIMITED-UTR5585390236-,,11700.00,224389632.49,8073589247,HDFC
TXN00002313,02/08/26,NEFT-HDFC0004567-KOLHAPUR  PAP-300000002313,,68771.00,224458403.49,9697633406,HDFC
TXN00002314,07/07/26,UPI-CHANDRAPUR PHARMACEUTICALS  INDIA P LTD-CHANDRAPUR@PAYTM-300000002314-PAYMENT FROM CPI,,14639.00,224473042.49,4702324451,HDFC
TXN00002315,29/08/26,UPI-CHANDRAPURCERAMICSPVTLTD-CHANDRAPUR@IBL-300000002315-PAYMENT FROM CCP,,63422.50,224536464.99,9790930341,HDFC
TXN00002316,13/07/26,UPI-AMRAVATI LOGISTICS PRIVATE LIMITED-AMRAVATILO@APL-300000002316-PAYMENT FROM ALP,,79674.00,224616138.99,9195628691,HDFC
TXN00002317,16-08-2026,NEFT-ICICR52024560121-GANDHINAGAR AGRO,,151000.99,224767139.98,S29670041,ICICI
TXN00002318,08/08/26,NEFT CR-HDFC0004567-AMRAVATI AGRO EXPORTS PRIVATE LIMITED-UTR300000002318,,4398.00,224771537.98,5739471607,HDFC
TXN00002319,25/06/26,IMPS-300000002319-GANDHINAGARENGINEERINGPVTLTD-ICIC,,100000.50,224871538.48,3866842393,HDFC
TXN00002320,25/08/26,NEFT-HDFC0002341-ANANTAPUR MEDIA PV-300000002320,,28888.50,224900426.98,2718077571,HDFC
TXN00002321,29/08/26,RTGS-HDFC0002341-AMRAVATI FERTILISERS PRIVATE LIMITED-300000002321,,8354.00,224908780.98,2091991299,HDFC
TXN00002322,29/06/26,UPI-PANIPATENGINEERINGPVTLTD-PANIPATENG@YBL-300000002322-PAYMENT FROM PEP,,63787.00,224972567.98,2058806640,HDFC
TXN00002323,02-08-2026,MMT/IMPS/6657244422/GODAVARI ELECTRICALS LLP/SBIN,,6507.00,224979074.98,S89164920,ICICI
TXN00002324,13-07-2026,NEFT-ICICR52024560720-SURAT SPINNERS,,75000.25,225054075.23,S14828976,ICICI
TXN00002325,30/07/26,UPI-NAGPUR CONTAINERS  PVT LTD-NAGPURCONT@APL-5048254700,,74054.00,225128129.23,6976254206,HDFC
TXN00002326,07-06-2026,BIL/ONL/300000002326/CCI,,127000.00,225255129.23,S79155032,ICICI
TXN00002327,01/07/26,NEFT-HDFC0000123-AMRAVATI AUTO COMPONENTS PVT LTD-300000002327,,30000.50,225285129.73,3686008135,HDFC
TXN00002328,19-07-2026,BIL/ONL/300000002328/AAC,,69816.00,225354945.73,S83210316,ICICI
TXN00002329,30-06-2026,RTGS/ICICR52024117995/Amravaticoldstorageandcompany/,,14486.99,225369432.72,S14191406,ICICI
TXN00002330,06/06/26,RTGS-HDFC0002341-AURANGABAD AGRO EXPORTS PRIVATE LIMITED-300000002330,,10665.00,225380097.72,6396200741,HDFC
TXN00002331,15/07/26,NEFT CR-HDFC0002341-KRISHNA TEXTILES-UTR4207882164,,9112.00,225389209.72,1070867819,HDFC
TXN00002332,29/08/26,UPI-AMRAVATIHANDICRAFTSLLP-AMRAVATIHA@OKAXIS-1632179598,,47216.00,225436425.72,6953249679,HDFC
TXN00002333,28/07/26,RTGS-HDFC0009812-SOLAPURTEXTILESPVTLTD-300000002333,,82000.00,225518425.72,9386537543,HDFC
TXN00002334,10-06-2026,BIL/ONL/300000002334/RFP,,226000.00,225744425.72,S31245020,ICICI
TXN00002335,04/06/26,UPI-ERNAKULAM PL-ERNAKULAMP@OKAXIS-3321119847-PAYMENT FROM EPA,,15277.00,225759702.72,9893580631,HDFC
TXN00002336,10/06/26,RTGS-HDFC0009812-COIMBATORE PACKAGING LLP-8080094362,,296775.00,226056477.72,8596610995,HDFC
TXN00002337,24-06-2026,RTGS/ICICR52024560560/PANIPAT PAPER MILLS PVT LTD,,103399.00,226159876.72,S10770585,ICICI
TXN00002338,19-08-2026,BIL/ONL/300000002338/HCP,,112000.00,226271876.72,S85661574,ICICI
TXN00002339,11-06-2026,UPI/300000002339/AAE/amravatiag@okaxis,,15000.00,226286876.72,S53571402,ICICI
TXN00002340,05/08/26,NEFT-HDFC0000123-JALANDHAR PRINTERS PVT LTD-300000002340/,,47736.00,226334612.72,1799724854,HDFC
TXN00002341,23-08-2026,NEFT-ICICR52023081297-CUTTACK REFRACTORIES LIMITED,,30000.00,226364612.72,S45767759,ICICI
TXN00002342,03/08/26,IMPS-300000002342-AMRAVATI AUTO COMPONENTS-SBIN,,19245.00,226383857.72,9507836004,HDFC
TXN00002343,13-08-2026,BIL/ONL/300000002343/UTA,,47678.00,226431535.72,S33433631,ICICI
TXN00002344,15/07/26,RTGS-HDFC0002341-CUTTACK CHEMICAL-4286895198,,27544.00,226459079.72,8770206434,HDFC
TXN00002345,09-08-2026,UPI/300000002345/Payment from/rajkotlogi@okhdfcbank/HDFC,,188921.00,226648000.72,S64641736,ICICI
TXN00002346,03/08/26,NEFT-HDFC0000123-AMRAVATISPINNERSLLP-300000002346,,200000.00,226848000.72,5590970000,HDFC
TXN00002347,16-08-2026,MMT/IMPS/300000002347/GODAVARI AUTO COMPONENTS/ICIC,,162827.00,227010827.72,S54025748,ICICI
TXN00002348,15/08/26,RTGS-HDFC0004567-HUBLI FORGINGS LIMITED-8021162265/ ,,25000.00,227035827.72,5437859483,HDFC
TXN00002349,15/06/26,RTGS-HDFC0004567-AMRAVATI AGRO EXPORTS  PVT-6697717616,,35605.00,227071432.72,2705399441,HDFC
TXN00002350,03/08/26,IMPS-4604055078-JAMNAGAR PACKAGING LLP-UTIB,,2682.00,227074114.72,1335220703,HDFC
TXN00002351,11/07/26,UPI-DEHRADUNHANDICRAFTSLLP-DEHRADUNHA@APL-300000002351-PAYMENT FROM DHL-,,20671.00,227094785.72,3876943964,HDFC
TXN00002352,23/06/26,RTGS-HDFC0004567-AURANGABAD PACKAGING LLP-300000002352,,29146.50,227123932.22,2644173973,HDFC
TXN00002353,18/07/26,UPI-BHAVNAGAR PAPER MI-BHAVNAGARP@APL-300000002353-PAYMENT FROM BPM,,12194.00,227136126.22,1690016093,HDFC
TXN00002354,06/08/26,IMPS-300000002354-CHANDRAPUR COLD STORAGE AND COMPANY-UTIB,,276000.00,227412126.22,6986375440,HDFC
TXN00002355,29/08/26,RTGS-HDFC0000123-BHOPAL  CONTA-7009461232,,500000.00,227912126.22,6398034977,HDFC
TXN00002356,05-08-2026,UPI/300000002356/Payment from/hosurbeari@ybl/KKBK,,88660.50,228000786.72,S59449217,ICICI
TXN00002357,01-08-2026,BIL/ONL/300000002357/ATP,,300000.50,228300787.22,S73673985,ICICI
TXN00002358,09-07-2026,NEFT/ICICR52023081566/NAGPUR LOGISTICS PRIVATE LIMITED,,250000.00,228550787.22,S37506105,ICICI
TXN00002359,19-07-2026,UPI/300000002359/Payment from/anantapurc@okhdfcbank/HDFC,,35873.00,228586660.22,S64808261,ICICI
TXN00002360,26-08-2026,RTGS/ICICR52024117468/HOSURCASTINGSLLP,,50214.99,228636875.21,S12254195,ICICI
TXN00002361,28/08/26,NEFT-HDFC0009812-AMRAVATI BEARINGS-7753234726,,15000.00,228651875.21,8987988107,HDFC
TXN00002362,11/07/26,UPI-TIRUPUR FERTILIS-TIRUPURFER@APL-300000002362-PAYMENT FROM TFP/ ,,291000.00,228942875.21,5047747012,HDFC
TXN00002363,25-07-2026,UPI/300000002363/Payment from/amravatibe@apl/SBIN,,167166.00,229110041.21,S79419555,ICICI
TXN00002364,23/08/26,ACH C-BHAVNAGARINDUSTRIESINDIAPRIVATELIMITED-300000002364,,30000.00,229140041.21,5436499197,HDFC
TXN00002365,02-07-2026,NEFT/ICICR52023994633/Udaipur Motors  Pri,,5789.00,229145830.21,S69949857,ICICI
TXN00002366,09/08/26,IMPS-5842563267-BHAVNAGAR PHARMACEUTICALS INDIA PRIVATE LIMITED-ICIC,,76339.00,229222169.21,4178814081,HDFC
TXN00002367,24/07/26,UPI-NARMADA TEXT-NARMADATEX@IBL-9955393667-PAYMENT FROM NTP,,2000.00,229224169.21,4873268976,HDFC
TXN00002368,06/06/26,UPI-HALDIA TEXTILES PVT LTD-HALDIATEXT@OKHDFCBANK-300000002368-PAYMENT FROM HTP,,60000.00,229284169.21,6979856029,HDFC
TXN00002369,22-07-2026,NEFT/ICICR52024117606/belgaum bearings limited,,9832.99,229294002.20,S38210882,ICICI
TXN00002370,19/08/26,UPI-AMRAVATI FERTILISERS-AMRAVATIFE@IBL-300000002370-PAYMENT FROM AFP,,209000.75,229503002.95,2235862138,HDFC
TXN00002371,04/08/26,RTGS-HDFC0004567-JALANDHAR CABLES P-6210412302,,20885.00,229523887.95,3005575099,HDFC
TXN00002372,27/07/26,IMPS-300000002372-GANDHINAGARREFRACTORIESLIMITED-UTIB,,29294.00,229553181.95,9712481543,HDFC
TXN00002373,15/06/26,UPI-ANANTAPUR GARMENTS PRIVATE LIMITED-ANANTAPURG@YBL-300000002373-PAYMENT FROM AGP,,19468.00,229572649.95,6655802152,HDFC
TXN00002374,13/06/26,NEFT-HDFC0000123-AMRAVATI CABLES PRIVATE LIMITED-4803492387,,40651.00,229613300.95,9898781512,HDFC
TXN00002375,26-07-2026,BIL/ONL/300000002375/CTI,,79536.50,229692837.45,S93884463,ICICI
TXN00002376,21/06/26,UPI-JAMNAGAR REFRACTORIES LIMITED-JAMNAGARRE@OKAXIS-300000002376-PAYMENT FROM JRL,,18445.00,229711282.45,2058367805,HDFC
TXN00002377,05-06-2026,BIL/ONL/300000002377/BEI,,62954.50,229774236.95,S38122857,ICICI
TXN00002378,22/07/26,IMPS-300000002378-JODHPUR CABLES PRIVATE LIMITED-SBIN,,15000.00,229789236.95,3350319800,HDFC
TXN00002379,27/07/26,ACH C-ANANTAPUR CH-9299599450,,125000.00,229914236.95,8222952560,HDFC
TXN00002380,25/06/26,RTGS-HDFC0000123-HALDIA SPINNERS LLP-4567633861,,7870.00,229922106.95,7519904892,HDFC
TXN00002381,29/07/26,ACH C-BELGAUM CAST-300000002381,,91000.00,230013106.95,8805685877,HDFC
TXN00002382,15-08-2026,NEFT-ICICR52024117841-ANANTAPUR MEDIA PVT LTD,,63000.00,230076106.95,S75760463,ICICI
TXN00002383,16-07-2026,MMT/IMPS/300000002383/AMRAVATI CHEMICALS INDIA PRIVATE LIMITED/KKBK,,59798.00,230135904.95,S78410307,ICICI
TXN00002384,13/07/26,UPI-MADURAI DIAGNOSTICS-MADURAIDIA@OKAXIS-300000002384-PAYMENT FROM MDL,,62972.00,230198876.95,9081993976,HDFC
TXN00002385,13/06/26,UPI-NAGPUR ELECTRICALS-NAGPURELEC@IBL-2207869079-PAYMENT FROM NEL,,55905.00,230254781.95,7670167786,HDFC
TXN00002386,14/06/26,UPI-BHAVNAGARCONTAINERSPVTLTD-BHAVNAGARC@IBL-300000002386-PAYMENT FROM BCP,,84999.50,230339781.45,9247495270,HDFC
TXN00002387,28-08-2026,BIL/ONL/300000002387/ESL,,21307.00,230361088.45,S51824005,ICICI
TXN00002388,24/08/26,NEFT-HDFC0000123-MYSORE FORGINGS PVT-4480908133,,40000.00,230401088.45,6034711569,HDFC
TXN00002389,12/06/26,RTGS-HDFC0000123-ERNAKULAM DIAGNOSTICS LIMITED-6998958950,,4064.25,230405152.70,8382823609,HDFC
TXN00002390,28-06-2026,NEFT-ICICR52023081442-TRICHY BEARINGS,,50619.00,230455771.70,S38676661,ICICI
TXN00002391,13-08-2026,UPI/300000002391/MSL/maduraispi@okhdfcbank,,27894.00,230483665.70,S61601247,ICICI
TXN00002392,24/06/26,ACH C-DEHRADUN SOFTWARE SERVICES PRIVATE LIMITED-300000002392,,6653.00,230490318.70,8309156190,HDFC
TXN00002393,08/08/26,IMPS-300000002393-HALDIA METALS LIMITE-HDFC,,29250.99,230519569.69,7884073303,HDFC
TXN00002394,16-06-2026,MMT/IMPS/300000002394/SILIGURI BEARINGS LIMITED/UTIB,,36202.00,230555771.69,S98132101,ICICI
TXN00002395,10-07-2026,MMT/IMPS/300000002395/KAKINADA LOGISTICS/AXIS,,29544.00,230585315.69,S41661822,ICICI
TXN00002396,15-06-2026,MMT/IMPS/300000002396/BELGAUM HANDICRAFTS/UTIB,,154848.00,230740163.69,S95860901,ICICI
TXN00002397,13-07-2026,UPI/300000002397/Payment from/calicutcab@okaxis/HDFC,,50000.00,230790163.69,S16183383,ICICI
TXN00002398,19-07-2026,NEFT-ICICR52023081279-LUDHIANA FERTILISERS,,10198.00,230800361.69,S60946187,ICICI
TXN00002399,21-07-2026,UPI/300000002399/AAE/amravatiag@ibl,,34359.00,230834720.69,S52993120,ICICI
TXN00002400,05-08-2026,UPI/300000002400/Payment from/calicuthos@ibl/KKBK,,66821.00,230901541.69,S78791077,ICICI
TXN00002401,27-07-2026,BIL/ONL/300000002401/MEL,,127762.00,231029303.69,S38080250,ICICI
TXN00002402,27/06/26,ACH C-AMRAVATI AGRO EXPORTS PRIVATE LIMITED-300000002402,,43366.00,231072669.69,5227394524,HDFC
TXN00002403,30-07-2026,NEFT-ICICR52024560901-MYSORE AUTO ,,56325.00,231128994.69,S55345045,ICICI
TXN00002404,29-08-2026,BIL/ONL/4482836113/AHL,,223000.00,231351994.69,S17603812,ICICI
TXN00002405,11-07-2026,BIL/ONL/300000002405/ADP,,26197.25,231378191.94,S39222886,ICICI
TXN00002406,25/06/26,NEFT-HDFC0009812-JABALPUR INDUSTRIES INDIA PRIVATE LIMITED-300000002406,,19944.00,231398135.94,9112819263,HDFC
TXN00002407,11/06/26,NEFT CR-HDFC0004567-AMRAVATI AUTO COMPONENTS PVT LTD-UTR300000002407,,22654.00,231420789.94,3357146841,HDFC
TXN00002408,02-07-2026,RTGS/ICICR52023994530/HALDIA LOGIS,,32957.00,231453746.94,S24453676,ICICI
TXN00002409,09/07/26,IMPS-3789750318-CHENNAI BEARINGS LIMITED-HDFC,,12356.00,231466102.94,5325805410,HDFC
TXN00002410,27/08/26,UPI-AMRAVATI GARMENTS PRIVATE LIMITED-AMRAVATIGA@OKAXIS-300000002410,,25000.00,231491102.94,6452107672,HDFC
TXN00002411,17-08-2026,NEFT/ICICR52024117183/AMRAVATIFOODSPVTLTD,,150000.00,231641102.94,S19196142,ICICI
TXN00002412,16/08/26,UPI-DHANBAD PLASTICS AND  COMPANY-DHANBADPLA@APL-2291980786-PAYMENT FROM DPA,,75000.00,231716102.94,5972147500,HDFC
TXN00002413,31/07/26,UPI-MADURAI DISTRIBUTORS PRIVATE LIMITED-MADURAIDIS@YBL-300000002413,,34000.99,231750103.93,7814870989,HDFC
TXN00002414,10/07/26,NEFT-HDFC0002341-BHAVNAGAR  CABLES-300000002414,,84589.00,231834692.93,5475596572,HDFC
TXN00002415,05-06-2026,UPI/300000002415/EFL/ernakulamf@paytm,,4984.00,231839676.93,S12933613,ICICI
TXN00002416,18-06-2026,NEFT-ICICR52024117799-NARMADA ENGINEER,,53875.00,231893551.93,S73968946,ICICI
TXN00002417,18-06-2026,BIL/ONL/6884161090/AAE-,,40000.00,231933551.93,S61075173,ICICI
TXN00002418,11-07-2026,NEFT-ICICR52023994840-Amravati Chemicals India Private Limited,,144000.00,232077551.93,S12157103,ICICI
TXN00002419,10-08-2026,BIL/ONL/300000002419/ACP,,55225.00,232132776.93,S92175245,ICICI
TXN00002420,26/06/26,ACH C-AMRAVATI AUTO COMPONENTS PVT LTD-300000002420,,32679.00,232165455.93,1587424958,HDFC
TXN00002421,10-07-2026,RTGS/ICICR52023994177/GODAVARI DISTRIBUTORS PRIVATE LIMITED,,40000.00,232205455.93,S89748650,ICICI
TXN00002422,31-07-2026,RTGS/ICICR52023081853/amravati chemicals i,,86765.25,232292221.18,S39583465,ICICI
TXN00002423,26/06/26,NEFT CR-HDFC0009812-JODHPUR FORGINGS LIMITED-UTR300000002423,,35273.99,232327495.17,7641366159,HDFC
TXN00002424,05/06/26,NEFT CR-HDFC0009812-AMRAVATI CHEMICALS INDIA-UTR300000002424,,30000.00,232357495.17,2148326165,HDFC
TXN00002425,08/08/26,RTGS-HDFC0000123-TRICHY  CABLES-2334841333,,113925.00,232471420.17,5606987018,HDFC
TXN00002426,25-08-2026,BIL/ONL/300000002426/ICP,,60865.00,232532285.17,S59235061,ICICI
TXN00002427,30-06-2026,NEFT-ICICR52024560399-JABALPUR LOGISTICS PRIVATE LIMITED,,43363.50,232575648.67,S37685026,ICICI
TXN00002428,03/06/26,UPI-AMRAVATI CONSTRUCTIONS PRIVATE LIMITED-AMRAVATICO@PAYTM-300000002428,,6000.00,232581648.67,8699351810,HDFC
TXN00002429,07/07/26,NEFT CR-HDFC0009812-AMRAVATI INFRAPROJECTS AND COMPANY-UTR9471645218,,32634.00,232614282.67,2692848913,HDFC
TXN00002430,08-08-2026,NEFT-ICICR52024560934-ANANTAPUR ELECTRICAL,,188127.00,232802409.67,S94794707,ICICI
TXN00002431,22/06/26,UPI-HUBLIINDUSTRIESINDIAPRIVATELIMITED-HUBLIINDUS@PAYTM-5898871428,,54850.00,232857259.67,3650371608,HDFC
TXN00002432,06-06-2026,RTGS/ICICR52024117775/Anantapur Pharmaceuticals India Private Limited,,41419.25,232898678.92,S40256864,ICICI
TXN00002433,06/07/26,NEFT CR-HDFC0000123-CHANDRAPUR ELECTRICALS LLP-UTR2745638462,,7292.00,232905970.92,2880489384,HDFC
TXN00002434,13/07/26,UPI-KANPUR DISTR-KANPURDIST@APL-6813232570-PAYMENT FROM KDP,,31000.00,232936970.92,3424747157,HDFC
TXN00002435,26/07/26,UPI-AMRAVATI  FABRICATORS AND COMPANY-AMRAVATIFA@OKHDFCBANK-7218231749,,44259.00,232981229.92,2595298262,HDFC
TXN00002436,01-07-2026,RTGS/ICICR52024117154/CHANDRAPUR ELECTRICALS LLP,,27136.00,233008365.92,S91572010,ICICI
TXN00002437,28/06/26,NEFT CR-HDFC0009812-UDAIPUR FORGINGS-UTR300000002437,,31833.99,233040199.91,1617311011,HDFC
TXN00002438,06-07-2026,RTGS/ICICR52024117472/Bhilai Bearings Limited,,74177.99,233114377.90,S55092418,ICICI
TXN00002439,22-06-2026,NEFT/ICICR52024560852/MYSORECABLESPRIVATELIMITED,,20000.75,233134378.65,S18765932,ICICI
TXN00002440,31-08-2026,NEFT-ICICR52023081886-dehradun transport and company,,55501.00,233189879.65,S69380768,ICICI
TXN00002441,26-07-2026,NEFT-ICICR52024560703-Indore  Refractories,,16256.00,233206135.65,S95838536,ICICI
TXN00002442,29/06/26,ACH C-JODHPUR CERAMICS PVT LTD-300000002442,,86671.00,233292806.65,7345120259,HDFC
TXN00002443,29-06-2026,NEFT-ICICR52024560875-ANANTAPUR CERAMICS PVT LTD,,262192.99,233554999.64,S96899418,ICICI
TXN00002444,31/08/26,IMPS-300000002444-BHILAI AGRO EXPORTS PRIVATE LIMITED-AXIS,,53560.50,233608560.14,2598367702,HDFC
TXN00002445,03/06/26,NEFT CR-HDFC0000123-CALICUT PLASTICS AND COMPANY-UTR300000002445,,85197.00,233693757.14,3773133408,HDFC
TXN00002446,24/08/26,RTGS-HDFC0002341-AMRAVATI AGRO EXPORTS PRIVATE LIMITED-300000002446-,,14625.99,233708383.13,1621706522,HDFC
TXN00002447,21-07-2026,NEFT-ICICR52024560933-Panipat Auto Compo,,75000.00,233783383.13,S81125624,ICICI
TXN00002448,07/08/26,ACH C-AMRAVATI SPINNERS  LLP-6864122531,,231098.00,234014481.13,9827370268,HDFC
TXN00002449,30-07-2026,UPI/300000002449/HCP/haldiacons@paytm,,26247.75,234040728.88,S91093279,ICICI
TXN00002450,07/06/26,NEFT-HDFC0002341-MADURAI FERT-300000002450/,,200000.00,234240728.88,7142194698,HDFC
TXN00002451,15-07-2026,UPI/300000002451/Payment from/jodhpurdia@okaxis/HDFC,,30000.00,234270728.88,S96799641,ICICI
TXN00002452,23-07-2026,NEFT/ICICR52024560410/KRISHNA GARMENTS PRIVATE LIMITED,,172811.00,234443539.88,S97867760,ICICI
TXN00002453,27/08/26,UPI-MYSORE POLYMERS-MYSOREPOLY@IBL-300000002453,,13258.00,234456797.88,5286774320,HDFC
TXN00002454,30-06-2026,NEFT/ICICR52023994534/BHILAI HOSPITALITY PVT LTD,,60669.00,234517466.88,S61673108,ICICI
TXN00002455,16-08-2026,RTGS/ICICR52023081836/HUBLI DIAGNOSTICS LIMITED,,19772.50,234537239.38,S55750997,ICICI
TXN00002456,22-08-2026,RTGS/ICICR52024117768/ANANTAPUR AU,,44190.00,234581429.38,S91930639,ICICI
TXN00002457,18/06/26,IMPS-2611241487-NARMADA AUTO COMPONENTS PVT LTD-KKBK,,281024.00,234862453.38,6278636845,HDFC
TXN00002458,22/07/26,NEFT CR-HDFC0002341-MEERUT COLD STORAG-UTR300000002458,,19273.00,234881726.38,1642680343,HDFC
TXN00002459,31-08-2026,UPI/9528346689/Payment from/indorepack@okaxis/AXIS,,32684.00,234914410.38,S85827865,ICICI
TXN00002460,20/07/26,NEFT CR-HDFC0004567-LUDHIANA TRANSPORT AND COMPANY-UTR3485424146,,104883.50,235019293.88,1964216842,HDFC
TXN00002461,30/06/26,NEFT-HDFC0002341-NAGPURCHEMICALSINDIAPRIVATELIMITED-300000002461,,100000.25,235119294.13,8436788945,HDFC
TXN00002462,08-06-2026,MMT/IMPS/300000002462/BELGAUM CONSTRUCTI/HDFC,,34583.00,235153877.13,S64791659,ICICI
TXN00002463,16/06/26,UPI-ERNAKULAM EL-ERNAKULAME@OKAXIS-300000002463,,35799.00,235189676.13,4561812005,HDFC
TXN00002464,22/06/26,UPI-ERNAKULAM FABRICATOR-ERNAKULAMF@PAYTM-300000002464,,13266.00,235202942.13,5483504793,HDFC
TXN00002465,07-08-2026,MMT/IMPS/300000002465/dehradun forgings limited/UTIB,,297000.99,235499943.12,S56355585,ICICI
TXN00002466,02/06/26,NEFT CR-HDFC0000123-HALDIAAUTOCOMPONENTSPVTLTD-UTR300000002466,,5000.00,235504943.12,7291851533,HDFC
TXN00002467,16/07/26,NEFT CR-HDFC0004567-AMRAVATI AUTO COMPONENTS PVT LTD-UTR300000002467,,500000.00,236004943.12,8651751961,HDFC
TXN00002468,24/06/26,NEFT-HDFC0009812-JODHPUR BEAR-6695354309,,24338.00,236029281.12,1314326915,HDFC
TXN00002469,14-06-2026,NEFT-ICICR52023081557-GWALIOR TRADERS IN,,15000.99,236044282.11,S15331736,ICICI
TXN00002470,09-07-2026,BIL/ONL/2333070486/AFL/,,75000.00,236119282.11,S90542611,ICICI
TXN00002471,28-07-2026,MMT/IMPS/6159306916/AMRAVATI AGRO EXPORTS P LTD/ICIC,,82000.00,236201282.11,S22697916,ICICI
TXN00002472,30/08/26,IMPS-300000002472-BHILAI DIAGNOSTICS LIMITED-UTIB,,136713.25,236337995.36,8727505989,HDFC
TXN00002473,22/06/26,UPI-CALICUT CONTAINERS-CALICUTCON@OKAXIS-8822957370,,316521.75,236654517.11,4072341649,HDFC
TXN00002474,12-06-2026,MMT/IMPS/2593069466/Ernakulam Constructi/SBIN,,102157.99,236756675.10,S21202670,ICICI
TXN00002475,01/07/26,UPI-PANIPAT CASTINGS  LLP-PANIPATCAS@YBL-1726821111,,64829.00,236821504.10,5545340314,HDFC
TXN00002476,25/07/26,UPI-AMRAVATI FERTILISERS PRIVATE LIMITED-AMRAVATIFE@OKHDFCBANK-300000002476-PAYMENT FROM AFP,,25000.00,236846504.10,9234652314,HDFC
TXN00002477,03-08-2026,UPI/300000002477/Payment from/jodhpurfor@okaxis/UTIB,,40000.00,236886504.10,S78444697,ICICI
TXN00002478,23-07-2026,BIL/ONL/300000002478/APL,,4920.00,236891424.10,S77781378,ICICI
TXN00002479,10-08-2026,MMT/IMPS/300000002479/AMRAVATI BEARINGS  PVT/KKBK,,20000.00,236911424.10,S79878443,ICICI
TXN00002480,11/06/26,UPI-AMRAVATI BEARINGS LIMITED-AMRAVATIBE@YBL-300000002480,,82000.00,236993424.10,9703044549,HDFC
TXN00002481,16/06/26,UPI-CHANDRAPUR CERAMICS PVT LTD-CHANDRAPUR@OKHDFCBANK-300000002481,,15137.00,237008561.10,1309913564,HDFC
TXN00002482,27-06-2026,UPI/300000002482/Payment from/kolhapurpa@ibl/UTIB,,10048.00,237018609.10,S58839945,ICICI
TXN00002483,11-07-2026,RTGS/ICICR52023994316/amravati  enterprises india private limited,,149851.00,237168460.10,S55215684,ICICI
TXN00002484,02-08-2026,UPI/4008825340/VEL/varanasiel@ibl,,88056.00,237256516.10,S68317707,ICICI
TXN00002485,16-06-2026,UPI/300000002485/Payment from/meerutelec@paytm/UTIB,,43241.00,237299757.10,S47948797,ICICI
TXN00002486,22-08-2026,NEFT/ICICR52023994508/calicut foods pvt ltd,,27000.00,237326757.10,S10449773,ICICI
TXN00002487,26-07-2026,NEFT-ICICR52023994866-DHANBAD PAPER MILLS PVT LTD/ ,,17301.00,237344058.10,S82641526,ICICI
TXN00002488,03-08-2026,MMT/IMPS/300000002488/HUBLI TEXTILES PVT/KKBK,,500000.50,237844058.60,S36216773,ICICI
TXN00002489,11/08/26,UPI-KANPUR SOFTWARE SERVICES PRIVATE LIMITED-KANPURSOFT@YBL-300000002489,,19170.00,237863228.60,8374811714,HDFC
TXN00002490,25/07/26,UPI-DEHRADUN PACKAGING LLP-DEHRADUNPA@IBL-2729608727,,79107.00,237942335.60,3144706898,HDFC
TXN00002491,21-07-2026,NEFT/ICICR52023994139/TIRUPUR INDUSTRIES INDIA PRIVATE LIMITED,,8856.00,237951191.60,S87076637,ICICI
TXN00002492,03-08-2026,MMT/IMPS/300000002492/NASHIK  TEXTILES PVT LTD/ICIC,,48882.00,238000073.60,S66330081,ICICI
TXN00002493,28-06-2026,MMT/IMPS/300000002493/RAIPUR TRANSPORT AND COMPANY/AXIS,,250000.50,238250074.10,S26954914,ICICI
TXN00002494,19/08/26,ACH C-NARMADA CASTINGS LLP-300000002494,,500000.00,238750074.10,8597620281,HDFC
TXN00002495,05/06/26,UPI-HALDIA FORGINGS LIMI-HALDIAFORG@PAYTM-300000002495,,196000.00,238946074.10,9092029092,HDFC
TXN00002496,04-06-2026,NEFT-ICICR52023081619-COIMBATORE FERTILISERS PRIVATE LIMITED,,60158.25,239006232.35,S29317165,ICICI
TXN00002497,23-06-2026,UPI/300000002497/AAE/amravatiag@ibl,,282000.00,239288232.35,S20813958,ICICI
TXN00002498,16-07-2026,NEFT/ICICR52024560466/SOLAPUR MEDIA PVT LTD,,240331.00,239528563.35,S66629445,ICICI
TXN00002499,10/08/26,UPI-KANPUR GARME-KANPURGARM@OKAXIS-9274798157,,224872.25,239753435.60,9898401999,HDFC
TXN00002500,28-07-2026,NEFT/ICICR52023994485/ANANTAPUR PRINTERS PVT LTD,,25000.00,239778435.60,S90584870,ICICI
TXN00002501,14/08/26,UPI-BHILAI AGRO EXPORTS PRIVATE LIMITED-BHILAIAGRO@OKHDFCBANK-1352654179,,30000.50,239808436.10,7683890972,HDFC
TXN00002502,12/06/26,IMPS-300000002502-AMRAVATI FOODS  PVT LTD-AXIS,,62571.00,239871007.10,2043998107,HDFC
TXN00002503,09/06/26,IMPS-300000002503-ANANTAPUR SPINNERS L-HDFC,,465145.00,240336152.10,9691548310,HDFC
TXN00002504,16/08/26,RTGS-HDFC0002341-ANANTAPUR HOSPIT-2132402531,,148546.75,240484698.85,1549579246,HDFC
TXN00002505,10/08/26,UPI-AMRAVATI AUTO COMPONENTS-AMRAVATIAU@OKAXIS-300000002505,,27003.00,240511701.85,4161010771,HDFC
TXN00002506,21-08-2026,UPI/300000002506/JRL/jodhpurref@paytm,,30000.00,240541701.85,S30072957,ICICI
TXN00002507,30-07-2026,RTGS/ICICR52024117908/TRICHY REFRACTORIES LIMITED,,10000.75,240551702.60,S90712405,ICICI
TXN00002508,11/06/26,NEFT CR-HDFC0002341-AMRAVATIAGROEXPORTSPRIVATELIMITED-UTR300000002508,,221000.25,240772702.85,1229710930,HDFC
TXN00002509,21/06/26,IMPS-5667151475-AMRAVATIFABRICATORSANDCOMPANY-KKBK,,20000.99,240792703.84,9153540101,HDFC
TXN00002510,11/06/26,NEFT-HDFC0002341-MADURAI MEDIA PV-300000002510,,33162.00,240825865.84,4213456940,HDFC
TXN00002511,05-06-2026,UPI/300000002511/AHL/aurangabad@ibl,,18301.00,240844166.84,S59426006,ICICI
TXN00002512,08/08/26,UPI-AMRAVATI FOODS PVT L-AMRAVATIFO@PAYTM-300000002512,,34000.00,240878166.84,1957416451,HDFC
TXN00002513,25/08/26,NEFT CR-HDFC0000123-ANANTAPUR PAPER-UTR300000002513,,125000.00,241003166.84,7156210173,HDFC
TXN00002514,15-07-2026,UPI/8704735043/GML/gwaliormet@paytm,,30033.00,241033199.84,S25028385,ICICI
TXN00002515,19-08-2026,UPI/5681572667/AAE/amravatiag@ybl,,36397.00,241069596.84,S25418206,ICICI
TXN00002516,07-07-2026,NEFT/ICICR52023081970/HUBLI GARMENTS PRIVATE LIMITED,,10000.00,241079596.84,S46463478,ICICI
TXN00002517,06/07/26,ACH C-KAKINADA AGRO EXPORTS PRIVATE LIMITED-8736023599,,28251.50,241107848.34,2514832145,HDFC
TXN00002518,28/06/26,NEFT CR-HDFC0009812-BELGAUM ENTERPRI-UTR300000002518,,59548.00,241167396.34,3435071495,HDFC
TXN00002519,27-06-2026,RTGS/ICICR52023994245/belgaum media pvt ltd,,500000.00,241667396.34,S93826277,ICICI
TXN00002520,16/08/26,UPI-BHILAI SPINNERS LLP-BHILAISPIN@YBL-300000002520-PAYMENT FROM BSL,,25456.00,241692852.34,2287756575,HDFC
TXN00002521,30/06/26,NEFT-HDFC0004567-BELGAUM ENTERPRISES-300000002521,,40000.00,241732852.34,9445166959,HDFC
TXN00002522,09/08/26,RTGS-HDFC0002341-GANDHINAGAR INDUSTRI-9844247258,,85000.00,241817852.34,2333234887,HDFC
TXN00002523,18-06-2026,UPI/300000002523/AFA/aurangabad@okaxis,,15275.00,241833127.34,S99065754,ICICI
TXN00002524,05/08/26,NEFT-HDFC0009812-AMRAVATI AGRO EX-300000002524,,12207.25,241845334.59,5670983945,HDFC
TXN00002525,19/07/26,UPI-CALICUT CHEMICALS INDIA PRIVATE LIMITED-CALICUTCHE@APL-7229126710-PAYMENT FROM CCI,,19035.00,241864369.59,8853269285,HDFC
TXN00002526,28/06/26,RTGS-HDFC0009812-BELGAUM AGRO-1651018241,,100000.00,241964369.59,5216713005,HDFC
TXN00002527,02-06-2026,UPI/300000002527/PEI/panipatent@paytm,,41256.00,242005625.59,S97420613,ICICI
TXN00002528,28/08/26,RTGS-HDFC0009812-ANANTAPUR ENTERPRISES INDIA PRIVATE LIMITED-300000002528,,10000.00,242015625.59,4180334492,HDFC
TXN00002529,20-07-2026,NEFT-ICICR52024117489-AMRAVATI DISTRIBUTORS PRIVATE LIMITED,,27935.99,242043561.58,S23174082,ICICI
TXN00002530,20-08-2026,NEFT-ICICR52024560998-BHAVNAGAR CERAMICS P LTD,,279000.75,242322562.33,S16093467,ICICI
TXN00002531,08/07/26,UPI-TRICHYTRANSPORTANDCOMPANY-TRICHYTRAN@YBL-300000002531-PAYMENT FROM TTA,,64786.00,242387348.33,1796527367,HDFC
TXN00002532,06-08-2026,RTGS/ICICR52024560252/Dhanbadgarmentsprivatelimited,,90000.00,242477348.33,S40319168,ICICI
TXN00002533,11-06-2026,UPI/4993965476/Payment from/aurangabad@paytm/ICIC,,40000.00,242517348.33,S92996652,ICICI
TXN00002534,08-07-2026,BIL/ONL/300000002534/DDP,,60000.00,242577348.33,S25949925,ICICI
TXN00002535,28/08/26,ACH C-RAJKOT HOSPITALITY P-5728384469,,79000.00,242656348.33,7755175634,HDFC
TXN00002536,14-07-2026,NEFT-ICICR52023994980-CHENNAI PLASTICS AND COMPANY,,178000.00,242834348.33,S17275221,ICICI
TXN00002537,30/07/26,UPI-BELGAUM PHARMACEUT-BELGAUMPHA@OKAXIS-300000002537-PAYMENT FROM BPI,,17420.00,242851768.33,2284827547,HDFC
TXN00002538,11-07-2026,UPI/300000002538/Payment from/amravatifo@okaxis/AXIS,,5000.00,242856768.33,S65734792,ICICI
TXN00002539,27-06-2026,NEFT/ICICR52023081814/BHAVNAGAR ENGINEERING P LTD,,100000.00,242956768.33,S84533028,ICICI
TXN00002540,27/06/26,RTGS-HDFC0000123-AMRAVATI DIAGNOSTICS LIMITED-300000002540,,33250.00,242990018.33,8998128731,HDFC
TXN00002541,27/07/26,UPI-SALEM TRANSPORT AND COMPANY-SALEMTRANS@YBL-300000002541,,99739.25,243089757.58,6283712277,HDFC
TXN00002542,06/08/26,UPI-BHAVNAGAR ENTERPRISES INDIA PRIVATE LIMITED-BHAVNAGARE@APL-300000002542,,29702.00,243119459.58,7747641006,HDFC
TXN00002543,29/06/26,UPI-AMRAVATI FORGINGS-AMRAVATIFO@PAYTM-3109692490-,,40000.00,243159459.58,9155049253,HDFC
TXN00002544,24-07-2026,NEFT/ICICR52023081116/mangaloreceramicspvtltd,,45306.00,243204765.58,S33981478,ICICI
TXN00002545,06-07-2026,UPI/300000002545/GML/godavarime@okaxis,,126045.99,243330811.57,S58066313,ICICI
TXN00002546,12/07/26,ACH C-BHILAI FABRI-300000002546 ,,20005.50,243350817.07,5865554777,HDFC
TXN00002547,09-07-2026,NEFT/ICICR52023081826/GWALIORENTERPRISESINDIAPRIVATELIMITED,,242000.00,243592817.07,S48552899,ICICI
TXN00002548,27/06/26,IMPS-300000002548-TRICHY REFRACTORIES LIMITED-ICIC,,53811.00,243646628.07,5840014930,HDFC
TXN00002549,15/07/26,IMPS-300000002549-NAGPUR ELECT-ICIC,,157000.00,243803628.07,5964367856,HDFC
TXN00002550,11-07-2026,BIL/ONL/300000002550/AAC,,37001.00,243840629.07,S32200740,ICICI
TXN00002551,11-08-2026,NEFT/ICICR52024117251/Hubli Textiles Pvt Ltd,,76731.75,243917360.82,S98126574,ICICI
TXN00002552,08/07/26,ACH C-DHANBADCASTINGSLLP-4522091411,,22749.00,243940109.82,9833242272,HDFC
TXN00002553,17-07-2026,NEFT/ICICR52024117875/amravati chemicals india private limited,,30000.99,243970110.81,S55458769,ICICI
TXN00002554,19/07/26,UPI-HOSUR ENGINEERING-HOSURENGIN@OKHDFCBANK-300000002554,,260000.00,244230110.81,4300061959,HDFC
TXN00002555,25-06-2026,MMT/IMPS/300000002555/Bhopal Const/SBIN,,94904.50,244325015.31,S54748586,ICICI
TXN00002556,27/08/26,UPI-ANANTAPUR REFRACTORIES LIMITED-ANANTAPURR@IBL-300000002556-PAYMENT FROM ARL,,100000.25,244425015.56,7124427685,HDFC
TXN00002557,26-08-2026,MMT/IMPS/5584193081/JABALPUR FOODS/HDFC,,137098.25,244562113.81,S67735664,ICICI
TXN00002558,03/06/26,UPI-BHOPAL CABLES PRIVATE LIMITED-BHOPALCABL@YBL-8994233667-PAYMENT FROM BCP,,18865.50,244580979.31,2459992843,HDFC
TXN00002559,09-08-2026,UPI/300000002559/ACS/amravatico@apl,,6121.99,244587101.30,S48979994,ICICI
TXN00002560,26-06-2026,UPI/300000002560/AAE/amravatiag@ybl,,40000.75,244627102.05,S49228857,ICICI
TXN00002561,08/06/26,ACH C-BELGAUM INDU-300000002561,,25346.00,244652448.05,9218767072,HDFC
TXN00002562,27/06/26,UPI-AMRAVATI FABRICATORS AND COMPANY-AMRAVATIFA@YBL-300000002562-PAYMENT FROM AFA,,10138.75,244662586.80,5358972858,HDFC
TXN00002563,02/07/26,NEFT-HDFC0002341-SALEM LOGISTICS PRIVATE LIMITED-300000002563,,33427.00,244696013.80,5516548597,HDFC
TXN00002564,19-08-2026,NEFT/ICICR52023994873/SILIGURI COLD STORAGE AND COMPANY,,11080.00,244707093.80,S81222343,ICICI
TXN00002565,02-08-2026,NEFT-ICICR52023994354-SALEM HANDIC,,51504.00,244758597.80,S39142674,ICICI
TXN00002566,24/08/26,ACH C-KOLHAPUR MEDIA PVT LTD-5926364167,,40000.99,244798598.79,3341407877,HDFC
TXN00002567,11/07/26,IMPS-300000002567-ANANTAPUR ENTERPRISES INDIA PRIVATE LIMITED-SBIN,,16000.25,244814599.04,8343588949,HDFC
TXN00002568,12-08-2026,NEFT/ICICR52024560360/CHENNAI MOTORS PRIVATE LIMITED,,295835.00,245110434.04,S47401092,ICICI
TXN00002569,21/07/26,NEFT-HDFC0000123-SURAT CERAMICS PVT LTD-6454134007,,500000.00,245610434.04,8030054354,HDFC
TXN00002570,08/06/26,UPI-HOSUR PLASTICS AND COMPANY-HOSURPLAST@PAYTM-5994997344-PAYMENT FROM HPA,,54168.00,245664602.04,1079713798,HDFC
TXN00002571,07/06/26,UPI-AMRAVATI AGRO EXPO-AMRAVATIAG@APL-300000002571-PAYMENT FROM AAE,,75000.00,245739602.04,8767314797,HDFC
TXN00002572,19-06-2026,UPI/300000002572/JTI/jabalpurtr@paytm,,37545.99,245777148.03,S93835745,ICICI
TXN00002573,20/08/26,NEFT-HDFC0002341-AMRAVATI CABLES PRIV-9442321468,,25544.00,245802692.03,4489251087,HDFC
TXN00002574,01-07-2026,UPI/300000002574/MCS/mangalorec@ybl,,237000.00,246039692.03,S49028426,ICICI
TXN00002575,17-06-2026,UPI/1386545230/AAC/amravatiau@paytm,,125000.75,246164692.78,S87613593,ICICI
TXN00002576,17-07-2026,NEFT/ICICR52024560698/ernakulam motors,,6269.99,246170962.77,S50501058,ICICI
TXN00002577,16-07-2026,UPI/300000002577/Payment from/jodhpurpha@okaxis/KKBK,,200000.75,246370963.52,S15758303,ICICI
TXN00002578,21/08/26,IMPS-300000002578-MADURAI  AGRO EXPORTS PRIVATE LIMITED-SBIN,,258000.00,246628963.52,4228712244,HDFC
TXN00002579,09-08-2026,RTGS/ICICR52023994138/AMRAVATI AGRO EX,,36838.00,246665801.52,S50042326,ICICI
TXN00002580,15/07/26,RTGS-HDFC0009812-AMRAVATI MED-300000002580,,78708.00,246744509.52,7156298967,HDFC
TXN00002581,12/06/26,ACH C-BELGAUM ELEC-300000002581,,64683.00,246809192.52,3672874600,HDFC
TXN00002582,14/07/26,NEFT CR-HDFC0004567-CALICUT INDUSTRIES-UTR300000002582,,15000.00,246824192.52,1743058988,HDFC
TXN00002583,28-06-2026,RTGS/ICICR52024117417/Bhavnagar Electr,,31700.00,246855892.52,S60945557,ICICI
TXN00002584,23-06-2026,MMT/IMPS/300000002584/HOSUR DISTRIBUTORS P/SBIN,,20000.99,246875893.51,S84878450,ICICI
TXN00002585,08/06/26,NEFT-HDFC0000123-AURANGABAD CABLES PRIVATE LIMITED-7965969676,,11138.00,246887031.51,6797503233,HDFC
TXN00002586,03/07/26,RTGS-HDFC0009812-BHAVNAGAR CABLES P-300000002586,,100000.00,246987031.51,5560552668,HDFC
TXN00002587,03/07/26,NEFT-HDFC0004567-MEERUT REFRACTOR-2703069104,,28359.00,247015390.51,1341231751,HDFC
TXN00002588,27/06/26,IMPS-7084569898-AMRAVATI CASTINGS LLP-HDFC,,125000.00,247140390.51,6504412470,HDFC
TXN00002589,15/07/26,NEFT CR-HDFC0000123-CALICUT COLD STORA-UTR300000002589,,8111.00,247148501.51,4433502144,HDFC
TXN00002590,20/06/26,UPI-GWALIOR CERAMICS PVT LTD-GWALIORCER@PAYTM-300000002590-PAYMENT FROM GCP,,19104.00,247167605.51,6950837445,HDFC
TXN00002591,20-08-2026,UPI/300000002591/Payment from/dehradunte@apl/UTIB,,52287.25,247219892.76,S95101621,ICICI
TXN00002592,10/07/26,UPI-AMRAVATI DIAGNOSTICS LIMITED-AMRAVATIDI@PAYTM-300000002592-PAYMENT FROM ADL,,74064.00,247293956.76,9598224412,HDFC
TXN00002593,23-08-2026,MMT/IMPS/300000002593/AMRAVATI METALS LIMITED/SBIN,,150000.00,247443956.76,S33589674,ICICI
TXN00002594,23-08-2026,BIL/ONL/4194070524/RDP,,15843.00,247459799.76,S13167367,ICICI
TXN00002595,29-07-2026,BIL/ONL/300000002595/AHP,,30000.00,247489799.76,S94507811,ICICI
TXN00002596,28-08-2026,RTGS/ICICR52023994709/GUNTUR INFRA,,19905.00,247509704.76,S79447968,ICICI
TXN00002597,19/08/26,UPI-TIRUPUR AGRO EXPORTS-TIRUPURAGR@PAYTM-9217384822,,78998.00,247588702.76,9181266894,HDFC
TXN00002598,06-08-2026,NEFT/ICICR52024117249/Salem Cables Priva,,20079.00,247608781.76,S69114124,ICICI
TXN00002599,02/08/26,UPI-AMRAVATI CASTINGS PVT-AMRAVATICA@APL-300000002599-PAYMENT FROM ACL,,73571.00,247682352.76,3110464515,HDFC
TXN00002600,07/08/26,IMPS-300000002600-ANANTAPUR ENTERPRISES INDIA-ICIC,,200000.00,247882352.76,7041129703,HDFC
TXN00002601,17-06-2026,NEFT/ICICR52023081960/CUTTACK AGRO EXP,,500000.00,248382352.76,S89036987,ICICI
TXN00002602,05-06-2026,NEFT/ICICR52023994334/DHANBAD DIAGNOSTICS  LIMITED,,14091.00,248396443.76,S54105278,ICICI
TXN00002603,19/06/26,RTGS-HDFC0009812-GANDHINAGAR-4841042335,,60000.00,248456443.76,5824908575,HDFC
TXN00002604,10-06-2026,RTGS/ICICR52024560927/KANPUR TRADERS INDIA PRIVATE LIMITED,,40000.00,248496443.76,S18259158,ICICI
TXN00002605,25/07/26,UPI-BHAVNAGARINDUSTRIESINDIAPRIVATELIMITED-BHAVNAGARI@YBL-300000002605-PAYMENT FROM BII,,10000.25,248506444.01,2174315864,HDFC
TXN00002606,14-06-2026,BIL/ONL/1344670500/PPM,,40543.00,248546987.01,S28566364,ICICI
TXN00002607,29-08-2026,BIL/ONL/6685909963/BHP,,82519.00,248629506.01,S94468305,ICICI
TXN00002608,04-08-2026,UPI/300000002608/Payment from/mangalorec@ibl/UTIB,,39246.75,248668752.76,S10664287,ICICI
TXN00002609,05/07/26,IMPS-3952505997-CALICUT DISTRIBUTORS PRIVATE LIMITED-HDFC,,7014.75,248675767.51,1289192796,HDFC
TXN00002610,30/08/26,NEFT CR-HDFC0009812-CHENNAI  ELEC-UTR300000002610,,29222.00,248704989.51,3018287884,HDFC
TXN00002611,12/06/26,NEFT CR-HDFC0009812-AMRAVATI CASTINGS-UTR300000002611,,14360.25,248719349.76,4721782059,HDFC
TXN00002612,11/07/26,RTGS-HDFC0009812-MANGALOREELECTRICALSLLP-300000002612,,500000.00,249219349.76,6289870992,HDFC
TXN00002613,20/06/26,RTGS-HDFC0004567-AURANGABAD CONSTRUCT-300000002613,,28198.00,249247547.76,1941822192,HDFC
TXN00002614,21/08/26,NEFT CR-HDFC0002341-BELGAUMCERAMICSPVTLTD-UTR1577023334,,291986.00,249539533.76,4224262568,HDFC
TXN00002615,14/08/26,ACH C-BHOPAL FABRICATORS-300000002615,,69985.00,249609518.76,6980060638,HDFC
TXN00002616,31/07/26,RTGS-HDFC0002341-AMRAVATI AGR-300000002616,,115865.00,249725383.76,6073710505,HDFC
TXN00002617,04-07-2026,RTGS/ICICR52024117172/Anantapur Di,,10000.00,249735383.76,S40795724,ICICI
TXN00002618,14-06-2026,NEFT-ICICR52023081390-AMRAVATI PHARMACEUTICALS INDIA PRIVATE LIMITED,,60000.00,249795383.76,S51503886,ICICI
TXN00002619,28-06-2026,BIL/ONL/300000002619/HFP,,87220.00,249882603.76,S27808391,ICICI
TXN00002620,28-08-2026,MMT/IMPS/300000002620/JALANDHAR CONTAINERS PVT LTD/KKBK/,,150000.00,250032603.76,S46978076,ICICI
TXN00002621,13/08/26,UPI-AMRAVATI FOODS PVT L-AMRAVATIFO@APL-6264323673,,100000.00,250132603.76,9782380878,HDFC
TXN00002622,29-08-2026,UPI/300000002622/BCP/bhavnagarc@ybl,,16411.00,250149014.76,S66230644,ICICI
TXN00002623,31-07-2026,MMT/IMPS/300000002623/CALICUT INFRAPROJE/HDFC,,35702.00,250184716.76,S38023518,ICICI
TXN00002624,02-07-2026,UPI/2028944639/ALP/anantapurl@apl,,89039.00,250273755.76,S47866512,ICICI
TXN00002625,28-07-2026,UPI/300000002625/AAE/amravatiag@ibl,,139045.00,250412800.76,S67426004,ICICI
TXN00002626,12/06/26,RTGS-HDFC0009812-UDAIPUR REFRACTORIES LIMITED-1321279575,,166387.00,250579187.76,1341611359,HDFC
TXN00002627,13/06/26,UPI-AURANGABADPACKAGINGLLP-AURANGABAD@IBL-300000002627-PAYMENT FROM APL,,82000.00,250661187.76,2980277531,HDFC
TXN00002628,22-08-2026,UPI/300000002628/Payment from/calicutgar@okhdfcbank/AXIS,,134986.75,250796174.51,S20685512,ICICI
TXN00002629,12-07-2026,BIL/ONL/300000002629/APP,,12000.75,250808175.26,S37198890,ICICI
TXN00002630,30/06/26,ACH C-AMRAVATI FERTILISERS-300000002630,,11185.00,250819360.26,9822374704,HDFC
TXN00002631,20/08/26,IMPS-300000002631-AMRAVATI MOTORS PRIVATE LIMITED-AXIS,,32231.00,250851591.26,1940356911,HDFC
TXN00002632,13/06/26,RTGS-HDFC0000123-AMRAVATI AGRO EX-3730889912,,2822.00,250854413.26,2811006055,HDFC
TXN00002633,11-08-2026,UPI/300000002633/Payment from/udaipurbea@okaxis/HDFC,,190000.00,251044413.26,S45066699,ICICI
TXN00002634,23/08/26,UPI-ANANTAPUR TRADERS INDIA PRIVATE LIMITED-ANANTAPURT@PAYTM-3026358354,,79600.00,251124013.26,4988155644,HDFC
TXN00002635,31-07-2026,NEFT/ICICR52024560793/RAJKOT ELECT,,11169.00,251135182.26,S43080540,ICICI
TXN00002636,02/07/26,UPI-LUDHIANA PRINTERS PVT LTD-LUDHIANAPR@IBL-9839926971-PAYMENT FROM LPP,,12868.00,251148050.26,8317458289,HDFC
TXN00002637,09-08-2026,BIL/ONL/300000002637/AIA,,15818.25,251163868.51,S89094966,ICICI
TXN00002638,16/07/26,RTGS-HDFC0009812-BHILAI MEDIA PVT LTD-300000002638,,180000.00,251343868.51,9874777409,HDFC
TXN00002639,24/07/26,UPI-AMRAVATI COLD STORAGE AND COMPANY-AMRAVATICO@OKAXIS-300000002639-PAYMENT FROM ACS,,226000.99,251569869.50,5445439737,HDFC
TXN00002640,03/06/26,RTGS-HDFC0009812-CALICUT HANDICRAFTS PVT-1887338274,,32748.00,251602617.50,8233960346,HDFC
TXN00002641,05/08/26,NEFT CR-HDFC0009812-HOSUR FORGINGS LIMITED-UTR5820448898,,41093.00,251643710.50,5492470939,HDFC
TXN00002642,02-08-2026,BIL/ONL/300000002642/HMP,,21572.00,251665282.50,S73069624,ICICI
TXN00002643,07-08-2026,BIL/ONL/5837604445/AII,,156000.00,251821282.50,S24763349,ICICI
TXN00002644,26-07-2026,UPI/6140821169/Payment from/dhanbadent@paytm/AXIS,,15416.00,251836698.50,S51772367,ICICI
TXN00002645,16-08-2026,BIL/ONL/300000002645/LPI,,9297.99,251845996.49,S39450832,ICICI
TXN00002646,04-06-2026,UPI/300000002646/Payment from/bhopalfabr@okaxis/ICIC,,11761.00,251857757.49,S14389636,ICICI
TXN00002647,15/07/26,RTGS-HDFC0002341-BHILAI  AGRO EXPORTS PRIVATE LIMITED-7520026539,,250000.00,252107757.49,8372390871,HDFC
TXN00002648,05-08-2026,RTGS/ICICR52024117932/PANIPAT SPINNERS LLP,,14511.50,252122268.99,S87369348,ICICI
TXN00002649,02-06-2026,UPI/300000002649/Payment from/chennaient@okhdfcbank/UTIB,,125000.00,252247268.99,S74666023,ICICI
TXN00002650,27/06/26,ACH C-AURANGABAD COLD STORAGE AND COMPANY-300000002650,,165000.00,252412268.99,6717622712,HDFC
TXN00002651,14/08/26,RTGS-HDFC0004567-CALICUT TEXTILES PVT LTD-300000002651,,5000.00,252417268.99,4388492498,HDFC
TXN00002652,23/06/26,UPI-ANANTAPUR GARMENTS PRIVATE LIMITED-ANANTAPURG@OKHDFCBANK-6654396790,,42016.00,252459284.99,1468603718,HDFC
TXN00002653,13-07-2026,UPI/300000002653/SEL/salemelect@okaxis,,25000.00,252484284.99,S12262531,ICICI
TXN00002654,21-06-2026,RTGS/ICICR52024117920/AMRAVATI AUTO COMPONENTS,,9720.00,252494004.99,S89520411,ICICI
TXN00002655,06/08/26,IMPS-300000002655-AMRAVATI  DIAGNOS-HDFC,,150000.25,252644005.24,6025754542,HDFC
TXN00002656,08/06/26,UPI-AMRAVATI CONSTRU-AMRAVATICO@YBL-300000002656,,32284.00,252676289.24,3125621041,HDFC
TXN00002657,19/08/26,IMPS-300000002657-AURANGABAD PRINTERS PVT LTD-HDFC,,20000.00,252696289.24,8050309747,HDFC
TXN00002658,13-06-2026,UPI/300000002658/VTA/varanasitr@ybl,,49875.00,252746164.24,S12892492,ICICI
TXN00002659,16/07/26,ACH C-GWALIOR AGRO EXPORTS PRIVATE LIMITED-300000002659,,58399.25,252804563.49,5412555267,HDFC
TXN00002660,06/06/26,RTGS-HDFC0004567-ANANTAPUR PHARMACEUTICALS INDIA PRIVATE LIMITED-300000002660,,75000.00,252879563.49,9810578870,HDFC
TXN00002661,01-08-2026,NEFT-ICICR52023994822-VARANASI PRINTERS PVT LTD ,,180000.00,253059563.49,S27528894,ICICI
TXN00002662,22-08-2026,RTGS/ICICR52023081688/AURANGABAD SPINNERS LLP,,30000.00,253089563.49,S28317269,ICICI
TXN00002663,05-07-2026,RTGS/ICICR52023081426/krishna enterprises india private limited,,125000.00,253214563.49,S55963265,ICICI
TXN00002664,04/06/26,UPI-KANPUR FABRICATORS AND COMPANY-KANPURFABR@OKHDFCBANK-300000002664,,59000.00,253273563.49,3077637721,HDFC
TXN00002665,02/07/26,RTGS-HDFC0002341-DEHRADUN  SPINNERS-300000002665,,20000.00,253293563.49,9804468036,HDFC
TXN00002666,16-07-2026,UPI/300000002666/Payment from/belgaumfab@apl/AXIS,,125000.00,253418563.49,S91296838,ICICI
TXN00002667,31/08/26,RTGS-HDFC0004567-JODHPUR BEARINGS LIMITED-1373076332,,113437.75,253532001.24,1564242222,HDFC
TXN00002668,05/08/26,UPI-MADURAI ELECTRICALS-MADURAIELE@APL-4184384562/ ,,294000.00,253826001.24,9471561561,HDFC
TXN00002669,11/08/26,NEFT-HDFC0004567-COIMBATORE DISTRIBUTORS PRIVATE LIMITED-300000002669,,72587.00,253898588.24,6507610729,HDFC
TXN00002670,19/07/26,NEFT-HDFC0000123-AMRAVATI HANDICRAF-300000002670,,25112.75,253923700.99,5689092159,HDFC
TXN00002671,21/06/26,ACH C-RAJKOT SOFTWARE SERVICES P LTD-300000002671,,51960.00,253975660.99,7283698257,HDFC
TXN00002672,16-06-2026,NEFT-ICICR52023994698-AURANGABAD METALS LIMITED,,10895.00,253986555.99,S48034991,ICICI
TXN00002673,24-07-2026,UPI/300000002673/ASL/amravatisp@okaxis,,171663.00,254158218.99,S17489309,ICICI
TXN00002674,27-08-2026,RTGS/ICICR52023994725/AMRAVATI CONTAINER,,45213.00,254203431.99,S17433038,ICICI
TXN00002675,04-08-2026,NEFT-ICICR52024117777-GANDHINAGAR LOGISTICS PRIVATE LIMITED,,20741.00,254224172.99,S67853091,ICICI
TXN00002676,13-06-2026,RTGS/ICICR52023081600/BHILAI CONSTRUCTIONS PRIVATE LIMITED,,20000.50,254244173.49,S31889608,ICICI
TXN00002677,05-07-2026,UPI/300000002677/RFA/rajkotfabr@okaxis,,23722.00,254267895.49,S98481599,ICICI
TXN00002678,16-08-2026,RTGS/ICICR52024560198/Jabalpur Media Pvt,,40000.00,254307895.49,S87616267,ICICI
TXN00002679,29-06-2026,NEFT-ICICR52024560594-DHANBAD MOTORS PRIVATE LIMITED,,21385.50,254329280.99,S96888822,ICICI
TXN00002680,28-06-2026,NEFT/ICICR52024560859/Trichy Pharmaceuticals India Private Limited/,,18847.00,254348127.99,S11805682,ICICI
TXN00002681,30-06-2026,NEFT/ICICR52024560751/siliguri diagnosti,,70499.00,254418626.99,S10479535,ICICI
TXN00002682,14-08-2026,UPI/8097393224/Payment from/bhavnagart@apl/KKBK,,270000.00,254688626.99,S17178828,ICICI
TXN00002683,31-07-2026,BIL/ONL/300000002683/AIA,,5954.50,254694581.49,S18346129,ICICI
TXN00002684,08/07/26,NEFT CR-HDFC0002341-SURAT ENGINEERING PVT LTD-UTR300000002684,,67177.00,254761758.49,5654885076,HDFC
TXN00002685,29-07-2026,RTGS/ICICR52023081912/AMRAVATI PRINTERS/,,38017.00,254799775.49,S46301784,ICICI
TXN00002686,13-07-2026,MMT/IMPS/300000002686/AMRAVATI TEXTILES PVT LTD/AXIS,,11422.00,254811197.49,S19242345,ICICI
TXN00002687,28/07/26,NEFT-HDFC0002341-ANANTAPUR CASTINGS-4619564972,,1000.00,254812197.49,7773814055,HDFC
TXN00002688,14-07-2026,NEFT-ICICR52023994765-AMRAVATI AGRO EXPORTS PRIVATE LIMITED,,29340.00,254841537.49,S12535132,ICICI
TXN00002689,04/07/26,NEFT-HDFC0009812-BHILAI ELECTRICA-300000002689,,12219.00,254853756.49,5203118871,HDFC
TXN00002690,22/07/26,RTGS-HDFC0000123-AMRAVATI REFRACTOR-4913252767,,60000.25,254913756.74,1687187319,HDFC
TXN00002691,17-07-2026,NEFT-ICICR52023081126-KOLHAPUR PRINTERS,,20261.00,254934017.74,S42220525,ICICI
TXN00002692,05/07/26,UPI-NASHIKGARMENTSPRIVATELIMITED-NASHIKGARM@PAYTM-300000002692,,27457.00,254961474.74,6350390428,HDFC
TXN00002693,15-08-2026,MMT/IMPS/3194933034/Gandhinagar Transport And Company/AXIS ,,31824.00,254993298.74,S59340207,ICICI
TXN00002694,17-08-2026,NEFT-ICICR52024560140-KAKINADA PLASTICS AND COMPANY,,32959.00,255026257.74,S65189810,ICICI
TXN00002695,20/08/26,RTGS-HDFC0009812-JALANDHAR FABRICATORS AND COMPANY-300000002695,,270000.75,255296258.49,3159497881,HDFC
TXN00002696,10-08-2026,UPI/300000002696/AMP/anantapurm@ibl,,22797.00,255319055.49,S86747424,ICICI
TXN00002697,17-07-2026,UPI/300000002697/ALP/amravatilo@apl,,81260.00,255400315.49,S23920713,ICICI
TXN00002698,05/06/26,UPI-GUNTUR POLYMERS P LTD-GUNTURPOLY@OKHDFCBANK-300000002698,,35435.25,255435750.74,6734711061,HDFC
TXN00002699,29/06/26,IMPS-300000002699-CUTTACK ELECTRICALS-UTIB,,44260.25,255480010.99,9874802759,HDFC
TXN00002700,21/06/26,IMPS-300000002700-DHANBAD LOGISTICS PRIVATE  LIMITED-UTIB ,,13398.00,255493408.99,2054410127,HDFC
TXN00002701,03/08/26,RTGS-HDFC0000123-RAJKOT AUTO COMPONENTS P LTD-9546488472,,24973.00,255518381.99,7192253918,HDFC
TXN00002702,13-07-2026,RTGS/ICICR52024117671/CALICUT FERTILISERS,,40000.00,255558381.99,S46036538,ICICI
TXN00002703,30-06-2026,MMT/IMPS/300000002703/AMRAVATI AGRO EXPORTS PRIVATE LIMITED/HDFC,,10000.00,255568381.99,S94360028,ICICI
TXN00002704,15-07-2026,BIL/ONL/300000002704/AIA,,12826.00,255581207.99,S36830310,ICICI
TXN00002705,24/06/26,NEFT CR-HDFC0000123-JABALPUR PLASTICS AND COMPANY-UTR300000002705,,40000.00,255621207.99,6298425823,HDFC
TXN00002706,02-08-2026,NEFT/ICICR52024117791/ernakulam hospitality pvt ltd-,,25000.00,255646207.99,S60555867,ICICI
TXN00002707,11/06/26,UPI-AMRAVATI GARMENTS P LTD-AMRAVATIGA@PAYTM-300000002707,,191000.00,255837207.99,8032383343,HDFC
TXN00002708,08-06-2026,NEFT-ICICR52024560668-KAKINADA CABLES PRIVATE LIMITED,,40000.00,255877207.99,S23800875,ICICI
TXN00002709,31/08/26,UPI-CALICUT PLASTICS AND COMPANY-CALICUTPLA@YBL-300000002709,,26081.75,255903289.74,4386213414,HDFC
TXN00002710,05/07/26,UPI-COIMBATORE CHEMICALS INDIA PRIVATE LIMITED-COIMBATORE@YBL-300000002710,,6174.00,255909463.74,2251537823,HDFC
TXN00002711,15-08-2026,NEFT/ICICR52024560967/BHOPAL CONSTRUCTIONS PRIVATE LIMITED,,222000.00,256131463.74,S71724854,ICICI
TXN00002712,30/07/26,RTGS-HDFC0002341-GANDHINAGAR TRADERS INDIA PRIVATE LIMITED-5172847747,,500000.50,256631464.24,5216986258,HDFC
TXN00002713,01/07/26,IMPS-300000002713-VARANASI PHA-UTIB,,150000.00,256781464.24,3157193027,HDFC
TXN00002714,30-08-2026,UPI/300000002714/ACP/amravatica@paytm,,20000.00,256801464.24,S80231646,ICICI
TXN00002715,18/06/26,ACH C-MEERUT FORGI-4273986140,,11909.00,256813373.24,7570677586,HDFC
TXN00002716,29/08/26,UPI-AMRAVATI AUT-AMRAVATIAU@YBL-3047892237,,23707.75,256837080.99,9644044281,HDFC
TXN00002717,25-07-2026,NEFT-ICICR52023994243-CALICUT INDUSTRIES INDIA PRIVATE LIMITED,,250000.00,257087080.99,S71035039,ICICI
TXN00002718,28-07-2026,NEFT-ICICR52023081397-AMRAVATI TRANSPORT AND COMPANY,,26174.50,257113255.49,S31769265,ICICI
TXN00002719,06/08/26,UPI-RAJKOT CABLES PRIVAT-RAJKOTCABL@APL-300000002719/,,20000.75,257133256.24,7417000027,HDFC
TXN00002720,30-06-2026,BIL/ONL/300000002720/CFP,,51936.00,257185192.24,S48250577,ICICI
TXN00002721,15/08/26,UPI-UDAIPUR ENGINEERIN-UDAIPURENG@APL-300000002721-,,168000.75,257353192.99,7995353749,HDFC
TXN00002722,04-07-2026,UPI/4089331360/AGP/anantapurg@ybl,,20000.00,257373192.99,S42744490,ICICI
TXN00002723,30-07-2026,NEFT/ICICR52024560847/HALDIA PHARMACEUTICALS INDIA PRIVATE LIMITED,,4147.00,257377339.99,S82731834,ICICI
TXN00002724,28-07-2026,NEFT/ICICR52023081861/CUTTACK BEARINGS LIMITED,,22151.00,257399490.99,S93215486,ICICI
TXN00002725,22-07-2026,RTGS/ICICR52023081285/AMRAVATI TEXTILE,,5000.00,257404490.99,S33830870,ICICI
TXN00002726,12/07/26,RTGS-HDFC0002341-DHANBAD PHARMACEUT-300000002726,,5000.00,257409490.99,2987454380,HDFC
TXN00002727,01/07/26,RTGS-HDFC0000123-DEHRADUN SOFTWAR-300000002727,,4954.00,257414444.99,4873387376,HDFC
TXN00002728,12/06/26,UPI-RAIPUR DISTRIBUT-RAIPURDIST@YBL-7078720988-PAYMENT FROM RDP,,99093.25,257513538.24,6466436287,HDFC
TXN00002729,13/08/26,RTGS-HDFC0000123-AMRAVATI METALS P LTD-9064417433,,25837.00,257539375.24,1325606925,HDFC
TXN00002730,06/08/26,NEFT-HDFC0000123-TRICHY CABLES PRIVATE LIMITED-300000002730,,37223.00,257576598.24,5430323410,HDFC
TXN00002731,10-08-2026,UPI/4104368865/Payment from/bhavnagarc@okhdfcbank/ICIC,,131000.00,257707598.24,S65972448,ICICI
TXN00002732,21/08/26,UPI-JABALPUR TRADERS INDIA PRIVATE LIMITED-JABALPURTR@YBL-300000002732-PAYMENT FROM JTI,,243000.00,257950598.24,2811245918,HDFC
TXN00002733,08/08/26,UPI-RAIPURFORGINGSLIMITED-RAIPURFORG@PAYTM-300000002733-PAYMENT FROM RFL,,139000.75,258089598.99,9147520128,HDFC
TXN00002734,14/06/26,UPI-PANIPAT FOODS PV-PANIPATFOO@YBL-300000002734,,111117.99,258200716.98,9412316651,HDFC
TXN00002735,16-06-2026,BIL/ONL/300000002735/CHP,,250000.99,258450717.97,S47675950,ICICI
TXN00002736,15/06/26,RTGS-HDFC0000123-BHILAIFERTILISERSPRIVATELIMITED-8064573591,,62879.75,258513597.72,3650841692,HDFC
TXN00002737,21/08/26,ACH C-CALICUT  DIAGNOSTICS LIMITED-300000002737,,72013.00,258585610.72,3487104840,HDFC
TXN00002738,29-07-2026,RTGS/ICICR52023994518/Dehradun  Ent,,295000.00,258880610.72,S54866146,ICICI
TXN00002739,19-07-2026,UPI/300000002739/NPL/nagpurpack@ybl,,9241.50,258889852.22,S23977621,ICICI
TXN00002740,30-06-2026,UPI/300000002740/Payment from/chandrapur@okhdfcbank/KKBK,,4861.00,258894713.22,S44678432,ICICI
TXN00002741,30-07-2026,NEFT/ICICR52023081431/COIMBATORE CERAMIC/ ,,70348.00,258965061.22,S84456050,ICICI
TXN00002742,19-06-2026,BIL/ONL/300000002742/CHL,,4486.25,258969547.47,S72068934,ICICI
TXN00002743,18-07-2026,NEFT/ICICR52024117222/AMRAVATI CHEMICALS,,10939.50,258980486.97,S94935364,ICICI
TXN00002744,29/07/26,IMPS-300000002744-CUTTACK LOGISTICS PRIVATE LIMITED-KKBK,,95785.00,259076271.97,4521729480,HDFC
TXN00002745,28-07-2026,MMT/IMPS/300000002745/KANPUR TEXTILES PVT LTD/UTIB,,27004.00,259103275.97,S66238705,ICICI
TXN00002746,25/08/26,NEFT-HDFC0000123-ANANTAPUR PRINTERS-300000002746,,40000.00,259143275.97,8856770739,HDFC
TXN00002747,09/08/26,NEFT-HDFC0009812-BHAVNAGAR FABRICATOR-6982112058,,8163.25,259151439.22,7911494524,HDFC
TXN00002748,20-08-2026,NEFT/ICICR52024117367/GODAVARI SPINNERS LLP,,250000.00,259401439.22,S52148593,ICICI
TXN00002749,18/06/26,UPI-JALANDHAR PACKAGING P LTD-JALANDHARP@YBL-300000002749,,25000.75,259426439.97,9950176210,HDFC
TXN00002750,10/07/26,UPI-AMRAVATI AUTO COMPONENTS PVT LTD-AMRAVATIAU@YBL-300000002750,,161426.00,259587865.97,1584873767,HDFC
TXN00002751,04/07/26,ACH C-GWALIOR TRADERS-5365211385,,30416.00,259618281.97,1977144735,HDFC
TXN00002752,17-08-2026,UPI/300000002752/Payment from/bhilaidist@ibl/HDFC,,28702.00,259646983.97,S59069008,ICICI
TXN00002753,31/07/26,IMPS-300000002753-ANANTAPUR SPINNERS LLP-AXIS,,32019.00,259679002.97,8873426903,HDFC
TXN00002754,28/06/26,NEFT-HDFC0009812-ANANTAPUR SPINNERS-300000002754,,40000.00,259719002.97,5673733199,HDFC
TXN00002755,04-07-2026,UPI/300000002755/Payment from/cuttackhan@apl/AXIS,,8478.00,259727480.97,S16877887,ICICI
TXN00002756,12-07-2026,RTGS/ICICR52023994510/BELGAUM TRADERS INDIA PRIVATE LIMITED-,,23966.00,259751446.97,S66711726,ICICI
TXN00002757,29-08-2026,UPI/300000002757/Payment from/ernakulamb@paytm/HDFC,,37164.00,259788610.97,S92100357,ICICI
TXN00002758,15/07/26,UPI-CHENNAI CHEMICALS-CHENNAICHE@OKHDFCBANK-6693258105-PAYMENT FROM CCI/ ,,11000.99,259799611.96,2029640252,HDFC
TXN00002759,15/08/26,NEFT CR-HDFC0009812-SURATBEARINGSLIMITED-UTR9410135256,,66432.00,259866043.96,2660714149,HDFC
TXN00002760,03-08-2026,UPI/300000002760/CHP/coimbatore@okaxis,,78136.00,259944179.96,S74271558,ICICI
TXN00002761,21/08/26,NEFT-HDFC0004567-AMRAVATI FOODS PVT L-9301361162,,39722.50,259983902.46,1940453067,HDFC
TXN00002762,15-08-2026,UPI/300000002762/GEP/gandhinaga@ibl,,25984.25,260009886.71,S28436834,ICICI
TXN00002763,03/08/26,UPI-CHENNAI FERTILISERS PRIVATE LIMITED-CHENNAIFER@PAYTM-300000002763,,37750.00,260047636.71,7846537992,HDFC
TXN00002764,30/06/26,RTGS-HDFC0004567-AURANGABAD CHEMICALS INDIA PRIVATE LIMITED-300000002764,,262509.99,260310146.70,6235070382,HDFC
TXN00002765,15/06/26,UPI-COIMBATORE PLASTICS AND COMPANY-COIMBATORE@YBL-300000002765,,40000.25,260350146.95,3056527212,HDFC
TXN00002766,29-06-2026,UPI/9826301387/BTP/belgaumtex@okaxis,,38687.00,260388833.95,S98835882,ICICI
TXN00002767,29/07/26,NEFT-HDFC0002341-AMRAVATI ENTERPRISES INDIA PRIVATE  LIMITED-300000002767,,65758.00,260454591.95,9468226045,HDFC
TXN00002768,12/07/26,NEFT-HDFC0009812-KOLHAPUR CONSTRUCTIONS PRIVATE LIMITED-1077326106,,47903.99,260502495.94,2051498308,HDFC
TXN00002769,22/07/26,NEFT CR-HDFC0002341-SALEM  CASTINGS LLP-UTR4246410322,,66000.00,260568495.94,3616176736,HDFC
TXN00002770,15-06-2026,MMT/IMPS/8718000677/krishna traders india private limited/AXIS,,19301.00,260587796.94,S30312353,ICICI
TXN00002771,29-07-2026,NEFT/ICICR52023994734/bhopal chemi,,5000.00,260592796.94,S12879605,ICICI
TXN00002772,23-06-2026,NEFT-ICICR52023081779-SURAT TRADERS IN,,50000.00,260642796.94,S84986453,ICICI
TXN00002773,21/08/26,RTGS-HDFC0009812-GANDHINAGAR ENTERPRI-300000002773,,49503.00,260692299.94,4004926983,HDFC
TXN00002774,27/07/26,NEFT CR-HDFC0004567-DEHRADUN  SOFTWARE-UTR300000002774,,38803.00,260731102.94,9001487150,HDFC
TXN00002775,19-07-2026,UPI/300000002775/JGP/jodhpurgar@ybl,,125000.00,260856102.94,S99380864,ICICI
TXN00002776,11-06-2026,MMT/IMPS/300000002776/TRICHY LOGIS/KKBK,,37056.00,260893158.94,S37989832,ICICI
TXN00002777,01/06/26,NEFT CR-HDFC0004567-DHANBAD TEXTILES-UTR2844147436,,109809.25,261002968.19,4270782340,HDFC
TXN00002778,22/08/26,NEFT-HDFC0002341-AMRAVATI FABRICATORS AND COMPANY-8537344900,,9000.00,261011968.19,5944836010,HDFC
TXN00002779,10/07/26,ACH C-TRICHY TRADE-300000002779,,75554.00,261087522.19,7337080664,HDFC
TXN00002780,27/07/26,ACH C-JABALPUR PLASTICS AN-300000002780,,53000.00,261140522.19,7154734818,HDFC
TXN00002781,31/07/26,NEFT CR-HDFC0002341-DHANBAD PRINTERS P LTD-UTR300000002781,,36561.99,261177084.18,6356515591,HDFC
TXN00002782,02/07/26,NEFT-HDFC0004567-RAJKOT CONTAINERS PVT LTD-9055783261,,32393.00,261209477.18,8840541225,HDFC
TXN00002783,21/06/26,NEFT-HDFC0000123-AMRAVATI ENGINEE-300000002783,,9391.25,261218868.43,4786295413,HDFC
TXN00002784,19/07/26,NEFT-HDFC0009812-AMRAVATIMOTORSPRIVATELIMITED-300000002784,,88704.00,261307572.43,8431902681,HDFC
TXN00002785,07-06-2026,NEFT/ICICR52024560961/ANANTAPUR SPINNERS,,6723.00,261314295.43,S97275234,ICICI
TXN00002786,12/08/26,NEFT CR-HDFC0009812-AMRAVATI BEARINGS LIMITED-UTR300000002786,,187000.00,261501295.43,7981448447,HDFC
TXN00002787,13/07/26,UPI-BHILAI AGRO EXPORTS-BHILAIAGRO@OKAXIS-1240990002-PAYMENT FROM BAE,,16639.00,261517934.43,6994080709,HDFC
TXN00002788,19-08-2026,BIL/ONL/300000002788/LCP,,15000.00,261532934.43,S18699071,ICICI
TXN00002789,20/08/26,ACH C-DHANBAD AUTO COMPONENTS-1742407575,,97000.75,261629935.18,9210421313,HDFC
TXN00002790,18/08/26,NEFT CR-HDFC0000123-HUBLI SPINNERS-UTR300000002790,,44291.00,261674226.18,4719160323,HDFC
TXN00002791,08/08/26,UPI-ANANTAPUR HOSPITALIT-ANANTAPURH@PAYTM-300000002791-PAYMENT FROM AHP,,100000.50,261774226.68,8690839280,HDFC
TXN00002792,18-07-2026,MMT/IMPS/300000002792/Mysore Software Services Private Limited/UTIB,,94928.25,261869154.93,S23309810,ICICI
TXN00002793,09-08-2026,MMT/IMPS/300000002793/Amravati Enterprises India Private Limited/AXIS,,373196.00,262242350.93,S54202922,ICICI
TXN00002794,17-06-2026,UPI/2910888866/AAE/amravatiag@ybl,,8390.00,262250740.93,S19307232,ICICI
TXN00002795,09-06-2026,NEFT-ICICR52024560211-AMRAVATI FABRICATORS AND COMPANY,,5478.00,262256218.93,S98967586,ICICI
TXN00002796,16-06-2026,NEFT/ICICR52024117444/AURANGABAD ELECTRICALS LLP,,250000.00,262506218.93,S95614777,ICICI
TXN00002797,28/07/26,RTGS-HDFC0009812-GODAVARI TRADERS-300000002797,,54749.00,262560967.93,4979662111,HDFC
TXN00002798,29/08/26,IMPS-300000002798-BHAVNAGARELECTRICALSLLP-UTIB,,69692.00,262630659.93,1703166164,HDFC
TXN00002799,11-06-2026,NEFT/ICICR52024117180/Amravati Industries India Private Limited,,236878.50,262867538.43,S14782481,ICICI
TXN00002800,04-07-2026,UPI/300000002800/Payment from/aurangabad@ibl/KKBK,,176000.75,263043539.18,S10450384,ICICI
TXN00002801,25/07/26,ACH C-BHOPAL  ENTERPRISES INDIA PRIVATE LIMITED-300000002801,,326183.00,263369722.18,1846543203,HDFC
TXN00002802,16/06/26,UPI-JALANDHAR FERTILISERS  PRIVATE LIMITED-JALANDHARF@OKHDFCBANK-300000002802,,60000.00,263429722.18,5432399025,HDFC
TXN00002803,17-07-2026,UPI/300000002803/CFP/chandrapur@ybl,,5000.00,263434722.18,S28093057,ICICI
TXN00002804,14-07-2026,UPI/300000002804/Payment from/kanpurmoto@ibl/HDFC,,8316.00,263443038.18,S86045851,ICICI
TXN00002805,17-08-2026,MMT/IMPS/300000002805/Rajkot Metals Limited/HDFC,,5000.75,263448038.93,S14873332,ICICI
TXN00002806,09-06-2026,NEFT-ICICR52024560269-jalandhar auto components,,5000.50,263453039.43,S97664347,ICICI
TXN00002807,24/08/26,UPI-ANANTAPUR DIAGNOSTICS-ANANTAPURD@APL-300000002807,,6916.50,263459955.93,4991228847,HDFC
TXN00002808,07/07/26,NEFT-HDFC0000123-AMRAVATI AGR-300000002808,,53151.50,263513107.43,1396156860,HDFC
TXN00002809,06/08/26,ACH C-AMRAVATIAUTOCOMPONENTSPVTLTD-8996261702,,52274.00,263565381.43,1203017912,HDFC
TXN00002810,01/08/26,NEFT CR-HDFC0002341-AMRAVATI PLASTICS AND COMPANY-UTR8682823464,,8058.75,263573440.18,6595720701,HDFC
TXN00002811,29/06/26,UPI-ANANTAPUR PLASTICS AND COMPANY-ANANTAPURP@OKHDFCBANK-300000002811,,12154.00,263585594.18,5599066213,HDFC
TXN00002812,15-06-2026,BIL/ONL/300000002812/CSL,,8385.00,263593979.18,S87529759,ICICI
TXN00002813,07-08-2026,NEFT-ICICR52024117863-KRISHNA CABLES P,,30414.50,263624393.68,S24117073,ICICI
TXN00002814,25-08-2026,BIL/ONL/300000002814/TFA,,38288.00,263662681.68,S93734848,ICICI
TXN00002815,19/06/26,ACH C-GODAVARI AGRO EXPORT-300000002815,,30000.50,263692682.18,7240595003,HDFC
TXN00002816,17/08/26,ACH C-BHILAI HANDICRAFTS L-300000002816,,31768.00,263724450.18,8089046146,HDFC
TXN00002817,19/07/26,UPI-SILIGURI TEXTILES PVT LTD-SILIGURITE@PAYTM-300000002817,,4666.00,263729116.18,6069532787,HDFC
TXN00002818,29-06-2026,RTGS/ICICR52024117737/CUTTACK POLYMERS PRIVATE LIMITED,,50337.75,263779453.93,S67791251,ICICI
TXN00002819,09/07/26,NEFT-HDFC0002341-AMRAVATI AGRO EXPORTS PRIVATE LIMITED-300000002819,,16752.00,263796205.93,5644176433,HDFC
TXN00002820,22-06-2026,BIL/ONL/300000002820/SBL,,21711.00,263817916.93,S63384259,ICICI
TXN00002821,04/08/26,UPI-MADURAI FORGINGS LIMITED-MADURAIFOR@APL-300000002821-PAYMENT FROM MFL,,40704.00,263858620.93,5583762753,HDFC
TXN00002822,28-07-2026,NEFT/ICICR52023081783/AMRAVATI LOGISTICS P,,49000.25,263907621.18,S26553121,ICICI
TXN00002823,22-07-2026,UPI/300000002823/JDL/jodhpurdia@ibl,,53648.00,263961269.18,S70063491,ICICI
TXN00002824,17-07-2026,RTGS/ICICR52023081376/CHANDRAPUR PRINTERS,,166000.00,264127269.18,S77404398,ICICI
TXN00002825,19/08/26,RTGS-HDFC0004567-CALICUT AUTO COMPONENTS PVT LTD-300000002825,,125000.00,264252269.18,8813790507,HDFC
TXN00002826,21/07/26,RTGS-HDFC0009812-AMRAVATIHANDICRAFTSLLP-300000002826,,42000.50,264294269.68,7403360396,HDFC
TXN00002827,10-07-2026,UPI/300000002827/Payment from/hublimedia@apl/KKBK,,58239.00,264352508.68,S15021637,ICICI
TXN00002828,03-08-2026,UPI/300000002828/VPL/varanasipa@ybl,,67284.00,264419792.68,S15953902,ICICI
TXN00002829,16-06-2026,UPI/300000002829/Payment from/indoreelec@apl/AXIS,,46940.00,264466732.68,S58916542,ICICI
TXN00002830,20-06-2026,MMT/IMPS/300000002830/haldia hospitality/ICIC,,55188.00,264521920.68,S62221017,ICICI
TXN00002831,29-07-2026,RTGS/ICICR52024560753/siligurielectricalsllp,,157472.50,264679393.18,S51036951,ICICI
TXN00002832,20/07/26,UPI-AMRAVATI AGR-AMRAVATIAG@APL-300000002832,,250000.25,264929393.43,5367810488,HDFC
TXN00002833,13-08-2026,RTGS/ICICR52024117510/belgaum cold storage and company,,7162.00,264936555.43,S89297380,ICICI
TXN00002834,18-06-2026,RTGS/ICICR52024117976/Varanasisoftwareservicesprivatelimited,,58733.00,264995288.43,S72218356,ICICI
TXN00002835,08-06-2026,NEFT/ICICR52024117772/Kakinada Hospitality Pvt Ltd,,14941.00,265010229.43,S39840050,ICICI
TXN00002836,12-06-2026,MMT/IMPS/4448853700/Krishnadistributorsprivatelimited/HDFC,,14130.00,265024359.43,S14932773,ICICI
TXN00002837,01-07-2026,MMT/IMPS/3558026192/COIMBATORE PACKA/SBIN,,23777.00,265048136.43,S40758250,ICICI
TXN00002838,07-07-2026,RTGS/ICICR52023081962/SILIGURI TEXTILES,,25000.00,265073136.43,S83557129,ICICI
TXN00002839,21/08/26,RTGS-HDFC0009812-BELGAUM CHEMICALS IN-300000002839,,36000.25,265109136.68,8067869997,HDFC
TXN00002840,08-08-2026,UPI/9698666120/Payment from/amravatibe@ybl/AXIS,,125000.00,265234136.68,S24667184,ICICI
TXN00002841,06/07/26,UPI-TIRUPUR DISTRIBUTORS PRIVATE LIMITED-TIRUPURDIS@IBL-300000002841-PAYMENT FROM TDP,,38147.99,265272284.67,7078767079,HDFC
TXN00002842,10-08-2026,UPI/300000002842/CAC/chennaiaut@paytm,,100000.00,265372284.67,S48880999,ICICI
TXN00002843,07/06/26,UPI-AURANGABAD CERAMICS-AURANGABAD@APL-300000002843-PAYMENT FROM ACP,,38673.00,265410957.67,2641174174,HDFC
TXN00002844,06/07/26,UPI-AURANGABAD TRANSPORT AND COMPANY-AURANGABAD@OKHDFCBANK-8638967329-PAYMENT FROM ATA,,5000.00,265415957.67,6703327143,HDFC
TXN00002845,28-08-2026,MMT/IMPS/300000002845/rajkot constructions/KKBK,,170000.00,265585957.67,S99064042,ICICI
TXN00002846,16-08-2026,UPI/4539868775/Payment from/indoresoft@ybl/ICIC,,23887.25,265609844.92,S13383191,ICICI
TXN00002847,24-07-2026,NEFT/ICICR52023081737/Chennai Diagnostics Limited,,194274.75,265804119.67,S30946351,ICICI
TXN00002848,08-08-2026,RTGS/ICICR52023081154/NASHIK CABLES PR,,62655.00,265866774.67,S76081760,ICICI
TXN00002849,23/08/26,ACH C-SURAT PACKAGING LLP-300000002849,,50000.00,265916774.67,5033963966,HDFC
TXN00002850,01/07/26,RTGS-HDFC0009812-CHENNAI CHEMICALS INDIA PRIVATE LIMITED-8086077250,,9166.00,265925940.67,5124532457,HDFC
TXN00002851,18-07-2026,BIL/ONL/300000002851/BHL,,150000.00,266075940.67,S30820826,ICICI
TXN00002852,26/06/26,RTGS-HDFC0004567-AURANGABAD AUTO COMPONENTS PVT LTD-5742475289,,3409.00,266079349.67,6314754380,HDFC
TXN00002853,19/07/26,NEFT-HDFC0002341-AMRAVATI AGRO EXPORTS PRIVATE LIMITED-300000002853,,87553.00,266166902.67,9631001335,HDFC
TXN00002854,01-08-2026,NEFT/ICICR52023081545/KANPUR DIAGNOSTICS LIMITED,,8189.00,266175091.67,S93099297,ICICI
TXN00002855,11/07/26,ACH C-VARANASI PRINTERS-300000002855,,68000.25,266243091.92,3678806291,HDFC
TXN00002856,25/08/26,ACH C-TIRUPUR SPINNERS LLP-5224817601,,75000.00,266318091.92,7990838061,HDFC
TXN00002857,28-08-2026,BIL/ONL/300000002857/BCP,,60000.00,266378091.92,S72561831,ICICI
TXN00002858,12/07/26,UPI-SURAT GARMENTS PRIVATE LIMITED-SURATGARME@OKAXIS-7087979756,,22000.00,266400091.92,5110255917,HDFC
TXN00002859,21/08/26,NEFT-HDFC0004567-CHENNAI AGRO EXPORTS PRIVATE LIMITED-300000002859,,7786.00,266407877.92,7650328323,HDFC
TXN00002860,09-07-2026,UPI/7443176831/AFP/anantapurf@okhdfcbank,,147000.00,266554877.92,S43829450,ICICI
TXN00002861,30/06/26,NEFT-HDFC0004567-ANANTAPUR  TRADERS INDIA PRIVATE LIMITED-4522966948,,90521.00,266645398.92,7238180086,HDFC
TXN00002862,26/08/26,IMPS-1410179023-AMRAVATI ENT-KKBK,,16410.00,266661808.92,7607475590,HDFC
TXN00002863,06/06/26,NEFT CR-HDFC0000123-AMRAVATICABLESPRIVATELIMITED-UTR300000002863,,60000.00,266721808.92,2623593872,HDFC
TXN00002864,07-07-2026,UPI/300000002864/Payment from/amravatife@okaxis/ICIC,,65941.99,266787750.91,S21755564,ICICI
TXN00002865,01-08-2026,UPI/300000002865/BEP/bhilaiengi@ybl/,,86051.00,266873801.91,S14999889,ICICI
TXN00002866,17-06-2026,NEFT-ICICR52024117379-AMRAVATI AGRO EXPORTS  PRIVATE LIMITED,,5831.50,266879633.41,S74340000,ICICI
TXN00002867,03-08-2026,MMT/IMPS/300000002867/udaipur pharmaceuticals india private limited/UTIB,,122113.00,267001746.41,S64243573,ICICI
TXN00002868,07-08-2026,UPI/300000002868/JML/jabalpurme@okaxis,,73778.00,267075524.41,S59470871,ICICI
TXN00002869,29/07/26,UPI-GWALIORPLASTICSANDCOMPANY-GWALIORPLA@IBL-9855598849-PAYMENT FROM GPA,,26541.99,267102066.40,5574310368,HDFC
TXN00002870,02-07-2026,NEFT/ICICR52024117850/LUDHIANA  HANDICRAFTS,,92731.00,267194797.40,S73134379,ICICI
TXN00002871,17-06-2026,RTGS/ICICR52024560576/Surat Handicraft,,44961.00,267239758.40,S49189691,ICICI
TXN00002872,12-08-2026,RTGS/ICICR52024560789/Chennai Agro,,35079.00,267274837.40,S41196023,ICICI
TXN00002873,24-07-2026,MMT/IMPS/300000002873/Amravati Castings Ll/UTIB,,60000.00,267334837.40,S23271144,ICICI
TXN00002874,13/07/26,IMPS-300000002874-AMRAVATI LOGISTICS PRIVATE LIMITED-UTIB,,15163.00,267350000.40,8745812376,HDFC
TXN00002875,16/06/26,UPI-BHILAI INFRAPROJ-BHILAIINFR@IBL-300000002875,,50000.50,267400000.90,1840101435,HDFC
TXN00002876,21/08/26,NEFT CR-HDFC0004567-CHANDRAPUR ENGINEERING PVT LTD-UTR3929145358,,76000.25,267476001.15,4235824651,HDFC
TXN00002877,18/08/26,UPI-GANDHINAGAR HOSPIT-GANDHINAGA@APL-3983826554-PAYMENT FROM GHP,,200000.50,267676001.65,4547599045,HDFC
TXN00002878,22/07/26,NEFT CR-HDFC0000123-AMRAVATI AUT-UTR300000002878,,20786.00,267696787.65,2772854092,HDFC
TXN00002879,07/08/26,NEFT CR-HDFC0002341-CALICUT FOODS PVT-UTR3835333333,,39191.00,267735978.65,8425183804,HDFC
TXN00002880,04-06-2026,NEFT/ICICR52023081390/SOLAPUR ENTERPRISES INDIA PRIVATE LIMITED,,8438.00,267744416.65,S26142893,ICICI
TXN00002881,08/07/26,ACH C-AMRAVATI DIAGNOSTI-6383974715,,36000.99,267780417.64,2995991169,HDFC
TXN00002882,06/08/26,UPI-GANDHINAGAR FERT-GANDHINAGA@OKAXIS-300000002882,,500000.00,268280417.64,5579959079,HDFC
TXN00002883,14-06-2026,NEFT/ICICR52023081996/AMRAVATI AUTO COMPONENTS PVT LTD,,100000.00,268380417.64,S23707003,ICICI
TXN00002884,16/06/26,RTGS-HDFC0002341-BHILAI COLD STORAGE AND COMPANY-300000002884,,106839.25,268487256.89,9211515282,HDFC
TXN00002885,04/06/26,IMPS-300000002885-CALICUT MEDIA-AXIS/ ,,20366.00,268507622.89,7184013675,HDFC
TXN00002886,10-07-2026,NEFT/ICICR52023081929/Udaipur Engineer,,87444.00,268595066.89,S81533209,ICICI
TXN00002887,20/07/26,IMPS-300000002887-DHANBAD METALS P LTD-AXIS,,46894.50,268641961.39,9879624871,HDFC
TXN00002888,25-06-2026,NEFT/ICICR52024117729/CHENNAI PRINTERS PVT LTD,,30705.00,268672666.39,S86364920,ICICI
TXN00002889,24/08/26,UPI-BHOPAL MEDIA PVT LTD-BHOPALMEDI@PAYTM-300000002889-PAYMENT FROM BMP,,20000.75,268692667.14,8338338829,HDFC
TXN00002890,08/06/26,ACH C-HUBLI BEARINGS LIMITED-300000002890,,282000.99,268974668.13,9791444571,HDFC
TXN00002891,12-08-2026,UPI/300000002891/ASL/aurangabad@okhdfcbank,,282000.25,269256668.38,S20621117,ICICI
TXN00002892,10/06/26,RTGS-HDFC0002341-AMRAVATI HOSPITALITY-300000002892,,12300.00,269268968.38,4808824404,HDFC
TXN00002893,04-06-2026,UPI/300000002893/Payment from/chandrapur@apl/AXIS,,143000.00,269411968.38,S58924153,ICICI
TXN00002894,27/08/26,NEFT-HDFC0004567-BELGAUM COLD STORA-300000002894,,45242.00,269457210.38,8384831273,HDFC
TXN00002895,03/06/26,IMPS-300000002895-AMRAVATI SOFTWAR-ICIC ,,5380.99,269462591.37,1268471564,HDFC
TXN00002896,08-08-2026,UPI/3963909943/Payment from/bhavnagart@ibl/ICIC,,28649.99,269491241.36,S59406605,ICICI
TXN00002897,14-06-2026,NEFT-ICICR52023081730-Cuttack Enterpri,,32608.00,269523849.36,S50895868,ICICI
TXN00002898,25/08/26,UPI-ANANTAPUR TRADERS INDIA PRIVATE LIMITED-ANANTAPURT@YBL-300000002898,,32759.00,269556608.36,3359915272,HDFC
TXN00002899,14/08/26,NEFT CR-HDFC0002341-ERNAKULAM MOTORS-UTR300000002899,,11323.00,269567931.36,2782747113,HDFC
TXN00002900,20-06-2026,UPI/300000002900/BPA/bhavnagarp@okhdfcbank,,6239.00,269574170.36,S95303697,ICICI
TXN00002901,04/07/26,IMPS-9230829171-GUNTUR LOGISTICS PRIVATE LIMITED-AXIS,,71949.00,269646119.36,8670443893,HDFC
TXN00002902,09/06/26,NEFT CR-HDFC0009812-BHOPAL TRANSPORT AND COMPANY-UTR6873305832,,39926.00,269686045.36,1318377349,HDFC
TXN00002903,12-08-2026,UPI/300000002903/ACP/anantapurc@ybl,,13224.25,269699269.61,S78128546,ICICI
TXN00002904,20/08/26,NEFT-HDFC0009812-SOLAPUR MEDIA PVT LTD-300000002904,,50377.25,269749646.86,5510560936,HDFC
TXN00002905,16-07-2026,UPI/300000002905/IFA/indorefabr@ibl,,35594.00,269785240.86,S87018477,ICICI
TXN00002906,25/06/26,NEFT-HDFC0004567-DHANBADINDUSTRIESINDIAPRIVATELIMITED-300000002906,,5000.00,269790240.86,3009250830,HDFC
TXN00002907,15-06-2026,RTGS/ICICR52023994282/BHAVNAGAR FORGINGS,,40000.00,269830240.86,S97459142,ICICI
TXN00002908,05-07-2026,MMT/IMPS/300000002908/JODHPUR POLYMERS PRIVATE LIMITED/AXIS,,203000.00,270033240.86,S11743570,ICICI
TXN00002909,07/06/26,UPI-GWALIOR TRAD-GWALIORTRA@YBL-300000002909,,180000.00,270213240.86,9685116267,HDFC
TXN00002910,03-06-2026,BIL/ONL/300000002910/ACP/ ,,60000.00,270273240.86,S83833919,ICICI
TXN00002911,22-06-2026,NEFT-ICICR52024560768-Haldia Auto Components Pvt,,139951.00,270413191.86,S76161613,ICICI
TXN00002912,25-07-2026,UPI/300000002912/Payment from/amravatico@okhdfcbank/HDFC,,24855.00,270438046.86,S77483384,ICICI
TXN00002913,31-07-2026,UPI/3212455353/Payment from/gandhinaga@okhdfcbank/AXIS,,125000.00,270563046.86,S99851109,ICICI
TXN00002914,29-06-2026,MMT/IMPS/300000002914/Udaipur Pharmaceuticals India Private Limited/SBIN,,76461.00,270639507.86,S77196462,ICICI
TXN00002915,13/08/26,UPI-BELGAUMDIAGNOSTICSLIMITED-BELGAUMDIA@IBL-9663521367-PAYMENT FROM BDL,,500000.00,271139507.86,7659288069,HDFC
TXN00002916,08-07-2026,RTGS/ICICR52023994584/ANANTAPUR CERAMICS PVT LTD,,125000.50,271264508.36,S96523582,ICICI
TXN00002917,11-07-2026,NEFT-ICICR52024560755-Ernakulam Engineer,,167000.75,271431509.11,S75092789,ICICI
TXN00002918,16/06/26,UPI-DEHRADUN COLD STORAGE AND COMPANY-DEHRADUNCO@APL-9844199907,,564433.50,271995942.61,4267581753,HDFC
TXN00002919,16-08-2026,NEFT/ICICR52024560848/AMRAVATI AGRO EXPORTS,,109210.99,272105153.60,S54912829,ICICI
TXN00002920,25/08/26,IMPS-7593588964-HUBLI FOODS-HDFC,,54708.00,272159861.60,7333127341,HDFC
TXN00002921,03/08/26,IMPS-4320443097-AURANGABAD SOFTWARE SERVICES PRIVATE LIMITED-HDFC,,37022.00,272196883.60,1212365573,HDFC
TXN00002922,31-08-2026,UPI/300000002922/SHL/siliguriha@ibl,,75757.00,272272640.60,S97314098,ICICI
TXN00002923,17-07-2026,UPI/9958599912/Payment from/anantapurc@okhdfcbank/SBIN,,253916.00,272526556.60,S12990784,ICICI
TXN00002924,26-06-2026,BIL/ONL/300000002924/KDP,,34235.00,272560791.60,S42552582,ICICI
TXN00002925,23/08/26,NEFT CR-HDFC0002341-AMRAVATI DIAGNOSTICS-UTR300000002925,,7407.00,272568198.60,3514736206,HDFC
TXN00002926,14-08-2026,MMT/IMPS/300000002926/DHANBAD ENTERPRI/UTIB,,31356.00,272599554.60,S19417774,ICICI
TXN00002927,04-08-2026,UPI/300000002927/DMP/dhanbadmot@ybl,,80194.00,272679748.60,S78828838,ICICI
TXN00002928,31-07-2026,MMT/IMPS/300000002928/Amravati Agro Exports Private Limited/SBIN,,152288.00,272832036.60,S62974395,ICICI
TXN00002929,09-07-2026,MMT/IMPS/6290915498/JALANDHAR PRINTERS PVT LTD/ICIC,,42000.00,272874036.60,S67376628,ICICI
TXN00002930,20-08-2026,NEFT-ICICR52023081505-Amravati Containers Pvt Ltd,,26003.00,272900039.60,S21418738,ICICI
TXN00002931,19/07/26,UPI-JALANDHARELECTRICALSLLP-JALANDHARE@PAYTM-300000002931-PAYMENT FROM JEL,,64357.00,272964396.60,4136025923,HDFC
TXN00002932,28/06/26,NEFT-HDFC0009812-AMRAVATI FOO-300000002932,,98339.99,273062736.59,1287243667,HDFC
TXN00002933,26-07-2026,UPI/2785207008/Payment from/jamnagarme@apl/KKBK,,500000.50,273562737.09,S99562001,ICICI
TXN00002934,15/06/26,ACH C-JAMNAGAR DIAGNOSTI-300000002934,,21959.00,273584696.09,7578636871,HDFC
TXN00002935,30-06-2026,UPI/300000002935/Payment from/jamnagarco@okhdfcbank/KKBK,,34965.00,273619661.09,S51445945,ICICI
TXN00002936,24/06/26,NEFT-HDFC0009812-AMRAVATI  CASTINGS-6833941665,,15252.25,273634913.34,7647116156,HDFC
TXN00002937,12/08/26,NEFT CR-HDFC0000123-AMRAVATI AGRO EXPORTS PRIVATE LIMITED-UTR300000002937,,33741.00,273668654.34,2595493340,HDFC
TXN00002938,11-08-2026,BIL/ONL/8733129984/BFP,,63708.00,273732362.34,S90374553,ICICI
TXN00002939,14/08/26,RTGS-HDFC0004567-ANANTAPUR PAPER MILLS PVT LTD-2478602830,,135796.00,273868158.34,7907477524,HDFC
TXN00002940,14-08-2026,RTGS/ICICR52023994856/AMRAVATI CABLES,,36644.00,273904802.34,S68582003,ICICI
TXN00002941,30-08-2026,NEFT/ICICR52023081437/BELGAUM INFRAPROJECTS AND COMPANY,,150000.50,274054802.84,S28618806,ICICI
TXN00002942,19-06-2026,RTGS/ICICR52023994237/GUNTUR PLASTICS AND COMPANY,,44340.00,274099142.84,S42789463,ICICI
TXN00002943,28-07-2026,MMT/IMPS/3646581460/SOLAPUR FABR/KKBK,,11041.25,274110184.09,S18206879,ICICI
TXN00002944,21/07/26,ACH C-ERNAKULAM FORGIN-300000002944,,224000.00,274334184.09,8440266551,HDFC
TXN00002945,20-06-2026,NEFT-ICICR52024117776-ANANTAPUR BE,,30000.00,274364184.09,S12112122,ICICI
TXN00002946,09/07/26,NEFT-HDFC0002341-ERNAKULAM DISTRIBUTORS-300000002946,,203000.00,274567184.09,7220944508,HDFC
TXN00002947,11/06/26,RTGS-HDFC0004567-AMRAVATI  ELECTRI-300000002947,,5049.00,274572233.09,4709695148,HDFC
TXN00002948,14-06-2026,RTGS/ICICR52023994261/BHAVNAGAR PAPER MILLS PVT LTD,,40000.00,274612233.09,S87166610,ICICI
TXN00002949,10-06-2026,UPI/300000002949/Payment from/bhopalfabr@okhdfcbank/SBIN,,196000.00,274808233.09,S40526067,ICICI
TXN00002950,15/07/26,NEFT CR-HDFC0000123-ERNAKULAM  CHEMICALS INDIA PRIVATE LIMITED-UTR300000002950,,82720.00,274890953.09,6581990796,HDFC
TXN00002951,09/06/26,UPI-DHANBAD TRAN-DHANBADTRA@APL-300000002951-PAYMENT FROM DTA,,93695.00,274984648.09,3026973705,HDFC
TXN00002952,03/08/26,RTGS-HDFC0000123-VARANASIPAPERMILLSPVTLTD-300000002952,,96612.99,275081261.08,9659612453,HDFC
TXN00002953,28/06/26,ACH C-JALANDHAR TEXTILES PVT LTD-6710007310,,49353.50,275130614.58,6995761662,HDFC
TXN00002954,18/07/26,IMPS-5001914304-AURANGABAD PRINTERS PVT-HDFC,,22425.25,275153039.83,2466983073,HDFC
TXN00002955,24-07-2026,NEFT-ICICR52023081478-AMRAVATI AGRO EXPORTS PVT,,10788.00,275163827.83,S76558814,ICICI
TXN00002956,24-08-2026,UPI/300000002956/APL/anantapurp@paytm,,238000.50,275401828.33,S60241877,ICICI
TXN00002957,24-08-2026,RTGS/ICICR52024560883/BHAVNAGAR FERTILISERS PRIVATE LIMITED,,5706.50,275407534.83,S79671134,ICICI
TXN00002958,28/06/26,RTGS-HDFC0009812-CUTTACK DIAGNOSTICS-3679139811,,19312.00,275426846.83,7623970604,HDFC
TXN00002959,17/08/26,UPI-COIMBATORE  SOFTWARE SERVICES PRIVATE LIMITED-COIMBATORE@OKAXIS-5035106789-PAYMENT FROM CSS,,9157.00,275436003.83,7476833687,HDFC
TXN00002960,08-08-2026,BIL/ONL/300000002960/ARL,,38992.50,275474996.33,S11403382,ICICI
TXN00002961,17-07-2026,NEFT/ICICR52023081948/Aurangabad Enterprises India,,22934.00,275497930.33,S80687355,ICICI
TXN00002962,14/08/26,RTGS-HDFC0002341-AMRAVATI COL-300000002962,,243000.75,275740931.08,9833381471,HDFC
TXN00002963,08/07/26,ACH C-MADURAI CONTAINERS PVT LTD-300000002963,,27000.00,275767931.08,7860383608,HDFC
TXN00002964,17/08/26,NEFT CR-HDFC0004567-AMRAVATI HOSPITALITY PVT LTD-UTR300000002964,,127000.75,275894931.83,3289775635,HDFC
TXN00002965,28/07/26,NEFT CR-HDFC0002341-CHANDRAPUR  TEXTILES-UTR300000002965,,60000.00,275954931.83,8498322863,HDFC
TXN00002966,28/08/26,RTGS-HDFC0002341-BHILAI METALS LIMITED-5082690347,,83067.00,276037998.83,7440340177,HDFC
TXN00002967,30-06-2026,MMT/IMPS/300000002967/AMRAVATI BEARINGS LIMITED/UTIB,,69633.00,276107631.83,S76533401,ICICI
TXN00002968,15/07/26,ACH C-GUNTUR INFRAPROJECTS-2209022473,,60000.75,276167632.58,9433616110,HDFC
TXN00002969,17-08-2026,BIL/ONL/300000002969/AEP,,49346.00,276216978.58,S20256448,ICICI
TXN00002970,07-07-2026,BIL/ONL/6816460880/CHL,,39890.00,276256868.58,S84992851,ICICI
TXN00002971,13-08-2026,UPI/300000002971/CCS/coimbatore@okhdfcbank,,65908.00,276322776.58,S82970428,ICICI
TXN00002972,23-07-2026,BIL/ONL/300000002972/MEL,,41025.50,276363802.08,S65762844,ICICI
TXN00002973,23-06-2026,UPI/2137577181/MMP/meerutmoto@okaxis,,5000.00,276368802.08,S20854377,ICICI
TXN00002974,04/06/26,RTGS-HDFC0004567-ANANTAPUR TEXTILES-7297285532,,142591.00,276511393.08,1928959255,HDFC
TXN00002975,19-06-2026,MMT/IMPS/3342664057/COIMBATORE I/ICIC,,193000.50,276704393.58,S71400445,ICICI
TXN00002976,29-07-2026,BIL/ONL/300000002976/BRL,,69897.00,276774290.58,S24039326,ICICI
TXN00002977,23/07/26,UPI-MYSORE AGRO EXPORTS PRIVATE LIMITED-MYSOREAGRO@YBL-300000002977-PAYMENT FROM MAE,,47959.00,276822249.58,7322802002,HDFC
TXN00002978,16-08-2026,BIL/ONL/300000002978/CAE,,273000.50,277095250.08,S41061128,ICICI
TXN00002979,16/07/26,IMPS-300000002979-BHAVNAGAR ME-HDFC,,10000.00,277105250.08,1445046378,HDFC
TXN00002980,26/06/26,ACH C-COIMBATORE E-300000002980,,44022.00,277149272.08,4192421521,HDFC
TXN00002981,24/07/26,UPI-BELGAUMAGROEXPORTSPRIVATELIMITED-BELGAUMAGR@APL-300000002981,,40282.25,277189554.33,9619565662,HDFC
TXN00002982,13/07/26,UPI-BELGAUM REFRACTORIES-BELGAUMREF@APL-300000002982,,9369.00,277198923.33,7064983017,HDFC
TXN00002983,27/07/26,IMPS-6944185492-AMRAVATI COLD STORAG-HDFC,,214000.00,277412923.33,8362451302,HDFC
TXN00002984,17/07/26,NEFT CR-HDFC0009812-CALICUT ENGINEERING P LTD-UTR300000002984,,75281.00,277488204.33,6785746572,HDFC
TXN00002985,23-08-2026,NEFT/ICICR52023081705/AMRAVATI MEDIA PVT LTD,,56846.00,277545050.33,S13510792,ICICI
TXN00002986,14/08/26,NEFT-HDFC0009812-INDORE INFRAPROJECTS  AND COMPANY-300000002986,,236000.00,277781050.33,5583206377,HDFC
TXN00002987,05/07/26,UPI-AMRAVATI TEXTILES PVT LTD-AMRAVATITE@APL-300000002987-PAYMENT FROM ATP,,52202.00,277833252.33,5991370793,HDFC
TXN00002988,05-07-2026,BIL/ONL/300000002988/AFA,,17499.00,277850751.33,S48843516,ICICI
TXN00002989,06-07-2026,RTGS/ICICR52024117250/BHILAI DISTR,,8975.99,277859727.32,S91436799,ICICI
TXN00002990,10-07-2026,UPI/300000002990/Payment from/bhopalpack@okhdfcbank/KKBK,,823686.00,278683413.32,S62066045,ICICI
TXN00002991,02-08-2026,RTGS/ICICR52023994324/Udaipur Polymers,,9342.50,278692755.82,S60440163,ICICI
TXN00002992,02/08/26,UPI-JAMNAGAR ELECTRICALS LLP-JAMNAGAREL@OKHDFCBANK-1276460249,,282767.00,278975522.82,6991791538,HDFC
TXN00002993,13-06-2026,UPI/300000002993/Payment from/jodhpurinf@ibl/SBIN,,100172.00,279075694.82,S70634052,ICICI
TXN00002994,15-08-2026,NEFT/ICICR52024117426/Ernakulam Chemicals India,,86778.00,279162472.82,S71172776,ICICI
TXN00002995,07-06-2026,MMT/IMPS/9094859824/PANIPAT FOODS PVT/UTIB,,79481.00,279241953.82,S56073636,ICICI
TXN00002996,22-08-2026,BIL/ONL/5680731642/AFP,,16950.00,279258903.82,S59280338,ICICI
TXN00002997,26/08/26,UPI-GWALIOR REFR-GWALIORREF@OKAXIS-7007745535,,16583.00,279275486.82,3372953074,HDFC
TXN00002998,08-06-2026,BIL/ONL/3746814364/KPI,,375153.00,279650639.82,S38698891,ICICI
TXN00002999,19/08/26,NEFT-HDFC0002341-COIMBATORE PACKAGING LLP-1489894050,,21600.00,279672239.82,9618430956,HDFC
TXN00003000,06/06/26,UPI-GUNTUR PACKAGING-GUNTURPACK@YBL-300000003000-PAYMENT FROM GPL,,11290.00,279683529.82,4864383437,HDFC
TXN00003001,04/06/26,UPI-AMRAVATI AGRO EXPORTS PRIVATE LIMITED-AMRAVATIAG@PAYTM-300000003001,,16131.00,279699660.82,6140359604,HDFC
TXN00003002,25/06/26,UPI-ERNAKULAM GARMENTS-ERNAKULAMG@OKAXIS-300000003002-PAYMENT FROM EGP,,10549.00,279710209.82,8293673852,HDFC
TXN00003003,04/06/26,IMPS-300000003003-SILIGURI PAPER MILLS PVT LTD-AXIS,,255000.50,279965210.32,4982935737,HDFC
TXN00003004,30/06/26,UPI-AURANGABADDIAGNOSTICSLIMITED-AURANGABAD@OKAXIS-300000003004-PAYMENT FROM ADL,,20064.75,279985275.07,2400913112,HDFC
TXN00003005,18-07-2026,BIL/ONL/300000003005/BPI,,113000.00,280098275.07,S57136186,ICICI
TXN00003006,23/08/26,NEFT-HDFC0002341-NARMADA CERAMICS PVT-300000003006,,126000.00,280224275.07,7890212404,HDFC
TXN00003007,09-06-2026,UPI/300000003007/Payment from/jabalpurtr@ibl/KKBK,,500000.00,280724275.07,S46859797,ICICI
TXN00003008,27/07/26,RTGS-HDFC0004567-NASHIK CHEMICALS-300000003008,,269000.00,280993275.07,1548873864,HDFC
TXN00003009,08-06-2026,BIL/ONL/300000003009/JBL,,189117.00,281182392.07,S30561633,ICICI
TXN00003010,13-06-2026,UPI/300000003010/AAC/amravatiau@okaxis,,9620.00,281192012.07,S10938779,ICICI
TXN00003011,01-07-2026,UPI/300000003011/BMP/belgaummed@okhdfcbank,,66023.00,281258035.07,S44730723,ICICI
TXN00003012,02-06-2026,MMT/IMPS/300000003012/CUTTACK COLD STORAGE AND COMPANY/ICIC,,20000.00,281278035.07,S85299352,ICICI
TXN00003013,30/07/26,ACH C-AURANGABADMEDIAPVTLTD-6870460786,,22779.00,281300814.07,1296409797,HDFC
TXN00003014,23/07/26,IMPS-300000003014-JAMNAGAR CASTINGS LLP-ICIC,,75000.00,281375814.07,9765487317,HDFC
TXN00003015,02/07/26,UPI-GWALIOR CHEM-GWALIORCHE@APL-300000003015-PAYMENT FROM GCI,,10503.00,281386317.07,1628450748,HDFC
TXN00003016,18-07-2026,MMT/IMPS/300000003016/ANANTAPUR SOFTWA/SBIN,,95000.75,281481317.82,S89873486,ICICI
TXN00003017,07-07-2026,RTGS/ICICR52024560414/HALDIA CONST,,20986.00,281502303.82,S31055809,ICICI
TXN00003018,05/06/26,IMPS-1834717285-BHAVNAGAR LOGISTICS-KKBK,,250000.25,281752304.07,5161054913,HDFC
TXN00003019,14/07/26,ACH C-AURANGABAD CHEMI-5548908470,,160000.00,281912304.07,9922581936,HDFC
TXN00003020,02-08-2026,RTGS/ICICR52024560670/Bhilai Foods Pvt Ltd,,37872.99,281950177.06,S54841911,ICICI
TXN00003021,08-08-2026,MMT/IMPS/300000003021/DHANBAD ENTERPRISES INDIA PRIVATE LIMITED/AXIS,,78308.00,282028485.06,S45126873,ICICI
TXN00003022,28/06/26,RTGS-HDFC0002341-SOLAPUR BEARINGS-300000003022,,200000.99,282228486.05,3313205293,HDFC
TXN00003023,14-07-2026,UPI/300000003023/Payment from/siligurisp@ybl/UTIB,,13715.00,282242201.05,S21267630,ICICI
TXN00003024,15/07/26,NEFT CR-HDFC0000123-ANANTAPUR SOFTWARE-UTR300000003024,,125000.00,282367201.05,2497433291,HDFC
TXN00003025,11/07/26,UPI-AMRAVATI AUTO COMP-AMRAVATIAU@OKHDFCBANK-5196679702-PAYMENT FROM AAC,,39000.00,282406201.05,3787435307,HDFC
TXN00003026,18/08/26,RTGS-HDFC0000123-ANANTAPUR TRANSPORT AND COMPANY-300000003026,,80126.00,282486327.05,3901540763,HDFC
TXN00003027,20/08/26,IMPS-7605779277-CALICUT CABLES PRIVA-HDFC,,30000.00,282516327.05,5262048955,HDFC
TXN00003028,07-08-2026,RTGS/ICICR52023994785/BELGAUM METALS LIMITED,,500000.00,283016327.05,S12391051,ICICI
TXN00003029,24-07-2026,MMT/IMPS/300000003029/aurangabad chemicals india private limited/UTIB,,295000.00,283311327.05,S73095156,ICICI
TXN00003030,01/07/26,IMPS-4201840432-SURAT MOTORS-SBIN,,14617.99,283325945.04,5378882599,HDFC
TXN00003031,27-06-2026,UPI/300000003031/Payment from/mangalorec@paytm/AXIS,,77425.00,283403370.04,S90197751,ICICI
TXN00003032,27/07/26,NEFT-HDFC0002341-ANANTAPUR AGRO  EXPORTS-300000003032,,100000.00,283503370.04,8134102097,HDFC
TXN00003033,10-06-2026,MMT/IMPS/2474580909/AMRAVATICOLDSTORAGEANDCOMPANY/ICIC,,153000.00,283656370.04,S61450152,ICICI
TXN00003034,29/06/26,RTGS-HDFC0002341-JAMNAGAR HOSPITALITY P LTD-2511307954,,11760.00,283668130.04,3007982766,HDFC
TXN00003035,01/07/26,UPI-MEERUT FORGINGS LIMITED-MEERUTFORG@IBL-300000003035,,333746.00,284001876.04,6495168526,HDFC
TXN00003036,04/07/26,RTGS-HDFC0004567-GANDHINAGAR DIAGNOST-300000003036,,36985.00,284038861.04,1784732766,HDFC
TXN00003037,28-08-2026,UPI/300000003037/BDP/bhavnagard@ibl,,6822.00,284045683.04,S69228590,ICICI
TXN00003038,05-08-2026,NEFT-ICICR52024560820-CHANDRAPUR MOTORS PRIVATE LIMITED,,62200.00,284107883.04,S67356491,ICICI
TXN00003039,15-08-2026,NEFT/ICICR52023081102/Chennai Constructions Private Limited,,8405.00,284116288.04,S50102720,ICICI
TXN00003040,13-06-2026,RTGS/ICICR52023994804/GODAVARI SPINNERS LLP,,286000.00,284402288.04,S49370193,ICICI
TXN00003041,11/06/26,RTGS-HDFC0004567-KAKINADA FABRICATORS AND COMPANY-300000003041,,204000.00,284606288.04,5164025380,HDFC
TXN00003042,17/07/26,ACH C-SURAT PLASTICS AND COMPANY-5386561254,,15482.00,284621770.04,9932230331,HDFC
TXN00003043,18-07-2026,NEFT-ICICR52024560876-JALANDHAR AUTO COMPONENTS PVT LTD,,65795.75,284687565.79,S39813562,ICICI
TXN00003044,08-06-2026,BIL/ONL/300000003044/MPA,,18927.00,284706492.79,S71946384,ICICI
TXN00003045,21/06/26,IMPS-300000003045-AMRAVATI AGRO EXPORTS PRIVATE LIMITED-KKBK,,91051.50,284797544.29,9524018018,HDFC
TXN00003046,25/08/26,NEFT CR-HDFC0009812-AMRAVATI AGRO EX-UTR8810226355,,23000.00,284820544.29,3023974142,HDFC
TXN00003047,28/06/26,UPI-ANANTAPUR HANDIC-ANANTAPURH@PAYTM-300000003047,,51378.00,284871922.29,4658421951,HDFC
TXN00003048,03-06-2026,NEFT-ICICR52024117212-BELGAUM POLYMERS PRIVATE LIMITED,,25661.00,284897583.29,S14185898,ICICI
TXN00003049,07-06-2026,UPI/300000003049/SPM/solapurpap@apl,,58965.00,284956548.29,S93802639,ICICI
TXN00003050,09/08/26,ACH C-NARMADA PHAR-300000003050,,256000.00,285212548.29,5583021966,HDFC
TXN00003051,12-06-2026,NEFT/ICICR52024117243/AMRAVATI LOGISTICS,,16000.00,285228548.29,S76231238,ICICI
TXN00003052,16-08-2026,RTGS/ICICR52023081529/Belgaum Constructions Private Limited,,75000.25,285303548.54,S92772036,ICICI
TXN00003053,11/08/26,UPI-BHAVNAGAR FORGINGS LIMITED-BHAVNAGARF@YBL-300000003053-PAYMENT FROM BFL,,242000.00,285545548.54,8230413779,HDFC
TXN00003054,23/07/26,UPI-HALDIA FABRICATORS-HALDIAFABR@APL-300000003054-PAYMENT FROM HFA,,37000.00,285582548.54,4770225440,HDFC
TXN00003055,13-07-2026,UPI/300000003055/Payment from/mangaloret@okaxis/AXIS,,150000.00,285732548.54,S89869984,ICICI
TXN00003056,08/06/26,UPI-AMRAVATI PLASTIC-AMRAVATIPL@IBL-300000003056-PAYMENT FROM APA,,39338.50,285771887.04,1959613494,HDFC
TXN00003057,20/06/26,ACH C-BHAVNAGAR  ENTERPRI-300000003057,,10000.00,285781887.04,7961549416,HDFC
TXN00003058,24/08/26,UPI-KRISHNAHOSPITALITYPVTLTD-KRISHNAHOS@OKHDFCBANK-300000003058,,52432.75,285834319.79,4662514463,HDFC
TXN00003059,13-08-2026,NEFT/ICICR52024560918/BHILAI AUTO COMPONENTS,,16703.00,285851022.79,S98551723,ICICI
TXN00003060,07/07/26,UPI-AMRAVATI COLD STORAGE AND COMPANY-AMRAVATICO@OKHDFCBANK-300000003060-PAYMENT FROM ACS,,49712.99,285900735.78,8730269442,HDFC
TXN00003061,21-08-2026,MMT/IMPS/300000003061/AMRAVATI PAPER MILLS PVT LTD/SBIN,,12808.50,285913544.28,S81852988,ICICI
TXN00003062,10-07-2026,NEFT/ICICR52024560861/DHANBAD CABLES PRIVATE LIMITED/ ,,138173.25,286051717.53,S53224679,ICICI
TXN00003063,19/08/26,NEFT-HDFC0004567-AMRAVATI PHA-300000003063,,126000.00,286177717.53,6599762768,HDFC
TXN00003064,16/08/26,RTGS-HDFC0000123-BHOPAL CABLES PRIVATE LIMITED-300000003064,,13994.00,286191711.53,8214157216,HDFC
TXN00003065,25-07-2026,MMT/IMPS/4704642562/AMRAVATI SPINNERS PVT/UTIB,,200000.00,286391711.53,S87942217,ICICI
TXN00003066,07-07-2026,NEFT/ICICR52023081266/JAMNAGAR ELECTRICALS,,204000.00,286595711.53,S19142878,ICICI
TXN00003067,15-08-2026,BIL/ONL/300000003067/KFP,,3319.00,286599030.53,S26493085,ICICI
TXN00003068,05-07-2026,MMT/IMPS/6083926866/AMRAVATI FORGINGS P LTD/KKBK,,29471.00,286628501.53,S22726529,ICICI
TXN00003069,12/07/26,UPI-SURAT CONSTRUCTIONS P LTD-SURATCONST@PAYTM-300000003069-PAYMENT FROM SCP,,7417.00,286635918.53,2596127840,HDFC
TXN00003070,04/07/26,UPI-CHANDRAPUR PHARMACEUTICALS INDIA PRIVATE LIMITED-CHANDRAPUR@PAYTM-7108725677-PAYMENT FROM CPI,,60000.00,286695918.53,3500740489,HDFC
TXN00003071,23/08/26,UPI-BHILAI CONTA-BHILAICONT@IBL-300000003071,,231000.00,286926918.53,1362419324,HDFC
TXN00003072,01/07/26,IMPS-300000003072-PANIPAT GARMENTS PRIVATE LIMITED-SBIN,,27061.50,286953980.03,3299702752,HDFC
TXN00003073,29-07-2026,UPI/300000003073/Payment from/anantapurr@ibl/ICIC,,151590.00,287105570.03,S62376099,ICICI
TXN00003074,04-08-2026,UPI/300000003074/CCP/cuttackcon@ybl,,25000.00,287130570.03,S28519758,ICICI
TXN00003075,06-06-2026,NEFT-ICICR52023081231-CHENNAI ENTERPRISE,,20000.99,287150571.02,S74831564,ICICI
TXN00003076,30/06/26,UPI-JAMNAGAR PRINTERS PVT LTD-JAMNAGARPR@APL-300000003076,,15000.00,287165571.02,7023294072,HDFC
TXN00003077,12-08-2026,MMT/IMPS/7490290050/UDAIPUR  SOFTWARE/KKBK,,60000.00,287225571.02,S49314384,ICICI
TXN00003078,25/07/26,NEFT CR-HDFC0002341-AURANGABAD POLYMERS PRIVATE LIMITED-UTR9984325718,,100000.99,287325572.01,2590061000,HDFC
TXN00003079,15-07-2026,NEFT-ICICR52024560815-MANGALORE BEARINGS,,161463.00,287487035.01,S34532109,ICICI
TXN00003080,04/06/26,NEFT-HDFC0004567-AMRAVATI TRADERS INDIA PVT-300000003080,,10167.00,287497202.01,7448781825,HDFC
TXN00003081,22/06/26,IMPS-1142082618-ANANTAPURPACKAGINGLLP-UTIB,,45088.00,287542290.01,7913775807,HDFC
TXN00003082,09/08/26,RTGS-HDFC0009812-SALEM COLD STORAGE AND COMPANY-8000740119,,13010.00,287555300.01,6617891069,HDFC
TXN00003083,20-08-2026,UPI/6630035449/Payment from/amravatiau@ybl/UTIB,,37000.00,287592300.01,S28402587,ICICI
TXN00003084,27-06-2026,BIL/ONL/300000003084/ASL,,7901.00,287600201.01,S70696332,ICICI
TXN00003085,06-06-2026,MMT/IMPS/8231169198/CALICUT  ENTERPRISES INDIA PRIVATE LIMITED/KKBK,,250000.00,287850201.01,S73672596,ICICI
TXN00003086,14/07/26,IMPS-300000003086-ANANTAPUR ENTERPRISES INDIA PRIVATE LIMITED-KKBK,,100000.00,287950201.01,6695127333,HDFC
TXN00003087,23-08-2026,MMT/IMPS/300000003087/GANDHINAGAR PLASTICS AND COMPANY/AXIS,,129694.25,288079895.26,S23591480,ICICI
TXN00003088,09/06/26,UPI-CALICUTFOODSPVTLTD-CALICUTFOO@YBL-300000003088,,150000.00,288229895.26,6225084552,HDFC
TXN00003089,13/08/26,UPI-ANANTAPUR IN-ANANTAPURI@YBL-300000003089,,150000.00,288379895.26,9840210311,HDFC
TXN00003090,14-07-2026,NEFT-ICICR52024117420-Tirupur Infraprojects  And Company,,14000.00,288393895.26,S81459574,ICICI
TXN00003091,17-06-2026,RTGS/ICICR52023994679/NARMADA ELECTRICAL,,8769.00,288402664.26,S73562203,ICICI
TXN00003092,22/06/26,UPI-ANANTAPUR PLASTICS AND COMPANY-ANANTAPURP@OKHDFCBANK-300000003092,,175729.00,288578393.26,3564554753,HDFC
TXN00003093,17-08-2026,UPI/300000003093/Payment from/bhavnagarh@okaxis/ICIC,,28139.00,288606532.26,S53617739,ICICI
TXN00003094,28/07/26,NEFT-HDFC0009812-CHANDRAPUR AGRO EXPORTS PRIVATE LIMITED-300000003094,,37050.00,288643582.26,8998701237,HDFC
TXN00003095,29-06-2026,UPI/1574813515/Payment from/amravatiau@okaxis/HDFC,,31511.00,288675093.26,S67773862,ICICI
TXN00003096,02-07-2026,UPI/300000003096/Payment from/belgaument@okaxis/HDFC,,128119.00,288803212.26,S75567522,ICICI
TXN00003097,30/07/26,NEFT CR-HDFC0004567-ANANTAPUR INDUSTRI-UTR9348903497/ ,,28637.50,288831849.76,2987895098,HDFC
TXN00003098,12/08/26,IMPS-7785844444-ANANTAPUR ELECTRICALS LLP-SBIN,,96000.00,288927849.76,6528427451,HDFC
TXN00003099,25/08/26,NEFT-HDFC0002341-KRISHNA COLD STO-7424310659,,12336.50,288940186.26,1306251421,HDFC
TXN00003100,15/08/26,IMPS-300000003100-CALICUT FORGINGS LIMITED-UTIB,,125000.00,289065186.26,6221018324,HDFC
TXN00003101,14/07/26,NEFT CR-HDFC0009812-DHANBAD  PACKAGING-UTR300000003101,,60152.00,289125338.26,5172382329,HDFC
TXN00003102,25-08-2026,UPI/300000003102/Payment from/anantapurf@ybl/HDFC,,200000.00,289325338.26,S63410680,ICICI
TXN00003103,01-06-2026,NEFT/ICICR52023081213/Amravati  Pha,,41232.25,289366570.51,S14964434,ICICI
TXN00003104,05/08/26,ACH C-AURANGABAD AGRO-300000003104,,96545.00,289463115.51,3874344402,HDFC
TXN00003105,14/07/26,NEFT CR-HDFC0000123-BELGAUM ENTERPRISES  INDIA PRIVATE LIMITED-UTR3581693010,,16150.00,289479265.51,1671242206,HDFC
TXN00003106,23-06-2026,RTGS/ICICR52024117105/Bhavnagar Cables,,25787.00,289505052.51,S43817910,ICICI
TXN00003107,06-06-2026,NEFT-ICICR52024560474-Nagpur Bearings  Limited,,147000.00,289652052.51,S77007664,ICICI
TXN00003108,15-06-2026,BIL/ONL/300000003108/RAC,,113000.00,289765052.51,S10155167,ICICI
TXN00003109,22-06-2026,UPI/300000003109/Payment from/anantapurc@ibl/AXIS,,185916.00,289950968.51,S48508014,ICICI
TXN00003110,11-07-2026,BIL/ONL/5219784269/JDP,,201000.75,290151969.26,S98329362,ICICI
TXN00003111,01/08/26,NEFT-HDFC0009812-AMRAVATI DISTRIBUTORS PRIVATE LIMITED-8234001136,,23422.25,290175391.51,6707897443,HDFC
TXN00003112,27-07-2026,BIL/ONL/7796147241/CCP,,22311.00,290197702.51,S87945036,ICICI
TXN00003113,26/06/26,UPI-ANANTAPUR ELECTRICALS LLP-ANANTAPURE@PAYTM-5438128323-PAYMENT FROM AEL,,164000.00,290361702.51,1101729574,HDFC
TXN00003114,09-06-2026,BIL/ONL/300000003114/ACP,,158000.00,290519702.51,S16915465,ICICI
TXN00003115,09/08/26,NEFT CR-HDFC0000123-BHOPAL GARMENTS PRIVATE LIMITED-UTR300000003115,,14444.00,290534146.51,5043856551,HDFC
TXN00003116,17/07/26,RTGS-HDFC0004567-AMRAVATI PAP-300000003116,,130589.00,290664735.51,8602104494,HDFC
TXN00003117,03-06-2026,RTGS/ICICR52024117310/BHILAI CONTAINERS PVT LTD,,4173.00,290668908.51,S93586666,ICICI
TXN00003118,06-08-2026,MMT/IMPS/300000003118/AMRAVATI FORGING/SBIN,,227000.00,290895908.51,S58375213,ICICI
TXN00003119,12/06/26,UPI-MYSORECERAMICSPVTLTD-MYSORECERA@YBL-300000003119,,17718.75,290913627.26,5152741396,HDFC
TXN00003120,09/07/26,NEFT-HDFC0009812-CHENNAI ENTERPRISE-300000003120,,5000.00,290918627.26,2777749098,HDFC
TXN00003121,17-08-2026,RTGS/ICICR52024560823/Amravati Agro Exports Private Limited,,26494.00,290945121.26,S41219616,ICICI
TXN00003122,25/08/26,UPI-GANDHINAGAR POLYMERS-GANDHINAGA@OKAXIS-300000003122-PAYMENT FROM GPP,,25000.00,290970121.26,1739569577,HDFC
TXN00003123,13/07/26,RTGS-HDFC0009812-MANGALORE CHEMICALS INDIA PRIVATE LIMITED-300000003123,,261000.00,291231121.26,4088172950,HDFC
TXN00003124,14-08-2026,RTGS/ICICR52024117807/Dhanbad  Plastics And Company,,42231.00,291273352.26,S58594988,ICICI
TXN00003125,28/06/26,UPI-INDORE PRINTERS PVT LTD-INDOREPRIN@YBL-300000003125,,125000.00,291398352.26,1062528245,HDFC
TXN00003126,21/08/26,NEFT CR-HDFC0009812-INDORE INDUSTRIES INDIA PRIVATE LIMITED-UTR8096070859,,57094.00,291455446.26,1046583007,HDFC
TXN00003127,12/07/26,ACH C-AMRAVATI PAPER MILLS PVT LTD-3319820976,,14124.25,291469570.51,5576693697,HDFC
TXN00003128,29/07/26,ACH C-GODAVARI SPINNERS LLP-300000003128/,,250000.00,291719570.51,5550969498,HDFC
TXN00003129,14/06/26,ACH C-TRICHY GARMENTS PRIV-300000003129/,,40000.00,291759570.51,9775989237,HDFC
TXN00003130,08/08/26,UPI-COIMBATORE S-COIMBATORE@PAYTM-300000003130,,28953.00,291788523.51,4978562838,HDFC
TXN00003131,10/06/26,NEFT-HDFC0009812-GODAVARI PLASTIC-8080577753,,18506.50,291807030.01,4780666781,HDFC
TXN00003132,07/07/26,NEFT CR-HDFC0002341-MANGALORE BEARINGS LIMITED-UTR300000003132,,25000.00,291832030.01,3416785174,HDFC
TXN00003133,04-07-2026,UPI/300000003133/Payment from/udaipurfab@ybl/UTIB,,16289.00,291848319.01,S42846133,ICICI
TXN00003134,06/06/26,UPI-KANPUR PAPER MILLS PVT LTD-KANPURPAPE@OKAXIS-3668246435,,250000.00,292098319.01,8275832537,HDFC
TXN00003135,25/06/26,IMPS-8615641068-GODAVARI CONSTRUCTIONS PRIVATE  LIMITED-UTIB/ ,,28488.50,292126807.51,9168609689,HDFC
TXN00003136,09-08-2026,UPI/8776357323/Payment from/chandrapur@ibl/UTIB,,30000.00,292156807.51,S24783612,ICICI
TXN00003137,28-06-2026,NEFT-ICICR52023081957-AMRAVATI FERTILISE,,269281.00,292426088.51,S82222693,ICICI
TXN00003138,23-08-2026,NEFT/ICICR52023081787/BHILAI METALS LIMITED,,9477.00,292435565.51,S99128427,ICICI
TXN00003139,15/06/26,UPI-AURANGABAD HANDICRAFTS  LLP-AURANGABAD@OKAXIS-9199745858-PAYMENT FROM AHL,,88000.00,292523565.51,8339795822,HDFC
TXN00003140,11-08-2026,RTGS/ICICR52024117538/BELGAUM  POLYMERS PVT,,46054.00,292569619.51,S73850697,ICICI
TXN00003141,15-08-2026,UPI/4107819460/CCL/calicutcas@okhdfcbank,,16285.00,292585904.51,S22293490,ICICI
TXN00003142,12-08-2026,UPI/300000003142/BBL/bhilaibear@apl,,73853.50,292659758.01,S74184684,ICICI
TXN00003143,08-08-2026,NEFT/ICICR52023994406/BELGAUM PAPER MI,,15000.75,292674758.76,S44915828,ICICI
TXN00003144,14-06-2026,RTGS/ICICR52024560687/Panipat Fabricators And Company,,109000.00,292783758.76,S10823497,ICICI
TXN00003145,20-07-2026,RTGS/ICICR52024117337/BHAVNAGAR TRADERS IN,,17936.00,292801694.76,S72933336,ICICI
TXN00003146,27-07-2026,MMT/IMPS/300000003146/Hubli Bearin/HDFC,,206000.75,293007695.51,S47947557,ICICI
TXN00003147,16/06/26,NEFT-HDFC0004567-HALDIA MOTORS PRIVATE LIMITED-300000003147,,69805.75,293077501.26,8900689556,HDFC
TXN00003148,28/08/26,RTGS-HDFC0002341-AMRAVATI AGRO EXPORT-300000003148,,9776.00,293087277.26,1521556515,HDFC
TXN00003149,07-08-2026,RTGS/ICICR52023081125/AMRAVATI SPINNERS LLP,,75000.00,293162277.26,S68972996,ICICI
TXN00003150,23/08/26,UPI-ANANTAPUR PRINTERS-ANANTAPURP@OKAXIS-300000003150,,97320.00,293259597.26,7139555079,HDFC
TXN00003151,09/08/26,UPI-KANPUR COLD STORAG-KANPURCOLD@OKHDFCBANK-300000003151-PAYMENT FROM KCS,,5000.00,293264597.26,3566231443,HDFC
TXN00003152,06/06/26,UPI-JAMNAGARDIAGNOSTICSLIMITED-JAMNAGARDI@PAYTM-300000003152-PAYMENT FROM JDL,,41934.00,293306531.26,7596440283,HDFC
TXN00003153,23-07-2026,UPI/300000003153/CII/coimbatore@ibl,,37926.99,293344458.25,S26201221,ICICI
TXN00003154,12-06-2026,NEFT/ICICR52023081726/calicut spinners,,71000.75,293415459.00,S60795699,ICICI
TXN00003155,19-08-2026,BIL/ONL/3580246173/AGP,,82306.25,293497765.25,S18808895,ICICI
TXN00003156,07-06-2026,BIL/ONL/3857197574/NSL,,53615.00,293551380.25,S94282329,ICICI
TXN00003157,21/06/26,RTGS-HDFC0004567-LUDHIANA DISTRIBUTORS-300000003157,,500000.00,294051380.25,3549737833,HDFC
TXN00003158,22-07-2026,MMT/IMPS/300000003158/CUTTACK CHEMICALS INDIA P LTD/KKBK,,25760.00,294077140.25,S43176225,ICICI
TXN00003159,24-08-2026,NEFT/ICICR52024560304/BELGAUM POLYMERS PRIVATE  LIMITED,,175668.00,294252808.25,S67798557,ICICI
TXN00003160,10-06-2026,BIL/ONL/300000003160/CFA ,,94047.00,294346855.25,S24760585,ICICI
TXN00003161,03/07/26,RTGS-HDFC0004567-MADURAI ENGINEERING-7998261293,,344064.00,294690919.25,4750774543,HDFC
TXN00003162,20/08/26,UPI-BHOPAL FORGINGS LIMI-BHOPALFORG@OKAXIS-300000003162,,16279.75,294707199.00,2848738285,HDFC
TXN00003163,22/08/26,ACH C-BHILAI ENTERPRISES INDIA PVT-8111409202,,5125.00,294712324.00,8237871459,HDFC
TXN00003164,03/06/26,RTGS-HDFC0004567-BHOPALCABLESPRIVATELIMITED-300000003164,,75000.99,294787324.99,7258892582,HDFC
TXN00003165,28/08/26,NEFT-HDFC0000123-AMRAVATI INFRAPROJECTS AND COMPANY-300000003165,,31278.50,294818603.49,5627771273,HDFC
TXN00003166,30-07-2026,MMT/IMPS/300000003166/Aurangabad F/ICIC,,29123.00,294847726.49,S27823686,ICICI
TXN00003167,21-08-2026,UPI/1523583804/Payment from/varanasilo@apl/SBIN,,60000.00,294907726.49,S87056042,ICICI
TXN00003168,19-07-2026,RTGS/ICICR52024560953/amravati plastics and company,,98931.00,295006657.49,S97733905,ICICI
TXN00003169,09-08-2026,NEFT/ICICR52024560206/DHANBAD REFRACTORIES LIMITED,,227000.00,295233657.49,S79137159,ICICI
TXN00003170,29/06/26,NEFT-HDFC0000123-KOLHAPUR PRINTERS PVT LTD-4366066637,,276000.00,295509657.49,9398861586,HDFC
TXN00003171,17/08/26,RTGS-HDFC0004567-PANIPAT REFRACTORI-300000003171,,15000.00,295524657.49,5400585909,HDFC
TXN00003172,11-08-2026,NEFT/ICICR52024560322/INDORE DISTRIBUT,,60000.25,295584657.74,S39302109,ICICI
TXN00003173,16/08/26,ACH C-AURANGABAD CONTAINERS PVT LTD-300000003173 ,,200000.00,295784657.74,5166904427,HDFC
TXN00003174,26/06/26,UPI-HUBLI SOFTWARE S-HUBLISOFTW@IBL-9334035437-PAYMENT FROM HSS,,5000.00,295789657.74,9342333750,HDFC
TXN00003175,14-08-2026,NEFT/ICICR52024117333/rajkot containers pvt,,100000.00,295889657.74,S23891461,ICICI
TXN00003176,21/08/26,RTGS-HDFC0000123-JALANDHAR METALS-300000003176,,19583.00,295909240.74,7723620275,HDFC
TXN00003177,30-06-2026,NEFT/ICICR52024117757/RAJKOT CONTAINERS PVT LTD,,18740.00,295927980.74,S89546524,ICICI
TXN00003178,04/06/26,NEFT-HDFC0002341-AMRAVATI GARMENTS-300000003178 ,,75000.00,296002980.74,7738143456,HDFC
TXN00003179,15/07/26,UPI-AMRAVATI CABLES PRIVATE LIMITED-AMRAVATICA@APL-300000003179,,13348.25,296016328.99,6483530676,HDFC
TXN00003180,07/08/26,UPI-AURANGABAD PHARMACEUTICALS INDIA PRIVATE LIMITED-AURANGABAD@APL-300000003180,,49284.00,296065612.99,1494499098,HDFC
TXN00003181,20/07/26,IMPS-300000003181-NASHIK PACKAGING LLP-UTIB,,263000.25,296328613.24,6464614077,HDFC
TXN00003182,16-08-2026,NEFT/ICICR52023081122/BHAVNAGAR DISTRIBUTO,,25702.00,296354315.24,S51808819,ICICI
TXN00003183,24/08/26,NEFT-HDFC0009812-AMRAVATI AGRO EXPORTS PRIVATE LIMITED-3388055068,,37007.00,296391322.24,8046422896,HDFC
TXN00003184,20/07/26,NEFT CR-HDFC0002341-BELGAUMPHARMACEUTICALSINDIAPRIVATELIMITED-UTR3527570195,,23119.00,296414441.24,6887662447,HDFC
TXN00003185,05/07/26,UPI-MADURAI INDUSTRIES INDIA PRIVATE LIMITED-MADURAIIND@OKHDFCBANK-3267482279,,83595.00,296498036.24,3187089073,HDFC
TXN00003186,24-06-2026,UPI/300000003186/JPP/jamnagarpr@ibl,,12392.00,296510428.24,S30734437,ICICI
TXN00003187,18-06-2026,UPI/300000003187/Payment from/hosurautoc@paytm/AXIS,,125000.00,296635428.24,S18864305,ICICI
TXN00003188,26/06/26,RTGS-HDFC0004567-ANANTAPUR PLASTI-300000003188,,11507.00,296646935.24,6877917533,HDFC
TXN00003189,16/06/26,ACH C-COIMBATORE SPINNERS-300000003189,,13738.00,296660673.24,4146885335,HDFC
TXN00003190,19/07/26,IMPS-300000003190-AURANGABAD FORGINGS-SBIN,,2660.00,296663333.24,3715588054,HDFC
TXN00003191,25/08/26,UPI-AMRAVATI AGRO EXPORTS PRIVATE LIMITED-AMRAVATIAG@IBL-300000003191-PAYMENT FROM AAE,,489232.00,297152565.24,4484462296,HDFC
TXN00003192,19/08/26,NEFT-HDFC0004567-AURANGABAD ELECTRICA-300000003192,,60000.00,297212565.24,5537538360,HDFC
TXN00003193,20-08-2026,RTGS/ICICR52024117100/hosuragroexportsprivatelimited,,95902.99,297308468.23,S15045862,ICICI
TXN00003194,03/06/26,NEFT CR-HDFC0000123-NAGPUR HANDI-UTR300000003194,,8080.00,297316548.23,9380766020,HDFC
TXN00003195,14/07/26,NEFT-HDFC0009812-JABALPUR CONSTRUCTIONS PRIVATE LIMITED-300000003195,,23194.00,297339742.23,8890080127,HDFC
TXN00003196,16-07-2026,BIL/ONL/8842763703/KCP,,200000.50,297539742.73,S51075026,ICICI
TXN00003197,30-08-2026,RTGS/ICICR52024560846/AURANGABADMOTORSPRIVATELIMITED,,22192.00,297561934.73,S84245288,ICICI
TXN00003198,25/08/26,UPI-UDAIPUR ELECTRICALS LLP-UDAIPURELE@YBL-300000003198-PAYMENT FROM UEL,,12404.75,297574339.48,3752618826,HDFC
TXN00003199,26/07/26,RTGS-HDFC0002341-CALICUT CABLES  PRIVATE LIMITED-300000003199,,7313.00,297581652.48,7757214867,HDFC
TXN00003200,19-06-2026,NEFT/ICICR52023994381/SILIGURI HANDICRAFTS,,128000.00,297709652.48,S88109407,ICICI
TXN00003201,12/07/26,NEFT CR-HDFC0004567-AURANGABAD PRINTERS PVT LTD-UTR9582694422,,12579.75,297722232.23,7828791999,HDFC
TXN00003202,20-07-2026,UPI/300000003202/Payment from/anantapurf@paytm/SBIN,,39611.00,297761843.23,S81585819,ICICI
TXN00003203,05/07/26,NEFT CR-HDFC0004567-CUTTACK AUTO COMPONENTS PVT LTD-UTR8975546109,,50000.00,297811843.23,7188334792,HDFC
TXN00003204,15-08-2026,UPI/3684306814/Payment from/dehradunpr@okaxis/UTIB,,8892.00,297820735.23,S75153674,ICICI
TXN00003205,05/08/26,IMPS-300000003205-AMRAVATI INFRAPROJECTS AND COMPANY-AXIS-,,9505.00,297830240.23,8269946983,HDFC
TXN00003206,30/07/26,ACH C-AURANGABAD  GARMENTS PRIVATE LIMITED-300000003206,,100000.00,297930240.23,5715712267,HDFC
TXN00003207,11-08-2026,UPI/300000003207/Payment from/godavarica@apl/UTIB,,23539.00,297953779.23,S83063611,ICICI
TXN00003208,23/06/26,IMPS-300000003208-AMRAVATIPACKAGINGLLP-HDFC,,8532.00,297962311.23,2041068369,HDFC
TXN00003209,23-07-2026,MMT/IMPS/300000003209/BHOPAL REFRACTORIES LIMITED/ICIC,,25000.00,297987311.23,S45648655,ICICI
TXN00003210,16/07/26,NEFT-HDFC0004567-ANANTAPUR GARMENTS-2494139544,,102241.00,298089552.23,8095740962,HDFC
TXN00003211,13-06-2026,BIL/ONL/2939404229/ALP,,56657.00,298146209.23,S39000160,ICICI
TXN00003212,09-08-2026,UPI/300000003212/DPM/dehradunpa@okhdfcbank ,,177823.00,298324032.23,S64138967,ICICI
TXN00003213,04/08/26,UPI-AURANGABAD CONTAINERS PVT LTD-AURANGABAD@APL-300000003213-PAYMENT FROM ACP,,63679.00,298387711.23,5306783007,HDFC
TXN00003214,21-06-2026,MMT/IMPS/300000003214/AMRAVATI DISTRIBUTORS/UTIB,,24292.00,298412003.23,S44160608,ICICI
TXN00003215,10-06-2026,UPI/8244129781/Payment from/belgaumdis@okaxis/SBIN,,19774.75,298431777.98,S30498063,ICICI
TXN00003216,25/06/26,IMPS-4523325607-JAMNAGAR COLD STORAGE AND COMPANY-HDFC,,25222.00,298456999.98,7245876263,HDFC
TXN00003217,24-06-2026,UPI/2476571289/Payment from/amravatica@ibl/KKBK,,56842.25,298513842.23,S72374026,ICICI
TXN00003218,11-08-2026,BIL/ONL/6378909184/NTA,,26967.00,298540809.23,S10874812,ICICI
TXN00003219,04-08-2026,BIL/ONL/300000003219/CRL,,15000.00,298555809.23,S78410440,ICICI
TXN00003220,08/08/26,NEFT-HDFC0000123-COIMBATORE TEXTILE-6430258727,,99000.50,298654809.73,4424069766,HDFC
TXN00003221,11-06-2026,RTGS/ICICR52024117449/GUNTUR  TEXTILES,,15048.00,298669857.73,S92804320,ICICI
TXN00003222,09-07-2026,RTGS/ICICR52024560242/AMRAVATI DIAGNOSTICS LIMITED/,,78874.00,298748731.73,S76430943,ICICI
TXN00003223,11-08-2026,UPI/5253422626/ASL/aurangabad@okaxis,,220000.00,298968731.73,S64401438,ICICI
TXN00003224,21-06-2026,UPI/1240505797/UFL/udaipurfor@ybl,,6154.00,298974885.73,S61657672,ICICI
TXN00003225,14-08-2026,NEFT-ICICR52023994461-HUBLI INFRAPROJECTS AND COMPANY,,40000.00,299014885.73,S26573957,ICICI
TXN00003226,23/06/26,IMPS-6226892254-ANANTAPUR PHARMACEUTICALS INDIA-HDFC,,28899.75,299043785.48,8279585701,HDFC
TXN00003227,09-06-2026,NEFT/ICICR52024117948/ANANTAPUR PRINTERS P/,,158652.00,299202437.48,S72918246,ICICI
TXN00003228,13-07-2026,RTGS/ICICR52023994563/ANANTAPUR DISTRIBUTORS PRIVATE LIMITED,,286000.50,299488437.98,S74453962,ICICI
TXN00003229,18-08-2026,MMT/IMPS/300000003229/ANANTAPUR FERTILISER/KKBK,,11912.00,299500349.98,S24489399,ICICI
TXN00003230,21-07-2026,RTGS/ICICR52024560424/CUTTACK CASTINGS LLP,,10626.00,299510975.98,S35756610,ICICI
TXN00003231,18/06/26,RTGS-HDFC0004567-VARANASI PLASTICS AND COMPANY-300000003231,,20746.00,299531721.98,7456940724,HDFC
TXN00003232,20-08-2026,BIL/ONL/300000003232/ACP,,45000.25,299576722.23,S59563979,ICICI
TXN00003233,20-08-2026,BIL/ONL/300000003233/KFP,,125000.00,299701722.23,S96235593,ICICI
TXN00003234,30/07/26,NEFT CR-HDFC0002341-BHOPAL HOSPITALITY-UTR9896886844,,31057.99,299732780.22,2455541491,HDFC
TXN00003235,08/08/26,RTGS-HDFC0009812-COIMBATORE FABRI-3278683165,,5000.75,299737780.97,6809133428,HDFC
TXN00003236,05/06/26,IMPS-300000003236-AMRAVATI FERTILISERS PRIVATE LIMITED-KKBK,,55551.00,299793331.97,3641151892,HDFC
TXN00003237,20/08/26,UPI-AMRAVATI COLD STORAGE AND COMPANY-AMRAVATICO@IBL-300000003237,,119715.00,299913046.97,2599255810,HDFC
TXN00003238,21-06-2026,NEFT-ICICR52023994603-BELGAUM PRINTERS PVT LTD,,44978.25,299958025.22,S38071516,ICICI
TXN00003239,28/08/26,ACH C-BHOPAL CABLES PRIV-9791664399,,9851.00,299967876.22,2500322225,HDFC
TXN00003240,22/07/26,IMPS-300000003240-KANPUR METALS LIMITED-ICIC,,10000.00,299977876.22,7906605340,HDFC
TXN00003241,07/07/26,NEFT-HDFC0002341-GODAVARI  AUTO COMPON-300000003241,,34312.50,300012188.72,8913236927,HDFC
TXN00003242,27-07-2026,BIL/ONL/300000003242/IIA,,12780.25,300024968.97,S14668852,ICICI
TXN00003243,25/08/26,ACH C-GUNTUR BEARINGS LI-300000003243,,21672.00,300046640.97,4816131300,HDFC
TXN00003244,08/08/26,NEFT CR-HDFC0004567-AMRAVATI CASTING-UTR300000003244,,22009.00,300068649.97,4916596333,HDFC
TXN00003245,24/06/26,NEFT CR-HDFC0000123-ANANTAPUR PHARMACEUTICALS INDIA-UTR6106588685,,20000.50,300088650.47,5176848799,HDFC
TXN00003246,01-09-2026,UPI/300000003246/Payment from/nashikmeta@okhdfcbank/HDFC,,103858.00,300192508.47,S89462301,ICICI
TXN00003247,24-08-2026,NEFT/ICICR52023081788/Chennai Fabricators And Company,,17416.00,300209924.47,S32804768,ICICI
TXN00003248,25/06/26,IMPS-300000003248-INDORE CERAMICS PVT LTD-ICIC,,4430.99,300214355.46,3633030171,HDFC
TXN00003249,27/07/26,RTGS-HDFC0004567-BELGAUM FORGINGS L-300000003249,,74000.00,300288355.46,6601878156,HDFC
TXN00003250,20-06-2026,RTGS/ICICR52024117801/ANANTAPUR  FABRICAT,,29316.00,300317671.46,S92559626,ICICI
TXN00003251,25-08-2026,BIL/ONL/2067915626/BCP,,44378.00,300362049.46,S48972562,ICICI
TXN00003252,26-06-2026,NEFT/ICICR52024117594/AMRAVATI AGRO EXPORTS PRIVATE LIMITED,,39941.00,300401990.46,S41199450,ICICI
TXN00003253,18/08/26,UPI-MANGALORE POLYMERS PRIVATE LIMITED-MANGALOREP@IBL-4806010109-PAYMENT FROM MPP,,399226.00,300801216.46,2435589179,HDFC
TXN00003254,10/06/26,IMPS-9146493077-AMRAVATI COLD STORAGE AND COMPANY-AXIS,,18990.00,300820206.46,3495995564,HDFC
TXN00003255,21/07/26,ACH C-GUNTURSOFTWARESERVICESPRIVATELIMITED-6709580302,,30000.25,300850206.71,9189505858,HDFC
TXN00003256,08-06-2026,UPI/300000003256/AAC/amravatiau@apl,,11377.00,300861583.71,S16037439,ICICI
TXN00003257,20/08/26,ACH C-HUBLI TEXTILES-300000003257,,60000.00,300921583.71,8819659709,HDFC
TXN00003258,04-07-2026,UPI/300000003258/HFP/haldiafood@okhdfcbank,,219222.00,301140805.71,S97024584,ICICI
TXN00003259,21-07-2026,MMT/IMPS/300000003259/Chennai Printers/KKBK,,25000.50,301165806.21,S89560244,ICICI
TXN00003260,14/07/26,NEFT-HDFC0002341-NAGPUR AGRO EXPORTS PRIVATE LIMITED-300000003260,,15000.00,301180806.21,6580517643,HDFC
TXN00003261,29-08-2026,RTGS/ICICR52023994684/bhilai metals li,,500000.99,301680807.20,S32376451,ICICI
TXN00003262,06/07/26,UPI-VARANASI REFRACTORIES LIMITED-VARANASIRE@YBL-1835593788,,286000.00,301966807.20,2454807256,HDFC
TXN00003263,23/08/26,RTGS-HDFC0004567-ANANTAPUR PRINTERS-300000003263,,25016.00,301991823.20,4519730260,HDFC
TXN00003264,20/06/26,NEFT-HDFC0002341-HALDIAHANDICRAFTSLLP-300000003264,,74533.25,302066356.45,6846281417,HDFC
TXN00003265,26-06-2026,NEFT-ICICR52024117741-AMRAVATI CER,,15185.00,302081541.45,S21860851,ICICI
TXN00003266,11-06-2026,UPI/300000003266/Payment from/aurangabad@ibl/SBIN,,250000.00,302331541.45,S55179540,ICICI
TXN00003267,16-07-2026,UPI/3610485208/Payment from/tirupurdia@ybl/UTIB,,12732.00,302344273.45,S94004691,ICICI
TXN00003268,25/06/26,ACH C-NAGPUR MEDIA PVT L-300000003268,,44340.00,302388613.45,1988919578,HDFC
TXN00003269,05/07/26,IMPS-300000003269-AURANGABAD DIAGNOSTICS LIMITED-HDFC,,15209.00,302403822.45,2322630116,HDFC
TXN00003270,02/07/26,UPI-JABALPUR BEARINGS-JABALPURBE@YBL-300000003270,,5000.00,302408822.45,4753081356,HDFC
TXN00003271,22-07-2026,RTGS/ICICR52024560205/AMRAVATIPHARMACEUTICALSINDIAPRIVATELIMITED,,144000.50,302552822.95,S90267489,ICICI
TXN00003272,04/07/26,RTGS-HDFC0002341-SURAT BEARIN-300000003272,,55277.00,302608099.95,1165769817,HDFC
TXN00003273,01-08-2026,NEFT-ICICR52023994586-GWALIOR MEDIA PV,,170000.00,302778099.95,S11539723,ICICI
TXN00003274,14/08/26,UPI-AMRAVATI CABLES PR-AMRAVATICA@APL-3756434584-PAYMENT FROM ACP,,17068.75,302795168.70,2796633463,HDFC
TXN00003275,25-07-2026,UPI/300000003275/Payment from/amravatica@ibl/AXIS,,500000.00,303295168.70,S70487640,ICICI
TXN00003276,20/08/26,UPI-SALEM FERTILISERS PRIVATE LIMITED-SALEMFERTI@IBL-4223423247,,16174.00,303311342.70,8838604679,HDFC
TXN00003277,24-06-2026,NEFT-ICICR52024560462-ERNAKULAM ELECTRICALS LLP,,73000.00,303384342.70,S48739879,ICICI
TXN00003278,29-07-2026,BIL/ONL/5810749764/AAE,,100924.00,303485266.70,S34370194,ICICI
TXN00003279,25/07/26,ACH C-AMRAVATI CHEMICALS INDIA-5202671318,,24047.00,303509313.70,5537056654,HDFC
TXN00003280,25-08-2026,MMT/IMPS/7976379512/Amravati  Agro Expo/ICIC,,114000.25,303623313.95,S39185083,ICICI
TXN00003281,27/08/26,UPI-VARANASI PLASTICS AND COMPANY-VARANASIPL@OKHDFCBANK-300000003281-PAYMENT FROM VPA,,68889.50,303692203.45,8361347698,HDFC
TXN00003282,30/08/26,UPI-DHANBAD AGRO EXPORTS PRIVATE LIMITED-DHANBADAGR@IBL-300000003282-PAYMENT FROM DAE,,95481.00,303787684.45,2685747263,HDFC
TXN00003283,19-07-2026,UPI/4066675913/Payment from/haldiaelec@ibl/UTIB,,500000.00,304287684.45,S82608656,ICICI
TXN00003284,11-06-2026,MMT/IMPS/300000003284/RAJKOT TRADERS INDIA PRIVATE LIMITED/AXIS,,53801.00,304341485.45,S78440907,ICICI
TXN00003285,21-07-2026,RTGS/ICICR52023994237/Amravati Enterprises India  Private Limited,,39302.00,304380787.45,S42332506,ICICI
TXN00003286,05/06/26,NEFT-HDFC0004567-HALDIA METAL-1935353117,,94421.75,304475209.20,7933535501,HDFC
TXN00003287,16-07-2026,UPI/300000003287/AEL/amravatiel@ybl,,100000.00,304575209.20,S26833058,ICICI
TXN00003288,25-07-2026,BIL/ONL/3703539681/ADP,,60000.00,304635209.20,S87326081,ICICI
TXN00003289,25/08/26,NEFT CR-HDFC0002341-JALANDHAR POLYMERS PRIVATE LIMITED-UTR300000003289,,12923.00,304648132.20,2610572608,HDFC
TXN00003290,24-07-2026,UPI/300000003290/ACP/amravatico@paytm,,86724.00,304734856.20,S42843462,ICICI
TXN00003291,30-06-2026,UPI/300000003291/Payment from/chandrapur@ibl/ICIC,,125542.99,304860399.19,S29537618,ICICI
TXN00003292,20-07-2026,UPI/5374235227/NTP/narmadatex@ibl,,30000.00,304890399.19,S78841062,ICICI
TXN00003293,28/07/26,IMPS-9932842959-NARMADAMETALSLIMITED-SBIN,,24238.00,304914637.19,5750209182,HDFC
TXN00003294,05-06-2026,MMT/IMPS/300000003294/AMRAVATI PLASTICS  AND COMPANY/ICIC,,11489.00,304926126.19,S77743348,ICICI
TXN00003295,20/07/26,IMPS-300000003295-AMRAVATI MET-HDFC,,20913.25,304947039.44,9436487562,HDFC
TXN00003296,17/07/26,NEFT CR-HDFC0000123-ANANTAPUR PRINTERS PVT LTD-UTR300000003296 ,,163416.25,305110455.69,4760708365,HDFC
TXN00003297,29-06-2026,MMT/IMPS/300000003297/Chandrapur F/ICIC,,12282.00,305122737.69,S96688443,ICICI
TXN00003298,26-07-2026,UPI/1179373613/GAE/gandhinaga@okaxis,,66420.00,305189157.69,S15242939,ICICI
TXN00003299,09/07/26,NEFT CR-HDFC0002341-AMRAVATI MOTORS PRIVATE LIMITED-UTR300000003299,,145170.00,305334327.69,1640059673,HDFC
TXN00003300,21/07/26,NEFT-HDFC0000123-AMRAVATI CABLES-300000003300,,274400.00,305608727.69,8571708101,HDFC
TXN00003301,30-07-2026,BIL/ONL/300000003301/AEP,,77070.99,305685798.68,S29669271,ICICI
TXN00003302,31/07/26,ACH C-AMRAVATI PRINTERS PVT-300000003302,,4400.75,305690199.43,8773035759,HDFC
TXN00003303,01/08/26,NEFT-HDFC0004567-KAKINADA BEARINGS-300000003303,,150000.00,305840199.43,3347861438,HDFC
TXN00003304,27/07/26,NEFT-HDFC0002341-AMRAVATI CERAMICS PVT  LTD-300000003304,,24375.00,305864574.43,1270597733,HDFC
TXN00003305,21-06-2026,NEFT/ICICR52024117444/MYSORECONSTRUCTIONSPRIVATELIMITED,,147504.99,306012079.42,S98693094,ICICI
TXN00003306,27-06-2026,BIL/ONL/300000003306/CFL/,,38575.00,306050654.42,S64270303,ICICI
TXN00003307,27-08-2026,NEFT/ICICR52024117934/AMRAVATI CONSTRUCTIONS PRIVATE LIMITED,,30196.00,306080850.42,S51055654,ICICI
TXN00003308,02-09-2026,NEFT/ICICR52023994250/Jamnagar Plastics And Company ,,19508.00,306100358.42,S96257091,ICICI
TXN00003309,30-08-2026,MMT/IMPS/300000003309/AURANGABAD TRANSPORT/SBIN,,30000.00,306130358.42,S70975115,ICICI
TXN00003310,25/08/26,IMPS-300000003310-BHOPAL CASTINGS LLP-KKBK,,192000.75,306322359.17,9930621794,HDFC
TXN00003311,12-06-2026,NEFT-ICICR52023081859-amravati enginee,,29109.00,306351468.17,S42473220,ICICI
TXN00003312,09/08/26,UPI-DHANBAD POLYMERS PRIVATE LIMITED-DHANBADPOL@YBL-4488636730,,11928.00,306363396.17,2721156605,HDFC
TXN00003313,01-09-2026,UPI/6413035810/BMP/bhilaimoto@ybl,,50000.00,306413396.17,S92597226,ICICI
TXN00003314,28/07/26,NEFT CR-HDFC0009812-GODAVARI COLD STORAGE AND COMPANY-UTR300000003314,,111301.00,306524697.17,1650824723,HDFC
TXN00003315,16-08-2026,MMT/IMPS/300000003315/AURANGABAD MEDIA PVT LTD/ICIC,,31382.99,306556080.16,S31472545,ICICI
TXN00003316,30/08/26,ACH C-RAJKOT AUTO COMPONENTS-4948574735,,5000.00,306561080.16,3439022113,HDFC
TXN00003317,03/08/26,UPI-GWALIOR POLYMERS PRIVATE LIMITED-GWALIORPOL@PAYTM-300000003317-PAYMENT FROM GPP,,17000.50,306578080.66,1280810381,HDFC
TXN00003318,24/07/26,RTGS-HDFC0002341-AMRAVATI CONSTRUCTIONS P LTD-300000003318,,5000.00,306583080.66,5850313333,HDFC
TXN00003319,25/08/26,IMPS-300000003319-CALICUT INFRAPROJE-ICIC,,81000.00,306664080.66,6821902148,HDFC
TXN00003320,25/08/26,NEFT-HDFC0000123-GUNTUR REFRACTORIES LIMITED-300000003320,,7660.00,306671740.66,2360084456,HDFC
TXN00003321,17-08-2026,BIL/ONL/300000003321/AEI,,33683.00,306705423.66,S45095280,ICICI
TXN00003322,08/06/26,NEFT-HDFC0009812-JAMNAGAR  FORGING-5607017180,,23090.00,306728513.66,1954941361,HDFC
TXN00003323,07/07/26,NEFT-HDFC0004567-GUNTUR INFRAPROJECTS AND COMPANY-5263140161,,92171.00,306820684.66,2936764769,HDFC
TXN00003324,22/08/26,UPI-MANGALORE REFRACTORIES LIMITED-MANGALORER@YBL-300000003324,,138626.00,306959310.66,7730734195,HDFC
TXN00003325,03-08-2026,UPI/300000003325/Payment from/gwaliorhos@okhdfcbank/KKBK,,124150.00,307083460.66,S54097048,ICICI
TXN00003326,29-07-2026,UPI/300000003326/Payment from/dhanbadpac@ibl/HDFC,,156973.00,307240433.66,S77031276,ICICI
TXN00003327,24-08-2026,BIL/ONL/300000003327/SRL,,35801.00,307276234.66,S65735542,ICICI
TXN00003328,02/07/26,RTGS-HDFC0009812-ERNAKULAM POLYMERS-300000003328,,100000.00,307376234.66,4166113063,HDFC
TXN00003329,10/06/26,UPI-CHANDRAPURSOFTWARESERVICESPRIVATELIMITED-CHANDRAPUR@OKHDFCBANK-300000003329-PAYMENT FROM CSS,,150000.00,307526234.66,6851935721,HDFC
TXN00003330,09/08/26,RTGS-HDFC0002341-HOSUR PHARMACEUTICALS INDIA PVT-300000003330,,39061.00,307565295.66,8772217610,HDFC
TXN00003331,18/06/26,NEFT CR-HDFC0000123-CUTTACK CASTINGS LLP-UTR300000003331,,279000.00,307844295.66,9047632611,HDFC
TXN00003332,02/07/26,UPI-BHILAI AUTO-BHILAIAUTO@YBL-300000003332,,55666.00,307899961.66,8698925179,HDFC
TXN00003333,26/08/26,UPI-DHANBADPLASTICSANDCOMPANY-DHANBADPLA@OKAXIS-300000003333-PAYMENT FROM DPA,,27384.00,307927345.66,2305801819,HDFC
TXN00003334,01-07-2026,BIL/ONL/300000003334/KTI,,46781.00,307974126.66,S68278926,ICICI
TXN00003335,12/08/26,NEFT-HDFC0004567-GUNTURLOGISTICSPRIVATELIMITED-300000003335,,82834.25,308056960.91,7751635609,HDFC
TXN00003336,17/07/26,NEFT-HDFC0004567-ANANTAPUR GARMENTS PRIVATE LIMITED-300000003336,,189000.00,308245960.91,7916637921,HDFC
TXN00003337,05/08/26,NEFT CR-HDFC0004567-KANPUR SPINNERS LLP-UTR300000003337,,500000.00,308745960.91,1818453480,HDFC
TXN00003338,15-06-2026,RTGS/ICICR52023994445/AMRAVATI PRINTERS PVT LTD,,29222.75,308775183.66,S72856180,ICICI
TXN00003339,13/06/26,UPI-BHOPAL PACKAGING LLP-BHOPALPACK@APL-300000003339-PAYMENT FROM BPL,,58463.50,308833647.16,3611847699,HDFC
TXN00003340,19/07/26,UPI-RAIPUR REFRACTORIES  LIMITED-RAIPURREFR@APL-8693993922,,20244.75,308853891.91,9496381759,HDFC
TXN00003341,16/07/26,UPI-AMRAVATI FOODS PVT LTD-AMRAVATIFO@OKAXIS-300000003341,,7565.25,308861457.16,9796931929,HDFC
TXN00003342,24-08-2026,BIL/ONL/1814590557/ABL,,22031.75,308883488.91,S19971406,ICICI
TXN00003343,12/07/26,NEFT CR-HDFC0004567-AMRAVATI AGRO EX-UTR6021760795,,121442.00,309004930.91,2040745164,HDFC
TXN00003344,12-08-2026,MMT/IMPS/300000003344/CALICUT GARMENTS PRIVATE LIMITED/SBIN,,5000.00,309009930.91,S84814624,ICICI
TXN00003345,22-07-2026,NEFT-ICICR52023081154-CUTTACK MOTORS PRIVATE LIMITED,,27625.00,309037555.91,S91630214,ICICI
TXN00003346,09-07-2026,NEFT/ICICR52023994511/Amravati Cold Storage And Company,,15234.00,309052789.91,S13767293,ICICI
TXN00003347,05/07/26,UPI-BHILAI TEXTILES PVT LTD-BHILAITEXT@APL-300000003347,,100000.00,309152789.91,2281893050,HDFC
TXN00003348,11-07-2026,UPI/300000003348/Payment from/aurangabad@okhdfcbank/KKBK,,224000.00,309376789.91,S26401753,ICICI
TXN00003349,13-06-2026,UPI/300000003349/GCL/gwaliorcas@ibl,,30000.75,309406790.66,S85733376,ICICI
TXN00003350,07/08/26,UPI-KOLHAPUR LOGISTICS PRIVATE LIMITED-KOLHAPURLO@OKAXIS-1618801426,,95356.00,309502146.66,8914309267,HDFC
TXN00003351,06-08-2026,NEFT/ICICR52023081379/NASHIK POLYMERS,,10045.00,309512191.66,S48715847,ICICI
TXN00003352,24-08-2026,BIL/ONL/300000003352/LLP,,14785.00,309526976.66,S73104279,ICICI
TXN00003353,16-08-2026,BIL/ONL/300000003353/DPL,,24096.50,309551073.16,S36194569,ICICI
TXN00003354,24-07-2026,NEFT-ICICR52023081195-CHENNAI REFRACTO,,102000.00,309653073.16,S77534370,ICICI
TXN00003355,31-08-2026,RTGS/ICICR52024117432/ERNAKULAM PL/ ,,250000.00,309903073.16,S13400149,ICICI
TXN00003356,28/07/26,IMPS-300000003356-CHANDRAPUR P-HDFC,,37652.00,309940725.16,1001073081,HDFC
TXN00003357,19-06-2026,MMT/IMPS/3102878319/AMRAVATI HAN/ICIC,,30000.25,309970725.41,S69053465,ICICI
TXN00003358,13/08/26,RTGS-HDFC0009812-CHANDRAPUR GARMENT-300000003358,,900206.00,310870931.41,4981325719,HDFC
TXN00003359,15-07-2026,BIL/ONL/300000003359/IPA,,18928.00,310889859.41,S20657725,ICICI
TXN00003360,22/08/26,ACH C-HOSUR CABLES PRIVATE LIMITED-300000003360,,196000.00,311085859.41,8036816985,HDFC
TXN00003361,03-07-2026,MMT/IMPS/300000003361/madurai motors private limited/HDFC,,200000.99,311285860.40,S36750660,ICICI
TXN00003362,24/08/26,UPI-MYSORE TRADE-MYSORETRAD@OKAXIS-300000003362,,75000.00,311360860.40,5269133543,HDFC
TXN00003363,07-06-2026,MMT/IMPS/6345852933/BELGAUM CHEMICALS INDIA PRIVATE LIMITED/SBIN,,22217.00,311383077.40,S82213546,ICICI
TXN00003364,01/07/26,UPI-HALDIA ENGINEERI-HALDIAENGI@OKHDFCBANK-300000003364,,100000.25,311483077.65,9921554867,HDFC
TXN00003365,05/08/26,UPI-CALICUT PRINTERS  PVT LTD-CALICUTPRI@YBL-5822567012,,51513.00,311534590.65,3664441464,HDFC
TXN00003366,02/08/26,UPI-CHENNAI FOOD-CHENNAIFOO@IBL-300000003366,,5000.00,311539590.65,3726964783,HDFC
TXN00003367,17-06-2026,NEFT-ICICR52024560452-AMRAVATI CASTINGS,,98000.75,311637591.40,S36589822,ICICI
TXN00003368,19-07-2026,UPI/7415976341/ACP/amravatico@apl,,10548.00,311648139.40,S39896466,ICICI
TXN00003369,29-07-2026,RTGS/ICICR52024560121/NASHIK HOSPITALITY,,89000.00,311737139.40,S74451875,ICICI
TXN00003370,15-06-2026,NEFT-ICICR52024117652-JALANDHARPRINTERSPVTLTD,,15920.00,311753059.40,S55668728,ICICI
TXN00003371,10-07-2026,NEFT/ICICR52023994302/AMRAVATI AGRO EXPORTS,,101297.00,311854356.40,S86427973,ICICI
TXN00003372,20/08/26,RTGS-HDFC0004567-AMRAVATI PAPER  MILLS-7730078548,,50000.75,311904357.15,2907514397,HDFC
TXN00003373,12/08/26,UPI-DHANBAD TEXTILES PVT LTD-DHANBADTEX@OKAXIS-300000003373-PAYMENT FROM DTP,,22000.50,311926357.65,9406651473,HDFC
TXN00003374,03-08-2026,MMT/IMPS/300000003374/UDAIPUR POLYMERS PRIVATE LIMITED/ICIC,,17619.25,311943976.90,S69413405,ICICI
TXN00003375,06/07/26,RTGS-HDFC0009812-DEHRADUNREFRACTORIESLIMITED-300000003375,,22279.73,311966256.63,1684032163,HDFC
TXN00003376,12/07/26,UPI-AMRAVATI METALS-AMRAVATIME@APL-300000003375-PAYMENT FROM AML,,35035.18,312001291.81,8682820748,HDFC
TXN00003377,11-07-2026,BIL/ONL/300000003376/NPP,,14646.00,312015937.81,S59999962,ICICI
TXN00003378,10-07-2026,UPI/300000003376/Payment from/coimbatore@ibl/UTIB,,4187.78,312020125.59,S69078625,ICICI
TXN00003379,02/06/26,UPI-TRICHY LOGISTICS PRIVATE LIMITED-TRICHYLOGI@YBL-300000003377-PAYMENT FROM TLP,,40576.25,312060701.84,4538208789,HDFC
TXN00003380,12-06-2026,BIL/ONL/300000003377/SCL,,19528.24,312080230.08,S42879811,ICICI
TXN00003381,30/07/26,NEFT-HDFC0004567-KRISHNA PHARMACEUT-300000003378,,4666.22,312084896.30,2142487711,HDFC
TXN00003382,19-08-2026,NEFT-ICICR52024560944-Amravati Agro Ex,,44392.02,312129288.32,S46859536,ICICI
TXN00003383,14-06-2026,BIL/ONL/300000003379/ACP,,79244.62,312208532.94,S71843560,ICICI
TXN00003384,09/06/26,RTGS-HDFC0002341-NAGPUR BEARINGS LIMITED-300000003379,,14251.05,312222783.99,2365968674,HDFC
TXN00003385,16/06/26,UPI-JALANDHAR TRANSPORT AND COMPANY-JALANDHART@OKAXIS-300000003380-PAYMENT FROM JTA,,195280.00,312418063.99,7091589673,HDFC
TXN00003386,27/06/26,UPI-ANANTAPUR CHEMICALS INDIA PRIVATE LIMITED-ANANTAPURC@YBL-300000003380,,248982.00,312667045.99,8254919293,HDFC
TXN00003387,18/06/26,UPI-AURANGABAD AGRO-AURANGABAD@APL-300000003381,,244100.00,312911145.99,8968230609,HDFC
TXN00003388,12-08-2026,NEFT-ICICR52023081725-Indore Forgings Li,,48820.49,312959966.48,S90229496,ICICI
TXN00003389,17/08/26,NEFT-HDFC0009812-AURANGABAD CASTINGS LLP-300000003382,,187468.80,313147435.28,3542029295,HDFC
TXN00003390,06/07/26,NEFT CR-HDFC0000123-HOSUR FOODS-UTR300000003382,,23389.66,313170824.94,6273987347,HDFC
TXN00003391,04/07/26,NEFT CR-HDFC0002341-AURANGABAD CERAMICS PVT-UTR300000003383,,70368.16,313241193.10,7808791343,HDFC
TXN00003392,07-07-2026,UPI/4381708663/Payment from/haldiahand@ybl/ICIC,,244100.24,313485293.34,S63001888,ICICI
TXN00003393,13/06/26,ACH C-ANANTAPUR REFRACTORIES-300000003384,,14646.00,313499939.34,4145743557,HDFC
TXN00003394,23/07/26,NEFT-HDFC0002341-NAGPUR COLD STORAGE AND COMPANY-6131861111,,97640.24,313597579.58,1947190733,HDFC
TXN00003395,31-07-2026,UPI/300000003385/Payment from/chennaiaut@okaxis/SBIN,,11982.13,313609561.71,S23437152,ICICI
TXN00003396,07/07/26,UPI-SILIGURI AGRO EXPORTS PRIVATE LIMITED-SILIGURIAG@OKHDFCBANK-9512960787,,19528.00,313629089.71,8074946339,HDFC
TXN00003397,11/06/26,NEFT-HDFC0000123-CUTTACK SOFTWARE SER-300000003386,,97640.00,313726729.71,8266984091,HDFC
TXN00003398,05-08-2026,UPI/4032065309/BSL/bhilaispin@ibl/ ,,23740.19,313750469.90,S22816616,ICICI
TXN00003399,22/06/26,NEFT CR-HDFC0000123-AURANGABAD ENTERPRISES INDIA P LTD-UTR7541221312,,9230.89,313759700.79,6851946719,HDFC
TXN00003400,09/06/26,IMPS-300000003387-HALDIA  HOSPITALITY-SBIN,,29292.73,313788993.52,5395387917,HDFC
TXN00003401,16/08/26,NEFT-HDFC0002341-HOSUR MEDIA PVT-3877710488,,16327.35,313805320.87,7395221687,HDFC
TXN00003402,28-06-2026,NEFT-ICICR52024117261-Aurangabad Bearings Limited,,22876.08,313828196.95,S87652160,ICICI
TXN00003403,07/08/26,UPI-BELGAUM SPINNERS LLP-BELGAUMSPI@PAYTM-4474507662,,67493.65,313895690.60,6575156366,HDFC
TXN00003404,10-08-2026,NEFT/ICICR52023994417/AMRAVATI TEXTILES,,39056.00,313934746.60,S87807865,ICICI
TXN00003405,18/07/26,RTGS-HDFC0009812-DEHRADUN ELE-300000003390,,9764.00,313944510.60,5115993375,HDFC
TXN00003406,03/08/26,ACH C-MADURAI ENGINEER-300000003390,,8609.90,313953120.50,1162595922,HDFC
TXN00003407,09-07-2026,UPI/300000003391/AAE/amravatiag@okaxis,,97640.00,314050760.50,S25119711,ICICI
TXN00003408,18/08/26,ACH C-SURAT POLYMERS PRIVATE LIMITED-2685183209,,29292.00,314080052.50,8576428342,HDFC
TXN00003409,22/08/26,ACH C-AMRAVATI POLYMERS PRIVATE LIMITED-3056581178,,175621.16,314255673.66,3312799995,HDFC
TXN00003410,18/08/26,RTGS-HDFC0004567-CUTTACK CASTINGS LLP-300000003392,,58584.49,314314258.15,1925528738,HDFC
TXN00003411,11-06-2026,RTGS/ICICR52024117394/AURANGABAD METALS LIMITED,,58208.09,314372466.24,S98486555,ICICI
TXN00003412,03/08/26,NEFT-HDFC0004567-CUTTACK HANDICRA-300000003393,,10302.97,314382769.21,1645090405,HDFC
TXN00003413,16-06-2026,UPI/300000003394/ASS/anantapurs@apl,,102884.24,314485653.45,S13236415,ICICI
TXN00003414,10/07/26,RTGS-HDFC0009812-ANANTAPUR CABLES PRIVATE LIMITED-300000003394,,488200.24,314973853.69,9139356266,HDFC
TXN00003415,29/08/26,UPI-GUNTUR TRANSPORT-GUNTURTRAN@OKHDFCBANK-3292415393-PAYMENT FROM GTA,,43213.75,315017067.44,8864899204,HDFC
TXN00003416,09/08/26,UPI-GUNTUR INFRAPROJECTS AND COMPANY-GUNTURINFR@YBL-6176336413,,97640.00,315114707.44,2702621823,HDFC
TXN00003417,17-06-2026,UPI/300000003396/Payment from/amravatiau@ybl/AXIS,,32020.06,315146727.50,S98649200,ICICI
TXN00003418,03/06/26,UPI-UDAIPUR DIAGNOSTICS LIMITED-UDAIPURDIA@IBL-2537519203,,19528.00,315166255.50,4949186345,HDFC
TXN00003419,30-08-2026,RTGS/ICICR52023081575/amravati ent,,203091.20,315369346.70,S53305590,ICICI
TXN00003420,12-07-2026,BIL/ONL/300000003397/HFP,,46726.60,315416073.30,S20735185,ICICI
TXN00003421,24-06-2026,UPI/6207036344/Payment from/amravatiau@okhdfcbank/SBIN,,23381.60,315439454.90,S57957574,ICICI
TXN00003422,20-08-2026,MMT/IMPS/300000003398/Haldia Software Serv/KKBK,,4649.62,315444104.52,S10341604,ICICI
TXN00003423,01-08-2026,NEFT-ICICR52023081585-AMRAVATI AUT,,146460.00,315590564.52,S73236632,ICICI
TXN00003424,22/08/26,UPI-ERNAKULAM COLD S-ERNAKULAMC@OKAXIS-300000003399-PAYMENT FROM ECS,,4882.49,315595447.01,6062703017,HDFC
TXN00003425,23-06-2026,NEFT-ICICR52023994658-JAMNAGAR REFRACTORIES LIMITED,,146460.00,315741907.01,S20951325,ICICI
TXN00003426,02/08/26,IMPS-300000003400-BHOPAL MOTORS PRIVATE LIMITED-KKBK ,,27061.90,315768968.91,7317767323,HDFC
TXN00003427,02-08-2026,UPI/300000003401/Payment from/chandrapur@okhdfcbank/UTIB,,38181.15,315807150.06,S59440389,ICICI
TXN00003428,25-06-2026,MMT/IMPS/5402029993/AURANGABAD P/UTIB,,97640.49,315904790.55,S80444786,ICICI
TXN00003429,15-07-2026,NEFT/ICICR52023081988/BELGAUMFOODSPVTLTD,,42961.60,315947752.15,S78053602,ICICI
TXN00003430,15-06-2026,UPI/300000003402/ABL/amravatibe@ibl,,74366.53,316022118.68,S93439688,ICICI
TXN00003431,25/06/26,UPI-CUTTACK CHEMICALS-CUTTACKCHE@YBL-300000003403-PAYMENT FROM CCI,,49524.96,316071643.64,4574210554,HDFC
TXN00003432,10-06-2026,NEFT/ICICR52024117116/AMRAVATI TRANSPORT AND COMPANY,,19789.43,316091433.07,S15246069,ICICI
TXN00003433,08-08-2026,NEFT-ICICR52024117249-AMRAVATI CASTINGS LLP ,,42061.36,316133494.43,S51499554,ICICI
TXN00003434,29-08-2026,UPI/300000003404/AHP/amravatiho@okaxis,,48820.00,316182314.43,S25776146,ICICI
TXN00003435,26-07-2026,NEFT-ICICR52023994786-JABALPUR FERTILISERS PRIVATE LIMITED,,49366.78,316231681.21,S79060808,ICICI
TXN00003436,08/06/26,NEFT-HDFC0004567-AMRAVATI COLD STORAGE AND COMPANY-300000003405,,44964.20,316276645.41,8458536647,HDFC
TXN00003437,12-08-2026,RTGS/ICICR52024117721/AMRAVATI DIAGNOSTICS,,41521.41,316318166.82,S10666889,ICICI
TXN00003438,12-07-2026,UPI/300000003406/Payment from/aurangabad@apl/KKBK,,24410.00,316342576.82,S72858372,ICICI
TXN00003439,22-06-2026,NEFT/ICICR52024117562/BELGAUM POLYMERS PRIVATE LIMITED,,8821.29,316351398.11,S18722094,ICICI
TXN00003440,10-06-2026,MMT/IMPS/300000003407/KANPUR TRADERS IND/KKBK,,139022.76,316490420.87,S80091549,ICICI
TXN00003441,19/06/26,NEFT CR-HDFC0004567-AMRAVATI ELECTRICALS LLP-UTR300000003408,,69619.27,316560040.14,5012083370,HDFC
TXN00003442,11-08-2026,UPI/300000003408/Payment from/kanpurphar@paytm/SBIN,,63861.44,316623901.58,S80944558,ICICI
TXN00003443,15/08/26,IMPS-4136484048-AMRAVATI AGRO EX-UTIB,,90805.69,316714707.27,4365821944,HDFC
TXN00003444,19-07-2026,NEFT-ICICR52024117766-ANANTAPUR FORGINGS LIMITED,,4287.37,316718994.64,S84379601,ICICI
TXN00003445,23/06/26,NEFT-HDFC0009812-TIRUPUR ELECTRICALS LLP-9073528140,,25814.06,316744808.70,8667409115,HDFC
TXN00003446,29/07/26,IMPS-5410633994-GODAVARI HANDICRAFTS LLP-KKBK,,22457.93,316767266.63,8661085861,HDFC
TXN00003447,08/06/26,ACH C-BHOPAL ENTERPRISES INDIA-300000003411,,31812.81,316799079.44,8403277050,HDFC
TXN00003448,01/07/26,UPI-AURANGABAD PAPER MILLS PVT LTD-AURANGABAD@OKAXIS-9415610772-PAYMENT FROM APM,,41985.20,316841064.64,3229749643,HDFC
TXN00003449,01/08/26,NEFT CR-HDFC0002341-SALEM ENGINEERING PVT LTD-UTR1694470816,,9705.41,316850770.05,7888208659,HDFC
TXN00003450,24/07/26,UPI-BHOPAL BEARINGS  LIMITED-BHOPALBEAR@OKAXIS-300000003412-PAYMENT FROM BBL,,11184.66,316861954.71,7397632929,HDFC
TXN00003451,20/08/26,UPI-DHANBAD METALS-DHANBADMET@PAYTM-300000003413-PAYMENT FROM DML,,18900.17,316880854.88,2331782623,HDFC
TXN00003452,15/06/26,UPI-ANANTAPUR CHEMICALS-ANANTAPURC@OKHDFCBANK-2796717239,,52966.52,316933821.40,7612890280,HDFC
TXN00003453,01/08/26,IMPS-5086555494-JALANDHARDIAGNOSTICSLIMITED-HDFC,,488200.00,317422021.40,1429765352,HDFC
TXN00003454,27/06/26,NEFT CR-HDFC0004567-AMRAVATI CERAMICS PVT LTD-UTR300000003414,,29208.02,317451229.42,3605817880,HDFC
TXN00003455,19-08-2026,MMT/IMPS/5202358006/jodhpur logistics private limited/AXIS,,263628.00,317714857.42,S26670022,ICICI
TXN00003456,08/06/26,NEFT CR-HDFC0009812-KRISHNA CONSTRUCTIONS PRIVATE LIMITED-UTR300000003415,,7685.73,317722543.15,1964638168,HDFC
TXN00003457,31-08-2026,RTGS/ICICR52023994425/Bhavnagar Chemicals India,,136193.15,317858736.30,S51204097,ICICI
TXN00003458,21-06-2026,NEFT/ICICR52024117223/ANANTAPUR GARMEN,,10559.77,317869296.07,S38617049,ICICI
TXN00003459,26-06-2026,MMT/IMPS/300000003417/Calicut Paper Mills Pvt Ltd/AXIS,,134838.89,318004134.96,S74520732,ICICI
TXN00003460,09-06-2026,NEFT-ICICR52024560602-HALDIA INDUSTRIES INDIA PRIVATE LIMITED,,195280.00,318199414.96,S15931141,ICICI
TXN00003461,10/08/26,UPI-HOSUR GARMENTS PRIVATE LIMITED-HOSURGARME@YBL-300000003418-PAYMENT FROM HGP,,97640.00,318297054.96,3063371486,HDFC
TXN00003462,19/07/26,UPI-BHOPAL CABLES PR-BHOPALCABL@OKHDFCBANK-300000003418-PAYMENT FROM BCP,,285108.80,318582163.76,5110186308,HDFC
TXN00003463,18/07/26,RTGS-HDFC0009812-AMRAVATI HOSPITALITY PVT LTD-1651493993,,117869.06,318700032.82,7900233053,HDFC
TXN00003464,08-07-2026,MMT/IMPS/300000003419/TIRUPUR FOODS PVT LTD/HDFC,,202367.69,318902400.51,S73600873,ICICI
TXN00003465,29/06/26,ACH C-JABALPUR POLYMERS-300000003420,,26947.66,318929348.17,6223381234,HDFC
TXN00003466,21-06-2026,UPI/300000003420/IHP/indorehosp@okhdfcbank,,236428.43,319165776.60,S71316006,ICICI
TXN00003467,19/08/26,ACH C-AMRAVATI MED-300000003421,,48502.91,319214279.51,4427289252,HDFC
TXN00003468,29/07/26,NEFT-HDFC0009812-ERNAKULAM TRADERS IN-4507921119 ,,64443.13,319278722.64,7453720417,HDFC
TXN00003469,23-06-2026,NEFT/ICICR52023081686/BHAVNAGAR PRINTERS PVT LTD,,14292.54,319293015.18,S47609367,ICICI
TXN00003470,16/07/26,RTGS-HDFC0004567-TIRUPUR CONSTRUCTIONS PRIVATE LIMITED-300000003422,,21362.66,319314377.84,3006759541,HDFC
TXN00003471,28-07-2026,UPI/300000003423/BBL/belgaumbea@ibl,,24030.18,319338408.02,S27659786,ICICI
TXN00003472,25/06/26,UPI-CHENNAI PHARMACEUTICALS INDIA PRIVATE LIMITED-CHENNAIPHA@YBL-2975432032,,14460.00,319352868.02,9973534740,HDFC
TXN00003473,02-07-2026,MMT/IMPS/1808071459/chandrapur infraprojects and company/UTIB,,17575.20,319370443.22,S82858722,ICICI
TXN00003474,03-07-2026,BIL/ONL/300000003424/VCP,,23204.15,319393647.37,S33728436,ICICI
TXN00003475,11/07/26,IMPS-7533012869-HALDIA INFRAPROJECTS AND COMPANY-AXIS,,195280.00,319588927.37,6010062452,HDFC
TXN00003476,21/06/26,ACH C-AMRAVATIAGROEXPORTSPRIVATELIMITED-300000003425,,22429.86,319611357.23,9941672051,HDFC
TXN00003477,17-07-2026,UPI/2592164987/Payment from/haldiadist@okaxis/ICIC,,4444.57,319615801.80,S89797435,ICICI
TXN00003478,14-06-2026,NEFT-ICICR52024117948-hubli traders india private limited,,76159.44,319691961.24,S74533705,ICICI
TXN00003479,13/07/26,UPI-AURANGABAD ELECTRI-AURANGABAD@YBL-300000003427-PAYMENT FROM AEL,,43745.16,319735706.40,6517787103,HDFC
TXN00003480,24-08-2026,UPI/300000003427/Payment from/hosurelect@okhdfcbank/UTIB,,87333.36,319823039.76,S89705723,ICICI
TXN00003481,25-08-2026,NEFT/ICICR52023081114/hubli bearings  limited,,29627.88,319852667.64,S23473730,ICICI
TXN00003482,04/07/26,NEFT-HDFC0004567-DHANBAD PHARMACEUTICALS INDIA-300000003428,,21979.49,319874647.13,9677209565,HDFC
TXN00003483,12-08-2026,UPI/300000003429/Payment from/udaipurfer@ybl/SBIN,,94518.45,319969165.58,S40896365,ICICI
TXN00003484,27/06/26,NEFT CR-HDFC0000123-SOLAPUR CASTINGS LLP-UTR300000003429,,47148.64,320016314.22,2076641775,HDFC
TXN00003485,16/08/26,NEFT CR-HDFC0002341-AMRAVATI ELECTRICALS-UTR300000003430,,29030.31,320045344.53,7626878076,HDFC
TXN00003486,27/06/26,NEFT-HDFC0000123-CUTTACK FERTILISERS PRIVATE LIMITED-300000003431,,122050.00,320167394.53,2614196675,HDFC
TXN00003487,29-07-2026,UPI/300000003432/APP/amravatipo@ybl,,31678.32,320199072.85,S47797236,ICICI
TXN00003488,13/08/26,UPI-BHOPAL CHEMICALS INDIA PRIVATE LIMITED-BHOPALCHEM@OKAXIS-300000003433-PAYMENT FROM BCI/,,13187.26,320212260.11,9575457875,HDFC
TXN00003489,18/08/26,ACH C-SOLAPUR METALS LIMITED-4867833196,,39056.00,320251316.11,1800244506,HDFC
TXN00003490,31/07/26,UPI-JAMNAGAR TRANSPORT A-JAMNAGARTR@IBL-6143422748-PAYMENT FROM JTA,,10971.81,320262287.92,8862889062,HDFC
TXN00003491,15-06-2026,UPI/300000003436/CPP/coimbatore@paytm,,30081.91,320292369.83,S95513878,ICICI
TXN00003492,19-07-2026,UPI/6939404805/Payment from/amravatipo@ibl/ICIC,,48820.49,320341190.32,S40216152,ICICI
TXN00003493,03/06/26,ACH C-HOSUR INFRAPROJECTS  AND COMPANY-2193472131,,140008.93,320481199.25,6301719908,HDFC
TXN00003494,03/07/26,ACH C-ANANTAPUR PAPER MILLS PVT LTD-9051980833,,50590.21,320531789.46,3358409240,HDFC
TXN00003495,01/08/26,UPI-BELGAUM FERTILISERS PRIVATE LIMITED-BELGAUMFER@YBL-300000003440-PAYMENT FROM BFP,,40032.64,320571822.10,5509065871,HDFC
TXN00003496,15-06-2026,NEFT/ICICR52024117389/GWALIOR METALS,,103273.83,320675095.93,S28292560,ICICI
TXN00003497,06/06/26,UPI-BHAVNAGAR  PRINTE-BHAVNAGARP@IBL-300000003442,,39056.00,320714151.93,4744507276,HDFC
TXN00003498,07/07/26,ACH C-NARMADA META-300000003443,,23517.57,320737669.50,6934726436,HDFC
TXN00003499,07/06/26,RTGS-HDFC0009812-BHILAI GARMENTS PR-300000003444,,11223.23,320748892.73,8610268924,HDFC
TXN00003500,18/07/26,RTGS-HDFC0009812-NARMADA DISTRIBUTORS PRIVATE LIMITED-2629095461,,36126.80,320785019.53,2452896350,HDFC
TXN00003501,16/08/26,NEFT CR-HDFC0000123-ANANTAPUR CABLES PRIVATE LIMITED-UTR1671112966,,69668.09,320854687.62,5096389923,HDFC
TXN00003502,15/07/26,IMPS-8057551033-CALICUT LOGISTICS PR-UTIB,,23964.76,320878652.38,4475787726,HDFC
TXN00003503,02-07-2026,MMT/IMPS/300000003448/Aurangabad Handicrafts Llp/UTIB,,10084.26,320888736.64,S31051281,ICICI
TXN00003504,07-08-2026,MMT/IMPS/300000003449/KOLHAPUR HOSPITALITY PVT/SBIN,,16367.14,320905103.78,S70321292,ICICI
TXN00003505,09-06-2026,NEFT/ICICR52024560616/AMRAVATI TRADERS INDIA PRIVATE LIMITED,,27339.44,320932443.22,S28376400,ICICI
TXN00003506,18/07/26,UPI-JAMNAGAR SOFTWARE SERVICES PRIVATE LIMITED-JAMNAGARSO@IBL-300000003451-PAYMENT FROM JSS,,27395.83,320959839.05,8948386023,HDFC
TXN00003507,06-08-2026,UPI/9453317270/Payment from/kakinadaco@okaxis/AXIS,,121074.09,321080913.14,S97154089,ICICI
TXN00003508,06-06-2026,UPI/300000003453/BFL/bhavnagarf@paytm,,265580.80,321346493.94,S36764802,ICICI
TXN00003509,15-07-2026,BIL/ONL/300000003454/NFP,,29083.05,321375576.99,S22742668,ICICI
TXN00003510,19-06-2026,NEFT/ICICR52023081285/ANANTAPUR FABRICATORS AND COMPANY,,195280.24,321570857.23,S18125047,ICICI
TXN00003511,28-07-2026,BIL/ONL/2499595981/BBL,,195280.00,321766137.23,S87683215,ICICI
TXN00003512,03/08/26,RTGS-HDFC0009812-JALANDHAR PRINTERS PVT LTD-300000003457,,46630.90,321812768.13,6048485625,HDFC
TXN00003513,21/08/26,NEFT-HDFC0000123-JALANDHAR POLYMERS PRIVATE LIMITED-9394529233,,45560.78,321858328.91,1522386724,HDFC
TXN00003514,05/08/26,RTGS-HDFC0002341-AMRAVATI AGRO EXPORTS-6169115137,,22631.98,321880960.89,8533850615,HDFC
TXN00003515,11-08-2026,NEFT/ICICR52024117413/Calicut Polymers Private Limited,,13758.45,321894719.34,S78664573,ICICI
TXN00003516,21-06-2026,NEFT-ICICR52023081568-DEHRADUN CON,,106604.33,322001323.67,S64069905,ICICI
TXN00003517,22/06/26,RTGS-HDFC0004567-CHENNAI HOSPITALITY PVT LTD-300000003462,,25162.80,322026486.47,5636401745,HDFC
TXN00003518,02/06/26,IMPS-300000003463-LUDHIANA PLASTICS AND COMPANY-AXIS,,14646.00,322041132.47,8308867044,HDFC
TXN00003519,10-06-2026,RTGS/ICICR52024560246/belgaum fabricators and company,,22139.87,322063272.34,S41522068,ICICI
TXN00003520,08/07/26,IMPS-300000003465-SOLAPUR GARM-KKBK,,195280.00,322258552.34,2178659503,HDFC
TXN00003521,31-07-2026,UPI/9304269601/LAC/ludhianaau@apl,,39056.00,322297608.34,S35995580,ICICI
TXN00003522,14/08/26,UPI-GODAVARI CASTINGS LL-GODAVARICA@PAYTM-7501552340,,67749.47,322365357.81,8665435248,HDFC
TXN00003523,01/08/26,UPI-KRISHNA DIAGNOST-KRISHNADIA@OKAXIS-300000003468-PAYMENT FROM KDL,,39513.93,322404871.74,4855481847,HDFC
TXN00003524,07/06/26,ACH C-AMRAVATI ELECTRI-300000003469,,33437.06,322438308.80,9426684776,HDFC
TXN00003525,05-08-2026,UPI/300000003470/GCI/gwaliorche@apl,,57960.57,322496269.37,S84384741,ICICI
TXN00003526,27-07-2026,NEFT/ICICR52023994662/Cuttack Traders India Private Limited,,38969.10,322535238.47,S22621544,ICICI
TXN00003527,23/06/26,UPI-AURANGABAD AUTO COMPONENTS-AURANGABAD@PAYTM-300000003472-PAYMENT FROM AAC,,20971.12,322556209.59,2449737480,HDFC
TXN00003528,05-08-2026,NEFT-ICICR52024560340-BHAVNAGAR DIAGNO,,12890.43,322569100.02,S30685089,ICICI
TXN00003529,16/08/26,UPI-GWALIOR FERTILISERS P LTD-GWALIORFER@APL-300000003474-PAYMENT FROM GFP,,207973.44,322777073.46,2516830862,HDFC
TXN00003530,16-07-2026,NEFT/ICICR52023081672/Trichy Transport A,,19426.20,322796499.66,S88296799,ICICI
TXN00003531,13-08-2026,UPI/3711041070/Payment from/amravatiag@apl/ICIC,,14646.00,322811145.66,S56693666,ICICI
TXN00003532,29/06/26,RTGS-HDFC0002341-BELGAUMPRINTERSPVTLTD-300000003477,,41840.93,322852986.59,1233723743,HDFC
TXN00003533,21/07/26,UPI-SALEM MEDIA PVT LTD-SALEMMEDIA@OKHDFCBANK-8345765843,,7145.30,322860131.89,4678366905,HDFC
TXN00003534,14/08/26,NEFT-HDFC0000123-JABALPUR INFRAPROJECTS AND  COMPANY-300000003479,,23433.60,322883565.49,8286343968,HDFC
TXN00003535,25-07-2026,NEFT-ICICR52023994564-AURANGABAD AGRO EXPORTS PRIVATE LIMITED,,5808.59,322889374.08,S41581808,ICICI
TXN00003536,22-07-2026,NEFT/ICICR52023081250/haldia garments pr,,261676.17,323151050.25,S39012931,ICICI
TXN00003537,06/07/26,RTGS-HDFC0009812-MADURAI FABRICAT-300000003482,,37194.24,323188244.49,2244199942,HDFC
TXN00003538,02/07/26,ACH C-AURANGABAD BEARINGS-300000003483,,195661.28,323383905.77,6537206570,HDFC
TXN00003539,10-06-2026,RTGS/ICICR52023081797/BHILAI PAPER,,107404.00,323491309.77,S95602360,ICICI
TXN00003540,16/07/26,ACH C-AMRAVATI AGRO EXPORTS PRIVATE  LIMITED-5243024584,,4201.45,323495511.22,2009995488,HDFC
TXN00003541,05-08-2026,MMT/IMPS/300000003486/JABALPUR INDUSTRIES INDIA PRIVATE LIMITED/KKBK,,9263.83,323504775.05,S32125026,ICICI
TXN00003542,03/08/26,IMPS-300000003487-CHENNAI TRADERS IN-KKBK,,32221.20,323536996.25,3350053482,HDFC
TXN00003543,22/07/26,IMPS-300000003488-BHAVNAGARGARMENTSPRIVATELIMITED-ICIC,,34303.86,323571300.11,5204238018,HDFC
TXN00003544,17-07-2026,NEFT/ICICR52023994480/GUNTUR SOFTWARE SERVICES PVT,,244100.00,323815400.11,S48396326,ICICI
TXN00003545,08-07-2026,NEFT-ICICR52023081734-Narmada Handicrafts Llp,,122050.00,323937450.11,S95542598,ICICI
TXN00003546,27-07-2026,NEFT/ICICR52023994619/godavari textiles,,33475.14,323970925.25,S18879068,ICICI
TXN00003547,25-07-2026,MMT/IMPS/6060132469/MADURAI FABRICATOR/ICIC,,3776.72,323974701.97,S81441329,ICICI
TXN00003548,19/08/26,UPI-KANPUR INFRAPROJECTS AND COMPANY-KANPURINFR@OKAXIS-5214600995-PAYMENT FROM KIA,,77712.65,324052414.62,7298366503,HDFC
TXN00003549,30-07-2026,UPI/5328412844/AAE/amravatiag@apl,,25386.89,324077801.51,S68900089,ICICI
TXN00003550,27-08-2026,MMT/IMPS/300000003495/ANANTAPUR INFRAPROJECTS AND COMPANY/HDFC,,28315.60,324106117.11,S11755720,ICICI
TXN00003551,31/07/26,UPI-AMRAVATI CHEMICALS INDIA PRIVATE LIMITED-AMRAVATICH@IBL-300000003496,,54803.38,324160920.49,6533432970,HDFC
TXN00003552,06/08/26,UPI-DEHRADUN MEDIA PVT LTD-DEHRADUNME@APL-300000003497-PAYMENT FROM DMP,,28386.88,324189307.37,6507287503,HDFC
TXN00003553,29/06/26,UPI-UDAIPUR GARMENTS PRIVATE LIMITED-UDAIPURGAR@IBL-300000003498,,181610.40,324370917.77,4688003560,HDFC
TXN00003554,22-08-2026,BIL/ONL/300000003499/CBL,,64673.81,324435591.58,S94994463,ICICI
TXN00003555,20/08/26,NEFT CR-HDFC0004567-DHANBAD ENTERPRISES-UTR300000003500,,213831.60,324649423.18,6102396588,HDFC
TXN00003556,29-06-2026,UPI/300000003501/Payment from/panipatent@ibl/ICIC,,85923.93,324735347.11,S70874865,ICICI
TXN00003557,14-06-2026,MMT/IMPS/300000003502/Amravati Agro Exports Private Limited/SBIN,,276321.69,325011668.80,S92034310,ICICI
TXN00003558,13/06/26,NEFT-HDFC0000123-GODAVARILOGISTICSPRIVATELIMITED-1256652525,,43569.90,325055238.70,5126250421,HDFC
TXN00003559,04-06-2026,UPI/300000003504/DPP/dehradunpo@ybl,,191375.13,325246613.83,S92211804,ICICI
TXN00003560,26/07/26,IMPS-7748275865-GANDHINAGAR PHARMACEUTICALS INDIA PRIVATE LIMITED-HDFC,,20133.37,325266747.20,8967892809,HDFC
TXN00003561,30/06/26,IMPS-300000003506-MYSORE  DISTRIBUTOR-SBIN,,97640.00,325364387.20,4522019186,HDFC
TXN00003562,24/08/26,IMPS-300000003507-DHANBAD AUTO COMPONENTS PVT  LTD-SBIN,,68673.14,325433060.34,8325845100,HDFC
TXN00003563,24-08-2026,NEFT-ICICR52024117804-AURANGABAD BEARINGS PVT,,268929.85,325701990.19,S51323494,ICICI
TXN00003564,25/06/26,NEFT CR-HDFC0002341-CALICUT AGRO EXPORTS PRIVATE LIMITED-UTR300000003509,,29292.00,325731282.19,9169046233,HDFC
TXN00003565,07/08/26,ACH C-DEHRADUNCONTAINERSPVTLTD-300000003510-,,244100.00,325975382.19,6630576921,HDFC
TXN00003566,03-06-2026,UPI/300000003511/Payment from/anantapuri@okaxis/AXIS,,270462.80,326245844.99,S81361036,ICICI
TXN00003567,29-08-2026,NEFT/ICICR52023994918/AMRAVATI AGR,,19291.71,326265136.70,S44747913,ICICI
TXN00003568,03/06/26,NEFT CR-HDFC0002341-HOSUR TEXTILES PVT LTD-UTR300000003513,,14646.00,326279782.70,8347776765,HDFC
TXN00003569,05/07/26,UPI-DEHRADUN SPINNERS LLP-DEHRADUNSP@IBL-2335846713,,132149.88,326411932.58,4867614559,HDFC
TXN00003570,03-06-2026,BIL/ONL/300000003515/KEI,,54328.36,326466260.94,S30059661,ICICI
TXN00003571,03-07-2026,BIL/ONL/6655710868/BEL,,24271.35,326490532.29,S71945077,ICICI
TXN00003572,16/06/26,RTGS-HDFC0009812-SOLAPUR AUTO COMPONENTS PVT LTD-300000003517,,488200.00,326978732.29,6526648468,HDFC
TXN00003573,26/06/26,UPI-BELGAUM INFRAPROJECTS AND COMPANY-BELGAUMINF@YBL-300000003518-PAYMENT FROM BIA,,77117.54,327055849.83,9014417538,HDFC
TXN00003574,26/07/26,UPI-CHANDRAPUR MOTORS PRIVATE LIMITED-CHANDRAPUR@OKHDFCBANK-6017448931,,14646.00,327070495.83,8910811027,HDFC
TXN00003575,03/08/26,UPI-AMRAVATI LOGISTICS PRIVATE LIMITED-AMRAVATILO@YBL-300000003520-PAYMENT FROM ALP ,,89828.80,327160324.63,4701164175,HDFC
TXN00003576,06/08/26,ACH C-BHOPAL CONSTRUCTIONS-5167827553,,68591.11,327228915.74,8283298024,HDFC
TXN00003577,25-06-2026,NEFT/ICICR52024560167/BHILAI ENTER,,300142.67,327529058.41,S83196073,ICICI
TXN00003578,16/08/26,UPI-AMRAVATI PLASTICS AND COMPANY-AMRAVATIPL@IBL-5066894816,,120097.20,327649155.61,8951396320,HDFC
TXN00003579,25/06/26,NEFT CR-HDFC0000123-ANANTAPUR PHARMACEUTICALS INDIA PRIVATE LIMITED-UTR300000003524-,,9901.67,327659057.28,3659437326,HDFC
TXN00003580,14/07/26,UPI-AMRAVATI ENGINEERING  PVT LTD-AMRAVATIEN@YBL-300000003525,,9550.17,327668607.45,6166951319,HDFC
TXN00003581,19/06/26,UPI-AMRAVATI PRINTERS PVT LTD-AMRAVATIPR@OKAXIS-2165692664-PAYMENT FROM APP,,200162.00,327868769.45,9781892569,HDFC
TXN00003582,15-08-2026,BIL/ONL/300000003527/CFP,,9764.00,327878533.45,S99389616,ICICI
TXN00003583,14-07-2026,BIL/ONL/9079697992/SFP,,74023.81,327952557.26,S27397342,ICICI
TXN00003584,16/08/26,NEFT-HDFC0004567-SOLAPURTEXTILESPVTLTD-300000003529,,67702.84,328020260.10,3360561632,HDFC
TXN00003585,14-07-2026,RTGS/ICICR52024117260/AMRAVATIPHARMACEUTICALSINDIAPRIVATELIMITED/,,59055.60,328079315.70,S48823554,ICICI
TXN00003586,26/08/26,ACH C-SOLAPUR LOGISTICS PRIVATE LIMITED-300000003531,,24019.44,328103335.14,9529154615,HDFC
TXN00003587,01/08/26,ACH C-CALICUT FERTILISERS PVT-1484053837,,190398.00,328293733.14,3390774996,HDFC
TXN00003588,10-06-2026,BIL/ONL/300000003533/ICI,,67512.19,328361245.33,S39792395,ICICI
TXN00003589,05-06-2026,NEFT-ICICR52023081257-BHOPAL DIAGNOSTICS,,26938.88,328388184.21,S45964196,ICICI
TXN00003590,10/08/26,IMPS-1301983878-ANANTAPUR HOSPITALITY PVT LTD-AXIS,,287061.60,328675245.81,8125799633,HDFC
TXN00003591,12-08-2026,BIL/ONL/300000003536/BDL-,,42954.03,328718199.84,S81450977,ICICI
TXN00003592,11-07-2026,RTGS/ICICR52023994318/HOSUR PACKAG,,39738.50,328757938.34,S45597085,ICICI
TXN00003593,05-08-2026,UPI/300000003538/Payment from/amravatidi@okaxis/UTIB,,163059.53,328920997.87,S75380842,ICICI
TXN00003594,11/08/26,UPI-AMRAVATI ELECTRICALS LLP-AMRAVATIEL@IBL-300000003539-PAYMENT FROM AEL,,49710.48,328970708.35,7308768104,HDFC
TXN00003595,19/06/26,ACH C-AMRAVATI HOSPITALITY PVT LTD-300000003540,,488200.00,329458908.35,2906797791,HDFC
TXN00003596,29-08-2026,RTGS/ICICR52023994642/AURANGABAD  C,,9764.00,329468672.35,S32081141,ICICI
TXN00003597,14-07-2026,RTGS/ICICR52024117618/AMRAVATI FERTILISERS PRIVATE LIMITED,,18082.93,329486755.28,S99720236,ICICI
TXN00003598,03/06/26,NEFT CR-HDFC0009812-AMRAVATI CER-UTR300000003543,,39147.78,329525903.06,5430009225,HDFC
TXN00003599,27-07-2026,NEFT/ICICR52023994353/MANGALOREREFRACTORIESLIMITED,,52384.84,329578287.90,S32321508,ICICI
TXN00003600,10-08-2026,MMT/IMPS/300000003545/CUTTACK PLASTICS A/AXIS,,23767.53,329602055.43,S68089755,ICICI
TXN00003601,30-07-2026,UPI/300000003546/PCP/panipatcab@ibl,,66378.60,329668434.03,S86909875,ICICI
TXN00003602,11-06-2026,UPI/1216026769/Payment from/maduraicab@ybl/UTIB,,62937.76,329731371.79,S35201651,ICICI
TXN00003603,02-08-2026,NEFT/ICICR52023994941/PANIPAT  DIAGNOSTICS,,12003.61,329743375.40,S25211732,ICICI
TXN00003604,04/06/26,ACH C-TRICHY FORGINGS P LTD-300000003549,,23939.38,329767314.78,5350377500,HDFC
TXN00003605,08-08-2026,RTGS/ICICR52024560141/CHENNAI PHARMACEUTICALS INDIA PRIVATE LIMITED,,16703.27,329784018.05,S70211177,ICICI
TXN00003606,29-08-2026,BIL/ONL/5228375119/AAC,,101545.60,329885563.65,S18430264,ICICI
TXN00003607,19-07-2026,NEFT/ICICR52024117327/CALICUT MEDIA PVT,,52725.60,329938289.25,S68918392,ICICI
TXN00003608,18/08/26,ACH C-AURANGABAD POLYMERS PRIVATE LIMITED-8236755528,,128884.80,330067174.05,5032250862,HDFC
TXN00003609,01-08-2026,RTGS/ICICR52023081737/DEHRADUN MEDIA PVT LTD,,9764.97,330076939.02,S43800880,ICICI
TXN00003610,10/06/26,NEFT CR-HDFC0000123-VARANASI CAB-UTR300000003555,,36616.94,330113555.96,3446933793,HDFC
TXN00003611,29-06-2026,BIL/ONL/300000003556/AEL,,90503.49,330204059.45,S61316259,ICICI
TXN00003612,29-06-2026,UPI/300000003557/KPA/kakinadapl@okhdfcbank,,20662.58,330224722.03,S89771902,ICICI
TXN00003613,12-07-2026,NEFT/ICICR52023994225/BHOPAL PRINT,,39239.56,330263961.59,S24114071,ICICI
TXN00003614,26-06-2026,UPI/3922044908/Payment from/indoresoft@ybl/KKBK,,247486.88,330511448.47,S62035819,ICICI
TXN00003615,07-08-2026,UPI/5191798838/Payment from/jodhpureng@okhdfcbank/SBIN,,40032.40,330551480.87,S75800941,ICICI
TXN00003616,13/06/26,IMPS-300000003561-MEERUT CASTINGS LLP-SBIN,,94068.33,330645549.20,1176477513,HDFC
TXN00003617,30/08/26,UPI-HUBLI DISTRIBUTORS PRIVATE LIMITED-HUBLIDISTR@APL-300000003562-PAYMENT FROM HDP,,29292.97,330674842.17,1400987338,HDFC
TXN00003618,07-07-2026,NEFT/ICICR52024117271/CHENNAI ENGINEERIN,,24499.09,330699341.26,S16469329,ICICI
TXN00003619,03/08/26,NEFT CR-HDFC0002341-BHOPAL GARMENTS PRIV-UTR300000003564,,277297.60,330976638.86,9012646349,HDFC
TXN00003620,28-08-2026,UPI/300000003565/Payment from/bhilaihosp@ibl/UTIB,,3571.67,330980210.53,S63266078,ICICI
TXN00003621,01-07-2026,BIL/ONL/9083666156/BII,,146460.97,331126671.50,S85491376,ICICI
TXN00003622,02-08-2026,NEFT/ICICR52024560855/JAMNAGAR ELECTRICALS,,3147.91,331129819.41,S48194918,ICICI
TXN00003623,23/06/26,NEFT-HDFC0002341-NAGPUR COLD STORAGE AND COMPANY-3276636415,,247029.20,331376848.61,9740135670,HDFC
TXN00003624,16/06/26,ACH C-AMRAVATI MEDIA PVT LTD-300000003569,,10158.47,331387007.08,5887054816,HDFC
TXN00003625,29/08/26,UPI-TRICHY CERAMICS PVT LTD-TRICHYCERA@OKAXIS-1340578877,,4882.24,331391889.32,4818325056,HDFC
TXN00003626,24/07/26,NEFT-HDFC0000123-NASHIK ENGINEERING PVT LTD-300000003571,,65418.80,331457308.12,5566211281,HDFC
TXN00003627,03-08-2026,MMT/IMPS/9133452512/SILIGURI BEARINGS/ICIC,,17372.11,331474680.23,S67257573,ICICI
TXN00003628,06-07-2026,NEFT-ICICR52024560470-MEERUT COLD STORAGE AND COMPANY,,244100.00,331718780.23,S11040499,ICICI
TXN00003629,29-07-2026,UPI/4367909095/Payment from/amravatifa@ybl/ICIC,,12750.07,331731530.30,S44807945,ICICI
TXN00003630,12-08-2026,UPI/300000003575/Payment from/jalandharp@okhdfcbank/UTIB,,53389.55,331784919.85,S21697073,ICICI
TXN00003631,25-07-2026,MMT/IMPS/2640375531/Bhopal Packaging Llp/ICIC,,9967.08,331794886.93,S14722915,ICICI
TXN00003632,24-08-2026,BIL/ONL/300000003577/AAE,,32221.20,331827108.13,S64346276,ICICI
TXN00003633,26/07/26,UPI-ANANTAPUR LO-ANANTAPURL@OKHDFCBANK-300000003578-PAYMENT FROM ALP,,80123.38,331907231.51,1472446497,HDFC
TXN00003634,13/07/26,NEFT CR-HDFC0002341-GWALIOR LOGISTICS PRIVATE LIMITED-UTR300000003579,,4086.23,331911317.74,6680751890,HDFC
TXN00003635,24/07/26,NEFT-HDFC0004567-ANANTAPUR DIAGNOSTICS LIMITED-7379798562,,58584.24,331969901.98,4313799858,HDFC
TXN00003636,03/07/26,IMPS-300000003581-AMRAVATI AGRO EXPORTS PVT-HDFC,,39056.00,332008957.98,2735949815,HDFC
TXN00003637,17/07/26,UPI-AMRAVATI REFRACTORIES LIMITED-AMRAVATIRE@IBL-3230532046,,146460.00,332155417.98,8220856763,HDFC
TXN00003638,18-06-2026,NEFT/ICICR52023994817/AMRAVATISOFTWARESERVICESPRIVATELIMITED,,29292.73,332184710.71,S94942977,ICICI
TXN00003639,18/07/26,UPI-AMRAVATI HANDICRAFTS LLP-AMRAVATIHA@IBL-1132746997-PAYMENT FROM AHL,,7904.93,332192615.64,9890177150,HDFC
TXN00003640,20-08-2026,BIL/ONL/4863664958/NMP,,48820.00,332241435.64,S48211196,ICICI
TXN00003641,29/06/26,RTGS-HDFC0004567-BHAVNAGAR HA-4436177377,,82199.21,332323634.85,4922016840,HDFC
TXN00003642,22/07/26,UPI-BHAVNAGAR PHARMACEUTICALS INDIA-BHAVNAGARP@IBL-5615646133-PAYMENT FROM BPI,,58584.00,332382218.85,8794497405,HDFC
TXN00003643,22/06/26,UPI-ANANTAPUR INFRAPROJECTS AND COMPANY-ANANTAPURI@IBL-300000003588,,288038.00,332670256.85,5849136036,HDFC
TXN00003644,24/07/26,UPI-ANANTAPUR CONSTRUCTIONS PRIVATE LIMITED-ANANTAPURC@OKHDFCBANK-6184593693,,48194.13,332718450.98,4688725943,HDFC
TXN00003645,13-08-2026,RTGS/ICICR52023994390/Chandrapur Cold Storage And Company,,35212.89,332753663.87,S70800031,ICICI
TXN00003646,25-06-2026,NEFT/ICICR52024560142/Varanasi Software Services Pvt,,149389.69,332903053.56,S71596136,ICICI
TXN00003647,06/08/26,IMPS-8163830297-GUNTUR CONSTRUCTIONS PRIVATE LIMITED-ICIC,,5657.26,332908710.82,6137848655,HDFC
TXN00003648,06/08/26,UPI-CHENNAI MEDIA PVT LTD-CHENNAIMED@OKHDFCBANK-300000003593,,25717.40,332934428.22,5515213485,HDFC
TXN00003649,26/06/26,RTGS-HDFC0004567-CHANDRAPUR PACKAGING LLP-7777251725,,26634.24,332961062.46,3680344605,HDFC
TXN00003650,19-07-2026,UPI/300000003595/Payment from/amravatiag@okaxis/SBIN,,21651.67,332982714.13,S78845745,ICICI
TXN00003651,03/08/26,ACH C-BHOPAL CONTAINERS PVT LTD-5006464064,,11184.66,332993898.79,6214376138,HDFC
TXN00003652,08-08-2026,NEFT/ICICR52023081644/TIRUPUR ENGINEERING PVT  LTD,,40556.73,333034455.52,S59854081,ICICI
TXN00003653,25/07/26,NEFT CR-HDFC0000123-BHOPAL ENTERPRIS-UTR7021831512,,173214.34,333207669.86,3661920406,HDFC
TXN00003654,02/07/26,NEFT-HDFC0000123-CHENNAI SPINNERS LLP-8560256115,,25817.97,333233487.83,4909982469,HDFC
TXN00003655,16/06/26,ACH C-PANIPAT FORGINGS LIMITED-9240218411,,118144.89,333351632.72,2130734627,HDFC
TXN00003656,05/07/26,IMPS-300000003601-MADURAI PHARMACEUTICALS  INDIA PRIVATE LIMITED-SBIN,,146460.00,333498092.72,7487891606,HDFC
TXN00003657,16/07/26,ACH C-GODAVARI PHARMACEUTI-300000003602,,8077.76,333506170.48,6263200048,HDFC
TXN00003658,28-07-2026,UPI/300000003603/NPP/nagpurpoly@okaxis,,230430.40,333736600.88,S76853586,ICICI
TXN00003659,11-06-2026,UPI/4306731247/Payment from/anantapurs@apl/AXIS ,,24099.02,333760699.90,S54767173,ICICI
TXN00003660,17-06-2026,BIL/ONL/300000003605/CFP,,244100.00,334004799.90,S83747078,ICICI
TXN00003661,13-06-2026,BIL/ONL/300000003606/BCP,,15299.21,334020099.11,S12900453,ICICI
TXN00003662,10/07/26,UPI-CHENNAI GARMENTS P-CHENNAIGAR@APL-300000003607-PAYMENT FROM CGP,,29881.50,334049980.61,7535734099,HDFC
TXN00003663,25/06/26,UPI-JABALPUR TEXTILES-JABALPURTE@APL-300000003608-PAYMENT FROM JTP,,74630.16,334124610.77,5845752549,HDFC
TXN00003664,08/08/26,IMPS-3033451852-TRICHY PACKAGING LLP-HDFC,,32206.55,334156817.32,5891811589,HDFC
TXN00003665,20/07/26,RTGS-HDFC0000123-AMRAVATI FABRICATORS AND COMPANY-300000003610,,6654.89,334163472.21,1996327041,HDFC
TXN00003666,13/06/26,IMPS-4785349419-BHAVNAGAR PLASTICS AND COMPANY-AXIS,,80605.73,334244077.94,4192567750,HDFC
TXN00003667,10-07-2026,MMT/IMPS/300000003612/AMRAVATI ENGINEERING/HDFC,,58584.97,334302662.91,S25784871,ICICI
TXN00003668,07-08-2026,MMT/IMPS/300000003613/HALDIAPOLYMERSPRIVATELIMITED/UTIB,,36337.70,334339000.61,S84322568,ICICI
TXN00003669,06-07-2026,UPI/300000003614/APP/amravatipr@ybl,,4530.98,334343531.59,S71800964,ICICI
TXN00003670,19/06/26,ACH C-HALDIA FOODS PVT L-8890908967,,93734.40,334437265.99,9601051037,HDFC
TXN00003671,08-07-2026,UPI/300000003616/Payment from/nagpurindu@okaxis/HDFC,,105451.20,334542717.19,S46764610,ICICI
TXN00003672,29/06/26,ACH C-AMRAVATI PRINTERS PVT LTD-7840243511,,94187.45,334636904.64,8914146613,HDFC
TXN00003673,05/08/26,NEFT-HDFC0000123-MANGALORE METALS LIM-300000003618,,117661.57,334754566.21,7193076371,HDFC
TXN00003674,26/06/26,ACH C-BHOPAL TEXTILES PVT LTD-300000003619,,54156.26,334808722.47,7968477887,HDFC
TXN00003675,23-07-2026,MMT/IMPS/300000003620/MEERUT TRANSPORT AND COMPANY/HDFC,,7398.17,334816120.64,S24393778,ICICI
TXN00003676,14/07/26,NEFT CR-HDFC0009812-CHANDRAPUR ELECTRICA-UTR300000003621,,76823.14,334892943.78,9932107049,HDFC
TXN00003677,06-08-2026,BIL/ONL/7608566699/CHL,,22597.80,334915541.58,S58252645,ICICI
TXN00003678,01/08/26,IMPS-300000003623-CUTTACK MEDIA  P LTD-AXIS,,146460.73,335062002.31,5627335784,HDFC
TXN00003679,09/08/26,ACH C-ANANTAPUR POLYMERS PRIVATE LIMITED-2424386136,,5102.67,335067104.98,5677324242,HDFC
TXN00003680,19/07/26,NEFT CR-HDFC0009812-AMRAVATI CASTINGS LLP-UTR7410031020,,70458.97,335137563.95,5834244812,HDFC
TXN00003681,19-06-2026,NEFT/ICICR52023081650/Hosur Containers,,33197.60,335170761.55,S68187772,ICICI
TXN00003682,04-06-2026,MMT/IMPS/300000003627/dehradun hospitality pvt ltd/UTIB,,37103.20,335207864.75,S95953087,ICICI
TXN00003683,19/06/26,NEFT-HDFC0009812-BHILAI ENGINEERING PVT  LTD-8915382059,,472113.81,335679978.56,7700534782,HDFC
TXN00003684,30-06-2026,RTGS/ICICR52024560870/AMRAVATICERAMICSPVTLTD,,13255.61,335693234.17,S69827121,ICICI
TXN00003685,22-06-2026,UPI/300000003630/Payment from/belgaumpri@ybl/SBIN,,122798.90,335816033.07,S71156898,ICICI
TXN00003686,29/06/26,NEFT CR-HDFC0000123-TRICHY  ENGIN-UTR300000003631,,47088.84,335863121.91,8622034429,HDFC
TXN00003687,23-08-2026,MMT/IMPS/1213536066/siliguri polymers private limited/SBIN,,179455.49,336042577.40,S18317651,ICICI
TXN00003688,29-08-2026,NEFT-ICICR52023081724-GUNTUR PAPER MILLS PVT LTD,,56503.29,336099080.69,S51620556,ICICI
TXN00003689,31/07/26,ACH C-BELGAUM CHEMICAL-300000003634,,20148.98,336119229.67,4464815592,HDFC
TXN00003690,23-06-2026,NEFT-ICICR52024117516-Gwalior Printers Pvt Ltd,,253864.00,336373093.67,S70804915,ICICI
TXN00003691,30-08-2026,MMT/IMPS/300000003636/MANGALORE AGRO EXPORTS PRIVATE LIMITED/HDFC,,97640.97,336470734.64,S32465276,ICICI
TXN00003692,12-07-2026,BIL/ONL/3017835576/ECP/,,14646.73,336485381.37,S57191498,ICICI
TXN00003693,07/06/26,IMPS-8817588139-GWALIOR METALS P LTD-SBIN,,252986.22,336738367.59,6053138511,HDFC
TXN00003694,18/07/26,NEFT CR-HDFC0009812-CHENNAI FERTILISERS PRIVATE LIMITED-UTR2296600418/ ,,26920.56,336765288.15,3408056808,HDFC
TXN00003695,09-08-2026,BIL/ONL/300000003640/STI,,26308.12,336791596.27,S82259275,ICICI
TXN00003696,18-08-2026,BIL/ONL/8626052461/JMP,,40965.84,336832562.11,S34044662,ICICI
TXN00003697,01/06/26,NEFT-HDFC0009812-JAMNAGARCABLESPRIVATELIMITED-300000003642,,135719.60,336968281.71,4260715556,HDFC
TXN00003698,05-07-2026,NEFT-ICICR52024117416-CUTTACKINDUSTRIESINDIAPRIVATELIMITED,,45157.51,337013439.22,S95601941,ICICI
TXN00003699,04-08-2026,UPI/300000003644/Payment from/gandhinaga@okhdfcbank/ICIC,,14646.00,337028085.22,S21379279,ICICI
TXN00003700,15-06-2026,BIL/ONL/3786053852/GML,,144782.54,337172867.76,S27323104,ICICI
TXN00003701,15-07-2026,RTGS/ICICR52024560751/Anantapur Foods/,,10436.73,337183304.49,S32041637,ICICI
TXN00003702,20/06/26,IMPS-300000003647-BHOPAL FOODS PVT LTD-KKBK,,97640.73,337280945.22,4434824984,HDFC
TXN00003703,12/06/26,RTGS-HDFC0009812-AMRAVATI INFRAPROJECTS AND COMPANY-5918517537,,46410.24,337327355.46,8782004892,HDFC
TXN00003704,01/07/26,NEFT CR-HDFC0004567-GUNTURENTERPRISESINDIAPRIVATELIMITED-UTR6431990409,,192229.73,337519585.19,8211882236,HDFC
TXN00003705,20/07/26,RTGS-HDFC0000123-JODHPUR PRIN-300000003650,,14646.00,337534231.19,4255180327,HDFC
TXN00003706,07-08-2026,NEFT/ICICR52024117735/NASHIK COLD STORAGE AND COMPANY,,24410.49,337558641.68,S83950963,ICICI
TXN00003707,21-07-2026,NEFT-ICICR52023081730-BHILAI PHARMACEUTICALS INDIA P LTD,,12765.45,337571407.13,S78072996,ICICI
TXN00003708,03/07/26,NEFT CR-HDFC0000123-BELGAUMTRADERSINDIAPRIVATELIMITED-UTR300000003653,,180634.00,337752041.13,9018552022,HDFC
TXN00003709,24/07/26,NEFT-HDFC0009812-BELGAUM INFRAPROJECTS AND COMPANY-300000003654,,70433.59,337822474.72,5790342227,HDFC
TXN00003710,05-08-2026,NEFT-ICICR52023994711-BHAVNAGAR MOTORS PRIVATE LIMITED,,2436.12,337824910.84,S81637018,ICICI
TXN00003711,09/08/26,UPI-TIRUPUR MEDIA PVT LTD-TIRUPURMED@YBL-5555668547,,3757.19,337828668.03,3922719539,HDFC
TXN00003712,30-06-2026,BIL/ONL/4897324964/AGP,,167940.80,337996608.83,S90404372,ICICI
TXN00003713,21/07/26,NEFT-HDFC0004567-CALICUT ENTERPRISES INDIA PRIVATE LIMITED-300000003658,,50513.08,338047121.91,4108696119,HDFC
TXN00003714,19-07-2026,UPI/300000003659/Payment from/chennaicon@ibl/AXIS,,33666.27,338080788.18,S11616872,ICICI
TXN00003715,12/08/26,NEFT CR-HDFC0004567-AMRAVATI AGRO EXPORTS PRIVATE LIMITED-UTR5648815690,,12612.16,338093400.34,1972426500,HDFC
TXN00003716,02-08-2026,UPI/2469814733/Payment from/mysorepack@ibl/AXIS,,9451.55,338102851.89,S49841773,ICICI
TXN00003717,12-07-2026,NEFT-ICICR52023994697-HOSUR ENGINEERING,,11568.39,338114420.28,S24231972,ICICI
TXN00003718,28/06/26,UPI-ANANTAPUR GARMENTS P-ANANTAPURG@YBL-2099490251-PAYMENT FROM AGP,,82903.19,338197323.47,6702381921,HDFC
TXN00003719,07/07/26,RTGS-HDFC0004567-SURAT TRANSPORT-7394876951,,19528.97,338216852.44,9750965064,HDFC
TXN00003720,14/06/26,RTGS-HDFC0000123-AMRAVATI  AGRO EX-1940577109 ,,150366.09,338367218.53,2201378440,HDFC
TXN00003721,04/08/26,UPI-BHAVNAGAR INFRAPROJECTS AND COMPANY-BHAVNAGARI@APL-300000003666-PAYMENT FROM BIA ,,22132.06,338389350.59,6584995098,HDFC
TXN00003722,11-08-2026,MMT/IMPS/7022307613/KOLHAPUR FOODS PVT LTD/SBIN,,261676.17,338651026.76,S15622343,ICICI
TXN00003723,04-08-2026,NEFT-ICICR52024560144-GODAVARI LOGISTICS PRIVATE LIMITED,,29292.00,338680318.76,S31517826,ICICI
TXN00003724,01/07/26,IMPS-300000003669-AURANGABAD HOSPITALITY PVT LTD-KKBK,,15546.24,338695865.00,8242665382,HDFC
TXN00003725,28/07/26,NEFT CR-HDFC0000123-CUTTACK MEDIA-UTR300000003670,,56613.86,338752478.86,6088115718,HDFC
TXN00003726,15/07/26,ACH C-AURANGABAD AUTO COMPONENTS PVT LTD-2682310759,,37103.20,338789582.06,9376342828,HDFC
TXN00003727,08/06/26,IMPS-8856910716-MADURAI CABLES PRIVATE LIMITED-SBIN,,26349.13,338815931.19,1605394532,HDFC
TXN00003728,10-08-2026,BIL/ONL/4894566299/BEL,,12357.32,338828288.51,S75857446,ICICI
TXN00003729,26-08-2026,NEFT/ICICR52024560892/Amravaticastingsllp,,41174.79,338869463.30,S78480410,ICICI
TXN00003730,12/08/26,ACH C-CHANDRAPUR C-300000003675,,7550.50,338877013.80,6220402587,HDFC
TXN00003731,15-06-2026,NEFT-ICICR52024560276-AMRAVATI FERTILISERS,,7923.72,338884937.52,S13909692,ICICI
TXN00003732,07-07-2026,RTGS/ICICR52024117107/GODAVARI CABLES/,,53442.77,338938380.29,S80072168,ICICI
TXN00003733,05/08/26,RTGS-HDFC0000123-HUBLISOFTWARESERVICESPRIVATELIMITED-300000003678,,15980.74,338954361.03,9410724862,HDFC
TXN00003734,13-08-2026,RTGS/ICICR52023081107/meerut software services private limited,,39056.00,338993417.03,S38255991,ICICI
TXN00003735,29-06-2026,UPI/300000003680/Payment from/bhavnagarc@okaxis/HDFC,,11781.24,339005198.27,S29454779,ICICI
TXN00003736,26-08-2026,UPI/2517899444/Payment from/gwaliorind@ibl/AXIS,,41525.32,339046723.59,S60800582,ICICI
TXN00003737,14-06-2026,UPI/300000003682/Payment from/amravatifa@okhdfcbank/ICIC,,109968.03,339156691.62,S42755382,ICICI
TXN00003738,24-06-2026,NEFT/ICICR52024560479/BELGAUM LOGISTIC,,30589.64,339187281.26,S39581607,ICICI
TXN00003739,28-07-2026,BIL/ONL/300000003684/AGP,,33448.53,339220729.79,S39755898,ICICI
TXN00003740,19/07/26,NEFT-HDFC0002341-NAGPUR COLD STORAGE AND COMPANY-6469372980,,41643.45,339262373.24,4982884957,HDFC
TXN00003741,05/06/26,IMPS-300000003686-AMRAVATI CABLES PRIVATE LIMITED-AXIS,,19528.00,339281901.24,4988695395,HDFC
TXN00003742,21/08/26,NEFT CR-HDFC0002341-CUTTACK PHARMACE-UTR300000003687,,34215.01,339316116.25,8646370780,HDFC
TXN00003743,30/08/26,NEFT-HDFC0004567-GWALIOR CASTINGS LLP-300000003688,,3607.31,339319723.56,9794742770,HDFC
TXN00003744,24-06-2026,RTGS/ICICR52023994731/anantapur ho,,180969.88,339500693.44,S74456053,ICICI
TXN00003745,23-07-2026,BIL/ONL/300000003690/AFA,,48820.49,339549513.93,S95116244,ICICI
TXN00003746,29-08-2026,MMT/IMPS/300000003691/AURANGABAD PAPER MILLS/AXIS/ ,,69917.07,339619431.00,S82717410,ICICI
TXN00003747,23-08-2026,BIL/ONL/300000003692/APP,,69548.00,339688979.00,S33879105,ICICI
TXN00003748,12/08/26,UPI-GWALIOR PACKAGING LLP-GWALIORPAC@PAYTM-5155744861,,38546.81,339727525.81,4525857522,HDFC
TXN00003749,20-07-2026,MMT/IMPS/300000003694/GANDHINAGAR BEARINGS LIMITED/UTIB,,201413.26,339928939.07,S46260439,ICICI
TXN00003750,28-07-2026,MMT/IMPS/300000003695/DHANBAD ENGINEERING/UTIB,,11146.33,339940085.40,S77587816,ICICI
TXN00003751,09/06/26,RTGS-HDFC0002341-DHANBAD TEXTILES PVT LTD-300000003696/ ,,14646.00,339954731.40,7740458099,HDFC
TXN00003752,29/07/26,UPI-SOLAPUR ENGINEERING P LTD-SOLAPURENG@IBL-300000003697-PAYMENT FROM SEP,,150366.33,340105097.73,5009786951,HDFC
TXN00003753,11-07-2026,UPI/5468381122/Payment from/dhanbadpac@okhdfcbank/HDFC,,22596.83,340127694.56,S70732962,ICICI
TXN00003754,19/08/26,UPI-NASHIK CABLES-NASHIKCABL@PAYTM-3581665473-PAYMENT FROM NCP,,9916.32,340137610.88,6883336936,HDFC
TXN00003755,22/08/26,UPI-CHENNAI PRINTERS PVT LTD-CHENNAIPRI@OKHDFCBANK-300000003700,,9764.00,340147374.88,8281905165,HDFC
TXN00003756,23/06/26,UPI-AMRAVATI AGRO EX-AMRAVATIAG@OKHDFCBANK-300000003701-PAYMENT FROM AAE,,5323.33,340152698.21,5100236720,HDFC
TXN00003757,06/06/26,UPI-GODAVARIPRINTERSPVTLTD-GODAVARIPR@IBL-300000003702-PAYMENT FROM GPP,,103498.40,340256196.61,4364750429,HDFC
TXN00003758,04-07-2026,BIL/ONL/300000003703/ABL,,107674.46,340363871.07,S70164578,ICICI
TXN00003759,02/08/26,UPI-SALEM INFRAPROJECTS AND COMPANY-SALEMINFRA@OKAXIS-300000003704-PAYMENT FROM SIA,,5711.93,340369583.00,6900855834,HDFC
TXN00003760,09-06-2026,BIL/ONL/2980306261/APA,,146460.73,340516043.73,S30825601,ICICI
TXN00003761,28/08/26,UPI-NASHIK TEXTILES PVT LTD-NASHIKTEXT@PAYTM-300000003706,,95387.93,340611431.66,5803042135,HDFC
TXN00003762,15-06-2026,MMT/IMPS/300000003707/NAGPUR SPINNERS  LL/SBIN,,14718.25,340626149.91,S85203942,ICICI
TXN00003763,05/07/26,NEFT CR-HDFC0002341-NARMADA SOFTWARE SERVICES-UTR8782819689,,202655.73,340828805.64,4722015698,HDFC
TXN00003764,01-08-2026,UPI/300000003709/NTA/nashiktran@paytm,,29292.00,340858097.64,S36194500,ICICI
TXN00003765,07-08-2026,UPI/300000003710/MCP/maduraicon@okaxis,,90820.82,340948918.46,S74281332,ICICI
TXN00003766,04/06/26,RTGS-HDFC0009812-AMRAVATIAUTOCOMPONENTSPVTLTD-300000003711,,37412.72,340986331.18,8458897367,HDFC
TXN00003767,13-07-2026,NEFT/ICICR52024560674/PANIPAT PRINTERS PVT LTD,,69258.98,341055590.16,S31959533,ICICI
TXN00003768,17-08-2026,UPI/300000003713/Payment from/nashikdiag@okhdfcbank/AXIS,,263628.00,341319218.16,S12183971,ICICI
TXN00003769,06-07-2026,MMT/IMPS/300000003714/Mysore Castings Llp/KKBK,,20504.89,341339723.05,S74628166,ICICI
TXN00003770,07/08/26,UPI-AMRAVATI AGRO EXPORTS PRIVATE LIMITED-AMRAVATIAG@PAYTM-300000003715-PAYMENT FROM AAE,,146460.00,341486183.05,8336428198,HDFC
TXN00003771,21/07/26,RTGS-HDFC0009812-LUDHIANA CABLES PRIVATE LIMITED-9122252598-,,18199.12,341504382.17,1228391998,HDFC
TXN00003772,20-08-2026,UPI/6955940842/ABL/amravatibe@ibl,,12619.97,341517002.14,S21746078,ICICI
TXN00003773,10-07-2026,NEFT/ICICR52024560680/CHENNAIELECTRICALSLLP,,22833.11,341539835.25,S67228709,ICICI
TXN00003774,07/07/26,RTGS-HDFC0004567-AMRAVATI FABRICA-2391224489,,23514.64,341563349.89,8227886966,HDFC
TXN00003775,16/08/26,RTGS-HDFC0004567-PANIPAT CONSTRUCTI-3128391815,,8521.04,341571870.93,8081826467,HDFC
TXN00003776,08/08/26,NEFT-HDFC0000123-AMRAVATI HOSPITALITY PVT LTD-300000003721,,58209.30,341630080.23,9895111922,HDFC
TXN00003777,16-06-2026,UPI/1611412351/Payment from/cuttackcer@ybl/KKBK,,56741.53,341686821.76,S11296032,ICICI
TXN00003778,21-06-2026,RTGS/ICICR52024117821/BELGAUM PACKAGING,,138052.22,341824873.98,S48413904,ICICI
TXN00003779,22/06/26,UPI-TIRUPUR SPIN-TIRUPURSPI@OKAXIS-300000003724,,61142.17,341886016.15,1951291096,HDFC
TXN00003780,14/07/26,ACH C-AMRAVATI PACKAGING-6791771319,,23231.24,341909247.39,7311919490,HDFC
TXN00003781,14/08/26,UPI-ANANTAPUR POLYMERS PRIVATE LIMITED-ANANTAPURP@APL-300000003726,,9764.97,341919012.36,2569880937,HDFC
TXN00003782,14/07/26,IMPS-7237002039-JABALPUR CASTINGS LLP-KKBK,,56592.14,341975604.50,9157543288,HDFC
TXN00003783,18/07/26,IMPS-300000003728-ANANTAPUR FERTILISER-KKBK,,146460.49,342122064.99,2052114765,HDFC
TXN00003784,16-07-2026,NEFT/ICICR52023994996/GUNTUR PRINT/ ,,6496.97,342128561.96,S78994497,ICICI
TXN00003785,04/07/26,ACH C-CALICUT PACKAGING LLP-4468181301,,32221.44,342160783.40,8643381130,HDFC
TXN00003786,29/07/26,NEFT CR-HDFC0004567-JABALPUR COLD STORAGE AND COMPANY-UTR300000003731,,21889.91,342182673.31,5933235708,HDFC
TXN00003787,03/07/26,RTGS-HDFC0002341-HUBLI PHARMACEUTICALS INDIA-300000003732,,18222.30,342200895.61,1426954548,HDFC
TXN00003788,08-07-2026,NEFT/ICICR52024117824/GODAVARI ENGINEE,,79128.43,342280024.04,S33317854,ICICI
TXN00003789,19-06-2026,UPI/300000003734/ADP/anantapurd@okhdfcbank,,22858.50,342302882.54,S51911978,ICICI
TXN00003790,21/08/26,UPI-GANDHINAGARCABLESPRIVATELIMITED-GANDHINAGA@PAYTM-300000003735,,82428.90,342385311.44,6503769648,HDFC
TXN00003791,08-08-2026,RTGS/ICICR52024117502/Nagpur Ceram,,10171.40,342395482.84,S52493463,ICICI
TXN00003792,09-07-2026,BIL/ONL/300000003737/BHL,,67684.54,342463167.38,S34534865,ICICI
TXN00003793,31-07-2026,UPI/5005358917/Payment from/gandhinaga@ybl/ICIC,,228477.60,342691644.98,S23817843,ICICI
TXN00003794,05-07-2026,NEFT-ICICR52023081970-AMRAVATI CHEMICALS INDIA PRIVATE LIMITED,,48849.29,342740494.27,S60774047,ICICI
TXN00003795,17/07/26,UPI-NARMADA  LOGISTICS PRIVATE LIMITED-NARMADALOG@OKHDFCBANK-1931086379-PAYMENT FROM NLP,,21904.56,342762398.83,8516769804,HDFC
TXN00003796,25/07/26,IMPS-300000003741-JODHPUR TRANSPORT AND COMPANY-SBIN,,49682.16,342812080.99,6329741310,HDFC
TXN00003797,25/07/26,NEFT-HDFC0009812-BHILAI DISTRIBUTORS-3514101730,,195280.00,343007360.99,4130195493,HDFC
TXN00003798,15-08-2026,NEFT-ICICR52024117905-BHILAI DIAGNOSTICS,,4882.73,343012243.72,S66566159,ICICI
TXN00003799,03-08-2026,UPI/300000003744/Payment from/bhopalchem@ibl/KKBK,,251291.19,343263534.91,S44657843,ICICI
TXN00003800,08-07-2026,UPI/6711947789/Payment from/gandhinaga@apl/AXIS,,87876.00,343351410.91,S40676419,ICICI
TXN00003801,11-07-2026,NEFT-ICICR52024117451-AMRAVATI  AGR,,74877.19,343426288.10,S32677728,ICICI
TXN00003802,12/06/26,NEFT-HDFC0002341-AMRAVATI BEARINGS LIMITED-300000003747,,2177.37,343428465.47,7442113322,HDFC
TXN00003803,05/08/26,UPI-CHANDRAPUR METALS-CHANDRAPUR@APL-300000003748-,,39939.64,343468405.11,5260271491,HDFC
TXN00003804,10/08/26,RTGS-HDFC0000123-KAKINADA FORGINGS PVT-8246637292,,117168.00,343585573.11,2484193855,HDFC
TXN00003805,30/07/26,NEFT-HDFC0000123-AMRAVATIDISTRIBUTORSPRIVATELIMITED-300000003750,,8368.72,343593941.83,2876793732,HDFC
TXN00003806,25/07/26,UPI-NAGPURTRADERSINDIAPRIVATELIMITED-NAGPURTRAD@OKHDFCBANK-300000003751,,209923.56,343803865.39,4613924132,HDFC
TXN00003807,23/08/26,NEFT-HDFC0002341-KANPUR METALS PVT-300000003752,,39804.90,343843670.29,7605686418,HDFC
TXN00003808,23-08-2026,MMT/IMPS/300000003753/GANDHINAGAR  PRINTERS PVT LTD/KKBK,,58584.97,343902255.26,S86380876,ICICI
TXN00003809,15/06/26,RTGS-HDFC0000123-ANANTAPUR  CASTINGS LLP-300000003754,,76444.31,343978699.57,1540633932,HDFC
TXN00003810,26/06/26,ACH C-RAIPUR CASTINGS LLP-7269300574,,160113.98,344138813.55,9561253701,HDFC
TXN00003811,07-07-2026,NEFT-ICICR52023081634-ANANTAPURHOSPITALITYPVTLTD,,58584.00,344197397.55,S34144966,ICICI
TXN00003812,10/08/26,UPI-CHENNAI LOGISTICS PR-CHENNAILOG@IBL-7519642260-PAYMENT FROM CLP,,5336.03,344202733.58,6082801785,HDFC
TXN00003813,25/07/26,IMPS-300000003758-KANPUR LOGISTICS P LTD-ICIC,,13735.02,344216468.60,2869876292,HDFC
TXN00003814,15-07-2026,UPI/6554383189/ACP/amravatico@okaxis,,17699.44,344234168.04,S67836044,ICICI
TXN00003815,02-08-2026,NEFT/ICICR52023994824/Siliguri Ceramics Pvt Ltd,,39056.00,344273224.04,S84682415,ICICI
TXN00003816,16-06-2026,MMT/IMPS/300000003761/Bhopal Metals  Limi/UTIB,,73230.00,344346454.04,S30528270,ICICI
TXN00003817,10-06-2026,BIL/ONL/300000003762/NMP,,22078.36,344368532.40,S30364279,ICICI
TXN00003818,04-06-2026,MMT/IMPS/3260623611/AURANGABAD ELECTRICALS LLP/ICIC,,39056.00,344407588.40,S66068280,ICICI
TXN00003819,25-08-2026,NEFT/ICICR52024117739/AMRAVATI AUT,,18539.88,344426128.28,S66719338,ICICI
TXN00003820,04/07/26,RTGS-HDFC0004567-JAMNAGAR MOTORS-2216439630,,5622.11,344431750.39,7743162143,HDFC
TXN00003821,10-07-2026,UPI/1401656201/IMP/indoremedi@apl,,116920.97,344548671.36,S47014161,ICICI
TXN00003822,14/07/26,ACH C-AMRAVATI AGRO EXPORTS P LTD-300000003767,,14416.30,344563087.66,4575731144,HDFC
TXN00003823,05-08-2026,RTGS/ICICR52024560207/MEERUT LOGISTICS,,19528.00,344582615.66,S76147724,ICICI
TXN00003824,10/06/26,RTGS-HDFC0000123-AURANGABAD DISTRIBUTORS PRIVATE LIMITED-300000003769,,14646.00,344597261.66,6061497293,HDFC
TXN00003825,03/06/26,ACH C-AMRAVATIAGROEXPORTSPRIVATELIMITED-300000003770,,8316.98,344605578.64,4626675187,HDFC
TXN00003826,23/06/26,UPI-BHILAI HOSPITALITY PVT LTD-BHILAIHOSP@PAYTM-5712697636,,89605.20,344695183.84,9389817457,HDFC
TXN00003827,31/08/26,RTGS-HDFC0002341-AMRAVATI PACKAGI-300000003772,,122050.00,344817233.84,8034926858,HDFC
TXN00003828,02-06-2026,UPI/300000003773/Payment from/aurangabad@paytm/AXIS,,73230.00,344890463.84,S63783658,ICICI
TXN00003829,27-06-2026,BIL/ONL/300000003774/ACI,,238241.60,345128705.44,S55090397,ICICI
TXN00003830,03-06-2026,NEFT/ICICR52024117120/ANANTAPUR CERAMI,,73230.00,345201935.44,S11175186,ICICI
TXN00003831,07-08-2026,MMT/IMPS/7855831633/Bhavnagar Mo/ICIC,,104475.53,345306410.97,S89718111,ICICI
TXN00003832,08-07-2026,NEFT/ICICR52024117121/CALICUT CONSTRUCTIONS PRIVATE LIMITED,,12105.41,345318516.38,S18673414,ICICI
TXN00003833,11-07-2026,NEFT/ICICR52023994493/ERNAKULAM  AUTO COMPONENTS PVT,,58584.97,345377101.35,S31445172,ICICI
TXN00003834,21/08/26,IMPS-300000003779-AURANGABAD COLD STORAGE AND COMPANY-ICIC,,21206.43,345398307.78,5588283800,HDFC
TXN00003835,18-07-2026,RTGS/ICICR52024117110/Nashik Printers,,7812.17,345406119.95,S22816006,ICICI
TXN00003836,15-08-2026,MMT/IMPS/7060303617/PANIPATFORGINGSLIMITED/AXIS,,27913.32,345434033.27,S17021732,ICICI
TXN00003837,08-07-2026,UPI/6127623199/Payment from/anantapurs@paytm/KKBK,,17920.85,345451954.12,S87981705,ICICI
TXN00003838,24/08/26,RTGS-HDFC0000123-ERNAKULAM CHEMICALS INDIA  PRIVATE LIMITED-300000003783,,5252.06,345457206.18,5398008144,HDFC
TXN00003839,08-07-2026,NEFT/ICICR52024117212/BHOPAL CERAMICS PV,,71959.70,345529165.88,S71988748,ICICI
TXN00003840,30/06/26,UPI-JODHPUR  LOGISTICS-JODHPURLOG@OKAXIS-7991662863,,244100.00,345773265.88,1135224050,HDFC
TXN00003841,21-07-2026,UPI/6971507709/AML/aurangabad@apl,,19528.49,345792794.37,S18238112,ICICI
TXN00003842,25/08/26,NEFT CR-HDFC0000123-ANANTAPUR MOTORS PRIVATE LIMITED-UTR300000003787,,33120.46,345825914.83,3361290618,HDFC
TXN00003843,05-06-2026,MMT/IMPS/300000003788/AMRAVATI AGRO EXPORTS PRIVATE LIMITED/HDFC,,35150.64,345861065.47,S64542341,ICICI
TXN00003844,26/07/26,IMPS-300000003789-AMRAVATI PAPER MILLS-ICIC,,165988.73,346027054.20,3746510436,HDFC
TXN00003845,22/08/26,ACH C-AURANGABAD SOFTWARE-300000003790,,35218.26,346062272.46,2906220537,HDFC
TXN00003846,02/08/26,IMPS-300000003791-BELGAUM ENGINEERING PVT LTD-AXIS,,38159.66,346100432.12,6216161811,HDFC
TXN00003847,25/08/26,IMPS-1191825096-KOLHAPUR ENTERPRISES INDIA PVT-ICIC,,199185.60,346299617.72,4041122758,HDFC
TXN00003848,25-07-2026,UPI/8163018488/Payment from/aurangabad@paytm/AXIS,,152318.64,346451936.36,S82405354,ICICI
TXN00003849,28/07/26,IMPS-300000003794-AMRAVATI HANDICRAF-KKBK,,27584.28,346479520.64,3956686450,HDFC
TXN00003850,05-07-2026,UPI/300000003795/UPP/udaipurpri@ibl,,32595.89,346512116.53,S96886111,ICICI
TXN00003851,28-07-2026,RTGS/ICICR52024560165/AMRAVATI MOTORS PRIV,,29292.00,346541408.53,S65763385,ICICI
TXN00003852,29-08-2026,UPI/300000003797/Payment from/gunturelec@okhdfcbank/HDFC,,73230.00,346614638.53,S96974887,ICICI
TXN00003853,21-08-2026,MMT/IMPS/300000003798/chennai infraprojects and company/HDFC,,219690.00,346834328.53,S43032022,ICICI
TXN00003854,24-08-2026,UPI/300000003799/ADL/amravatidi@paytm,,33743.65,346868072.18,S71090134,ICICI
TXN00003855,10/07/26,UPI-AURANGABAD ELECT-AURANGABAD@YBL-6719178032,,16964.95,346885037.13,8863311928,HDFC
TXN00003856,18/08/26,NEFT-HDFC0009812-JALANDHAR GARMENTS-300000003801,,4882.00,346889919.13,1456848777,HDFC
TXN00003857,26-08-2026,UPI/300000003802/AHP/aurangabad@paytm,,45367.45,346935286.58,S97874912,ICICI
TXN00003858,17/08/26,ACH C-BELGAUM POLYMERS PRI-300000003803,,43488.37,346978774.95,1505731071,HDFC
TXN00003859,14-07-2026,UPI/1547638435/CFP/cuttackfer@ibl,,22996.17,347001771.12,S99414528,ICICI
TXN00003860,22/08/26,RTGS-HDFC0002341-CHANDRAPURAGROEXPORTSPRIVATELIMITED-300000003805,,216760.80,347218531.92,7295709035,HDFC
TXN00003861,29-06-2026,UPI/6462696050/Payment from/hubliengin@okaxis/HDFC,,24410.00,347242941.92,S81276188,ICICI
TXN00003862,01/06/26,UPI-GANDHINAGAR PAPER MILLS PVT LTD-GANDHINAGA@IBL-2362509240-PAYMENT FROM GPM,,213601.17,347456543.09,2467080774,HDFC
TXN00003863,19/08/26,UPI-GODAVARI COLD STORAGE AND COMPANY-GODAVARICO@YBL-1725695543,,22046.14,347478589.23,4848042364,HDFC
TXN00003864,27/07/26,NEFT-HDFC0002341-AMRAVATI CHEMICALS INDIA PRIVATE LIMITED-300000003809,,13072.04,347491661.27,4708960737,HDFC
TXN00003865,02-07-2026,RTGS/ICICR52023081964/RAJKOT AGRO EXPORTS PRIVATE LIMITED,,173436.47,347665097.74,S93886148,ICICI
TXN00003866,04-06-2026,BIL/ONL/300000003811/KCP,,6999.81,347672097.55,S61189843,ICICI
TXN00003867,26-08-2026,MMT/IMPS/300000003812/Amravati Refractories Limited/UTIB,,97640.24,347769737.79,S30570997,ICICI
TXN00003868,01/08/26,RTGS-HDFC0009812-AURANGABAD AGRO-300000003813,,24410.49,347794148.28,6410854607,HDFC
TXN00003869,17-06-2026,NEFT/ICICR52023081541/Indorediagnosticslimited,,19528.00,347813676.28,S86774180,ICICI
TXN00003870,20/06/26,ACH C-ANANTAPUR GARMENTS P LTD-300000003815,,4130.16,347817806.44,1172520163,HDFC
TXN00003871,23-08-2026,MMT/IMPS/6544441847/anantapur fa/AXIS,,4882.00,347822688.44,S84005568,ICICI
TXN00003872,10-06-2026,UPI/9767169835/Payment from/haldiasoft@paytm/AXIS,,146460.00,347969148.44,S17210477,ICICI
TXN00003873,18/07/26,NEFT-HDFC0009812-AMRAVATI AUTO COMP-3398490773,,4882.00,347974030.44,3498335013,HDFC
TXN00003874,26/08/26,ACH C-CALICUTDISTRIBUTORSPRIVATELIMITED-4447417648,,264465.99,348238496.43,8295171659,HDFC
TXN00003875,10-08-2026,RTGS/ICICR52024560486/AMRAVATI BEARINGS LIMITED,,17285.20,348255781.63,S50981413,ICICI
TXN00003876,09-08-2026,MMT/IMPS/300000003821/BHAVNAGARMETALSLIMITED/HDFC,,20583.49,348276365.12,S59338375,ICICI
TXN00003877,18-06-2026,NEFT/ICICR52023994856/hosur diagnostic,,75140.81,348351505.93,S88231717,ICICI
TXN00003878,09-08-2026,NEFT-ICICR52024117840-Bhavnagarsoftwareservicesprivatelimited,,54947.89,348406453.82,S28291146,ICICI
TXN00003879,04-07-2026,BIL/ONL/4730416336/BPM,,52863.02,348459316.84,S72534341,ICICI
TXN00003880,21/08/26,UPI-GWALIOR FABRICATORS-GWALIORFAB@APL-300000003825,,119319.00,348578635.84,2100403439,HDFC
TXN00003881,24-07-2026,RTGS/ICICR52023081866/GUNTUR AGRO EXPO,,278274.00,348856909.84,S87282853,ICICI
TXN00003882,18-08-2026,UPI/300000003827/Payment from/amravatiag@okhdfcbank/KKBK,,488200.00,349345109.84,S18435475,ICICI
TXN00003883,28-07-2026,RTGS/ICICR52024117255/AMRAVATI AGRO EXPORTS PRIVATE LIMITED,,11127.05,349356236.89,S82244729,ICICI
TXN00003884,21-07-2026,RTGS/ICICR52023081334/COIMBATOREAGROEXPORTSPRIVATELIMITED,,88200.16,349444437.05,S10568930,ICICI
TXN00003885,17/08/26,NEFT CR-HDFC0002341-ANANTAPUR ELECTRICAL-UTR300000003830,,4834.88,349449271.93,4942166674,HDFC
TXN00003886,03/07/26,ACH C-AMRAVATI CHEMICALS I-300000003831,,89978.19,349539250.12,3171809954,HDFC
TXN00003887,27/08/26,UPI-DHANBADTEXTILESPVTLTD-DHANBADTEX@APL-8990925025,,9764.24,349549014.36,5904562409,HDFC
TXN00003888,18-07-2026,MMT/IMPS/300000003833/Godavari  Logistics/AXIS-,,62747.37,349611761.73,S33597346,ICICI
TXN00003889,07/07/26,RTGS-HDFC0000123-BELGAUM CABLES P LTD-9730770806,,85923.20,349697684.93,2567593717,HDFC
TXN00003890,07/07/26,NEFT-HDFC0009812-AURANGABAD FERTILISERS-1706093615,,4385.99,349702070.92,7971026024,HDFC
TXN00003891,01/07/26,ACH C-BHILAI TRANSPORT AND COMPANY-300000003836,,39912.05,349741982.97,7150173476,HDFC
TXN00003892,03/08/26,RTGS-HDFC0009812-AURANGABAD PAPER MILLS PVT LTD-3741157098,,123885.63,349865868.60,6097105464,HDFC
TXN00003893,24-08-2026,UPI/300000003838/JFP/jamnagarfo@apl,,29292.00,349895160.60,S81017748,ICICI
TXN00003894,24-08-2026,NEFT-ICICR52023081473-AMRAVATI AGRO EX,,136591.04,350031751.64,S68263460,ICICI
TXN00003895,22/08/26,UPI-ANANTAPURMOTORSPRIVATELIMITED-ANANTAPURM@PAYTM-300000003840-PAYMENT FROM AMP,,143531.04,350175282.68,6116961288,HDFC
TXN00003896,22/07/26,RTGS-HDFC0004567-SALEM DISTRIBUTORS  PRIVATE LIMITED-1705193100,,16512.88,350191795.56,1692631105,HDFC
TXN00003897,20/06/26,RTGS-HDFC0009812-RAIPUR ELECTRICALS-6700474753,,195280.73,350387076.29,9557972691,HDFC
TXN00003898,25-08-2026,UPI/300000003843/IPL/indorepack@okaxis,,44817.74,350431894.03,S27015229,ICICI
TXN00003899,28/07/26,NEFT CR-HDFC0009812-ERNAKULAM BEARINGS LIMITED-UTR300000003844,,488200.00,350920094.03,5827113361,HDFC
TXN00003900,05-06-2026,NEFT/ICICR52024117622/MADURAI TRADERS IN,,73230.49,350993324.52,S12398779,ICICI
TXN00003901,21/06/26,UPI-AMRAVATI AGRO EXPO-AMRAVATIAG@IBL-300000003846-PAYMENT FROM AAE,,24410.00,351017734.52,5920793761,HDFC
TXN00003902,27/07/26,RTGS-HDFC0009812-AMRAVATI INDUSTRIES INDIA-300000003847,,50121.54,351067856.06,1290096187,HDFC
TXN00003903,02-07-2026,UPI/4492515139/Payment from/amravatiha@okhdfcbank/ICIC,,11601.33,351079457.39,S86792275,ICICI
TXN00003904,06-07-2026,UPI/300000003849/Payment from/anantapure@apl/SBIN,,15233.79,351094691.18,S14180118,ICICI
TXN00003905,15-07-2026,BIL/ONL/300000003850/VML,,19528.00,351114219.18,S84615038,ICICI
TXN00003906,11/06/26,NEFT CR-HDFC0009812-BHILAI FABRICATORS AND COMPANY-UTR300000003851,,27554.01,351141773.19,5919326874,HDFC
TXN00003907,21/08/26,ACH C-KOLHAPUR CAB-3585560270,,14646.00,351156419.19,5556920992,HDFC
TXN00003908,25/08/26,NEFT CR-HDFC0002341-ANANTAPUR INFRAPROJECTS AND COMPANY-UTR300000003853,,195280.00,351351699.19,1489408621,HDFC
TXN00003909,13-06-2026,UPI/300000003854/ACP/amravatico@okhdfcbank,,212855.20,351564554.39,S94825241,ICICI
TXN00003910,20/08/26,IMPS-300000003855-JODHPUR FOODS-HDFC,,19314.17,351583868.56,9884527787,HDFC
TXN00003911,29/07/26,UPI-AURANGABAD CONTAINERS-AURANGABAD@APL-300000003856,,624443.19,352208311.75,3333537463,HDFC
TXN00003912,04-06-2026,UPI/2151646169/Payment from/aurangabad@paytm/KKBK,,126857.79,352335169.54,S40450797,ICICI
TXN00003913,28/07/26,RTGS-HDFC0009812-KRISHNA AUTO COMPONE-2393465859,,24776.88,352359946.42,9980588133,HDFC
TXN00003914,18-06-2026,UPI/300000003859/ACL/amravatica@apl,,488200.00,352848146.42,S80833502,ICICI
TXN00003915,09/07/26,UPI-SURAT CERAMICS PVT-SURATCERAM@YBL-300000003860,,28000.22,352876146.64,2969097835,HDFC
TXN00003916,14/08/26,UPI-BHOPAL CASTINGS PVT-BHOPALCAST@OKAXIS-300000003861,,63831.17,352939977.81,8150677551,HDFC
TXN00003917,16-07-2026,RTGS/ICICR52023994184/HOSURMOTORSPRIVATELIMITED,,219878.45,353159856.26,S62652552,ICICI
TXN00003918,16/06/26,UPI-BELGAUM COLD-BELGAUMCOL@OKAXIS-300000003863-PAYMENT FROM BCS,,64037.19,353223893.45,3818046792,HDFC
TXN00003919,18-08-2026,UPI/300000003864/AAC/amravatiau@ybl,,28683.70,353252577.15,S50308933,ICICI
TXN00003920,04/07/26,ACH C-AMRAVATI BEARINGS LI-7590270339,,251911.20,353504488.35,1202730570,HDFC
TXN00003921,18-08-2026,UPI/300000003866/Payment from/bhavnagare@ybl/UTIB,,35150.40,353539638.75,S54859393,ICICI
TXN00003922,06-08-2026,UPI/300000003867/Payment from/narmadaspi@apl/ICIC,,181610.40,353721249.15,S46978096,ICICI
TXN00003923,28-07-2026,NEFT-ICICR52024117518-UDAIPUR INDUSTRIES INDIA PRIVATE LIMITED,,9619.49,353730868.64,S11624087,ICICI
TXN00003924,07-06-2026,NEFT-ICICR52024560304-CALICUT MOTO,,121073.60,353851942.24,S77647211,ICICI
TXN00003925,01/07/26,NEFT CR-HDFC0004567-BHILAI INDUSTRIES IN-UTR300000003870,,52414.37,353904356.61,5247952576,HDFC
TXN00003926,05/07/26,ACH C-AMRAVATI FORGING-300000003871,,13903.94,353918260.55,8124018673,HDFC
TXN00003927,24-07-2026,UPI/300000003872/EMP/ernakulamm@ibl,,18701.97,353936962.52,S38947670,ICICI
TXN00003928,04-06-2026,BIL/ONL/3745685252/ACP,,4882.00,353941844.52,S45212413,ICICI
TXN00003929,19-08-2026,BIL/ONL/300000003874/ACL,,252887.60,354194732.12,S79177210,ICICI
TXN00003930,29-07-2026,UPI/5381627350/Payment from/bhilairefr@okaxis/KKBK,,28812.59,354223544.71,S65805399,ICICI
TXN00003931,04-08-2026,MMT/IMPS/300000003876/CALICUTSPINNERSLLP/UTIB,,4882.00,354228426.71,S96613209,ICICI
TXN00003932,29-07-2026,RTGS/ICICR52024560386/HUBLI SPINNERS LLP,,86899.60,354315326.31,S30848046,ICICI
TXN00003933,20-07-2026,NEFT-ICICR52024560841-AURANGABAD AUTO CO,,122050.00,354437376.31,S78882103,ICICI
TXN00003934,05-06-2026,MMT/IMPS/300000003879/BELGAUMFERTILISERSPRIVATELIMITED/SBIN,,4882.24,354442258.55,S33875317,ICICI
TXN00003935,17-08-2026,NEFT/ICICR52024560710/ANANTAPUR FORGINGS,,283156.00,354725414.55,S40428356,ICICI
TXN00003936,20/07/26,RTGS-HDFC0009812-LUDHIANAMEDIAPVTLTD-300000003881,,56058.78,354781473.33,5369545506,HDFC
TXN00003937,29/06/26,UPI-CHENNAI TEXTILES PVT LTD-CHENNAITEX@OKHDFCBANK-300000003882,,240194.40,355021667.73,2188165174,HDFC
TXN00003938,01/08/26,ACH C-AURANGABAD INFRAPROJECTS AND COMPANY-300000003883,,36126.80,355057794.53,8500992746,HDFC
TXN00003939,21-07-2026,RTGS/ICICR52023081360/JABALPUR INFRAPROJEC,,50687.85,355108482.38,S19601534,ICICI
TXN00003940,12-08-2026,NEFT/ICICR52023994964/AMRAVATI CHEMICALS,,6330.98,355114813.36,S16623613,ICICI
TXN00003941,07-08-2026,UPI/300000003886/AFL/amravatifo@paytm,,17129.96,355131943.32,S19738282,ICICI
TXN00003942,25/07/26,IMPS-6930365065-CALICUT HOSPITALITY-SBIN,,212855.69,355344799.01,3736096255,HDFC
TXN00003943,03/06/26,IMPS-300000003888-JABALPUR METALS-HDFC,,146460.00,355491259.01,9933982985,HDFC
TXN00003944,10/07/26,IMPS-300000003889-KOLHAPUR METALS-AXIS,,9764.73,355501023.74,9629086763,HDFC
TXN00003945,14/08/26,NEFT CR-HDFC0004567-ANANTAPUR PRINTERS-UTR4266203577,,192351.04,355693374.78,3065063594,HDFC
TXN00003946,09/07/26,UPI-NAGPUR SOFTWARE SERVICES PRIVATE LIMITED-NAGPURSOFT@OKAXIS-300000003891-PAYMENT FROM NSS,,14609.87,355707984.65,7030639695,HDFC
TXN00003947,10-06-2026,NEFT-ICICR52024560743-BHILAI TRANSPORT AND COMPANY,,58584.00,355766568.65,S61629840,ICICI
TXN00003948,11-07-2026,NEFT/ICICR52023081456/AMRAVATI CABLES PRIV,,3910.97,355770479.62,S42882503,ICICI
TXN00003949,28-08-2026,UPI/6230196539/ACI/amravatich@okhdfcbank,,257770.57,356028250.19,S27879065,ICICI
TXN00003950,06-06-2026,UPI/300000003895/Payment from/hublispinn@apl/AXIS,,6158.88,356034409.07,S16241618,ICICI
TXN00003951,18/06/26,RTGS-HDFC0000123-AMRAVATI DISTRIBUTORS PRIVATE LIMITED-300000003896,,2956.54,356037365.61,2728263363,HDFC
TXN00003952,11/06/26,UPI-AMRAVATI CERAMICS PVT LTD-AMRAVATICE@APL-300000003897-PAYMENT FROM ACP,,14646.00,356052011.61,5944617779,HDFC
TXN00003953,18/08/26,NEFT-HDFC0004567-RAIPUR PLASTICS AND COMPANY-300000003898,,36245.92,356088257.53,7519110363,HDFC
TXN00003954,11/08/26,IMPS-2993447386-KRISHNA ENTERPRISES INDIA PRIVATE LIMITED-UTIB,,244100.49,356332358.02,3217636833,HDFC
TXN00003955,18-08-2026,UPI/7777293600/HDP/haldiadist@okhdfcbank,,15175.94,356347533.96,S55130528,ICICI
TXN00003956,23-07-2026,NEFT/ICICR52024117872/BHILAI ENGINEERING PVT LTD,,18039.97,356365573.93,S72831637,ICICI
TXN00003957,21-06-2026,NEFT/ICICR52023994778/AMRAVATIAUTOCOMPONENTSPVTLTD,,42360.14,356407934.07,S84822889,ICICI
TXN00003958,15-08-2026,UPI/300000003903/Payment from/haldiagarm@okhdfcbank/KKBK,,31348.30,356439282.37,S15299512,ICICI
TXN00003959,13/07/26,UPI-AMRAVATI AGRO EXPORTS PRIVATE LIMITED-AMRAVATIAG@OKHDFCBANK-300000003904-PAYMENT FROM AAE,,9764.97,356449047.34,3661007175,HDFC
TXN00003960,26/08/26,RTGS-HDFC0009812-GODAVARI SOF-5288408210,,150916.29,356599963.63,4176751445,HDFC
TXN00003961,17/07/26,ACH C-MADURAI POLYMERS PRIVATE LIMITED-300000003906,,96557.16,356696520.79,1952565247,HDFC
TXN00003962,07/08/26,UPI-KOLHAPUR TRADERS INDIA PRIVATE LIMITED-KOLHAPURTR@OKAXIS-8448207700-PAYMENT FROM KTI-,,244100.00,356940620.79,7113093082,HDFC
TXN00003963,01/07/26,RTGS-HDFC0002341-AMRAVATI AGRO EXPORTS PRIVATE LIMITED-3006330232,,23649.38,356964270.17,1521178536,HDFC
TXN00003964,19-08-2026,RTGS/ICICR52024560116/AURANGABAD BEARINGS LIMITED,,79414.52,357043684.69,S89167493,ICICI
TXN00003965,22/07/26,UPI-PANIPAT GARM-PANIPATGAR@OKHDFCBANK-300000003910-PAYMENT FROM PGP,,36527.12,357080211.81,1247692281,HDFC
TXN00003966,02-07-2026,UPI/300000003911/Payment from/kolhapurmo@paytm/SBIN,,244100.49,357324312.30,S15295926,ICICI
TXN00003967,09/07/26,NEFT CR-HDFC0004567-NARMADA LOGISTICS-UTR300000003912,,34876.52,357359188.82,7063554111,HDFC
TXN00003968,12-08-2026,MMT/IMPS/300000003913/kakinada printers pvt ltd/ICIC,,128411.25,357487600.07,S83861053,ICICI
TXN00003969,04-07-2026,UPI/300000003914/HFP/hosurferti@paytm,,19528.00,357507128.07,S82186755,ICICI
TXN00003970,21/07/26,RTGS-HDFC0009812-CHENNAI LOGISTICS-300000003915,,62489.60,357569617.67,2556606844,HDFC
TXN00003971,26-06-2026,UPI/2850971757/Payment from/jamnagarpa@okaxis/AXIS ,,8182.23,357577799.90,S10318496,ICICI
TXN00003972,03-08-2026,NEFT-ICICR52024117598-BELGAUM CHEMICAL,,36594.50,357614394.40,S21703222,ICICI
TXN00003973,02-06-2026,UPI/300000003918/Payment from/dehradunco@okaxis/HDFC,,57823.37,357672217.77,S32993485,ICICI
TXN00003974,10-08-2026,UPI/300000003919/Payment from/bhilaiphar@okaxis/HDFC,,3300.22,357675517.99,S56767773,ICICI
TXN00003975,13/07/26,NEFT-HDFC0002341-KANPURINFRAPROJECTSANDCOMPANY-300000003920,,244100.97,357919618.96,2044755712,HDFC
TXN00003976,06/07/26,NEFT-HDFC0009812-CHENNAI TRADERS INDIA-300000003921,,10983.52,357930602.48,7397180527,HDFC
TXN00003977,14-06-2026,UPI/300000003922/Payment from/udaipurpla@okhdfcbank/KKBK,,268510.00,358199112.48,S54904550,ICICI
TXN00003978,27-07-2026,RTGS/ICICR52024560616/SOLAPUR CERAMICS P,,12693.20,358211805.68,S80427896,ICICI
TXN00003979,05-08-2026,BIL/ONL/300000003924/CTI,,52880.85,358264686.53,S37101449,ICICI
TXN00003980,02/08/26,UPI-AMRAVATI DIAGNOSTICS LIMITED-AMRAVATIDI@OKHDFCBANK-9414260250,,6834.80,358271521.33,6997816179,HDFC
TXN00003981,26/08/26,RTGS-HDFC0004567-ANANTAPUR FABRICAT-300000003926,,12773.26,358284294.59,5442483067,HDFC
TXN00003982,27/06/26,IMPS-300000003927-CUTTACK MOTORS-HDFC,,39056.00,358323350.59,1082752360,HDFC
TXN00003983,07/08/26,RTGS-HDFC0004567-GUNTUR PLASTICS AND COMPANY-300000003928,,268975.25,358592325.84,7019865823,HDFC
TXN00003984,02-08-2026,RTGS/ICICR52023994998/Bhopal Garments Private Limited,,111310.09,358703635.93,S42064797,ICICI
TXN00003985,29/08/26,IMPS-7682947072-ERNAKULAMPLASTICSANDCOMPANY-ICIC,,51387.93,358755023.86,9531670153,HDFC
TXN00003986,19-07-2026,MMT/IMPS/300000003931/kakinada castings llp/HDFC,,58584.73,358813608.59,S20781979,ICICI
TXN00003987,20/06/26,UPI-COIMBATOREENTERPRISESINDIAPRIVATELIMITED-COIMBATORE@OKAXIS-300000003932-PAYMENT FROM CEI,,38807.02,358852415.61,4536698806,HDFC
TXN00003988,08-06-2026,UPI/9323623045/DFA/dehradunfa@okaxis,,10052.04,358862467.65,S75116936,ICICI
TXN00003989,09-06-2026,RTGS/ICICR52023994333/HUBLI BEARINGS L,,78649.02,358941116.67,S98819814,ICICI
TXN00003990,06/06/26,IMPS-300000003935-AMRAVATI BEARINGS-AXIS,,89740.92,359030857.59,9830904626,HDFC
TXN00003991,14-08-2026,MMT/IMPS/7104571018/KRISHNAPOLYMERSPRIVATELIMITED/HDFC,,6436.43,359037294.02,S20917806,ICICI
TXN00003992,12/06/26,RTGS-HDFC0004567-CHANDRAPUR CASTI-300000003937,,26105.03,359063399.05,2053445743,HDFC
TXN00003993,20-08-2026,RTGS/ICICR52024560168/AMRAVATI BEARINGS LIMITED,,4647.66,359068046.71,S27473035,ICICI
TXN00003994,04-07-2026,UPI/300000003939/AAC/amravatiau@apl,,20575.68,359088622.39,S10352655,ICICI
TXN00003995,24/07/26,UPI-BHOPAL TEXTILES-BHOPALTEXT@OKHDFCBANK-300000003940-PAYMENT FROM BTP,,73230.00,359161852.39,2457863546,HDFC
TXN00003996,25-07-2026,BIL/ONL/300000003941/BTP,,32519.98,359194372.37,S51079492,ICICI
TXN00003997,29-08-2026,MMT/IMPS/300000003942/AMRAVATIFOODSPVTLTD/SBIN,,188867.00,359383239.37,S91238628,ICICI
TXN00003998,05/08/26,NEFT CR-HDFC0004567-GWALIOR LOGISTICS  PRIVATE LIMITED-UTR300000003943,,455376.36,359838615.73,6177056512,HDFC
TXN00003999,10-07-2026,NEFT-ICICR52024560661-AMRAVATI CONTAINERS,,78112.73,359916728.46,S10267291,ICICI
TXN00004000,08-06-2026,BIL/ONL/9925577131/TPA,,38688.87,359955417.33,S48251182,ICICI
TXN00004001,13-08-2026,UPI/300000003946/CCP/coimbatore@paytm,,11375.06,359966792.39,S67432920,ICICI
TXN00004002,06/08/26,UPI-AMRAVATI CHEMICALS INDIA-AMRAVATICH@YBL-6128117736,,29292.00,359996084.39,4190149719,HDFC
TXN00004003,25-07-2026,NEFT-ICICR52023994227-BHAVNAGARGARMENTSPRIVATELIMITED,,73319.83,360069404.22,S37747811,ICICI
TXN00004004,17-08-2026,BIL/ONL/9398263460/CTP,,68373.39,360137777.61,S40784423,ICICI
TXN00004005,30-06-2026,BIL/ONL/300000003950/AAE,,5254.01,360143031.62,S62598905,ICICI
TXN00004006,06/07/26,UPI-CHANDRAPUR P-CHANDRAPUR@IBL-300000003951-PAYMENT FROM CPL,,9115.91,360152147.53,3464273761,HDFC
TXN00004007,10/07/26,UPI-AMRAVATI CASTINGS-AMRAVATICA@YBL-300000003952,,260699.04,360412846.57,5340567928,HDFC
TXN00004008,28-06-2026,MMT/IMPS/8798801997/Amravati Agro Exports Private Limited/ICIC,,76159.20,360489005.77,S92918482,ICICI
TXN00004009,02-08-2026,UPI/300000003954/Payment from/bhavnagare@ibl/ICIC,,19528.00,360508533.77,S53125821,ICICI
TXN00004010,12/08/26,ACH C-DHANBAD LOGISTICS PRIVATE LIMITED-300000003955,,193328.17,360701861.94,9344121317,HDFC
TXN00004011,24/07/26,NEFT-HDFC0004567-AMRAVATI FABRICATORS-300000003956,,6615.11,360708477.05,1033973692,HDFC
TXN00004012,06/06/26,UPI-BHILAI TEXTI-BHILAITEXT@PAYTM-300000003957-PAYMENT FROM BTP,,82017.60,360790494.65,2017304170,HDFC
TXN00004013,19-07-2026,UPI/7148665579/HCI/hosurchemi@okhdfcbank,,191374.40,360981869.05,S93094031,ICICI
TXN00004014,14/07/26,UPI-JALANDHAR CASTINGS L-JALANDHARC@IBL-300000003959,,71292.81,361053161.86,6058653810,HDFC
TXN00004015,05-06-2026,NEFT/ICICR52024560550/AMRAVATI PRINTERS PVT,,137733.91,361190895.77,S83912890,ICICI
TXN00004016,22/07/26,IMPS-3220443919-AURANGABAD BEARINGS LIMITED-KKBK,,6098.59,361196994.36,1059005909,HDFC
TXN00004017,05/06/26,NEFT CR-HDFC0009812-MEERUT SOFTWARE SERVICES-UTR300000003962,,29292.00,361226286.36,6576574491,HDFC
TXN00004018,02-08-2026,BIL/ONL/300000003963/ACP,,31639.27,361257925.63,S62952545,ICICI
TXN00004019,28-08-2026,UPI/300000003964/AMP/amravatimo@apl,,2929.20,361260854.83,S68989952,ICICI
TXN00004020,07/08/26,UPI-COIMBATORE T-COIMBATORE@OKAXIS-300000003965,,184070.93,361444925.76,1351210569,HDFC
TXN00004021,17-07-2026,MMT/IMPS/4492197791/Belgaumfertilisersprivatelimited/SBIN,,74206.40,361519132.16,S94913722,ICICI
TXN00004022,09-07-2026,RTGS/ICICR52024560847/GUNTURAGROEXPORTSPRIVATELIMITED,,20274.70,361539406.86,S32517373,ICICI
TXN00004023,06-07-2026,UPI/7460648383/Payment from/amravatifo@apl/HDFC,,10757.97,361550164.83,S77588631,ICICI
TXN00004024,09-08-2026,UPI/300000003969/ATA/anantapurt@apl,,6318.28,361556483.11,S37053389,ICICI
TXN00004025,03-08-2026,MMT/IMPS/300000003970/AMRAVATI AGRO EXPORTS/UTIB,,6269.46,361562752.57,S78161194,ICICI
TXN00004026,28/06/26,ACH C-KANPURDIAGNOSTICSLIMITED-300000003971,,216760.80,361779513.37,3110264770,HDFC
TXN00004027,10/08/26,IMPS-300000003972-GANDHINAGAR ELECTRICALS LLP-HDFC,,19528.00,361799041.37,5046620010,HDFC
TXN00004028,12/07/26,ACH C-TRICHY POLYMERS PRIVATE LIMITED-3443653829,,72670.52,361871711.89,3527812388,HDFC
TXN00004029,25-07-2026,RTGS/ICICR52024560196/Aurangabad  Ceramic,,30509.08,361902220.97,S13374197,ICICI
TXN00004030,13/06/26,UPI-BELGAUM CHEMICALS INDIA PRIVATE LIMITED-BELGAUMCHE@IBL-300000003975-PAYMENT FROM BCI,,9094.19,361911315.16,2293280810,HDFC
TXN00004031,26-07-2026,MMT/IMPS/3929879872/AURANGABAD TRANSPORT AND COMPANY/SBIN-,,25176.47,361936491.63,S57616780,ICICI
TXN00004032,01-07-2026,UPI/7792197614/DMP/dehradunme@ibl,,10792.15,361947283.78,S62352147,ICICI
TXN00004033,09/07/26,RTGS-HDFC0009812-AMRAVATI CABLES PRIVATE LIMITED-300000003978,,14093.36,361961377.14,5921365690,HDFC
TXN00004034,02-07-2026,NEFT-ICICR52024117971-Udaipur Electricals  Llp,,8901.00,361970278.14,S86048515,ICICI
TXN00004035,26-08-2026,UPI/8384429631/MEL/meerutelec@ybl,,114299.00,362084577.14,S81355884,ICICI
TXN00004036,25-08-2026,UPI/4093378338/Payment from/ernakulamt@paytm/UTIB-,,61000.25,362145577.39,S22441028,ICICI
TXN00004037,16-07-2026,BIL/ONL/300000003982/GPL,,4023.00,362149600.39,S66500391,ICICI
TXN00004038,19-06-2026,NEFT/ICICR52023081892/Amravati Agro Exports,,102582.99,362252183.38,S97922075,ICICI
TXN00004039,12/07/26,UPI-KAKINADA COLD ST-KAKINADACO@APL-6882489848,,10425.75,362262609.13,6447555062,HDFC
TXN00004040,29-07-2026,UPI/300000003985/HCP/haldiacons@ybl,,50308.00,362312917.13,S74699485,ICICI
TXN00004041,13/06/26,RTGS-HDFC0004567-BHILAI CONTA-300000003986,,21411.00,362334328.13,9354316592,HDFC
TXN00004042,10/08/26,RTGS-HDFC0000123-BELGAUMAGROEXPORTSPRIVATELIMITED-300000003987,,28787.25,362363115.38,6785642148,HDFC
TXN00004043,22-07-2026,NEFT/ICICR52024560513/AMRAVATIFERTILISERSPRIVATELIMITED,,220853.00,362583968.38,S31510741,ICICI
TXN00004044,25/08/26,UPI-JABALPUR PLASTICS AND COMPANY-JABALPURPL@OKAXIS-300000003989,,44575.99,362628544.37,4589936708,HDFC
TXN00004045,26/07/26,NEFT-HDFC0009812-COIMBATORE FERTILISERS PRIVATE LIMITED-300000003990,,8017.00,362636561.37,2347280245,HDFC
TXN00004046,24-07-2026,NEFT/ICICR52024560305/ANANTAPUR INDUSTRIES INDIA PRIVATE LIMITED,,51388.00,362687949.37,S84129507,ICICI
TXN00004047,20/06/26,ACH C-COIMBATORE SPINNERS LLP-5273417074,,500000.00,363187949.37,8965687726,HDFC
TXN00004048,07-07-2026,UPI/1315407073/AEL/aurangabad@ybl,,125000.00,363312949.37,S34337348,ICICI
TXN00004049,01-06-2026,UPI/300000003994/CAC/chennaiaut@ybl,,294000.00,363606949.37,S33227636,ICICI
TXN00004050,20/08/26,ACH C-SILIGURI INDUSTRIES INDIA PRIVATE LIMITED-300000003995 ,,20057.00,363627006.37,3974302164,HDFC
TXN00004051,05/07/26,NEFT CR-HDFC0004567-AURANGABAD CONST-UTR8653970157 ,,100000.00,363727006.37,5102625400,HDFC
TXN00004052,30-07-2026,UPI/9456725441/Payment from/calicutfoo@okaxis/HDFC,,159000.00,363886006.37,S79833183,ICICI
TXN00004053,09/06/26,UPI-NASHIK GARMENTS PRIVATE LIMITED-NASHIKGARM@OKHDFCBANK-300000003998-PAYMENT FROM NGP,,131000.00,364017006.37,4054570364,HDFC
TXN00004054,04/06/26,UPI-AMRAVATI ENGINEERING PVT LTD-AMRAVATIEN@YBL-300000003999-PAYMENT FROM AEP,,229000.00,364246006.37,6971123254,HDFC
TXN00004055,18-07-2026,NEFT/ICICR52023994411/KANPUR SPINNERS,,66109.99,364312116.36,S60570309,ICICI
TXN00004056,23-07-2026,UPI/300000004001/SRL/suratrefra@apl,,3240.75,364315357.11,S48387413,ICICI
TXN00004057,18/08/26,UPI-CUTTACK MOTORS PRIVATE LIMITED-CUTTACKMOT@PAYTM-2172051087,,144714.75,364460071.86,1152461450,HDFC
TXN00004058,19/08/26,NEFT CR-HDFC0004567-KRISHNA CAST-UTR300000004003,,127466.00,364587537.86,1751657510,HDFC
TXN00004059,21/08/26,UPI-AMRAVATI FABRICATO-AMRAVATIFA@APL-300000004004-PAYMENT FROM AFA,,42416.00,364629953.86,1649984976,HDFC
TXN00004060,18-06-2026,NEFT/ICICR52024117733/BELGAUM PACKAGIN,,25000.00,364654953.86,S59060020,ICICI
TXN00004061,10-06-2026,RTGS/ICICR52023994765/BHAVNAGAR REFRACTORI,,20708.00,364675661.86,S70584476,ICICI
TXN00004062,24-08-2026,UPI/300000004007/MEP/mysoreengi@ybl,,150000.00,364825661.86,S22518408,ICICI
TXN00004063,24-07-2026,UPI/300000004008/GMP/gunturmoto@ibl,,20843.00,364846504.86,S64417484,ICICI
TXN00004064,25/06/26,RTGS-HDFC0004567-BELGAUM MOTORS P-300000004009,,18451.00,364864955.86,7462494605,HDFC
TXN00004065,19/07/26,RTGS-HDFC0004567-AMRAVATIHOSPITALITYPVTLTD-7553051690,,5000.00,364869955.86,4358497358,HDFC
TXN00004066,04-08-2026,BIL/ONL/9109555750/KML,,21675.00,364891630.86,S48230572,ICICI
TXN00004067,06-07-2026,UPI/3697404407/Payment from/hubliconta@apl/HDFC,,75000.00,364966630.86,S31856970,ICICI
TXN00004068,18/08/26,NEFT CR-HDFC0004567-JABALPUR CHEMICALS INDIA-UTR300000004013,,271000.00,365237630.86,1723864046,HDFC
TXN00004069,19/07/26,NEFT-HDFC0004567-AMRAVATI SOFTWARE SERVICES-300000004014/ ,,35779.00,365273409.86,1378103783,HDFC
TXN00004070,03-06-2026,NEFT/ICICR52024560709/BHAVNAGAR CO,,25000.25,365298410.11,S15036210,ICICI
TXN00004071,29/07/26,UPI-AMRAVATIPHARMACEUTICALSINDIAPRIVATELIMITED-AMRAVATIPH@OKHDFCBANK-300000004016-PAYMENT FROM API,,36591.00,365335001.11,6413938883,HDFC
TXN00004072,20/07/26,UPI-TRICHY FABRICATORS A-TRICHYFABR@OKHDFCBANK-300000004017-PAYMENT FROM TFA,,57025.00,365392026.11,6573465597,HDFC
TXN00004073,09/06/26,RTGS-HDFC0002341-AMRAVATI CON-300000004018,,97172.75,365489198.86,9872931965,HDFC
TXN00004074,04/08/26,NEFT CR-HDFC0002341-AURANGABAD LOGISTI-UTR9735211106,,142854.00,365632052.86,6072052693,HDFC
TXN00004075,21-08-2026,RTGS/ICICR52023081863/NARMADA DISTRIBU,,68149.00,365700201.86,S28219367,ICICI
TXN00004076,11-08-2026,NEFT/ICICR52023081464/Anantapur Cold Sto,,248154.00,365948355.86,S20586237,ICICI
TXN00004077,25/06/26,UPI-GUNTUR  REFRACTORIES LIMITED-GUNTURREFR@YBL-7505995887,,80992.00,366029347.86,3531751568,HDFC
TXN00004078,09-06-2026,NEFT/ICICR52024117346/Varanasi Pharmaceuticals India Private Limited,,276000.00,366305347.86,S88916494,ICICI
TXN00004079,09/07/26,UPI-CALICUT INDUSTRIES INDIA PRIVATE LIMITED-CALICUTIND@IBL-300000004024-PAYMENT FROM CII,,118000.00,366423347.86,2075357159,HDFC
TXN00004080,01/07/26,UPI-KAKINADA TRADERS INDIA PRIVATE LIMITED-KAKINADATR@OKHDFCBANK-300000004025,,60000.00,366483347.86,9263880169,HDFC
TXN00004081,16/06/26,IMPS-300000004026-AMRAVATI PLASTICS AND COMPANY-UTIB,,200000.50,366683348.36,7525485079,HDFC
TXN00004082,25-06-2026,UPI/300000004027/Payment from/siligurimo@apl/SBIN,,500000.50,367183348.86,S18687260,ICICI
TXN00004083,20/06/26,NEFT CR-HDFC0009812-CALICUT COLD STORAGE AND COMPANY-UTR300000004028/ ,,81308.99,367264657.85,6429233323,HDFC
TXN00004084,27/08/26,RTGS-HDFC0000123-INDORE PACKAGING L-300000004029/,,2868.25,367267526.10,2399744606,HDFC
TXN00004085,14-08-2026,NEFT/ICICR52024117672/BELGAUM CABLES PRIVATE LIMITED,,75000.50,367342526.60,S28510470,ICICI
TXN00004086,03-08-2026,BIL/ONL/300000004031/JPM,,7342.99,367349869.59,S31984909,ICICI
TXN00004087,26-08-2026,UPI/300000004032/HLP/haldialogi@okaxis,,30068.00,367379937.59,S64594175,ICICI
TXN00004088,28-08-2026,UPI/300000004033/Payment from/bhavnagarl@okaxis/HDFC,,134554.75,367514492.34,S85206475,ICICI
TXN00004089,13-08-2026,BIL/ONL/300000004034/ATP,,250000.00,367764492.34,S56504809,ICICI
TXN00004090,03/07/26,IMPS-300000004035-KANPUR TRANSPORT AND COMPANY-KKBK,,19033.00,367783525.34,8843376063,HDFC
TXN00004091,24/08/26,IMPS-300000004036-BELGAUM AUTO COMPONENTS PVT LTD-UTIB,,35327.70,367818853.04,2416280462,HDFC
TXN00004092,15-07-2026,NEFT/ICICR52024560176/AMRAVATI FOODS PVT LTD/,,60000.00,367878853.04,S77218998,ICICI
TXN00004093,18/06/26,ACH C-JODHPUR POLYMERS-300000004038,,37500.00,367916353.04,1679877416,HDFC
TXN00004094,11-07-2026,RTGS/ICICR52023081261/Anantapur Cold Storage And Company,,7500.00,367923853.04,S72005775,ICICI
TXN00004095,28/08/26,IMPS-5134737093-DEHRADUN BEARINGS LIMITED-SBIN,,90000.00,368013853.04,3153546494,HDFC
TXN00004096,03/07/26,UPI-HUBLI  METALS-HUBLIMETAL@OKAXIS-300000004041-PAYMENT FROM HML,,34898.45,368048751.49,7212567620,HDFC
TXN00004097,21-06-2026,NEFT/ICICR52023081272/BELGAUM PHARMACEUTICALS INDIA PRIVATE LIMITED,,89628.59,368138380.08,S45553002,ICICI
TXN00004098,05/08/26,UPI-PANIPAT TRANSPORT AN-PANIPATTRA@OKHDFCBANK-300000004043-PAYMENT FROM PTA,,11566.80,368149946.88,7533466037,HDFC
TXN00004099,19-08-2026,NEFT/ICICR52024117687/Jabalpur Textiles Pvt Ltd,,24000.00,368173946.88,S80431298,ICICI
TXN00004100,24/06/26,ACH C-AMRAVATI FOODS PVT LTD-300000004045,,20000.00,368193946.88,6157164322,HDFC
TXN00004101,26/07/26,NEFT CR-HDFC0002341-AMRAVATI DISTRIBUTORS PRIVATE LIMITED-UTR300000004046,,30000.25,368223947.13,2140142817,HDFC
TXN00004102,19/08/26,IMPS-300000004047-AMRAVATI PACKAGING-ICIC,,23170.50,368247117.63,3016621198,HDFC
TXN00004103,18/07/26,RTGS-HDFC0000123-AMRAVATI SPINNERS LLP-300000004048,,94295.39,368341413.02,5387635619,HDFC
TXN00004104,26/07/26,NEFT CR-HDFC0009812-UDAIPUR FOODS PVT LTD-UTR300000004049,,6211.60,368347624.62,7902760348,HDFC
TXN00004105,27/08/26,UPI-CHENNAI MEDIA PVT LTD-CHENNAIMED@IBL-300000004050,,11782.80,368359407.42,6933616094,HDFC
TXN00004106,01-07-2026,UPI/7327531807/Payment from/amravatire@okhdfcbank/ICIC,,24000.00,368383407.42,S93519137,ICICI
TXN00004107,17-07-2026,NEFT-ICICR52024560382-Varanasi Engineering,,12860.30,368396267.72,S30586528,ICICI
TXN00004108,10/07/26,NEFT-HDFC0000123-CUTTACK LOGISTICS PRIVATE LIMITED-300000004053,,5833.80,368402101.52,4127483341,HDFC
TXN00004109,25/06/26,ACH C-NAGPUR SOFTWARE SERV-7773260097,,19254.63,368421356.15,8953068415,HDFC
TXN00004110,25/07/26,NEFT-HDFC0000123-GANDHINAGAR DISTRIBUTORS PRIVATE LIMITED-300000004055,,6467.40,368427823.55,3667231147,HDFC
TXN00004111,03/07/26,RTGS-HDFC0002341-DHANBAD ENGINEERING PVT LTD-300000004056,,142500.00,368570323.55,5073748803,HDFC
TXN00004112,22-07-2026,NEFT/ICICR52023081609/ANANTAPURMETALSLIMITED,,37500.00,368607823.55,S50045223,ICICI
TXN00004113,17/08/26,UPI-AURANGABAD TRADERS INDIA PRIVATE LIMITED-AURANGABAD@YBL-300000004058 ,,16067.20,368623890.75,2605589034,HDFC
TXN00004114,06/07/26,UPI-NAGPUR FERTILISERS PRIVATE LIMITED-NAGPURFERT@IBL-300000004059-PAYMENT FROM NFP,,30000.00,368653890.75,5958495914,HDFC
TXN00004115,24-08-2026,NEFT-ICICR52023081678-Amravati Agro Exports Private Limited,,75000.00,368728890.75,S68446609,ICICI
TXN00004116,19/08/26,NEFT-HDFC0002341-AMRAVATI PLASTICS AND COMPANY-300000004061,,18380.00,368747270.75,1995982495,HDFC
TXN00004117,18-06-2026,NEFT/ICICR52024117253/dehradun med,,7664.25,368754935.00,S66352378,ICICI
TXN00004118,03-08-2026,RTGS/ICICR52024117177/Meerut Fabricators And Company,,3625.25,368758560.25,S66956315,ICICI
TXN00004119,22/06/26,NEFT-HDFC0004567-SURAT METALS LIMITED-2102638401,,23543.30,368782103.55,1552292652,HDFC
TXN00004120,09/07/26,RTGS-HDFC0000123-NARMADA PHARMACEUTICALS INDIA PRIVATE LIMITED-5854866280,,100800.00,368882903.55,3519155647,HDFC
TXN00004121,18-07-2026,UPI/300000004066/Payment from/belgauminf@apl/SBIN,,11525.00,368894428.55,S11234351,ICICI
TXN00004122,23-07-2026,NEFT/ICICR52024117338/dehradun fertilisers private limited,,80001.60,368974430.15,S68450389,ICICI
TXN00004123,26-07-2026,BIL/ONL/9907229272/AHP,,62121.61,369036551.76,S75668579,ICICI
TXN00004124,22/07/26,RTGS-HDFC0004567-BHILAI PHARMACEUTICALS INDIA PRIVATE  LIMITED-300000004069,,35904.00,369072455.76,9864499831,HDFC
TXN00004125,06-07-2026,RTGS/ICICR52023081618/krishna paper mills,,207750.00,369280205.76,S31792504,ICICI
TXN00004126,01-07-2026,NEFT-ICICR52023994767-VARANASI POLYMERS PRIVATE LIMITED,,26953.00,369307158.76,S48747768,ICICI
TXN00004127,10-06-2026,NEFT-ICICR52024560863-LUDHIANA MOTORS PRIVATE LIMITED,,15000.00,369322158.76,S70888716,ICICI
TXN00004128,24/08/26,UPI-MYSORE CABLES PRIVATE LIMITED-MYSORECABL@OKHDFCBANK-9337324575,,60000.15,369382158.91,1143327922,HDFC
TXN00004129,13/07/26,IMPS-2360441062-TRICHY DISTRIBUTORS PRIVATE LIMITED-HDFC,,197250.00,369579408.91,4291694798,HDFC
TXN00004130,12-07-2026,NEFT/ICICR52023994319/Anantapur Fo,,36544.80,369615953.71,S70216110,ICICI
TXN00004131,12/07/26,NEFT-HDFC0000123-BHILAI PACKAGING LLP-5222181979,,76380.75,369692334.46,6526221628,HDFC
TXN00004132,28/06/26,UPI-AURANGABAD INDUSTRIES INDIA PRIVATE LIMITED-AURANGABAD@IBL-300000004077-PAYMENT FROM AII,,3728.40,369696062.86,8928726915,HDFC
TXN00004133,18-06-2026,MMT/IMPS/6018994368/Amravati Traders India Private Limited/ICIC,,16031.85,369712094.71,S73946017,ICICI
TXN00004134,10/06/26,NEFT-HDFC0009812-AMRAVATI LOGISTICS PRIVATE LIMITED-300000004079,,34810.69,369746905.40,3322336875,HDFC
TXN00004135,15/06/26,NEFT CR-HDFC0002341-JODHPUR LOGI-UTR300000004080,,127500.21,369874405.61,4146038131,HDFC
TXN00004136,24/08/26,NEFT CR-HDFC0004567-BHILAI SPINNERS-UTR300000004081,,5021.25,369879426.86,5258852833,HDFC
TXN00004137,06-06-2026,NEFT/ICICR52023081306/surat textiles pvt ltd,,40657.50,369920084.36,S36120177,ICICI
TXN00004138,09-07-2026,UPI/4287944374/Payment from/dehradunce@ybl/KKBK,,10246.80,369930331.16,S34901427,ICICI
TXN00004139,15/07/26,UPI-ANANTAPUR CONTAINERS PVT LTD-ANANTAPURC@OKHDFCBANK-300000004084,,26400.15,369956731.31,3211355572,HDFC
TXN00004140,25-07-2026,BIL/ONL/2676035572/BDP,,94571.43,370051302.74,S34874358,ICICI
TXN00004141,02/08/26,ACH C-HALDIA CERAMICS PVT LTD-300000004086,,5899.60,370057202.34,7167374582,HDFC
TXN00004142,26-08-2026,BIL/ONL/1022508177/MMP,,106250.84,370163453.18,S51615918,ICICI
TXN00004143,28-07-2026,NEFT-ICICR52023994742-AMRAVATIDIAGNOSTICSLIMITED,,6782.00,370170235.18,S66907749,ICICI
TXN00004144,07-07-2026,MMT/IMPS/4211465763/AMRAVATI HANDICRAFTS LLP/ICIC,,21250.00,370191485.18,S77603968,ICICI
TXN00004145,28/06/26,ACH C-AMRAVATI  AUTO CO-300000004090,,58583.60,370250068.78,8373291293,HDFC
TXN00004146,10/07/26,UPI-AURANGABAD TEXTILES PVT LTD-AURANGABAD@PAYTM-2029063267-PAYMENT FROM ATP,,38792.50,370288861.28,1781336201,HDFC
TXN00004147,09-07-2026,RTGS/ICICR52024560171/Amravati Enterprises India Private Limited,,125000.00,370413861.28,S21257223,ICICI
TXN00004148,14/06/26,NEFT-HDFC0009812-BHOPAL PRINTERS PVT-300000004093,,2442.60,370416303.88,3759552163,HDFC
TXN00004149,07/06/26,ACH C-TIRUPUR FABRICATORS AND COMPANY-300000004094,,63627.75,370479931.63,4127353421,HDFC
TXN00004150,08-07-2026,BIL/ONL/300000004095/IFP,,51000.00,370530931.63,S42717045,ICICI
TXN00004151,05/07/26,IMPS-300000004096-BHAVNAGAR METALS LIMITED-HDFC,,2335.50,370533267.13,3396564615,HDFC
TXN00004152,06-08-2026,NEFT-ICICR52023081334-KRISHNA HAND,,6000.59,370539267.72,S30298339,ICICI
TXN00004153,12-07-2026,UPI/300000004098/Payment from/aurangabad@okhdfcbank/AXIS,,337693.20,370876960.92,S70680846,ICICI
TXN00004154,12/06/26,UPI-AMRAVATI  CABLES PRIVATE LIMITED-AMRAVATICA@OKHDFCBANK-300000004099,,20841.60,370897802.52,4802219444,HDFC
TXN00004155,26-06-2026,UPI/9198474117/Payment from/cuttackmed@ybl/UTIB,,9514.05,370907316.57,S88845732,ICICI
TXN00004156,22/06/26,IMPS-300000004101-JABALPUR CASTINGS LLP-UTIB,,7023.50,370914340.07,9142794119,HDFC
TXN00004157,28-07-2026,UPI/300000004102/Payment from/jamnagarpa@ybl/AXIS,,155903.39,371070243.46,S27933043,ICICI
TXN00004158,18-08-2026,BIL/ONL/300000004103/ACL,,25077.55,371095321.01,S98017499,ICICI
TXN00004159,17/08/26,NEFT-HDFC0004567-HOSUR  DISTRIBUTORS PRIVATE LIMITED-7159250928,,37500.13,371132821.14,1853675977,HDFC
TXN00004160,07-07-2026,UPI/300000004105/CCP/calicutcer@ibl,,81315.50,371214136.64,S43669838,ICICI
TXN00004161,01-08-2026,NEFT-ICICR52023081645-GODAVARI INDUSTRIES INDIA PRIVATE LIMITED,,120000.00,371334136.64,S58598545,ICICI
TXN00004162,04/08/26,UPI-CHENNAI HOSPITALITY PVT LTD-CHENNAIHOS@IBL-300000004107,,23123.40,371357260.04,1354851361,HDFC
TXN00004163,28-06-2026,NEFT-ICICR52024117459-INDORE TRADERS INDIA,,178074.75,371535334.79,S76985053,ICICI
TXN00004164,22-08-2026,RTGS/ICICR52023994418/Dehradun Polymers Private Limited,,16067.60,371551402.39,S36822426,ICICI
TXN00004165,24/06/26,ACH C-AMRAVATIAGROEXPORTSPRIVATELIMITED-300000004110,,72369.75,371623772.14,8699243246,HDFC
TXN00004166,17-07-2026,NEFT/ICICR52024117448/GANDHINAGAR PRINTERS,,81600.00,371705372.14,S17844800,ICICI
TXN00004167,16/07/26,RTGS-HDFC0000123-ANANTAPUR HANDICRA-300000004112,,70845.80,371776217.94,5576609992,HDFC
TXN00004168,14/06/26,UPI-CUTTACKTEXTILESPVTLTD-CUTTACKTEX@OKHDFCBANK-7442835023-PAYMENT FROM CTP,,72963.60,371849181.54,1246784273,HDFC
TXN00004169,01/08/26,ACH C-AURANGABAD FABRICATORS AND COMPANY-300000004114,,93750.00,371942931.54,5294009537,HDFC
TXN00004170,17/06/26,UPI-CUTTACK DIAGNOSTIC-CUTTACKDIA@OKAXIS-300000004115,,222354.75,372165286.29,7973154843,HDFC
TXN00004171,19/08/26,UPI-VARANASI GARMENTS P LTD-VARANASIGA@APL-300000004116/,,224400.00,372389686.29,8334159854,HDFC
TXN00004172,14-08-2026,RTGS/ICICR52024117805/SILIGURI FERTILISERS PRIVATE LIMITED,,19200.20,372408886.49,S15719654,ICICI
TXN00004173,05/07/26,UPI-SOLAPUR INFRAPROJECTS AND  COMPANY-SOLAPURINF@APL-8260031920-PAYMENT FROM SIA,,1667.20,372410553.69,9874814296,HDFC
TXN00004174,29-08-2026,NEFT/ICICR52023994842/AMRAVATI CHEMICALS I,,11250.00,372421803.69,S79805302,ICICI
TXN00004175,30-06-2026,NEFT-ICICR52023994326-Ludhiana Infraprojec,,30883.26,372452686.95,S40734974,ICICI
TXN00004176,08-06-2026,BIL/ONL/300000004121/APP,,52766.50,372505453.45,S39223719,ICICI
TXN00004177,12/07/26,IMPS-300000004122-AMRAVATI AGRO  EX-AXIS,,11643.60,372517097.05,7629686110,HDFC
TXN00004178,09/06/26,ACH C-JODHPUR PACKAGING-300000004123,,21473.60,372538570.65,9354374775,HDFC
TXN00004179,11-07-2026,NEFT-ICICR52023081600-AMRAVATI CERAMIC,,200000.00,372738570.65,S87778551,ICICI
TXN00004180,10-08-2026,RTGS/ICICR52024560113/CALICUTINDUSTRIESINDIAPRIVATELIMITED,,30000.00,372768570.65,S29266376,ICICI
TXN00004181,15-06-2026,NEFT/ICICR52024560718/AMRAVATI REFRACTOR,,5452.00,372774022.65,S98319534,ICICI
TXN00004182,05-07-2026,UPI/300000004127/Payment from/gwaliorcon@okhdfcbank/AXIS,,116528.24,372890550.89,S27018149,ICICI
TXN00004183,07/07/26,ACH C-GWALIOR AGRO EXPORTS PRIVATE LIMITED-9960413861,,82413.00,372972963.89,7434141378,HDFC
TXN00004184,07-06-2026,UPI/300000004129/Payment from/amravatiin@okaxis/SBIN,,51000.43,373023964.32,S10765550,ICICI
TXN00004185,22/08/26,ACH C-KAKINADA DISTRIBUTORS PRIVATE LIMITED-300000004130,,150000.56,373173964.88,4452804104,HDFC
TXN00004186,19/07/26,RTGS-HDFC0002341-AMRAVATI DIAGNOS-8248348846,,170400.00,373344364.88,1396993332,HDFC
TXN00004187,28-07-2026,NEFT/ICICR52023081735/AMRAVATI AGR,,44288.25,373388653.13,S13886292,ICICI
TXN00004188,08-08-2026,NEFT-ICICR52023081548-AMRAVATI CABLES/,,6058.25,373394711.38,S27413166,ICICI
TXN00004189,02-08-2026,NEFT/ICICR52024117693/AMRAVATI TRANSPORT AND COMPANY,,6080.05,373400791.43,S98256398,ICICI
TXN00004190,24-08-2026,RTGS/ICICR52023994873/AMRAVATIPLASTICSANDCOMPANY,,52815.00,373453606.43,S43446835,ICICI
TXN00004191,05/08/26,ACH C-KRISHNATEXTILESPVTLTD-300000004136,,23797.95,373477404.38,1897630469,HDFC
TXN00004192,12-06-2026,RTGS/ICICR52024560698/indore pharmaceuticals india pvt,,5244.80,373482649.18,S85552244,ICICI
TXN00004193,24/08/26,NEFT CR-HDFC0002341-TIRUPUR HANDICRAFTS LLP-UTR300000004138,,3082.95,373485732.13,8271150900,HDFC
TXN00004194,25/07/26,ACH C-AMRAVATI HOSPITALITY-300000004139,,56250.00,373541982.13,9403746615,HDFC
TXN00004195,02/07/26,RTGS-HDFC0004567-BHAVNAGAR FORGINGS PVT-2790252860,,34000.00,373575982.13,6396337354,HDFC
TXN00004196,22/07/26,UPI-ERNAKULAM  ELECTRICALS-ERNAKULAME@OKHDFCBANK-300000004141-PAYMENT FROM EEL,,8301.50,373584283.63,6854228557,HDFC
TXN00004197,04-06-2026,MMT/IMPS/300000004142/GWALIOR FERTILISERS/KKBK,,2000.00,373586283.63,S27818637,ICICI
TXN00004198,21/07/26,UPI-AMRAVATI FABRICATORS AND COMPANY-AMRAVATIFA@YBL-5113241986,,9490.50,373595774.13,6832677904,HDFC
TXN00004199,24/06/26,IMPS-9062687440-KANPUR FABRICATORS AND COMPANY-ICIC,,75000.74,373670774.87,5459895510,HDFC
TXN00004200,16-07-2026,BIL/ONL/300000004145/ASL,,34000.00,373704774.87,S93066059,ICICI
TXN00004201,08/08/26,RTGS-HDFC0000123-AMRAVATI AUTO COMPONENTS P LTD-5750360226,,83188.50,373787963.37,9945010605,HDFC
TXN00004202,02/08/26,IMPS-3916225611-MANGALORE DISTRIBUTORS-ICIC,,82919.25,373870882.62,7792798865,HDFC
TXN00004203,07/08/26,NEFT-HDFC0009812-JODHPUR FORGINGS LIMITED-300000004148,,12500.00,373883382.62,3246845094,HDFC
TXN00004204,12/08/26,RTGS-HDFC0000123-CALICUT ELECTRIC-1156028412,,43996.50,373927379.12,8396678301,HDFC
TXN00004205,25/06/26,NEFT-HDFC0004567-AMRAVATI  AUTO COMPONENTS PVT LTD-1166384867,,50616.01,373977995.13,4636036654,HDFC
TXN00004206,28/07/26,UPI-BELGAUM TEXTILES PVT LTD-BELGAUMTEX@YBL-300000004151-PAYMENT FROM BTP,,6630.40,373984625.53,5959753166,HDFC
TXN00004207,13/06/26,IMPS-300000004152-CHENNAI MOTORS P LTD-ICIC,,21963.00,374006588.53,4434993343,HDFC
TXN00004208,22/07/26,RTGS-HDFC0000123-AURANGABAD MOTORS-300000004153,,16960.50,374023549.03,2296942932,HDFC
TXN00004209,09/08/26,UPI-BHOPAL PHARMACEUTICALS INDIA P LTD-BHOPALPHAR@APL-300000004154,,22548.00,374046097.03,3406653672,HDFC
TXN00004210,06/07/26,ACH C-BELGAUM TEXTILES PVT LTD-300000004155,,22234.20,374068331.23,3425385846,HDFC
TXN00004211,23-07-2026,NEFT-ICICR52024117473-Gwalior Foods Pvt Ltd,,5864.00,374074195.23,S81447119,ICICI
TXN00004212,21-08-2026,NEFT/ICICR52023994195/MADURAI TRANSPORT AND COMPANY,,39939.25,374114134.48,S35222732,ICICI
TXN00004213,09-08-2026,UPI/300000004158/CPP/chennaipol@apl,,32578.80,374146713.28,S73568320,ICICI
TXN00004214,03/08/26,UPI-RAIPURELECTRICALSLLP-RAIPURELEC@OKHDFCBANK-300000004159,,250000.00,374396713.28,7194743178,HDFC
TXN00004215,23/06/26,UPI-HOSUR ELECTRICALS LLP-HOSURELECT@IBL-300000004160-PAYMENT FROM HEL,,28861.60,374425574.88,9811106230,HDFC
TXN00004216,23-06-2026,RTGS/ICICR52023994162/Dehradun Forgings Li,,28250.20,374453825.08,S13185410,ICICI
TXN00004217,22-07-2026,BIL/ONL/300000004162/AAE,,50000.10,374503825.18,S65714376,ICICI
TXN00004218,03-07-2026,MMT/IMPS/300000004163/BHAVNAGAR DISTRIBU/UTIB,,10216.20,374514041.38,S94390103,ICICI
TXN00004219,09-06-2026,BIL/ONL/300000004164/ATA,,3000.00,374517041.38,S78823635,ICICI
TXN00004220,30/06/26,UPI-BHILAIPRINTERSPVTLTD-BHILAIPRIN@YBL-300000004165-PAYMENT FROM BPP,,12024.95,374529066.33,2333848724,HDFC
TXN00004221,17/06/26,ACH C-CHENNAI PACKAGING-300000004166,,109500.00,374638566.33,3453668021,HDFC
TXN00004222,14-07-2026,UPI/300000004167/Payment from/aurangabad@okhdfcbank/UTIB,,60000.00,374698566.33,S44602798,ICICI
TXN00004223,29-08-2026,NEFT/ICICR52023994116/Amravati Agro Exports P Ltd,,42500.00,374741066.33,S71164325,ICICI
TXN00004224,19/07/26,UPI-CHENNAI AGRO EXPORTS PRIVATE LIMITED-CHENNAIAGR@IBL-300000004169-PAYMENT FROM CAE,,22720.50,374763786.83,3708602952,HDFC
TXN00004225,08-08-2026,UPI/2459668202/Payment from/ludhianaco@apl/ICIC,,2500.00,374766286.83,S85655507,ICICI
TXN00004226,11/08/26,ACH C-AMRAVATI PRINTERS PVT LTD-8756880250,,13921.50,374780208.33,5873515605,HDFC
TXN00004227,10/08/26,NEFT-HDFC0000123-TIRUPUR ENTERPRISES INDIA PVT-7511504168,,29054.50,374809262.83,1834016632,HDFC
TXN00004228,27/06/26,ACH C-INDORE SPINNERS-300000004173,,14683.20,374823946.03,8897455461,HDFC
TXN00004229,11-07-2026,MMT/IMPS/5678443084/Anantapur Cold Storage And Company/AXIS,,24000.00,374847946.03,S30516328,ICICI
TXN00004230,13-06-2026,RTGS/ICICR52023081187/BELGAUM REFRACTORIES LIMITED,,7500.00,374855446.03,S47764920,ICICI
TXN00004231,28/06/26,UPI-JABALPUR REFRACTORIES LIMITED-JABALPURRE@APL-9434897366,,6000.00,374861446.03,4183268559,HDFC
TXN00004232,12/08/26,NEFT CR-HDFC0004567-ANANTAPUR COLD STORAGE AND COMPANY-UTR300000004177,,25645.50,374887091.53,1907039348,HDFC
TXN00004233,21-08-2026,NEFT/ICICR52024560972/Belgaum Cast,,21759.15,374908850.68,S10264865,ICICI
TXN00004234,08/06/26,UPI-AMRAVATI CHEMICALS INDIA P LTD-AMRAVATICH@OKAXIS-300000004179-PAYMENT FROM ACI,,130900.00,375039750.68,1007187850,HDFC
TXN00004235,29/07/26,RTGS-HDFC0002341-ANANTAPUR AUTO COMPONENTS PVT LTD-8533087757,,16598.25,375056348.93,4224513314,HDFC
TXN00004236,12-07-2026,RTGS/ICICR52024560537/CHENNAI TEXTILES P LTD,,4400.00,375060748.93,S25421366,ICICI
TXN00004237,13-06-2026,UPI/300000004182/BBL/bhavnagarb@okhdfcbank,,54000.00,375114748.93,S79555691,ICICI
TXN00004238,20-07-2026,UPI/5508502871/EEP/ernakulame@okhdfcbank,,49757.00,375164505.93,S15849103,ICICI
TXN00004239,07-08-2026,MMT/IMPS/300000004184/JALANDHARGARMENTSPRIVATELIMITED/AXIS,,52228.20,375216734.13,S80453047,ICICI
TXN00004240,20/06/26,UPI-ANANTAPUR  IN-ANANTAPURI@PAYTM-300000004185-PAYMENT FROM AIA,,95200.00,375311934.13,1896070072,HDFC
TXN00004241,21-08-2026,NEFT/ICICR52023081369/varanasi fertili,,3753.60,375315687.73,S75185413,ICICI
TXN00004242,20-06-2026,NEFT-ICICR52024117276-GUNTUR SPINNERS LLP,,13665.60,375329353.33,S90658821,ICICI
TXN00004243,06/08/26,RTGS-HDFC0004567-SALEM TRANSPORT AND COMPANY-300000004188-,,89000.00,375418353.33,2791736736,HDFC
TXN00004244,10-06-2026,RTGS/ICICR52023081788/CHENNAI FORGINGS P LTD,,5836.80,375424190.13,S67166257,ICICI
TXN00004245,07/06/26,UPI-RAJKOT SPINNERS LLP-RAJKOTSPIN@PAYTM-300000004190-PAYMENT FROM RSL,,14337.00,375438527.13,9559458487,HDFC
TXN00004246,06-07-2026,NEFT-ICICR52023081540-AURANGABAD INDUSTRIES INDIA,,10294.00,375448821.13,S43012511,ICICI
TXN00004247,18-07-2026,NEFT/ICICR52023081989/AURANGABAD HOSPITALITY,,125000.00,375573821.13,S64581316,ICICI
TXN00004248,27-06-2026,NEFT-ICICR52023081183-Jamnagar Paper  Mills Pvt Ltd-,,23598.00,375597419.13,S29531671,ICICI
TXN00004249,02-08-2026,RTGS/ICICR52023994255/JODHPUR COLD STORAGE AND COMPANY,,106289.95,375703709.08,S83885317,ICICI
TXN00004250,23-07-2026,NEFT/ICICR52024117944/Kakinada Industrie,,11635.35,375715344.43,S46499314,ICICI
TXN00004251,11/08/26,NEFT CR-HDFC0000123-BHOPAL DISTRIBUTORS-UTR1370627255,,7014.90,375722359.33,4869606241,HDFC
TXN00004252,13/07/26,NEFT-HDFC0004567-DEHRADUN CERAMICS-300000004197,,63664.50,375786023.83,5868477632,HDFC
TXN00004253,14-08-2026,NEFT-ICICR52023994671-Indore Conta,,30748.80,375816772.63,S65288589,ICICI
TXN00004254,25-06-2026,BIL/ONL/300000004199/AMP/ ,,8000.00,375824772.63,S37758890,ICICI
TXN00004255,26/08/26,NEFT CR-HDFC0004567-GANDHINAGAR FORGINGS LIMITED-UTR300000004200,,9059.20,375833831.83,2981579278,HDFC
TXN00004256,14-07-2026,NEFT-ICICR52024560341-BHOPAL SOFTWARE SERVICES PRIVATE LIMITED,,375000.00,376208831.83,S54890736,ICICI
TXN00004257,09/08/26,NEFT-HDFC0009812-SURAT METALS LIMITED-5781248169,,10918.80,376219750.63,6313815586,HDFC
TXN00004258,04-08-2026,NEFT-ICICR52023994712-GWALIOR PLASTICS AND,,46346.25,376266096.88,S73223836,ICICI
TXN00004259,01/08/26,IMPS-300000004204-BHAVNAGAR METALS-ICIC,,425000.00,376691096.88,2390961622,HDFC
TXN00004260,19-06-2026,NEFT/ICICR52023994562/COIMBATORE CABLES PRIVATE LIMITED,,60000.00,376751096.88,S12854226,ICICI
TXN00004261,09-06-2026,MMT/IMPS/300000004206/amravati chemicals india private limited/KKBK ,,106250.00,376857346.88,S48260625,ICICI
TXN00004262,16/06/26,NEFT-HDFC0002341-AMRAVATI FABRICATORS AND COMPANY-5589894731,,8997.25,376866344.13,8803232746,HDFC
TXN00004263,14-07-2026,UPI/300000004208/Payment from/amravatiga@ybl/AXIS,,104250.19,376970594.32,S81555415,ICICI
TXN00004264,31/08/26,NEFT-HDFC0000123-GANDHINAGAR PLASTICS AND COMPANY-300000004209,,3108.50,376973702.82,3355435988,HDFC
TXN00004265,14/07/26,RTGS-HDFC0002341-HALDIA LOGISTICS PRI-2974489388,,12596.40,376986299.22,3056255457,HDFC
TXN00004266,03-08-2026,NEFT-ICICR52023994147-BHILAI FOODS PVT LTD,,32717.90,377019017.12,S23623529,ICICI
TXN00004267,21/06/26,IMPS-6185602211-AMRAVATI AGRO EXPORTS P LTD-SBIN,,34732.69,377053749.81,2278580222,HDFC
TXN00004268,03-06-2026,RTGS/ICICR52023081796/udaipur software s,,10639.50,377064389.31,S37582930,ICICI
TXN00004269,28-08-2026,NEFT-ICICR52023081763-RAIPUR INDUSTRIES IN,,20092.80,377084482.11,S22043139,ICICI
TXN00004270,27-07-2026,UPI/5598669681/Payment from/amravatiau@okhdfcbank/UTIB/,,43654.50,377128136.61,S29192519,ICICI
TXN00004271,19/06/26,NEFT CR-HDFC0009812-CHANDRAPUR  CABLES PRIVATE LIMITED-UTR300000004216,,39174.60,377167311.21,1462004655,HDFC
TXN00004272,13/07/26,ACH C-AMRAVATI CHEMICALS INDIA PRIVATE LIMITED-300000004217/ ,,16280.50,377183591.71,4276200342,HDFC
TXN00004273,05-06-2026,NEFT-ICICR52024117821-INDORE AUTO COMPONENTS PVT,,150000.00,377333591.71,S70920194,ICICI
TXN00004274,01-07-2026,UPI/2214818927/Payment from/gunturpoly@ybl/AXIS,,100241.20,377433832.91,S17467897,ICICI
TXN00004275,01-07-2026,UPI/300000004220/DTP/dhanbadtex@okaxis,,1200.00,377435032.91,S28602870,ICICI
TXN00004276,14-07-2026,MMT/IMPS/300000004221/Aurangabad Traders India/SBIN,,148000.00,377583032.91,S38070741,ICICI
TXN00004277,23/08/26,ACH C-HALDIA  ENTERPRIS-6501944254,,79165.20,377662198.11,7221563390,HDFC
TXN00004278,09-08-2026,MMT/IMPS/300000004223/ERNAKULAM  DI/UTIB,,28051.50,377690249.61,S62939096,ICICI
TXN00004279,07-08-2026,NEFT-ICICR52024117505-AURANGABADMOTORSPRIVATELIMITED,,100200.00,377790449.61,S92800590,ICICI
TXN00004280,13/07/26,RTGS-HDFC0009812-GUNTUR COLD  STORAG-300000004225,,75000.45,377865450.06,6323270403,HDFC
TXN00004281,24/06/26,UPI-VARANASI IND-VARANASIIN@YBL-9362827650,,60997.00,377926447.06,7361037984,HDFC
TXN00004282,18/07/26,UPI-CUTTACK CONSTRUC-CUTTACKCON@OKAXIS-8447363046-PAYMENT FROM CCP,,4828.50,377931275.56,6070042913,HDFC
TXN00004283,21/07/26,UPI-AMRAVATIBEARINGSLIMITED-AMRAVATIBE@YBL-2197003595-PAYMENT FROM ABL,,3500.63,377934776.19,5059975477,HDFC
TXN00004284,08/07/26,NEFT-HDFC0000123-JAMNAGAR  METALS LIMITED-300000004229,,3750.00,377938526.19,5048075389,HDFC
TXN00004285,11/08/26,ACH C-VARANASI POLYMERS-300000004230,,20093.40,377958619.59,6340014894,HDFC
TXN00004286,09-08-2026,UPI/1444027815/Payment from/amravatime@okhdfcbank/ICIC,,30000.00,377988619.59,S98707687,ICICI
TXN00004287,22/07/26,NEFT CR-HDFC0000123-AURANGABAD PHARMACEUTICALS INDIA-UTR8719313528,,40000.00,378028619.59,7166869709,HDFC
TXN00004288,12-07-2026,NEFT/ICICR52023081939/SALEM MEDIA PVT LTD/ ,,74800.64,378103420.23,S72491206,ICICI
TXN00004289,31/08/26,RTGS-HDFC0009812-COIMBATORE CONTAINERS PVT LTD-1587991538,,27545.10,378130965.33,1116732917,HDFC
TXN00004290,06/06/26,NEFT CR-HDFC0004567-AMRAVATIBEARINGSLIMITED-UTR300000004235,,150858.60,378281823.93,7770489211,HDFC
TXN00004291,11-08-2026,NEFT-ICICR52024560346-Ludhiana Traders India Private Limited,,109663.20,378391487.13,S64218275,ICICI
TXN00004292,01-08-2026,NEFT/ICICR52024117131/INDOREBEARINGSLIMITED,,3997.20,378395484.33,S66193866,ICICI
TXN00004293,30/06/26,RTGS-HDFC0000123-DHANBAD ENGINEERING PVT LTD-300000004238,,52654.31,378448138.64,4423214150,HDFC
TXN00004294,14-08-2026,NEFT/ICICR52023994145/AMRAVATI POLYMERS PVT,,48911.50,378497050.14,S86407228,ICICI
TXN00004295,25-08-2026,BIL/ONL/300000004240/SSL,,53400.30,378550450.44,S42683561,ICICI
TXN00004296,15-07-2026,RTGS/ICICR52024560213/ANANTAPUR DISTRIBU,,37621.00,378588071.44,S65643298,ICICI
TXN00004297,12/08/26,UPI-GODAVARI MOTORS PRIVATE LIMITED-GODAVARIMO@PAYTM-300000004242-PAYMENT FROM GMP,,4962.80,378593034.24,2132051531,HDFC
TXN00004298,24/07/26,RTGS-HDFC0000123-CUTTACK ELECTRICALS-300000004243,,10000.00,378603034.24,4591609233,HDFC
TXN00004299,28-06-2026,UPI/300000004244/ACP/anantapurc@ybl,,22494.38,378625528.62,S66118684,ICICI
TXN00004300,25-07-2026,NEFT/ICICR52023994752/COIMBATORE HANDICRAFTS LLP,,31710.10,378657238.72,S87921579,ICICI
TXN00004301,24/08/26,NEFT CR-HDFC0004567-BELGAUM CONTAINE-UTR6378097214,,16519.75,378673758.47,7049371147,HDFC
TXN00004302,12/07/26,ACH C-BELGAUM MOTORS PRIVATE LIMITED-300000004247,,81000.45,378754758.92,2734914222,HDFC
TXN00004303,07-08-2026,BIL/ONL/3292744661/AFA ,,66400.00,378821158.92,S88937161,ICICI
TXN00004304,22/08/26,NEFT CR-HDFC0000123-AMRAVATIFERTILISERSPRIVATELIMITED-UTR300000004249,,51000.00,378872158.92,1444263099,HDFC
TXN00004305,01-08-2026,UPI/1133463740/Payment from/mangalores@paytm/KKBK,,5479.60,378877638.52,S13170004,ICICI
TXN00004306,26/07/26,RTGS-HDFC0009812-JAMNAGAR DISTRIBUTORS-4698731021,,45000.00,378922638.52,6464311449,HDFC
TXN00004307,14-08-2026,RTGS/ICICR52023994635/NARMADA MEDIA,,7665.00,378930303.52,S37943396,ICICI
TXN00004308,18-08-2026,UPI/300000004253/Payment from/aurangabad@ibl/KKBK,,2867.05,378933170.57,S87326458,ICICI
TXN00004309,03-07-2026,NEFT/ICICR52024560477/AMRAVATI METALS LIMITED,,10676.00,378943846.57,S59794316,ICICI
TXN00004310,18-08-2026,BIL/ONL/300000004255/GEI,,34987.49,378978834.06,S69171478,ICICI
TXN00004311,06/07/26,ACH C-BELGAUM  CASTINGS LLP-300000004256,,21250.00,379000084.06,1661042551,HDFC
TXN00004312,10-08-2026,BIL/ONL/300000004257/AAE,,3499.60,379003583.66,S70735331,ICICI
TXN00004313,22/08/26,IMPS-300000004258-ANANTAPUR CO-HDFC,,14858.20,379018441.86,5485642736,HDFC
TXN00004314,10-08-2026,NEFT-ICICR52023081450-AURANGABAD TEXTILES PVT LTD,,54499.45,379072941.31,S92323594,ICICI
TXN00004315,19-06-2026,UPI/300000004260/ACP/aurangabad@okhdfcbank,,170000.00,379242941.31,S69018105,ICICI
TXN00004316,19-06-2026,UPI/1216478238/Payment from/amravatite@okhdfcbank/UTIB,,175100.00,379418041.31,S61111198,ICICI
TXN00004317,09/07/26,IMPS-9946607915-AMRAVATI CABLES PRIVATE LIMITED-KKBK,,68606.90,379486648.21,1427746239,HDFC
TXN00004318,04-06-2026,BIL/ONL/300000004263/MPA,,42042.49,379528690.70,S29947330,ICICI
TXN00004319,19/07/26,RTGS-HDFC0002341-SALEM CASTINGS LLP-8477133992,,66759.43,379595450.13,9701933703,HDFC
TXN00004320,07/08/26,UPI-AURANGABAD MEDIA-AURANGABAD@PAYTM-9408684465,,25332.80,379620782.93,1134394939,HDFC
TXN00004321,28-08-2026,RTGS/ICICR52024117408/KRISHNA HANDICRAFTS LLP,,91167.75,379711950.68,S83849198,ICICI
TXN00004322,27-06-2026,BIL/ONL/300000004267/NMP,,10268.40,379722219.08,S55436733,ICICI
TXN00004323,18/06/26,ACH C-MEERUT PHARM-300000004268,,41250.00,379763469.08,4533111184,HDFC
TXN00004324,24-07-2026,NEFT-ICICR52024117991-BHILAI PAPER MILLS PVT LTD,,6000.45,379769469.53,S29234848,ICICI
TXN00004325,23-07-2026,NEFT-ICICR52024560534-TRICHY REFRACTORIES,,6055.40,379775524.93,S87162781,ICICI
TXN00004326,25-06-2026,NEFT/ICICR52023994101/Amravati Agro Ex,,34477.50,379810002.43,S22584655,ICICI
TXN00004327,17-08-2026,RTGS/ICICR52023081556/AMRAVATI ENTERPR,,76500.00,379886502.43,S53150545,ICICI
TXN00004328,18/08/26,ACH C-AMRAVATI CHEMICALS INDIA PRIVATE LIMITED-300000004273,,53428.05,379939930.48,9261651857,HDFC
TXN00004329,21/08/26,IMPS-300000004274-ANANTAPUR  HOSPITALITY PVT LTD-ICIC,,13686.50,379953616.98,4569426182,HDFC
TXN00004330,05-08-2026,UPI/300000004275/AAE/amravatiag@ybl,,4359.15,379957976.13,S73394222,ICICI
TXN00004331,02/07/26,ACH C-ANANTAPURFERTILISERSPRIVATELIMITED-300000004276,,22500.00,379980476.13,1078321730,HDFC
TXN00004332,06/06/26,NEFT CR-HDFC0000123-ANANTAPUR HOSPITALITY PVT LTD-UTR300000004277,,212500.64,380192976.77,1649486533,HDFC
TXN00004333,22-07-2026,UPI/300000004278/KHL/krishnahan@paytm,,6118.00,380199094.77,S18357692,ICICI
TXN00004334,01/07/26,NEFT-HDFC0009812-JAMNAGAR ENGINEERING-300000004279,,15000.00,380214094.77,3829617444,HDFC
TXN00004335,02/08/26,IMPS-300000004280-DEHRADUN FOODS PVT LTD-KKBK,,24183.75,380238278.52,5108982645,HDFC
TXN00004336,02/08/26,NEFT CR-HDFC0004567-BELGAUM PLASTICS AND COMPANY-UTR7837976221,,3914.40,380242192.92,4320444230,HDFC
TXN00004337,20/07/26,RTGS-HDFC0002341-GWALIORSOFTWARESERVICESPRIVATELIMITED-300000004282,,4991.50,380247184.42,8613647075,HDFC
TXN00004338,20-07-2026,BIL/ONL/4956450830/ATP,,2500.25,380249684.67,S25529977,ICICI
TXN00004339,20/08/26,UPI-AMRAVATI AGRO EXPORTS PRIVATE LIMITED-AMRAVATIAG@PAYTM-300000004284,,75000.74,380324685.41,7692183427,HDFC
TXN00004340,26-07-2026,UPI/300000004285/Payment from/amravatica@okaxis/UTIB,,5573.25,380330258.66,S78457280,ICICI
TXN00004341,29/08/26,UPI-KOLHAPUR DISTRIBUTORS PRIVATE LIMITED-KOLHAPURDI@YBL-300000004286,,4208.70,380334467.36,3778554713,HDFC
TXN00004342,19-07-2026,RTGS/ICICR52024117776/ANANTAPUR FABRICATORS AND COMPANY-,,14518.00,380348985.36,S10558523,ICICI
TXN00004343,11-07-2026,UPI/300000004288/CPP/cuttackpri@ybl,,37286.10,380386271.46,S85205656,ICICI
TXN00004344,01-08-2026,BIL/ONL/300000004289/AEL,,3874.79,380390146.25,S49559148,ICICI
TXN00004345,18/08/26,NEFT CR-HDFC0002341-GODAVARI INDUSTRIES INDIA PRIVATE LIMITED-UTR300000004290,,12099.60,380402245.85,5025377659,HDFC
TXN00004346,05-08-2026,RTGS/ICICR52024117724/HALDIA FOODS PVT LTD,,59263.65,380461509.50,S10429835,ICICI
TXN00004347,24-06-2026,BIL/ONL/300000004292/HRL,,10081.40,380471590.90,S54947671,ICICI
TXN00004348,25-06-2026,UPI/300000004293/Payment from/chennaimet@ybl/ICIC,,9540.00,380481130.90,S71859019,ICICI
TXN00004349,30/06/26,RTGS-HDFC0004567-AMRAVATI AUTO COMPON-2675219046,,11460.40,380492591.30,7500223923,HDFC
TXN00004350,07/06/26,ACH C-SILIGURI FOO-300000004295,,16044.75,380508636.05,7482977595,HDFC
TXN00004351,25-08-2026,NEFT-ICICR52024560354-JODHPUR FERTILISERS,,25000.00,380533636.05,S65260503,ICICI
TXN00004352,22-08-2026,MMT/IMPS/300000004297/BHOPAL GARMENTS PRIVATE LIMITED/HDFC,,45281.50,380578917.55,S62457764,ICICI
TXN00004353,17/07/26,UPI-ANANTAPUR BE-ANANTAPURB@IBL-300000004298,,62500.00,380641417.55,9598622504,HDFC
TXN00004354,14/07/26,IMPS-300000004299-AMRAVATI AGRO EXPORTS PRIVATE LIMITED-ICIC,,52323.94,380693741.49,4104062198,HDFC
TXN00004355,28-06-2026,NEFT-ICICR52023081842-DEHRADUN MEDIA PVT LTD,,5223.50,380698964.99,S78687367,ICICI
TXN00004356,19-07-2026,UPI/3999463204/DFA/dehradunfa@ybl,,181219.00,380880183.99,S44373595,ICICI
TXN00004357,05/06/26,IMPS-300000004302-AMRAVATI CONTAINERS-SBIN/,,60000.00,380940183.99,3617915230,HDFC
TXN00004358,12/08/26,RTGS-HDFC0009812-ANANTAPURSOFTWARESERVICESPRIVATELIMITED-2917119095,,4644.80,380944828.79,4490158472,HDFC
TXN00004359,22/08/26,NEFT CR-HDFC0002341-JALANDHAR DI-UTR300000004304,,7602.00,380952430.79,3959149532,HDFC
TXN00004360,29/06/26,RTGS-HDFC0000123-GUNTUR TRADERS INDIA PRIVATE LIMITED-300000004305,,34000.00,380986430.79,5299156614,HDFC
TXN00004361,11/08/26,UPI-ANANTAPUR CONSTRUCTIONS PRIVATE LIMITED-ANANTAPURC@IBL-300000004306-PAYMENT FROM ACP,,177629.00,381164059.79,6348368982,HDFC
TXN00004362,15-08-2026,NEFT-ICICR52023081678-JAMNAGARTRANSPORTANDCOMPANY,,20398.20,381184457.99,S78347992,ICICI
TXN00004363,27/08/26,RTGS-HDFC0002341-AMRAVATI ELECTRICALS LLP-300000004308,,3217.10,381187675.09,2755080372,HDFC
TXN00004364,23-08-2026,BIL/ONL/4522575400/KPM,,11570.00,381199245.09,S39683175,ICICI
TXN00004365,22-06-2026,RTGS/ICICR52023994617/AMRAVATI AGRO EXPORTS PRIVATE LIMITED,,17051.00,381216296.09,S37395343,ICICI
TXN00004366,22/08/26,NEFT-HDFC0004567-SILIGURI SOFTWARE SERVICES PRIVATE LIMITED-300000004311,,15206.40,381231502.49,7178568950,HDFC
TXN00004367,06-06-2026,MMT/IMPS/300000004312/Gwalior Auto Components Pvt Ltd/KKBK,,54256.35,381285758.84,S61853758,ICICI
TXN00004368,07-07-2026,MMT/IMPS/300000004313/AMRAVATI AUTO COMPONENTS PVT LTD/HDFC,,54000.00,381339758.84,S82232344,ICICI
TXN00004369,30/06/26,IMPS-300000004314-JAMNAGARCOLDSTORAGEANDCOMPANY-AXIS,,131260.40,381471019.24,8553115295,HDFC
TXN00004370,19-06-2026,UPI/300000004315/Payment from/gwaliorcon@paytm/UTIB,,37200.00,381508219.24,S81310134,ICICI
TXN00004371,22-08-2026,UPI/300000004316/Payment from/anantapurp@ibl/SBIN,,15410.50,381523629.74,S31311109,ICICI
TXN00004372,06/06/26,RTGS-HDFC0000123-CHANDRAPUR FOODS-8602574807,,3967.75,381527597.49,5133823035,HDFC
TXN00004373,23-06-2026,BIL/ONL/3152920554/HRL,,81924.60,381609522.09,S67105376,ICICI
TXN00004374,30/06/26,NEFT-HDFC0004567-AMRAVATI AGRO EXPORTS PRIVATE LIMITED-300000004319,,85200.30,381694722.39,3742570653,HDFC
TXN00004375,14-06-2026,BIL/ONL/300000004320/SAE ,,6257.50,381700979.89,S22572280,ICICI
TXN00004376,21/08/26,ACH C-PANIPAT FERTILIS-300000004321,,25426.50,381726406.39,1866084404,HDFC
TXN00004377,03/06/26,IMPS-300000004322-MANGALORE REFRACTORIES LIMITED-UTIB,,101250.00,381827656.39,5911590663,HDFC
TXN00004378,20-07-2026,UPI/6943902301/Payment from/amravatiel@ybl/ICIC,,19491.00,381847147.39,S74821006,ICICI
TXN00004379,27-07-2026,RTGS/ICICR52024117319/HALDIA ENGINEERI,,187500.00,382034647.39,S79302655,ICICI
TXN00004380,26/07/26,RTGS-HDFC0004567-UDAIPUR  CABL-300000004325,,75000.15,382109647.54,8265411123,HDFC
TXN00004381,11/06/26,IMPS-300000004326-JODHPUR PACKAGING LLP-SBIN,,2971.80,382112619.34,9355004187,HDFC
TXN00004382,01-08-2026,NEFT-ICICR52023081721-KRISHNADISTRIBUTORSPRIVATELIMITED,,51200.00,382163819.34,S94540709,ICICI
TXN00004383,31/07/26,NEFT-HDFC0004567-KANPUR DIAGNOSTICS LIMITED-300000004328-,,143000.00,382306819.34,9693109179,HDFC
TXN00004384,11-07-2026,MMT/IMPS/300000004329/GWALIOR  GARMENTS PRIVATE LIMITED/UTIB,,25705.50,382332524.84,S99108697,ICICI
TXN00004385,14-07-2026,UPI/9855732305/GPI/gunturphar@ibl,,37545.34,382370070.18,S59403756,ICICI
TXN00004386,09/06/26,RTGS-HDFC0002341-BELGAUM INDUSTRIES INDIA PRIVATE  LIMITED-300000004331,,15120.00,382385190.18,4990473308,HDFC
TXN00004387,06-07-2026,RTGS/ICICR52024117972/SILIGURI TRANSPORT AND COMPANY,,3874.80,382389064.98,S99188881,ICICI
TXN00004388,26/08/26,IMPS-2924687156-CHANDRAPUR HANDICRAFTS LLP-UTIB,,58000.00,382447064.98,3542792462,HDFC
TXN00004389,18-07-2026,RTGS/ICICR52024560612/AMRAVATI ENGINEERING PVT LTD,,93750.56,382540815.54,S71564736,ICICI
TXN00004390,05-06-2026,MMT/IMPS/2699621418/BHAVNAGAR CONTAINERS/AXIS,,15156.50,382555972.04,S64918280,ICICI
TXN00004391,05/06/26,UPI-AMRAVATI CASTINGS P LTD-AMRAVATICA@OKHDFCBANK-8705743704-PAYMENT FROM ACL,,28731.60,382584703.64,3232986763,HDFC
TXN00004392,25-07-2026,BIL/ONL/5806967673/AAE,,21343.50,382606047.14,S96699185,ICICI
TXN00004393,10-08-2026,UPI/3211965193/CSL/calicutspi@okaxis,,24000.00,382630047.14,S84325518,ICICI
TXN00004394,17-06-2026,BIL/ONL/300000004339/JPP,,8080.00,382638127.14,S43893647,ICICI
TXN00004395,27-08-2026,BIL/ONL/3372438901/GPP,,53200.00,382691327.14,S30042282,ICICI
TXN00004396,11/08/26,NEFT CR-HDFC0004567-AMRAVATI AGRO EXPORTS PRIVATE LIMITED-UTR300000004341,,291995.40,382983322.54,4179839085,HDFC
TXN00004397,24-08-2026,NEFT-ICICR52024560251-ERNAKULAMFORGINGSLIMITED,,18000.00,383001322.54,S84935473,ICICI
TXN00004398,07-06-2026,NEFT-ICICR52024560836-GODAVARI INFRAPROJECTS AND COMPANY,,135255.61,383136578.15,S99840855,ICICI
TXN00004399,12-06-2026,NEFT-ICICR52024117511-AMRAVATI AGR,,18789.20,383155367.35,S73939541,ICICI
TXN00004400,16/08/26,RTGS-HDFC0004567-KAKINADA AUTO COMPONENTS PVT LTD-7364212538,,189550.00,383344917.35,1513019638,HDFC
TXN00004401,08-06-2026,MMT/IMPS/300000004346/Bhavnagar Distributo/ICIC,,96192.59,383441109.94,S65641967,ICICI
TXN00004402,13-08-2026,RTGS/ICICR52023994857/BELGAUM MOTORS PRIVATE LIMITED,,50000.38,383491110.32,S66117939,ICICI
TXN00004403,14-07-2026,UPI/4901196632/Payment from/varanasiho@okaxis/UTIB,,21749.16,383512859.48,S80534139,ICICI
TXN00004404,30/08/26,RTGS-HDFC0009812-ANANTAPUR CABLES PRIVATE LIMITED-300000004349,,33000.00,383545859.48,3330606469,HDFC
TXN00004405,22/08/26,RTGS-HDFC0004567-CHENNAI FABRICATORS AND COMPANY-1605209595,,25796.00,383571655.48,7302118652,HDFC
TXN00004406,03-08-2026,MMT/IMPS/300000004351/Amravati Pharmaceuticals India Private Limited/UTIB,,13324.70,383584980.18,S38302314,ICICI
TXN00004407,28-08-2026,NEFT-ICICR52023081651-Gandhinagar Motors,,74295.00,383659275.18,S83466425,ICICI
TXN00004408,06/07/26,IMPS-5326898528-CUTTACK LOGISTICS PRIVATE LIMITED-HDFC,,250000.50,383909275.68,7485160937,HDFC
TXN00004409,23-06-2026,NEFT/ICICR52023081928/COIMBATORE TRANSPORT,,41400.00,383950675.68,S63247016,ICICI
TXN00004410,25-07-2026,NEFT/ICICR52024560806/JODHPUR CONSTRUCTIONS PRIVATE LIMITED,,30000.30,383980675.98,S58033577,ICICI
TXN00004411,05/08/26,UPI-AMRAVATI AGRO EXPORTS PRIVATE LIMITED-AMRAVATIAG@YBL-300000004356-PAYMENT FROM AAE,,5739.75,383986415.73,9728622144,HDFC
TXN00004412,11-08-2026,RTGS/ICICR52024117545/AMRAVATI AGRO EXPORTS PRIVATE LIMITED,,15822.00,384002237.73,S55404171,ICICI
TXN00004413,05-07-2026,MMT/IMPS/300000004358/AMRAVATI CASTINGS LLP/KKBK,,20225.40,384022463.13,S19879307,ICICI
TXN00004414,18-08-2026,BIL/ONL/300000004359/JPA,,7161.00,384029624.13,S98904698,ICICI
TXN00004415,10-08-2026,MMT/IMPS/300000004360/JAMNAGAR TRADERS INDIA PRIVATE LIMITED/AXIS,,113900.00,384143524.13,S14158221,ICICI
TXN00004416,14-08-2026,RTGS/ICICR52024117855/narmada distributors p ltd ,,347046.45,384490570.58,S81503680,ICICI
TXN00004417,10-08-2026,RTGS/ICICR52023081818/MEERUT TEXTILES,,34109.20,384524679.78,S85365930,ICICI
TXN00004418,24/08/26,ACH C-AMRAVATI BEARINGS LIMITED-300000004363,,46138.69,384570818.47,7130329918,HDFC
TXN00004419,07-07-2026,NEFT/ICICR52023081817/SOLAPUR DIAGNOSTICS LIMITED,,4999.97,384575818.44,S86002581,ICICI
TXN00004420,06-07-2026,UPI/300000004365/Payment from/amravatiho@okhdfcbank/ICIC,,1514477.20,386090295.64,S92626998,ICICI
TXN00004421,12/08/26,IMPS-300000004366-AURANGABAD HOSPITALITY P LTD-ICIC,,85000.78,386175296.42,3283754684,HDFC
TXN00004422,21-08-2026,UPI/1010673789/BCI/bhopalchem@okhdfcbank,,114130.53,386289426.95,S27110470,ICICI
TXN00004423,07/06/26,NEFT-HDFC0002341-AURANGABAD FOODS PVT LTD-300000004368,,30000.47,386319427.42,8708981579,HDFC
TXN00004424,15-08-2026,RTGS/ICICR52024560601/anantapur transport and company,,36380.96,386355808.38,S31852936,ICICI
TXN00004425,21-07-2026,NEFT-ICICR52024560740-BHAVNAGAR HANDICRAFTS  LLP,,169000.80,386524809.18,S54776292,ICICI
TXN00004426,15/07/26,RTGS-HDFC0000123-KANPUR COLD STORAGE-7441792741,,114301.98,386639111.16,6261061689,HDFC
TXN00004427,25/07/26,UPI-KOLHAPURCASTINGSLLP-KOLHAPURCA@OKHDFCBANK-300000004372-PAYMENT FROM KCL,,17565.02,386656676.18,7277707984,HDFC
TXN00004428,14/08/26,IMPS-4383969199-KRISHNA AUTO COMPONENTS-HDFC,,31157.98,386687834.16,4644220313,HDFC
TXN00004429,07-06-2026,BIL/ONL/300000004374/ADP,,19520.73,386707354.89,S80325790,ICICI
TXN00004430,06-08-2026,NEFT-ICICR52023994355-CUTTACK PHARMACE-,,43035.52,386750390.41,S62879360,ICICI
TXN00004431,23-08-2026,MMT/IMPS/3143456848/Amravati Logistics P Ltd/ICIC,,250000.55,387000390.96,S31832294,ICICI
TXN00004432,26/08/26,NEFT CR-HDFC0009812-HALDIA METALS  LIMITED-UTR300000004377,,18343.01,387018733.97,9713264601,HDFC
TXN00004433,09/08/26,NEFT CR-HDFC0004567-BHOPAL TRADERS INDIA PVT-UTR300000004378,,96060.99,387114794.96,3650568277,HDFC
TXN00004434,28-08-2026,UPI/5121616077/Payment from/amravatibe@ibl/ICIC,,14445.95,387129240.91,S95946797,ICICI
TXN00004435,05-08-2026,BIL/ONL/300000004380/RCL,,24398.98,387153639.89,S74273563,ICICI
TXN00004436,28-07-2026,UPI/2865212139/Payment from/chennaicer@okhdfcbank/UTIB,,84932.47,387238572.36,S89147353,ICICI
TXN00004437,22/06/26,NEFT CR-HDFC0000123-RAIPUR TEXTI-UTR300000004382,,69807.51,387308379.87,8174857655,HDFC
TXN00004438,24/08/26,UPI-AMRAVATIELECTRICALSLLP-AMRAVATIEL@APL-300000004383,,15822.02,387324201.89,4755200762,HDFC
TXN00004439,07/08/26,UPI-AMRAVATI SOFTWAR-AMRAVATISO@OKAXIS-300000004384-PAYMENT FROM ASS,,10191.98,387334393.87,8254626034,HDFC
TXN00004440,02-06-2026,NEFT/ICICR52024117928/amravati agro exports private limited,,31467.01,387365860.88,S59932998,ICICI
TXN00004441,03-06-2026,NEFT/ICICR52024117586/AMRAVATI  BEARING,,30000.28,387395861.16,S10071311,ICICI
TXN00004442,13-06-2026,MMT/IMPS/7701688002/Meerut Printers Pvt Ltd/KKBK,,50827.95,387446689.11,S72276027,ICICI
TXN00004443,14-07-2026,NEFT-ICICR52023994103-Ernakulam Cold Storage And Company,,13078.05,387459767.16,S36294400,ICICI
TXN00004444,26/06/26,ACH C-AURANGABAD FABRICATORS AND COMPANY-300000004389,,106507.97,387566275.13,3282018495,HDFC
TXN00004445,10-07-2026,UPI/9463092044/ABL/amravatibe@okhdfcbank,,12474.97,387578750.10,S73763524,ICICI
TXN00004446,12-06-2026,UPI/300000004391/KEL/kanpurelec@paytm,,32325.95,387611076.05,S93720546,ICICI
TXN00004447,07/06/26,IMPS-3477598629-HOSUR AGRO EXPORTS PRIVATE LIMITED-ICIC,,10808.98,387621885.03,4846928954,HDFC
TXN00004448,25-08-2026,UPI/6740991390/ACP/amravatica@paytm,,272000.05,387893885.08,S37659106,ICICI
TXN00004449,13-08-2026,NEFT-ICICR52024560620-BHAVNAGAR GARMENTS,,211999.95,388105885.03,S10462528,ICICI
TXN00004450,03/07/26,UPI-INDORE SOFTWARE SERVICES PRIVATE LIMITED-INDORESOFT@YBL-4201311402,,5706.95,388111591.98,5334991670,HDFC
TXN00004451,24-07-2026,MMT/IMPS/4905174155/Gandhinagar Phar/AXIS,,150000.02,388261592.00,S72506335,ICICI
TXN00004452,18/08/26,UPI-CHANDRAPUR SOFTWARE SERVICES-CHANDRAPUR@IBL-300000004397-PAYMENT FROM CSS,,9991.00,388271583.00,6167882177,HDFC
TXN00004453,18-06-2026,MMT/IMPS/300000004398/AMRAVATI CERAMICS PVT LTD/KKBK,,19999.97,388291582.97,S68291562,ICICI
TXN00004454,24/08/26,IMPS-300000004399-ANANTAPUR CHEMICALS INDIA PRIVATE LIMITED-ICIC,,173000.27,388464583.24,2314209066,HDFC
TXN00004455,10-07-2026,UPI/4935079925/Payment from/bhilaichem@ybl/AXIS,,23040.49,388487623.73,S69554633,ICICI
TXN00004456,13/06/26,RTGS-HDFC0000123-AMRAVATI ELECTRI-300000004401,,19248.99,388506872.72,6350597238,HDFC
TXN00004457,28-08-2026,BIL/ONL/300000004402/AEI,,50000.02,388556872.74,S65702237,ICICI
TXN00004458,04-06-2026,RTGS/ICICR52023081447/CHENNAISPINNERSLLP,,203000.02,388759872.76,S38688995,ICICI
TXN00004459,10/06/26,RTGS-HDFC0002341-DEHRADUN CONSTRUCTIONS PRIVATE LIMITED-5347163571,,5000.80,388764873.56,7323126309,HDFC
TXN00004460,25-07-2026,BIL/ONL/2497794859/CHL,,55472.02,388820345.58,S72076637,ICICI
TXN00004461,04/08/26,RTGS-HDFC0002341-GODAVARI ENTERPRIS-300000004406,,72837.53,388893183.11,5148748104,HDFC
TXN00004462,19-06-2026,NEFT/ICICR52024560104/Aurangabad Infraprojects And Company,,38944.52,388932127.63,S79889181,ICICI
TXN00004463,26-07-2026,UPI/300000004408/ACS/amravatico@apl,,10000.26,388942127.89,S31230283,ICICI
TXN00004464,28/08/26,UPI-AMRAVATI CERAMICS PVT LTD-AMRAVATICE@PAYTM-7706752276-PAYMENT FROM ACP,,7159.98,388949287.87,6575457911,HDFC
TXN00004465,12/07/26,UPI-BHOPAL PRINTERS-BHOPALPRIN@APL-3799738289-PAYMENT FROM BPP,,14188.45,388963476.32,6257186943,HDFC
TXN00004466,28-08-2026,BIL/ONL/300000004411/CDL,,13966.97,388977443.29,S76443831,ICICI
TXN00004467,10/06/26,NEFT CR-HDFC0002341-AURANGABAD  REFRACTORIES LIMITED-UTR300000004412,,25114.76,389002558.05,6141992083,HDFC
TXN00004468,24/08/26,NEFT CR-HDFC0004567-CALICUT CABLES PRIVATE LIMITED-UTR8866734488/,,19794.03,389022352.08,6869158743,HDFC
TXN00004469,03/07/26,UPI-AMRAVATI DISTRIBUTORS-AMRAVATIDI@IBL-300000004414,,21856.98,389044209.06,4125237318,HDFC
TXN00004470,04/07/26,UPI-CUTTACK TRANSPORT AND COMPANY-CUTTACKTRA@IBL-300000004415-PAYMENT FROM CTA,,25000.48,389069209.54,2409351952,HDFC
TXN00004471,24-08-2026,RTGS/ICICR52024117910/AURANGABAD CERAMICS PVT LTD,,47804.05,389117013.59,S84196381,ICICI
TXN00004472,11-08-2026,UPI/1898634366/BCL/bhavnagarc@okaxis,,150999.97,389268013.56,S68769007,ICICI
TXN00004473,15/07/26,NEFT-HDFC0004567-KRISHNACABLESPRIVATELIMITED-3249055670,,9250.03,389277263.59,6787918052,HDFC
TXN00004474,15/08/26,ACH C-CHANDRAPUR  C-300000004419,,17258.01,389294521.60,2914421894,HDFC
TXN00004475,22/07/26,NEFT-HDFC0002341-GODAVARI METALS LIMITED-300000004420,,13095.48,389307617.08,8692671877,HDFC
TXN00004476,17-06-2026,NEFT-ICICR52023081792-TIRUPUR COLD STORAGE AND COMPANY,,9784.97,389317402.05,S90367091,ICICI
TXN00004477,12/07/26,NEFT CR-HDFC0004567-AURANGABAD FOODS PVT-UTR300000004422,,29838.99,389347241.04,5710495026,HDFC
TXN00004478,21-07-2026,NEFT/ICICR52024117349/Kakinada Fabricators And Company,,29253.05,389376494.09,S23677286,ICICI
TXN00004479,27/06/26,ACH C-SALEMMOTORSPRIVATELIMITED-300000004424,,180583.99,389557078.08,7732115563,HDFC
TXN00004480,09/08/26,ACH C-ANANTAPUR FA-300000004425,,14999.95,389572078.03,6963142974,HDFC
TXN00004481,21/08/26,IMPS-300000004426-TRICHY FABRICATORS A-AXIS,,46186.80,389618264.83,1738231752,HDFC
TXN00004482,24-08-2026,RTGS/ICICR52023994439/BHAVNAGAR INFRAPROJECTS AND COMPANY,,21024.01,389639288.84,S88718095,ICICI
TXN00004483,27-06-2026,NEFT/ICICR52024560959/JALANDHAR FORGIN,,106000.03,389745288.87,S39831482,ICICI
TXN00004484,24-07-2026,MMT/IMPS/5563188159/chandrapur garments private limited/KKBK,,250000.02,389995288.89,S14717902,ICICI
TXN00004485,02/07/26,RTGS-HDFC0000123-CHANDRAPUR HANDI-300000004430,,31904.99,390027193.88,8563636775,HDFC
TXN00004486,07/06/26,NEFT CR-HDFC0000123-AMRAVATI MOTORS PR-UTR300000004431,,98479.73,390125673.61,6831225933,HDFC
TXN00004487,10/08/26,IMPS-7046782500-BHOPAL LOGISTICS PRIVATE  LIMITED-HDFC/,,32941.49,390158615.10,8273679093,HDFC
TXN00004488,29/07/26,IMPS-300000004433-TIRUPUR HOSPITALITY PVT-HDFC,,53279.05,390211894.15,3743654484,HDFC
TXN00004489,23/08/26,NEFT-HDFC0004567-COIMBATORE MOTORS PVT-300000004434/ ,,3283.05,390215177.20,9969648132,HDFC
TXN00004490,11-08-2026,UPI/9935803593/Payment from/chennaimet@okhdfcbank/HDFC,,36693.02,390251870.22,S32518618,ICICI
TXN00004491,17-08-2026,NEFT-ICICR52023994313-Gwalior Cold Sto,,25846.95,390277717.17,S56016931,ICICI
TXN00004492,04/08/26,ACH C-DEHRADUN DISTRIBUTORS PRIVATE LIMITED-300000004437,,137999.99,390415717.16,1565200957,HDFC
TXN00004493,06/06/26,RTGS-HDFC0000123-NAGPUR PAPER-6764808876,,13314.98,390429032.14,9928801335,HDFC
TXN00004494,07/07/26,NEFT CR-HDFC0004567-CHANDRAPURTRANSPORTANDCOMPANY-UTR300000004439,,5008.01,390434040.15,1435156483,HDFC
TXN00004495,24-06-2026,RTGS/ICICR52023994901/SOLAPUR CABLES PRIVATE LIMITED,,136000.01,390570040.16,S35067406,ICICI
TXN00004496,12-07-2026,UPI/300000004441/Payment from/amravatifa@ybl/HDFC,,50000.05,390620040.21,S28992819,ICICI
TXN00004497,16/06/26,NEFT-HDFC0009812-SILIGURI PAPER MILLS PVT-9513750155,,52949.03,390672989.24,7353859402,HDFC
TXN00004498,24/07/26,IMPS-8458967702-DEHRADUN  AUTO COMPONENTS-KKBK,,72062.95,390745052.19,2832595767,HDFC
TXN00004499,16-08-2026,NEFT/ICICR52023081369/coimbatore pharmaceuticals india private limited,,124798.05,390869850.24,S17546607,ICICI
TXN00004500,25/07/26,NEFT CR-HDFC0004567-AMRAVATI CHEMICALS-UTR300000004445,,264000.45,391133850.69,7353626425,HDFC
TXN00004501,23/07/26,IMPS-4990274017-BELGAUM INDUSTRIES INDIA PVT-KKBK,,104000.05,391237850.74,9367152604,HDFC
TXN00004502,17-07-2026,NEFT-ICICR52023081402-JALANDHAR METALS LIMITED,,20022.99,391257873.73,S33861512,ICICI
TXN00004503,08/06/26,NEFT CR-HDFC0004567-BHILAI  CONSTRUCTIONS PRIVATE LIMITED-UTR300000004448,,24892.03,391282765.76,5027801885,HDFC
TXN00004504,04/06/26,UPI-GANDHINAGAR  PAPER MILLS PVT LTD-GANDHINAGA@OKHDFCBANK-4475875335,,23617.98,391306383.74,1609114205,HDFC
TXN00004505,20-07-2026,MMT/IMPS/7023813197/Belgaum Motors Private Limited/SBIN,,30000.02,391336383.76,S40160989,ICICI
TXN00004506,07-06-2026,NEFT-ICICR52024117875-HOSUR SOFTWARE  SERVICES PRIVATE LIMITED-,,155000.03,391491383.79,S48993873,ICICI
TXN00004507,09-08-2026,BIL/ONL/300000004452/ECL,,45961.95,391537345.74,S21027654,ICICI
TXN00004508,20-07-2026,UPI/300000004453/Payment from/anantapurh@ibl/UTIB,,24797.02,391562142.76,S23667165,ICICI
TXN00004509,21-06-2026,RTGS/ICICR52023081857/Aurangabad Auto Components Pvt Ltd,,23389.01,391585531.77,S33689033,ICICI
TXN00004510,12/07/26,NEFT-HDFC0002341-JAMNAGAR PLASTICS  AN-5084586761,,269000.01,391854531.78,6185730980,HDFC
TXN00004511,08/06/26,UPI-CALICUT TRADERS IN-CALICUTTRA@OKAXIS-3640464540-PAYMENT FROM CTI,,19059.03,391873590.81,4457269535,HDFC
TXN00004512,28-07-2026,UPI/300000004457/AFP/anantapurf@ybl,,29280.20,391902871.01,S16794166,ICICI
TXN00004513,13-07-2026,NEFT-ICICR52024117908-BELGAUM POLYMERS PRI,,120809.98,392023680.99,S86519128,ICICI
TXN00004514,03-06-2026,NEFT/ICICR52024117829/bhilai handicrafts,,28273.05,392051954.04,S99937587,ICICI
TXN00004515,24/07/26,NEFT-HDFC0000123-AMRAVATICASTINGSLLP-2595244263,,65039.02,392116993.06,5075679269,HDFC
TXN00004516,16/08/26,NEFT-HDFC0004567-GANDHINAGAR POLYMERS-300000004461,,17263.05,392134256.11,7346818039,HDFC
TXN00004517,30-07-2026,NEFT-ICICR52023081225-KAKINADA BEARINGS LIMITED,,124999.99,392259256.10,S23325665,ICICI
TXN00004518,18-06-2026,UPI/300000004463/GCP/gwaliorcon@okhdfcbank,,46758.80,392306014.90,S29584417,ICICI
TXN00004519,28-08-2026,NEFT-ICICR52023994589-amravati motors,,26560.02,392332574.92,S71076313,ICICI
TXN00004520,27-06-2026,NEFT/ICICR52023994258/hosur plastics and company,,82416.02,392414990.94,S15854060,ICICI
TXN00004521,27-08-2026,MMT/IMPS/300000004466/CALICUT ELECTRICALS LLP/KKBK,,7132.78,392422123.72,S25236198,ICICI
TXN00004522,29-08-2026,RTGS/ICICR52023994643/HALDIA AGRO EXPORTS PRIVATE LIMITED,,61377.45,392483501.17,S55864764,ICICI
TXN00004523,21-08-2026,UPI/300000004468/Payment from/indoremoto@okaxis/ICIC,,249999.98,392733501.15,S26505383,ICICI
TXN00004524,12-06-2026,RTGS/ICICR52024117884/HALDIA ENGINEERING/ ,,16258.26,392749759.41,S63950224,ICICI
TXN00004525,04/08/26,UPI-BELGAUM DIST-BELGAUMDIS@IBL-4046765338-PAYMENT FROM BDP,,22822.01,392772581.42,2316552920,HDFC
TXN00004526,08-06-2026,NEFT-ICICR52023994901-HALDIAGARMENTSPRIVATELIMITED/,,74999.98,392847581.40,S21956820,ICICI
TXN00004527,24-08-2026,UPI/300000004472/Payment from/dehraduntr@okhdfcbank/UTIB,,15000.94,392862582.34,S72142911,ICICI
TXN00004528,13/07/26,UPI-TRICHY FERTILISERS PRIVATE LIMITED-TRICHYFERT@OKHDFCBANK-300000004473,,68074.01,392930656.35,7045034676,HDFC
