entity_id,type,payment_id,order_id,order_receipt,settlement_id,settlement_utr,amount,fee,tax,debit,credit,net_amount,currency,method,created_at,settled_at
pay_000000000001,payment,pay_000000000001,order_000000000001,INV-2026-000001,setl_000000000001,300000000001,12939300,258786,46581,0,12633933,12633933,INR,upi,1783337400,1783337400
pay_000000000002,payment,pay_000000000002,order_000000000002,INV-2026-000002,setl_000000000001,300000000001,35578575,711572,128083,0,34738920,34738920,INR,upi,1783164600,1783337400
pay_000000000003,payment,pay_000000000003,order_000000000003,INV-2026-000003,setl_000000000002,300000000002,17938900,358778,64580,0,17515542,17515542,INR,card,1784979000,1784979000
pay_000000000004,payment,pay_000000000004,order_000000000004,INV-2026-000004,setl_000000000002,300000000002,40129000,802580,144464,0,39181956,39181956,INR,upi,1784979000,1784979000
pay_000000000005,payment,pay_000000000005,order_000000000005,INV-2026-000005,setl_000000000002,300000000002,20019100,400382,72069,0,19546649,19546649,INR,netbanking,1784892600,1784979000
pay_000000000006,payment,pay_000000000006,order_000000000006,INV-2026-000006,setl_000000000003,300000000003,45528600,910572,163903,0,44454125,44454125,INR,netbanking,1782732600,1782819000
pay_000000000007,payment,pay_000000000007,order_000000000007,INV-2026-000007,setl_000000000003,300000000003,23871775,477436,85938,0,23308401,23308401,INR,card,1782732600,1782819000
pay_000000000008,payment,pay_000000000008,order_000000000008,INV-2026-000008,setl_000000000004,300000000004,44289799,885796,159443,0,43244560,43244560,INR,card,1783855800,1783855800
pay_000000000009,payment,pay_000000000009,order_000000000009,INV-2026-000009,setl_000000000004,300000000004,43186100,863722,155470,0,42166908,42166908,INR,wallet,1783769400,1783855800
pay_000000000010,payment,pay_000000000010,order_000000000010,INV-2026-000010,setl_000000000004,300000000004,14137300,282746,50894,0,13803660,13803660,INR,netbanking,1783855800,1783855800
pay_000000000011,payment,pay_000000000011,order_000000000011,INV-2026-000011,setl_000000000005,300000000005,7352525,147051,26469,0,7179005,7179005,INR,upi,1782646200,1782732600
pay_000000000012,payment,pay_000000000012,order_000000000012,INV-2026-000012,setl_000000000005,300000000005,39724700,794494,143009,0,38787197,38787197,INR,card,1782732600,1782732600
pay_000000000013,payment,pay_000000000013,order_000000000013,INV-2026-000013,setl_000000000005,300000000005,32996200,659924,118786,0,32217490,32217490,INR,wallet,1782559800,1782732600
pay_000000000014,payment,pay_000000000014,order_000000000014,INV-2026-000014,setl_000000000005,300000000005,31369000,627380,112928,0,30628692,30628692,INR,wallet,1782646200,1782732600
pay_000000000015,payment,pay_000000000015,order_000000000015,INV-2026-000015,setl_000000000005,300000000005,31341750,626835,112830,0,30602085,30602085,INR,netbanking,1782559800,1782732600
pay_000000000016,payment,pay_000000000016,order_000000000016,INV-2026-000016,setl_000000000006,300000000006,26716125,534323,96178,0,26085624,26085624,INR,card,1787311800,1787311800
pay_000000000017,payment,pay_000000000017,order_000000000017,INV-2026-000017,setl_000000000006,300000000006,19703899,394078,70934,0,19238887,19238887,INR,upi,1787311800,1787311800
pay_000000000018,payment,pay_000000000018,order_000000000018,INV-2026-000018,setl_000000000006,300000000006,31501900,630038,113407,0,30758455,30758455,INR,upi,1787225400,1787311800
pay_000000000019,payment,pay_000000000019,order_000000000019,INV-2026-000019,setl_000000000006,300000000006,5965000,119300,21474,0,5824226,5824226,INR,card,1787225400,1787311800
pay_000000000020,payment,pay_000000000020,order_000000000020,INV-2026-000020,setl_000000000007,300000000007,23770800,475416,85575,0,23209809,23209809,INR,card,1786015800,1786015800
pay_000000000021,payment,pay_000000000021,order_000000000021,INV-2026-000021,setl_000000000007,300000000007,3456800,69136,12444,0,3375220,3375220,INR,card,1786015800,1786015800
pay_000000000022,payment,pay_000000000022,order_000000000022,INV-2026-000022,setl_000000000007,300000000007,30951200,619024,111424,0,30220752,30220752,INR,upi,1786015800,1786015800
pay_000000000023,payment,pay_000000000023,order_000000000023,INV-2026-000023,setl_000000000007,300000000007,37211275,744226,133961,0,36333088,36333088,INR,card,1786015800,1786015800
pay_000000000024,payment,pay_000000000024,order_000000000024,INV-2026-000024,setl_000000000008,300000000008,22699400,453988,81718,0,22163694,22163694,INR,wallet,1787484600,1787571000
pay_000000000025,payment,pay_000000000025,order_000000000025,INV-2026-000025,setl_000000000008,300000000008,24585599,491712,88508,0,24005379,24005379,INR,upi,1787398200,1787571000
pay_000000000026,payment,pay_000000000026,order_000000000026,INV-2026-000026,setl_000000000009,300000000009,5233200,104664,18840,0,5109696,5109696,INR,upi,1786188600,1786361400
pay_000000000027,payment,pay_000000000027,order_000000000027,INV-2026-000027,setl_000000000009,300000000009,4989699,99794,17963,0,4871942,4871942,INR,card,1786361400,1786361400
pay_000000000028,payment,pay_000000000028,order_000000000028,INV-2026-000028,setl_000000000009,300000000009,21407850,428157,77068,0,20902625,20902625,INR,card,1786275000,1786361400
pay_000000000029,payment,pay_000000000029,order_000000000029,INV-2026-000029,setl_000000000009,300000000009,45432550,908651,163557,0,44360342,44360342,INR,card,1786361400,1786361400
pay_000000000030,payment,pay_000000000030,order_000000000030,INV-2026-000030,setl_000000000009,300000000009,19969100,399382,71889,0,19497829,19497829,INR,netbanking,1786275000,1786361400
pay_000000000031,payment,pay_000000000031,order_000000000031,INV-2026-000031,setl_000000000010,300000000010,4300199,86004,15481,0,4198714,4198714,INR,upi,1785929400,1785929400
pay_000000000032,payment,pay_000000000032,order_000000000032,INV-2026-000032,setl_000000000010,300000000010,31296900,625938,112669,0,30558293,30558293,INR,card,1785756600,1785929400
pay_000000000033,payment,pay_000000000033,order_000000000033,INV-2026-000033,setl_000000000010,300000000010,21269400,425388,76570,0,20767442,20767442,INR,card,1785756600,1785929400
pay_000000000034,payment,pay_000000000034,order_000000000034,INV-2026-000034,setl_000000000011,300000000011,588350,11767,2118,0,574465,574465,INR,upi,1780918200,1781091000
pay_000000000035,payment,pay_000000000035,order_000000000035,INV-2026-000035,setl_000000000011,300000000011,3940925,78819,14187,0,3847919,3847919,INR,netbanking,1781091000,1781091000
pay_000000000036,payment,pay_000000000036,order_000000000036,INV-2026-000036,setl_000000000011,300000000011,7044500,140890,25360,0,6878250,6878250,INR,card,1781091000,1781091000
pay_000000000037,payment,pay_000000000037,order_000000000037,INV-2026-000037,setl_000000000011,300000000011,19473800,389476,70106,0,19014218,19014218,INR,wallet,1781091000,1781091000
pay_000000000038,payment,pay_000000000038,order_000000000038,INV-2026-000038,setl_000000000011,300000000011,43812225,876245,157724,0,42778256,42778256,INR,netbanking,1780918200,1781091000
pay_000000000039,payment,pay_000000000039,order_000000000039,INV-2026-000039,setl_000000000012,300000000012,13265999,265320,47758,0,12952921,12952921,INR,upi,1785670200,1785670200
pay_000000000040,payment,pay_000000000040,order_000000000040,INV-2026-000040,setl_000000000012,300000000012,33354750,667095,120077,0,32567578,32567578,INR,upi,1785583800,1785670200
pay_000000000041,payment,pay_000000000041,order_000000000041,INV-2026-000041,setl_000000000012,300000000012,285800,5716,1029,0,279055,279055,INR,netbanking,1785670200,1785670200
pay_000000000042,payment,pay_000000000042,order_000000000042,INV-2026-000042,setl_000000000012,300000000012,8571575,171432,30858,0,8369285,8369285,INR,wallet,1785583800,1785670200
pay_000000000043,payment,pay_000000000043,order_000000000043,INV-2026-000043,setl_000000000013,300000000013,13182575,263652,47457,0,12871466,12871466,INR,netbanking,1787830200,1787830200
pay_000000000044,payment,pay_000000000044,order_000000000044,INV-2026-000044,setl_000000000013,300000000013,41000525,820011,147602,0,40032912,40032912,INR,card,1787743800,1787830200
pay_000000000045,payment,pay_000000000045,order_000000000045,INV-2026-000045,setl_000000000013,300000000013,48636600,972732,175092,0,47488776,47488776,INR,card,1787830200,1787830200
pay_000000000046,payment,pay_000000000046,order_000000000046,INV-2026-000046,setl_000000000013,300000000013,46311550,926231,166722,0,45218597,45218597,INR,card,1787830200,1787830200
pay_000000000047,payment,pay_000000000047,order_000000000047,INV-2026-000047,setl_000000000014,300000000014,11787600,235752,42435,0,11509413,11509413,INR,card,1782646200,1782819000
pay_000000000048,payment,pay_000000000048,order_000000000048,INV-2026-000048,setl_000000000014,300000000014,20991000,419820,75568,0,20495612,20495612,INR,upi,1782732600,1782819000
pay_000000000049,payment,pay_000000000049,order_000000000049,INV-2026-000049,setl_000000000014,300000000014,40644500,812890,146320,0,39685290,39685290,INR,wallet,1782732600,1782819000
pay_000000000050,payment,pay_000000000050,order_000000000050,INV-2026-000050,setl_000000000014,300000000014,35726399,714528,128615,0,34883256,34883256,INR,netbanking,1782646200,1782819000
pay_000000000051,payment,pay_000000000051,order_000000000051,INV-2026-000051,setl_000000000015,300000000015,10065600,201312,36236,0,9828052,9828052,INR,wallet,1786620600,1786620600
pay_000000000052,payment,pay_000000000052,order_000000000052,INV-2026-000052,setl_000000000015,300000000015,188625,3773,679,0,184173,184173,INR,card,1786447800,1786620600
pay_000000000053,payment,pay_000000000053,order_000000000053,INV-2026-000053,setl_000000000015,300000000015,19195650,383913,69104,0,18742633,18742633,INR,netbanking,1786620600,1786620600
pay_000000000054,payment,pay_000000000054,order_000000000054,INV-2026-000054,setl_000000000015,300000000015,32771200,655424,117976,0,31997800,31997800,INR,upi,1786447800,1786620600
pay_000000000055,payment,pay_000000000055,order_000000000055,INV-2026-000055,setl_000000000015,300000000015,37835800,756716,136209,0,36942875,36942875,INR,netbanking,1786447800,1786620600
pay_000000000056,payment,pay_000000000056,order_000000000056,INV-2026-000056,setl_000000000016,300000000016,23281975,465640,83815,0,22732520,22732520,INR,wallet,1785151800,1785151800
pay_000000000057,payment,pay_000000000057,order_000000000057,INV-2026-000057,setl_000000000016,300000000016,41714599,834292,150173,0,40730134,40730134,INR,card,1784979000,1785151800
pay_000000000058,payment,pay_000000000058,order_000000000058,INV-2026-000058,setl_000000000016,300000000016,34642700,692854,124714,0,33825132,33825132,INR,netbanking,1785065400,1785151800
pay_000000000059,payment,pay_000000000059,order_000000000059,INV-2026-000059,setl_000000000016,300000000016,4996199,99924,17986,0,4878289,4878289,INR,netbanking,1785151800,1785151800
pay_000000000060,payment,pay_000000000060,order_000000000060,INV-2026-000060,setl_000000000017,300000000017,34496375,689928,124187,0,33682260,33682260,INR,upi,1781868600,1781868600
pay_000000000061,payment,pay_000000000061,order_000000000061,INV-2026-000061,setl_000000000017,300000000017,40911650,818233,147282,0,39946135,39946135,INR,card,1781868600,1781868600
pay_000000000062,payment,pay_000000000062,order_000000000062,INV-2026-000062,setl_000000000017,300000000017,42258575,845172,152131,0,41261272,41261272,INR,wallet,1781695800,1781868600
pay_000000000063,payment,pay_000000000063,order_000000000063,INV-2026-000063,setl_000000000017,300000000017,2732825,54657,9838,0,2668330,2668330,INR,upi,1781868600,1781868600
pay_000000000064,payment,pay_000000000064,order_000000000064,INV-2026-000064,setl_000000000017,300000000017,24031700,480634,86514,0,23464552,23464552,INR,netbanking,1781782200,1781868600
pay_000000000065,payment,pay_000000000065,order_000000000065,INV-2026-000065,setl_000000000018,300000000018,14496850,289937,52189,0,14154724,14154724,INR,netbanking,1782905400,1782905400
pay_000000000066,payment,pay_000000000066,order_000000000066,INV-2026-000066,setl_000000000018,300000000018,12394200,247884,44619,0,12101697,12101697,INR,netbanking,1782819000,1782905400
pay_000000000067,payment,pay_000000000067,order_000000000067,INV-2026-000067,setl_000000000018,300000000018,46920325,938407,168913,0,45813005,45813005,INR,card,1782905400,1782905400
pay_000000000068,payment,pay_000000000068,order_000000000068,INV-2026-000068,setl_000000000018,300000000018,8007800,160156,28828,0,7818816,7818816,INR,card,1782819000,1782905400
pay_000000000069,payment,pay_000000000069,order_000000000069,INV-2026-000069,setl_000000000018,300000000018,37136700,742734,133692,0,36260274,36260274,INR,wallet,1782905400,1782905400
pay_000000000070,payment,pay_000000000070,order_000000000070,INV-2026-000070,setl_000000000019,300000000019,14409650,288193,51875,0,14069582,14069582,INR,upi,1782646200,1782732600
pay_000000000071,payment,pay_000000000071,order_000000000071,INV-2026-000071,setl_000000000019,300000000019,20487300,409746,73754,0,20003800,20003800,INR,wallet,1782559800,1782732600
pay_000000000072,payment,pay_000000000072,order_000000000072,INV-2026-000072,setl_000000000019,300000000019,38067900,761358,137044,0,37169498,37169498,INR,card,1782646200,1782732600
pay_000000000073,payment,pay_000000000073,order_000000000073,INV-2026-000073,setl_000000000020,300000000020,40010350,800207,144037,0,39066106,39066106,INR,wallet,1783942200,1784028600
pay_000000000074,payment,pay_000000000074,order_000000000074,INV-2026-000074,setl_000000000020,300000000020,13326299,266526,47975,0,13011798,13011798,INR,wallet,1784028600,1784028600
pay_000000000075,payment,pay_000000000075,order_000000000075,INV-2026-000075,setl_000000000020,300000000020,1116275,22326,4019,0,1089930,1089930,INR,upi,1783855800,1784028600
pay_000000000076,payment,pay_000000000076,order_000000000076,INV-2026-000076,setl_000000000020,300000000020,18448000,368960,66413,0,18012627,18012627,INR,upi,1783855800,1784028600
pay_000000000077,payment,pay_000000000077,order_000000000077,INV-2026-000077,setl_000000000020,300000000020,41059175,821184,147813,0,40090178,40090178,INR,upi,1784028600,1784028600
pay_000000000078,payment,pay_000000000078,order_000000000078,INV-2026-000078,setl_000000000021,300000000021,5767425,115349,20763,0,5631313,5631313,INR,netbanking,1783683000,1783683000
pay_000000000079,payment,pay_000000000079,order_000000000079,INV-2026-000079,setl_000000000021,300000000021,30288375,605768,109038,0,29573569,29573569,INR,wallet,1783596600,1783683000
pay_000000000080,payment,pay_000000000080,order_000000000080,INV-2026-000080,setl_000000000021,300000000021,49460175,989204,178057,0,48292914,48292914,INR,upi,1783683000,1783683000
pay_000000000081,payment,pay_000000000081,order_000000000081,INV-2026-000081,setl_000000000022,300000000022,43213850,864277,155570,0,42194003,42194003,INR,wallet,1784892600,1784892600
pay_000000000082,payment,pay_000000000082,order_000000000082,INV-2026-000082,setl_000000000022,300000000022,19089075,381782,68721,0,18638572,18638572,INR,card,1784806200,1784892600
pay_000000000083,payment,pay_000000000083,order_000000000083,INV-2026-000083,setl_000000000023,300000000023,35132350,702647,126476,0,34303227,34303227,INR,upi,1786966200,1787052600
pay_000000000084,payment,pay_000000000084,order_000000000084,INV-2026-000084,setl_000000000023,300000000023,26015899,520318,93657,0,25401924,25401924,INR,card,1786966200,1787052600
pay_000000000085,payment,pay_000000000085,order_000000000085,INV-2026-000085,setl_000000000023,300000000023,25661600,513232,92382,0,25055986,25055986,INR,netbanking,1786966200,1787052600
pay_000000000086,payment,pay_000000000086,order_000000000086,INV-2026-000086,setl_000000000023,300000000023,17943500,358870,64597,0,17520033,17520033,INR,netbanking,1786879800,1787052600
pay_000000000087,payment,pay_000000000087,order_000000000087,INV-2026-000087,setl_000000000023,300000000023,29239400,584788,105262,0,28549350,28549350,INR,card,1786879800,1787052600
pay_000000000088,payment,pay_000000000088,order_000000000088,INV-2026-000088,setl_000000000024,300000000024,17442900,348858,62794,0,17031248,17031248,INR,wallet,1786188600,1786361400
pay_000000000089,payment,pay_000000000089,order_000000000089,INV-2026-000089,setl_000000000024,300000000024,14303800,286076,51494,0,13966230,13966230,INR,card,1786275000,1786361400
pay_000000000090,payment,pay_000000000090,order_000000000090,INV-2026-000090,setl_000000000024,300000000024,6425875,128518,23133,0,6274224,6274224,INR,netbanking,1786361400,1786361400
pay_000000000091,payment,pay_000000000091,order_000000000091,INV-2026-000091,setl_000000000024,300000000024,6368175,127364,22926,0,6217885,6217885,INR,card,1786188600,1786361400
pay_000000000092,payment,pay_000000000092,order_000000000092,INV-2026-000092,setl_000000000025,300000000025,29111900,582238,104803,0,28424859,28424859,INR,card,1780659000,1780831800
pay_000000000093,payment,pay_000000000093,order_000000000093,INV-2026-000093,setl_000000000025,300000000025,33542799,670856,120754,0,32751189,32751189,INR,upi,1780745400,1780831800
pay_000000000094,payment,pay_000000000094,order_000000000094,INV-2026-000094,setl_000000000026,300000000026,42627225,852545,153458,0,41621222,41621222,INR,upi,1781868600,1781955000
pay_000000000095,payment,pay_000000000095,order_000000000095,INV-2026-000095,setl_000000000026,300000000026,13112300,262246,47204,0,12802850,12802850,INR,wallet,1781782200,1781955000
pay_000000000096,payment,pay_000000000096,order_000000000096,INV-2026-000096,setl_000000000027,300000000027,4356500,87130,15683,0,4253687,4253687,INR,card,1787571000,1787571000
pay_000000000097,payment,pay_000000000097,order_000000000097,INV-2026-000097,setl_000000000027,300000000027,29040200,580804,104545,0,28354851,28354851,INR,upi,1787571000,1787571000
pay_000000000098,payment,pay_000000000098,order_000000000098,INV-2026-000098,setl_000000000027,300000000027,21518050,430361,77465,0,21010224,21010224,INR,wallet,1787398200,1787571000
pay_000000000099,payment,pay_000000000099,order_000000000099,INV-2026-000099,setl_000000000028,300000000028,11886475,237730,42791,0,11605954,11605954,INR,netbanking,1786275000,1786275000
pay_000000000100,payment,pay_000000000100,order_000000000100,INV-2026-000100,setl_000000000028,300000000028,43439200,868784,156381,0,42414035,42414035,INR,upi,1786275000,1786275000
pay_000000000101,payment,pay_000000000101,order_000000000101,INV-2026-000101,setl_000000000028,300000000028,8799199,175984,31677,0,8591538,8591538,INR,netbanking,1786188600,1786275000
pay_000000000102,payment,pay_000000000102,order_000000000102,INV-2026-000102,setl_000000000028,300000000028,23124200,462484,83247,0,22578469,22578469,INR,netbanking,1786188600,1786275000
pay_000000000103,payment,pay_000000000103,order_000000000103,INV-2026-000103,setl_000000000028,300000000028,36786150,735723,132430,0,35917997,35917997,INR,wallet,1786188600,1786275000
pay_000000000104,payment,pay_000000000104,order_000000000104,INV-2026-000104,setl_000000000029,300000000029,24767725,495355,89164,0,24183206,24183206,INR,wallet,1782041400,1782214200
pay_000000000105,payment,pay_000000000105,order_000000000105,INV-2026-000105,setl_000000000029,300000000029,48128500,962570,173263,0,46992667,46992667,INR,wallet,1782214200,1782214200
pay_000000000106,payment,pay_000000000106,order_000000000106,INV-2026-000106,setl_000000000030,300000000030,16589700,331794,59723,0,16198183,16198183,INR,upi,1781177400,1781263800
pay_000000000107,payment,pay_000000000107,order_000000000107,INV-2026-000107,setl_000000000030,300000000030,40603750,812075,146174,0,39645501,39645501,INR,upi,1781091000,1781263800
pay_000000000108,payment,pay_000000000108,order_000000000108,INV-2026-000108,setl_000000000031,300000000031,32022499,640450,115281,0,31266768,31266768,INR,card,1787225400,1787225400
pay_000000000109,payment,pay_000000000109,order_000000000109,INV-2026-000109,setl_000000000031,300000000031,16392225,327845,59012,0,16005368,16005368,INR,wallet,1787225400,1787225400
pay_000000000110,payment,pay_000000000110,order_000000000110,INV-2026-000110,setl_000000000032,300000000032,26746475,534930,96287,0,26115258,26115258,INR,upi,1786879800,1786879800
pay_000000000111,payment,pay_000000000111,order_000000000111,INV-2026-000111,setl_000000000032,300000000032,14583399,291668,52500,0,14239231,14239231,INR,netbanking,1786793400,1786879800
pay_000000000112,payment,pay_000000000112,order_000000000112,INV-2026-000112,setl_000000000032,300000000032,49081599,981632,176694,0,47923273,47923273,INR,netbanking,1786707000,1786879800
pay_000000000113,payment,pay_000000000113,order_000000000113,INV-2026-000113,setl_000000000033,300000000033,2388300,47766,8598,0,2331936,2331936,INR,wallet,1784633400,1784806200
pay_000000000114,payment,pay_000000000114,order_000000000114,INV-2026-000114,setl_000000000033,300000000033,37074299,741486,133467,0,36199346,36199346,INR,wallet,1784719800,1784806200
pay_000000000115,payment,pay_000000000115,order_000000000115,INV-2026-000115,setl_000000000033,300000000033,34896499,697930,125627,0,34072942,34072942,INR,card,1784633400,1784806200
pay_000000000116,payment,pay_000000000116,order_000000000116,INV-2026-000116,setl_000000000033,300000000033,26069400,521388,93850,0,25454162,25454162,INR,netbanking,1784806200,1784806200
pay_000000000117,payment,pay_000000000117,order_000000000117,INV-2026-000117,setl_000000000033,300000000033,45697300,913946,164510,0,44618844,44618844,INR,upi,1784719800,1784806200
pay_000000000118,payment,pay_000000000118,order_000000000118,INV-2026-000118,setl_000000000034,300000000034,32962375,659248,118665,0,32184462,32184462,INR,upi,1783683000,1783769400
pay_000000000119,payment,pay_000000000119,order_000000000119,INV-2026-000119,setl_000000000034,300000000034,32472600,649452,116901,0,31706247,31706247,INR,netbanking,1783769400,1783769400
pay_000000000120,payment,pay_000000000120,order_000000000120,INV-2026-000120,setl_000000000034,300000000034,12026875,240538,43297,0,11743040,11743040,INR,wallet,1783769400,1783769400
pay_000000000121,payment,pay_000000000121,order_000000000121,INV-2026-000121,setl_000000000034,300000000034,5261299,105226,18941,0,5137132,5137132,INR,upi,1783596600,1783769400
pay_000000000122,payment,pay_000000000122,order_000000000122,INV-2026-000122,setl_000000000034,300000000034,23361500,467230,84101,0,22810169,22810169,INR,netbanking,1783596600,1783769400
pay_000000000123,payment,pay_000000000123,order_000000000123,INV-2026-000123,setl_000000000035,300000000035,33544500,670890,120760,0,32752850,32752850,INR,netbanking,1785324600,1785411000
pay_000000000124,payment,pay_000000000124,order_000000000124,INV-2026-000124,setl_000000000035,300000000035,35061600,701232,126222,0,34234146,34234146,INR,netbanking,1785324600,1785411000
pay_000000000125,payment,pay_000000000125,order_000000000125,INV-2026-000125,setl_000000000035,300000000035,35626325,712527,128255,0,34785543,34785543,INR,upi,1785411000,1785411000
pay_000000000126,payment,pay_000000000126,order_000000000126,INV-2026-000126,setl_000000000036,300000000036,36762300,735246,132344,0,35894710,35894710,INR,wallet,1783510200,1783510200
pay_000000000127,payment,pay_000000000127,order_000000000127,INV-2026-000127,setl_000000000036,300000000036,14490600,289812,52166,0,14148622,14148622,INR,upi,1783337400,1783510200
pay_000000000128,payment,pay_000000000128,order_000000000128,INV-2026-000128,setl_000000000036,300000000036,47842525,956851,172233,0,46713441,46713441,INR,wallet,1783337400,1783510200
pay_000000000129,payment,pay_000000000129,order_000000000129,INV-2026-000129,setl_000000000036,300000000036,43764700,875294,157553,0,42731853,42731853,INR,netbanking,1783510200,1783510200
pay_000000000130,payment,pay_000000000130,order_000000000130,INV-2026-000130,setl_000000000037,300000000037,9308500,186170,33511,0,9088819,9088819,INR,netbanking,1784892600,1784892600
pay_000000000131,payment,pay_000000000131,order_000000000131,INV-2026-000131,setl_000000000037,300000000037,27931925,558639,100555,0,27272731,27272731,INR,card,1784806200,1784892600
pay_000000000132,payment,pay_000000000132,order_000000000132,INV-2026-000132,setl_000000000037,300000000037,13572699,271454,48862,0,13252383,13252383,INR,netbanking,1784806200,1784892600
pay_000000000133,payment,pay_000000000133,order_000000000133,INV-2026-000133,setl_000000000037,300000000037,39241299,784826,141269,0,38315204,38315204,INR,upi,1784806200,1784892600
pay_000000000134,payment,pay_000000000134,order_000000000134,INV-2026-000134,setl_000000000038,300000000038,13844825,276897,49841,0,13518087,13518087,INR,netbanking,1787657400,1787743800
pay_000000000135,payment,pay_000000000135,order_000000000135,INV-2026-000135,setl_000000000038,300000000038,5780475,115610,20810,0,5644055,5644055,INR,wallet,1787743800,1787743800
pay_000000000136,payment,pay_000000000136,order_000000000136,INV-2026-000136,setl_000000000038,300000000038,1412025,28241,5083,0,1378701,1378701,INR,netbanking,1787571000,1787743800
pay_000000000137,payment,pay_000000000137,order_000000000137,INV-2026-000137,setl_000000000038,300000000038,48085725,961715,173109,0,46950901,46950901,INR,upi,1787743800,1787743800
pay_000000000138,payment,pay_000000000138,order_000000000138,INV-2026-000138,setl_000000000039,300000000039,35252775,705056,126910,0,34420809,34420809,INR,wallet,1784201400,1784374200
pay_000000000139,payment,pay_000000000139,order_000000000139,INV-2026-000139,setl_000000000039,300000000039,30893575,617872,111217,0,30164486,30164486,INR,card,1784201400,1784374200
pay_000000000140,payment,pay_000000000140,order_000000000140,INV-2026-000140,setl_000000000039,300000000039,46521150,930423,167476,0,45423251,45423251,INR,upi,1784201400,1784374200
pay_000000000141,payment,pay_000000000141,order_000000000141,INV-2026-000141,setl_000000000039,300000000039,43809550,876191,157714,0,42775645,42775645,INR,wallet,1784201400,1784374200
pay_000000000142,payment,pay_000000000142,order_000000000142,INV-2026-000142,setl_000000000039,300000000039,49333400,986668,177600,0,48169132,48169132,INR,netbanking,1784374200,1784374200
pay_000000000143,payment,pay_000000000143,order_000000000143,INV-2026-000143,setl_000000000040,300000000040,41360325,827207,148897,0,40384221,40384221,INR,upi,1781695800,1781695800
pay_000000000144,payment,pay_000000000144,order_000000000144,INV-2026-000144,setl_000000000040,300000000040,43606399,872128,156983,0,42577288,42577288,INR,card,1781523000,1781695800
pay_000000000145,payment,pay_000000000145,order_000000000145,INV-2026-000145,setl_000000000040,300000000040,30843300,616866,111036,0,30115398,30115398,INR,netbanking,1781695800,1781695800
pay_000000000146,payment,pay_000000000146,order_000000000146,INV-2026-000146,setl_000000000040,300000000040,40699200,813984,146517,0,39738699,39738699,INR,upi,1781523000,1781695800
pay_000000000147,payment,pay_000000000147,order_000000000147,INV-2026-000147,setl_000000000041,300000000041,14012900,280258,50446,0,13682196,13682196,INR,wallet,1782214200,1782214200
pay_000000000148,payment,pay_000000000148,order_000000000148,INV-2026-000148,setl_000000000041,300000000041,27682000,553640,99655,0,27028705,27028705,INR,upi,1782041400,1782214200
pay_000000000149,payment,pay_000000000149,order_000000000149,INV-2026-000149,setl_000000000041,300000000041,25069050,501381,90249,0,24477420,24477420,INR,upi,1782127800,1782214200
pay_000000000150,payment,pay_000000000150,order_000000000150,INV-2026-000150,setl_000000000041,300000000041,23798125,475963,85673,0,23236489,23236489,INR,upi,1782214200,1782214200
pay_000000000151,payment,pay_000000000151,order_000000000151,INV-2026-000151,setl_000000000042,300000000042,7876900,157538,28357,0,7691005,7691005,INR,netbanking,1786966200,1786966200
pay_000000000152,payment,pay_000000000152,order_000000000152,INV-2026-000152,setl_000000000042,300000000042,32832275,656646,118196,0,32057433,32057433,INR,netbanking,1786793400,1786966200
pay_000000000153,payment,pay_000000000153,order_000000000153,INV-2026-000153,setl_000000000043,300000000043,21795700,435914,78465,0,21281321,21281321,INR,wallet,1782732600,1782819000
pay_000000000154,payment,pay_000000000154,order_000000000154,INV-2026-000154,setl_000000000043,300000000043,21909875,438198,78876,0,21392801,21392801,INR,netbanking,1782819000,1782819000
pay_000000000155,payment,pay_000000000155,order_000000000155,INV-2026-000155,setl_000000000043,300000000043,22474700,449494,80909,0,21944297,21944297,INR,netbanking,1782646200,1782819000
pay_000000000156,payment,pay_000000000156,order_000000000156,INV-2026-000156,setl_000000000043,300000000043,19724100,394482,71007,0,19258611,19258611,INR,wallet,1782646200,1782819000
pay_000000000157,payment,pay_000000000157,order_000000000157,INV-2026-000157,setl_000000000043,300000000043,3619700,72394,13031,0,3534275,3534275,INR,upi,1782819000,1782819000
pay_000000000158,payment,pay_000000000158,order_000000000158,INV-2026-000158,setl_000000000044,300000000044,18536300,370726,66731,0,18098843,18098843,INR,card,1783510200,1783683000
pay_000000000159,payment,pay_000000000159,order_000000000159,INV-2026-000159,setl_000000000044,300000000044,8212375,164248,29565,0,8018562,8018562,INR,card,1783596600,1783683000
pay_000000000160,payment,pay_000000000160,order_000000000160,INV-2026-000160,setl_000000000044,300000000044,44521600,890432,160278,0,43470890,43470890,INR,netbanking,1783596600,1783683000
pay_000000000161,payment,pay_000000000161,order_000000000161,INV-2026-000161,setl_000000000044,300000000044,6123299,122466,22044,0,5978789,5978789,INR,card,1783596600,1783683000
pay_000000000162,payment,pay_000000000162,order_000000000162,INV-2026-000162,setl_000000000045,300000000045,45705800,914116,164541,0,44627143,44627143,INR,wallet,1782127800,1782300600
pay_000000000163,payment,pay_000000000163,order_000000000163,INV-2026-000163,setl_000000000045,300000000045,3748200,74964,13494,0,3659742,3659742,INR,upi,1782127800,1782300600
pay_000000000164,payment,pay_000000000164,order_000000000164,INV-2026-000164,setl_000000000045,300000000045,4910775,98216,17679,0,4794880,4794880,INR,card,1782127800,1782300600
pay_000000000165,payment,pay_000000000165,order_000000000165,INV-2026-000165,setl_000000000045,300000000045,19823450,396469,71364,0,19355617,19355617,INR,netbanking,1782214200,1782300600
pay_000000000166,payment,pay_000000000166,order_000000000166,INV-2026-000166,setl_000000000046,300000000046,11402099,228042,41048,0,11133009,11133009,INR,upi,1783078200,1783251000
pay_000000000167,payment,pay_000000000167,order_000000000167,INV-2026-000167,setl_000000000046,300000000046,18196950,363939,65509,0,17767502,17767502,INR,netbanking,1783251000,1783251000
pay_000000000168,payment,pay_000000000168,order_000000000168,INV-2026-000168,setl_000000000046,300000000046,35658175,713164,128370,0,34816641,34816641,INR,wallet,1783078200,1783251000
pay_000000000169,payment,pay_000000000169,order_000000000169,INV-2026-000169,setl_000000000046,300000000046,27726575,554532,99816,0,27072227,27072227,INR,upi,1783164600,1783251000
pay_000000000170,payment,pay_000000000170,order_000000000170,INV-2026-000170,setl_000000000046,300000000046,11661550,233231,41982,0,11386337,11386337,INR,upi,1783078200,1783251000
pay_000000000171,payment,pay_000000000171,order_000000000171,INV-2026-000171,setl_000000000047,300000000047,22970400,459408,82693,0,22428299,22428299,INR,upi,1780659000,1780745400
pay_000000000172,payment,pay_000000000172,order_000000000172,INV-2026-000172,setl_000000000047,300000000047,45299300,905986,163077,0,44230237,44230237,INR,wallet,1780572600,1780745400
pay_000000000173,payment,pay_000000000173,order_000000000173,INV-2026-000173,setl_000000000047,300000000047,30162650,603253,108586,0,29450811,29450811,INR,wallet,1780572600,1780745400
pay_000000000174,payment,pay_000000000174,order_000000000174,INV-2026-000174,setl_000000000047,300000000047,15278900,305578,55004,0,14918318,14918318,INR,upi,1780659000,1780745400
pay_000000000175,payment,pay_000000000175,order_000000000175,INV-2026-000175,setl_000000000047,300000000047,17127200,342544,61658,0,16722998,16722998,INR,wallet,1780572600,1780745400
pay_000000000176,payment,pay_000000000176,order_000000000176,INV-2026-000176,setl_000000000048,300000000048,10266199,205324,36958,0,10023917,10023917,INR,netbanking,1785843000,1785929400
pay_000000000177,payment,pay_000000000177,order_000000000177,INV-2026-000177,setl_000000000048,300000000048,38235699,764714,137649,0,37333336,37333336,INR,card,1785756600,1785929400
pay_000000000178,payment,pay_000000000178,order_000000000178,INV-2026-000178,setl_000000000049,300000000049,23284475,465690,83824,0,22734961,22734961,INR,netbanking,1785411000,1785497400
pay_000000000179,payment,pay_000000000179,order_000000000179,INV-2026-000179,setl_000000000049,300000000049,31107400,622148,111987,0,30373265,30373265,INR,upi,1785411000,1785497400
pay_000000000180,payment,pay_000000000180,order_000000000180,INV-2026-000180,setl_000000000049,300000000049,16374350,327487,58948,0,15987915,15987915,INR,upi,1785411000,1785497400
pay_000000000181,payment,pay_000000000181,order_000000000181,INV-2026-000181,setl_000000000049,300000000049,3082600,61652,11097,0,3009851,3009851,INR,upi,1785411000,1785497400
pay_000000000182,payment,pay_000000000182,order_000000000182,INV-2026-000182,setl_000000000049,300000000049,33899099,677982,122037,0,33099080,33099080,INR,wallet,1785497400,1785497400
pay_000000000183,payment,pay_000000000183,order_000000000183,INV-2026-000183,setl_000000000050,300000000050,37550700,751014,135183,0,36664503,36664503,INR,card,1783855800,1784028600
pay_000000000184,payment,pay_000000000184,order_000000000184,INV-2026-000184,setl_000000000050,300000000050,2152100,43042,7748,0,2101310,2101310,INR,wallet,1783855800,1784028600
pay_000000000185,payment,pay_000000000185,order_000000000185,INV-2026-000185,setl_000000000051,300000000051,38044499,760890,136960,0,37146649,37146649,INR,card,1782905400,1783078200
pay_000000000186,payment,pay_000000000186,order_000000000186,INV-2026-000186,setl_000000000051,300000000051,17577700,351554,63280,0,17162866,17162866,INR,card,1782905400,1783078200
pay_000000000187,payment,pay_000000000187,order_000000000187,INV-2026-000187,setl_000000000051,300000000051,48163900,963278,173390,0,47027232,47027232,INR,wallet,1782991800,1783078200
pay_000000000188,payment,pay_000000000188,order_000000000188,INV-2026-000188,setl_000000000051,300000000051,6860725,137215,24699,0,6698811,6698811,INR,upi,1782905400,1783078200
pay_000000000189,payment,pay_000000000189,order_000000000189,INV-2026-000189,setl_000000000051,300000000051,16331025,326621,58792,0,15945612,15945612,INR,netbanking,1782991800,1783078200
pay_000000000190,payment,pay_000000000190,order_000000000190,INV-2026-000190,setl_000000000052,300000000052,8223500,164470,29605,0,8029425,8029425,INR,upi,1781695800,1781782200
pay_000000000191,payment,pay_000000000191,order_000000000191,INV-2026-000191,setl_000000000052,300000000052,26717599,534352,96183,0,26087064,26087064,INR,upi,1781609400,1781782200
pay_000000000192,payment,pay_000000000192,order_000000000192,INV-2026-000192,setl_000000000052,300000000052,34804100,696082,125295,0,33982723,33982723,INR,card,1781609400,1781782200
pay_000000000193,payment,pay_000000000193,order_000000000193,INV-2026-000193,setl_000000000053,300000000053,16325099,326502,58770,0,15939827,15939827,INR,card,1782819000,1782905400
pay_000000000194,payment,pay_000000000194,order_000000000194,INV-2026-000194,setl_000000000053,300000000053,19385475,387710,69788,0,18927977,18927977,INR,wallet,1782732600,1782905400
pay_000000000195,payment,pay_000000000195,order_000000000195,INV-2026-000195,setl_000000000053,300000000053,24305399,486108,87499,0,23731792,23731792,INR,wallet,1782819000,1782905400
pay_000000000196,payment,pay_000000000196,order_000000000196,INV-2026-000196,setl_000000000054,300000000054,40109200,802184,144393,0,39162623,39162623,INR,wallet,1781091000,1781177400
pay_000000000197,payment,pay_000000000197,order_000000000197,INV-2026-000197,setl_000000000054,300000000054,47564125,951283,171231,0,46441611,46441611,INR,wallet,1781177400,1781177400
pay_000000000198,payment,pay_000000000198,order_000000000198,INV-2026-000198,setl_000000000055,300000000055,16808200,336164,60510,0,16411526,16411526,INR,netbanking,1780399800,1780572600
pay_000000000199,payment,pay_000000000199,order_000000000199,INV-2026-000199,setl_000000000055,300000000055,41591100,831822,149728,0,40609550,40609550,INR,upi,1780572600,1780572600
pay_000000000200,payment,pay_000000000200,order_000000000200,INV-2026-000200,setl_000000000055,300000000055,15140799,302816,54507,0,14783476,14783476,INR,card,1780486200,1780572600
pay_000000000201,payment,pay_000000000201,order_000000000201,INV-2026-000201,setl_000000000055,300000000055,39885175,797704,143587,0,38943884,38943884,INR,wallet,1780486200,1780572600
pay_000000000202,payment,pay_000000000202,order_000000000202,INV-2026-000202,setl_000000000056,300000000056,43966550,879331,158280,0,42928939,42928939,INR,upi,1781350200,1781523000
pay_000000000203,payment,pay_000000000203,order_000000000203,INV-2026-000203,setl_000000000056,300000000056,33232625,664653,119638,0,32448334,32448334,INR,card,1781350200,1781523000
pay_000000000204,payment,pay_000000000204,order_000000000204,INV-2026-000204,setl_000000000056,300000000056,37772400,755448,135981,0,36880971,36880971,INR,wallet,1781436600,1781523000
pay_000000000205,payment,pay_000000000205,order_000000000205,INV-2026-000205,setl_000000000056,300000000056,182025,3641,655,0,177729,177729,INR,card,1781436600,1781523000
pay_000000000206,payment,pay_000000000206,order_000000000206,INV-2026-000206,setl_000000000056,300000000056,30019250,600385,108069,0,29310796,29310796,INR,upi,1781523000,1781523000
pay_000000000207,payment,pay_000000000207,order_000000000207,INV-2026-000207,setl_000000000057,300000000057,38644999,772900,139122,0,37732977,37732977,INR,card,1786620600,1786707000
pay_000000000208,payment,pay_000000000208,order_000000000208,INV-2026-000208,setl_000000000057,300000000057,2424400,48488,8728,0,2367184,2367184,INR,netbanking,1786534200,1786707000
pay_000000000209,payment,pay_000000000209,order_000000000209,INV-2026-000209,setl_000000000058,300000000058,42850725,857015,154263,0,41839447,41839447,INR,netbanking,1784547000,1784633400
pay_000000000210,payment,pay_000000000210,order_000000000210,INV-2026-000210,setl_000000000058,300000000058,2019999,40400,7272,0,1972327,1972327,INR,card,1784460600,1784633400
pay_000000000211,payment,pay_000000000211,order_000000000211,INV-2026-000211,setl_000000000058,300000000058,15100400,302008,54361,0,14744031,14744031,INR,netbanking,1784633400,1784633400
pay_000000000212,payment,pay_000000000212,order_000000000212,INV-2026-000212,setl_000000000058,300000000058,14424400,288488,51928,0,14083984,14083984,INR,wallet,1784547000,1784633400
pay_000000000213,payment,pay_000000000213,order_000000000213,INV-2026-000213,setl_000000000059,300000000059,4297900,85958,15472,0,4196470,4196470,INR,netbanking,1781263800,1781436600
pay_000000000214,payment,pay_000000000214,order_000000000214,INV-2026-000214,setl_000000000059,300000000059,16169250,323385,58209,0,15787656,15787656,INR,wallet,1781263800,1781436600
pay_000000000215,payment,pay_000000000215,order_000000000215,INV-2026-000215,setl_000000000059,300000000059,8836975,176740,31813,0,8628422,8628422,INR,netbanking,1781350200,1781436600
pay_000000000216,payment,pay_000000000216,order_000000000216,INV-2026-000216,setl_000000000059,300000000059,23542400,470848,84753,0,22986799,22986799,INR,netbanking,1781263800,1781436600
pay_000000000217,payment,pay_000000000217,order_000000000217,INV-2026-000217,setl_000000000060,300000000060,19306100,386122,69502,0,18850476,18850476,INR,upi,1787311800,1787398200
pay_000000000218,payment,pay_000000000218,order_000000000218,INV-2026-000218,setl_000000000060,300000000060,31824300,636486,114567,0,31073247,31073247,INR,wallet,1787225400,1787398200
pay_000000000219,payment,pay_000000000219,order_000000000219,INV-2026-000219,setl_000000000061,300000000061,37011850,740237,133243,0,36138370,36138370,INR,netbanking,1783164600,1783164600
pay_000000000220,payment,pay_000000000220,order_000000000220,INV-2026-000220,setl_000000000061,300000000061,36484550,729691,131344,0,35623515,35623515,INR,upi,1783164600,1783164600
pay_000000000221,payment,pay_000000000221,order_000000000221,INV-2026-000221,setl_000000000062,300000000062,12511799,250236,45042,0,12216521,12216521,INR,upi,1781695800,1781782200
pay_000000000222,payment,pay_000000000222,order_000000000222,INV-2026-000222,setl_000000000062,300000000062,19021325,380427,68477,0,18572421,18572421,INR,netbanking,1781609400,1781782200
pay_000000000223,payment,pay_000000000223,order_000000000223,INV-2026-000223,setl_000000000062,300000000062,24605599,492112,88580,0,24024907,24024907,INR,card,1781609400,1781782200
pay_000000000224,payment,pay_000000000224,order_000000000224,INV-2026-000224,setl_000000000063,300000000063,22781625,455633,82014,0,22243978,22243978,INR,upi,1781695800,1781695800
pay_000000000225,payment,pay_000000000225,order_000000000225,INV-2026-000225,setl_000000000063,300000000063,27263400,545268,98148,0,26619984,26619984,INR,card,1781609400,1781695800
pay_000000000226,payment,pay_000000000226,order_000000000226,INV-2026-000226,setl_000000000063,300000000063,8591700,171834,30930,0,8388936,8388936,INR,card,1781523000,1781695800
pay_000000000227,payment,pay_000000000227,order_000000000227,INV-2026-000227,setl_000000000064,300000000064,8184200,163684,29463,0,7991053,7991053,INR,netbanking,1786534200,1786707000
pay_000000000228,payment,pay_000000000228,order_000000000228,INV-2026-000228,setl_000000000064,300000000064,44272825,885457,159382,0,43227986,43227986,INR,upi,1786707000,1786707000
pay_000000000229,payment,pay_000000000229,order_000000000229,INV-2026-000229,setl_000000000064,300000000064,4358400,87168,15690,0,4255542,4255542,INR,netbanking,1786534200,1786707000
pay_000000000230,payment,pay_000000000230,order_000000000230,INV-2026-000230,setl_000000000065,300000000065,21890550,437811,78806,0,21373933,21373933,INR,card,1785065400,1785151800
pay_000000000231,payment,pay_000000000231,order_000000000231,INV-2026-000231,setl_000000000065,300000000065,17935825,358717,64569,0,17512539,17512539,INR,netbanking,1785151800,1785151800
pay_000000000232,payment,pay_000000000232,order_000000000232,INV-2026-000232,setl_000000000066,300000000066,15315450,306309,55136,0,14954005,14954005,INR,wallet,1780659000,1780831800
pay_000000000233,payment,pay_000000000233,order_000000000233,INV-2026-000233,setl_000000000066,300000000066,13116599,262332,47220,0,12807047,12807047,INR,netbanking,1780831800,1780831800
pay_000000000234,payment,pay_000000000234,order_000000000234,INV-2026-000234,setl_000000000066,300000000066,49055425,981109,176600,0,47897716,47897716,INR,netbanking,1780659000,1780831800
pay_000000000235,payment,pay_000000000235,order_000000000235,INV-2026-000235,setl_000000000067,300000000067,14851150,297023,53464,0,14500663,14500663,INR,wallet,1780659000,1780831800
pay_000000000236,payment,pay_000000000236,order_000000000236,INV-2026-000236,setl_000000000067,300000000067,15081425,301629,54293,0,14725503,14725503,INR,upi,1780831800,1780831800
pay_000000000237,payment,pay_000000000237,order_000000000237,INV-2026-000237,setl_000000000067,300000000067,22693000,453860,81695,0,22157445,22157445,INR,netbanking,1780745400,1780831800
pay_000000000238,payment,pay_000000000238,order_000000000238,INV-2026-000238,setl_000000000067,300000000067,40148050,802961,144533,0,39200556,39200556,INR,upi,1780745400,1780831800
pay_000000000239,payment,pay_000000000239,order_000000000239,INV-2026-000239,setl_000000000068,300000000068,29346400,586928,105647,0,28653825,28653825,INR,card,1784028600,1784028600
pay_000000000240,payment,pay_000000000240,order_000000000240,INV-2026-000240,setl_000000000068,300000000068,31686425,633729,114071,0,30938625,30938625,INR,upi,1783942200,1784028600
pay_000000000241,payment,pay_000000000241,order_000000000241,INV-2026-000241,setl_000000000068,300000000068,2475200,49504,8911,0,2416785,2416785,INR,netbanking,1784028600,1784028600
pay_000000000242,payment,pay_000000000242,order_000000000242,INV-2026-000242,setl_000000000068,300000000068,42250950,845019,152103,0,41253828,41253828,INR,wallet,1783855800,1784028600
pay_000000000243,payment,pay_000000000243,order_000000000243,INV-2026-000243,setl_000000000068,300000000068,7908725,158175,28472,0,7722078,7722078,INR,card,1783855800,1784028600
pay_000000000244,payment,pay_000000000244,order_000000000244,INV-2026-000244,setl_000000000069,300000000069,19412500,388250,69885,0,18954365,18954365,INR,upi,1780313400,1780486200
pay_000000000245,payment,pay_000000000245,order_000000000245,INV-2026-000245,setl_000000000069,300000000069,21938725,438775,78980,0,21420970,21420970,INR,upi,1780399800,1780486200
pay_000000000246,payment,pay_000000000246,order_000000000246,INV-2026-000246,setl_000000000069,300000000069,31395250,627905,113023,0,30654322,30654322,INR,card,1780399800,1780486200
pay_000000000247,payment,pay_000000000247,order_000000000247,INV-2026-000247,setl_000000000069,300000000069,37922100,758442,136520,0,37027138,37027138,INR,wallet,1780313400,1780486200
pay_000000000248,payment,pay_000000000248,order_000000000248,INV-2026-000248,setl_000000000069,300000000069,9039725,180795,32543,0,8826387,8826387,INR,wallet,1780313400,1780486200
pay_000000000249,payment,pay_000000000249,order_000000000249,INV-2026-000249,setl_000000000070,300000000070,29506600,590132,106224,0,28810244,28810244,INR,wallet,1782387000,1782559800
pay_000000000250,payment,pay_000000000250,order_000000000250,INV-2026-000250,setl_000000000070,300000000070,27650150,553003,99541,0,26997606,26997606,INR,card,1782473400,1782559800
pay_000000000251,payment,pay_000000000251,order_000000000251,INV-2026-000251,setl_000000000070,300000000070,24199625,483993,87119,0,23628513,23628513,INR,netbanking,1782473400,1782559800
pay_000000000252,payment,pay_000000000252,order_000000000252,INV-2026-000252,setl_000000000071,300000000071,29485699,589714,106149,0,28789836,28789836,INR,netbanking,1783942200,1784115000
pay_000000000253,payment,pay_000000000253,order_000000000253,INV-2026-000253,setl_000000000071,300000000071,15188400,303768,54678,0,14829954,14829954,INR,wallet,1783942200,1784115000
pay_000000000254,payment,pay_000000000254,order_000000000254,INV-2026-000254,setl_000000000071,300000000071,47063650,941273,169429,0,45952948,45952948,INR,card,1784028600,1784115000
pay_000000000255,payment,pay_000000000255,order_000000000255,INV-2026-000255,setl_000000000071,300000000071,15328000,306560,55181,0,14966259,14966259,INR,upi,1784028600,1784115000
pay_000000000256,payment,pay_000000000256,order_000000000256,INV-2026-000256,setl_000000000072,300000000072,11931675,238634,42954,0,11650087,11650087,INR,upi,1786102200,1786102200
pay_000000000257,payment,pay_000000000257,order_000000000257,INV-2026-000257,setl_000000000072,300000000072,5353250,107065,19272,0,5226913,5226913,INR,wallet,1786015800,1786102200
pay_000000000258,payment,pay_000000000258,order_000000000258,INV-2026-000258,setl_000000000073,300000000073,47979500,959590,172726,0,46847184,46847184,INR,card,1780572600,1780659000
pay_000000000259,payment,pay_000000000259,order_000000000259,INV-2026-000259,setl_000000000073,300000000073,49064400,981288,176632,0,47906480,47906480,INR,wallet,1780572600,1780659000
pay_000000000260,payment,pay_000000000260,order_000000000260,INV-2026-000260,setl_000000000073,300000000073,9868075,197362,35525,0,9635188,9635188,INR,upi,1780572600,1780659000
pay_000000000261,payment,pay_000000000261,order_000000000261,INV-2026-000261,setl_000000000074,300000000074,34088800,681776,122720,0,33284304,33284304,INR,card,1785151800,1785324600
pay_000000000262,payment,pay_000000000262,order_000000000262,INV-2026-000262,setl_000000000074,300000000074,838475,16770,3019,0,818686,818686,INR,netbanking,1785238200,1785324600
pay_000000000263,payment,pay_000000000263,order_000000000263,INV-2026-000263,setl_000000000074,300000000074,29868075,597362,107525,0,29163188,29163188,INR,card,1785324600,1785324600
pay_000000000264,payment,pay_000000000264,order_000000000264,INV-2026-000264,setl_000000000075,300000000075,37999825,759997,136799,0,37103029,37103029,INR,netbanking,1786707000,1786707000
pay_000000000265,payment,pay_000000000265,order_000000000265,INV-2026-000265,setl_000000000075,300000000075,34371800,687436,123738,0,33560626,33560626,INR,card,1786534200,1786707000
pay_000000000266,payment,pay_000000000266,order_000000000266,INV-2026-000266,setl_000000000075,300000000075,3357175,67144,12086,0,3277945,3277945,INR,wallet,1786707000,1786707000
pay_000000000267,payment,pay_000000000267,order_000000000267,INV-2026-000267,setl_000000000075,300000000075,16185400,323708,58267,0,15803425,15803425,INR,netbanking,1786620600,1786707000
pay_000000000268,payment,pay_000000000268,order_000000000268,INV-2026-000268,setl_000000000076,300000000076,35769599,715392,128771,0,34925436,34925436,INR,upi,1782819000,1782991800
pay_000000000269,payment,pay_000000000269,order_000000000269,INV-2026-000269,setl_000000000076,300000000076,27651650,553033,99546,0,26999071,26999071,INR,netbanking,1782819000,1782991800
pay_000000000270,payment,pay_000000000270,order_000000000270,INV-2026-000270,setl_000000000076,300000000076,4194825,83897,15101,0,4095827,4095827,INR,upi,1782991800,1782991800
pay_000000000271,payment,pay_000000000271,order_000000000271,INV-2026-000271,setl_000000000077,300000000077,24049325,480987,86578,0,23481760,23481760,INR,wallet,1784892600,1784892600
pay_000000000272,payment,pay_000000000272,order_000000000272,INV-2026-000272,setl_000000000077,300000000077,35372499,707450,127341,0,34537708,34537708,INR,upi,1784806200,1784892600
pay_000000000273,payment,pay_000000000273,order_000000000273,INV-2026-000273,setl_000000000077,300000000077,20859100,417182,75093,0,20366825,20366825,INR,card,1784892600,1784892600
pay_000000000274,payment,pay_000000000274,order_000000000274,INV-2026-000274,setl_000000000078,300000000078,19794600,395892,71261,0,19327447,19327447,INR,card,1784287800,1784460600
pay_000000000275,payment,pay_000000000275,order_000000000275,INV-2026-000275,setl_000000000078,300000000078,34364099,687282,123711,0,33553106,33553106,INR,upi,1784374200,1784460600
pay_000000000276,payment,pay_000000000276,order_000000000276,INV-2026-000276,setl_000000000078,300000000078,9457125,189143,34046,0,9233936,9233936,INR,card,1784374200,1784460600
pay_000000000277,payment,pay_000000000277,order_000000000277,INV-2026-000277,setl_000000000078,300000000078,38260700,765214,137739,0,37357747,37357747,INR,upi,1784460600,1784460600
pay_000000000278,payment,pay_000000000278,order_000000000278,INV-2026-000278,setl_000000000078,300000000078,15742850,314857,56674,0,15371319,15371319,INR,wallet,1784287800,1784460600
pay_000000000279,payment,pay_000000000279,order_000000000279,INV-2026-000279,setl_000000000079,300000000079,5389825,107797,19403,0,5262625,5262625,INR,wallet,1781004600,1781004600
pay_000000000280,payment,pay_000000000280,order_000000000280,INV-2026-000280,setl_000000000079,300000000079,31441175,628824,113188,0,30699163,30699163,INR,upi,1780831800,1781004600
pay_000000000281,payment,pay_000000000281,order_000000000281,INV-2026-000281,setl_000000000079,300000000079,12931175,258624,46552,0,12625999,12625999,INR,wallet,1781004600,1781004600
pay_000000000282,payment,pay_000000000282,order_000000000282,INV-2026-000282,setl_000000000080,300000000080,34714125,694283,124971,0,33894871,33894871,INR,wallet,1781868600,1781868600
pay_000000000283,payment,pay_000000000283,order_000000000283,INV-2026-000283,setl_000000000080,300000000080,15854900,317098,57078,0,15480724,15480724,INR,card,1781868600,1781868600
pay_000000000284,payment,pay_000000000284,order_000000000284,INV-2026-000284,setl_000000000080,300000000080,32920075,658402,118512,0,32143161,32143161,INR,wallet,1781782200,1781868600
pay_000000000285,payment,pay_000000000285,order_000000000285,INV-2026-000285,setl_000000000081,300000000081,48058700,961174,173011,0,46924515,46924515,INR,wallet,1785238200,1785411000
pay_000000000286,payment,pay_000000000286,order_000000000286,INV-2026-000286,setl_000000000081,300000000081,21937025,438741,78973,0,21419311,21419311,INR,card,1785238200,1785411000
pay_000000000287,payment,pay_000000000287,order_000000000287,INV-2026-000287,setl_000000000081,300000000081,20464300,409286,73671,0,19981343,19981343,INR,card,1785324600,1785411000
pay_000000000288,payment,pay_000000000288,order_000000000288,INV-2026-000288,setl_000000000082,300000000082,38074475,761490,137068,0,37175917,37175917,INR,card,1786620600,1786793400
pay_000000000289,payment,pay_000000000289,order_000000000289,INV-2026-000289,setl_000000000082,300000000082,25234000,504680,90842,0,24638478,24638478,INR,netbanking,1786707000,1786793400
pay_000000000290,payment,pay_000000000290,order_000000000290,INV-2026-000290,setl_000000000082,300000000082,47757400,955148,171927,0,46630325,46630325,INR,card,1786793400,1786793400
pay_000000000291,payment,pay_000000000291,order_000000000291,INV-2026-000291,setl_000000000083,300000000083,26986350,539727,97151,0,26349472,26349472,INR,upi,1784201400,1784287800
pay_000000000292,payment,pay_000000000292,order_000000000292,INV-2026-000292,setl_000000000083,300000000083,42190775,843816,151887,0,41195072,41195072,INR,netbanking,1784201400,1784287800
pay_000000000293,payment,pay_000000000293,order_000000000293,INV-2026-000293,setl_000000000083,300000000083,48037200,960744,172934,0,46903522,46903522,INR,netbanking,1784201400,1784287800
pay_000000000294,payment,pay_000000000294,order_000000000294,INV-2026-000294,setl_000000000083,300000000083,21801800,436036,78486,0,21287278,21287278,INR,card,1784115000,1784287800
pay_000000000295,payment,pay_000000000295,order_000000000295,INV-2026-000295,setl_000000000084,300000000084,38518399,770368,138666,0,37609365,37609365,INR,card,1782041400,1782127800
pay_000000000296,payment,pay_000000000296,order_000000000296,INV-2026-000296,setl_000000000084,300000000084,7437875,148758,26776,0,7262341,7262341,INR,wallet,1781955000,1782127800
pay_000000000297,payment,pay_000000000297,order_000000000297,INV-2026-000297,setl_000000000084,300000000084,9749425,194989,35098,0,9519338,9519338,INR,upi,1781955000,1782127800
pay_000000000298,payment,pay_000000000298,order_000000000298,INV-2026-000298,setl_000000000084,300000000084,27569700,551394,99251,0,26919055,26919055,INR,upi,1782127800,1782127800
pay_000000000299,payment,pay_000000000299,order_000000000299,INV-2026-000299,setl_000000000084,300000000084,40173300,803466,144624,0,39225210,39225210,INR,card,1782041400,1782127800
pay_000000000300,payment,pay_000000000300,order_000000000300,INV-2026-000300,setl_000000000085,300000000085,998725,19975,3596,0,975154,975154,INR,wallet,1783251000,1783423800
pay_000000000301,payment,pay_000000000301,order_000000000301,INV-2026-000301,setl_000000000085,300000000085,42366400,847328,152519,0,41366553,41366553,INR,upi,1783423800,1783423800
pay_000000000302,payment,pay_000000000302,order_000000000302,INV-2026-000302,setl_000000000085,300000000085,27592800,551856,99334,0,26941610,26941610,INR,card,1783423800,1783423800
pay_000000000303,payment,pay_000000000303,order_000000000303,INV-2026-000303,setl_000000000085,300000000085,32594325,651887,117340,0,31825098,31825098,INR,netbanking,1783337400,1783423800
pay_000000000304,payment,pay_000000000304,order_000000000304,INV-2026-000304,setl_000000000086,300000000086,19984350,399687,71944,0,19512719,19512719,INR,wallet,1784547000,1784719800
pay_000000000305,payment,pay_000000000305,order_000000000305,INV-2026-000305,setl_000000000086,300000000086,3042075,60842,10952,0,2970281,2970281,INR,card,1784719800,1784719800
pay_000000000306,payment,pay_000000000306,order_000000000306,INV-2026-000306,setl_000000000087,300000000087,29644175,592884,106719,0,28944572,28944572,INR,card,1786275000,1786275000
pay_000000000307,payment,pay_000000000307,order_000000000307,INV-2026-000307,setl_000000000087,300000000087,48794199,975884,175659,0,47642656,47642656,INR,upi,1786188600,1786275000
pay_000000000308,payment,pay_000000000308,order_000000000308,INV-2026-000308,setl_000000000087,300000000087,10961025,219221,39460,0,10702344,10702344,INR,wallet,1786275000,1786275000
pay_000000000309,payment,pay_000000000309,order_000000000309,INV-2026-000309,setl_000000000087,300000000087,48799700,975994,175679,0,47648027,47648027,INR,card,1786188600,1786275000
pay_000000000310,payment,pay_000000000310,order_000000000310,INV-2026-000310,setl_000000000088,300000000088,12271099,245422,44176,0,11981501,11981501,INR,netbanking,1785065400,1785065400
pay_000000000311,payment,pay_000000000311,order_000000000311,INV-2026-000311,setl_000000000088,300000000088,31828299,636566,114582,0,31077151,31077151,INR,wallet,1784892600,1785065400
pay_000000000312,payment,pay_000000000312,order_000000000312,INV-2026-000312,setl_000000000089,300000000089,37487400,749748,134955,0,36602697,36602697,INR,netbanking,1782991800,1782991800
pay_000000000313,payment,pay_000000000313,order_000000000313,INV-2026-000313,setl_000000000089,300000000089,8185650,163713,29468,0,7992469,7992469,INR,card,1782819000,1782991800
pay_000000000314,payment,pay_000000000314,order_000000000314,INV-2026-000314,setl_000000000089,300000000089,38879250,777585,139965,0,37961700,37961700,INR,netbanking,1782905400,1782991800
pay_000000000315,payment,pay_000000000315,order_000000000315,INV-2026-000315,setl_000000000089,300000000089,5686300,113726,20471,0,5552103,5552103,INR,netbanking,1782991800,1782991800
pay_000000000316,payment,pay_000000000316,order_000000000316,INV-2026-000316,setl_000000000090,300000000090,747000,14940,2689,0,729371,729371,INR,wallet,1784460600,1784547000
pay_000000000317,payment,pay_000000000317,order_000000000317,INV-2026-000317,setl_000000000090,300000000090,40950900,819018,147423,0,39984459,39984459,INR,card,1784374200,1784547000
pay_000000000318,payment,pay_000000000318,order_000000000318,INV-2026-000318,setl_000000000090,300000000090,30087125,601743,108314,0,29377068,29377068,INR,wallet,1784547000,1784547000
pay_000000000319,payment,pay_000000000319,order_000000000319,INV-2026-000319,setl_000000000090,300000000090,8986700,179734,32352,0,8774614,8774614,INR,netbanking,1784460600,1784547000
pay_000000000320,payment,pay_000000000320,order_000000000320,INV-2026-000320,setl_000000000091,300000000091,7203500,144070,25933,0,7033497,7033497,INR,wallet,1781436600,1781436600
pay_000000000321,payment,pay_000000000321,order_000000000321,INV-2026-000321,setl_000000000091,300000000091,17517799,350356,63064,0,17104379,17104379,INR,wallet,1781263800,1781436600
pay_000000000322,payment,pay_000000000322,order_000000000322,INV-2026-000322,setl_000000000091,300000000091,42256799,845136,152124,0,41259539,41259539,INR,wallet,1781350200,1781436600
pay_000000000323,payment,pay_000000000323,order_000000000323,INV-2026-000323,setl_000000000092,300000000092,41097900,821958,147952,0,40127990,40127990,INR,wallet,1786534200,1786620600
pay_000000000324,payment,pay_000000000324,order_000000000324,INV-2026-000324,setl_000000000092,300000000092,14795899,295918,53265,0,14446716,14446716,INR,netbanking,1786534200,1786620600
pay_000000000325,payment,pay_000000000325,order_000000000325,INV-2026-000325,setl_000000000092,300000000092,6071025,121421,21856,0,5927748,5927748,INR,card,1786620600,1786620600
pay_000000000326,payment,pay_000000000326,order_000000000326,INV-2026-000326,setl_000000000092,300000000092,35841399,716828,129029,0,34995542,34995542,INR,upi,1786447800,1786620600
pay_000000000327,payment,pay_000000000327,order_000000000327,INV-2026-000327,setl_000000000092,300000000092,38226950,764539,137617,0,37324794,37324794,INR,card,1786447800,1786620600
pay_000000000328,payment,pay_000000000328,order_000000000328,INV-2026-000328,setl_000000000093,300000000093,28116225,562325,101219,0,27452681,27452681,INR,wallet,1784547000,1784719800
pay_000000000329,payment,pay_000000000329,order_000000000329,INV-2026-000329,setl_000000000093,300000000093,28602600,572052,102969,0,27927579,27927579,INR,upi,1784633400,1784719800
pay_000000000330,payment,pay_000000000330,order_000000000330,INV-2026-000330,setl_000000000093,300000000093,5834199,116684,21003,0,5696512,5696512,INR,netbanking,1784719800,1784719800
pay_000000000331,payment,pay_000000000331,order_000000000331,INV-2026-000331,setl_000000000093,300000000093,8820975,176420,31756,0,8612799,8612799,INR,upi,1784547000,1784719800
pay_000000000332,payment,pay_000000000332,order_000000000332,INV-2026-000332,setl_000000000093,300000000093,29628975,592580,106664,0,28929731,28929731,INR,wallet,1784547000,1784719800
pay_000000000333,payment,pay_000000000333,order_000000000333,INV-2026-000333,setl_000000000094,300000000094,25411100,508222,91480,0,24811398,24811398,INR,wallet,1780486200,1780572600
pay_000000000334,payment,pay_000000000334,order_000000000334,INV-2026-000334,setl_000000000094,300000000094,48363200,967264,174108,0,47221828,47221828,INR,card,1780572600,1780572600
pay_000000000335,payment,pay_000000000335,order_000000000335,INV-2026-000335,setl_000000000094,300000000094,18362400,367248,66105,0,17929047,17929047,INR,wallet,1780486200,1780572600
pay_000000000336,payment,pay_000000000336,order_000000000336,INV-2026-000336,setl_000000000095,300000000095,27152900,543058,97750,0,26512092,26512092,INR,card,1782819000,1782991800
pay_000000000337,payment,pay_000000000337,order_000000000337,INV-2026-000337,setl_000000000095,300000000095,17453325,349067,62832,0,17041426,17041426,INR,wallet,1782905400,1782991800
pay_000000000338,payment,pay_000000000338,order_000000000338,INV-2026-000338,setl_000000000095,300000000095,12255999,245120,44122,0,11966757,11966757,INR,card,1782905400,1782991800
pay_000000000339,payment,pay_000000000339,order_000000000339,INV-2026-000339,setl_000000000096,300000000096,10432350,208647,37556,0,10186147,10186147,INR,netbanking,1783855800,1783855800
pay_000000000340,payment,pay_000000000340,order_000000000340,INV-2026-000340,setl_000000000096,300000000096,35264099,705282,126951,0,34431866,34431866,INR,netbanking,1783769400,1783855800
pay_000000000341,payment,pay_000000000341,order_000000000341,INV-2026-000341,setl_000000000096,300000000096,31398450,627969,113034,0,30657447,30657447,INR,wallet,1783683000,1783855800
pay_000000000342,payment,pay_000000000342,order_000000000342,INV-2026-000342,setl_000000000097,300000000097,7328225,146565,26382,0,7155278,7155278,INR,wallet,1786793400,1786879800
pay_000000000343,payment,pay_000000000343,order_000000000343,INV-2026-000343,setl_000000000097,300000000097,9838850,196777,35420,0,9606653,9606653,INR,card,1786707000,1786879800
pay_000000000344,payment,pay_000000000344,order_000000000344,INV-2026-000344,setl_000000000097,300000000097,29193400,583868,105096,0,28504436,28504436,INR,netbanking,1786793400,1786879800
pay_000000000345,payment,pay_000000000345,order_000000000345,INV-2026-000345,setl_000000000097,300000000097,7455500,149110,26840,0,7279550,7279550,INR,wallet,1786793400,1786879800
pay_000000000346,payment,pay_000000000346,order_000000000346,INV-2026-000346,setl_000000000097,300000000097,32574900,651498,117270,0,31806132,31806132,INR,upi,1786793400,1786879800
pay_000000000347,payment,pay_000000000347,order_000000000347,INV-2026-000347,setl_000000000098,300000000098,14510200,290204,52237,0,14167759,14167759,INR,netbanking,1780486200,1780659000
pay_000000000348,payment,pay_000000000348,order_000000000348,INV-2026-000348,setl_000000000098,300000000098,8918999,178380,32108,0,8708511,8708511,INR,wallet,1780572600,1780659000
pay_000000000349,payment,pay_000000000349,order_000000000349,INV-2026-000349,setl_000000000098,300000000098,28921425,578429,104117,0,28238879,28238879,INR,upi,1780659000,1780659000
pay_000000000350,payment,pay_000000000350,order_000000000350,INV-2026-000350,setl_000000000099,300000000099,45304099,906082,163095,0,44234922,44234922,INR,wallet,1784115000,1784115000
pay_000000000351,payment,pay_000000000351,order_000000000351,INV-2026-000351,setl_000000000099,300000000099,45466100,909322,163678,0,44393100,44393100,INR,card,1784115000,1784115000
pay_000000000352,payment,pay_000000000352,order_000000000352,INV-2026-000352,setl_000000000099,300000000099,42604175,852084,153375,0,41598716,41598716,INR,netbanking,1783942200,1784115000
pay_000000000353,payment,pay_000000000353,order_000000000353,INV-2026-000353,setl_000000000099,300000000099,45243775,904876,162878,0,44176021,44176021,INR,wallet,1783942200,1784115000
pay_000000000354,payment,pay_000000000354,order_000000000354,INV-2026-000354,setl_000000000099,300000000099,8802225,176045,31688,0,8594492,8594492,INR,card,1784115000,1784115000
pay_000000000355,payment,pay_000000000355,order_000000000355,INV-2026-000355,setl_000000000100,300000000100,14639799,292796,52703,0,14294300,14294300,INR,card,1780745400,1780918200
pay_000000000356,payment,pay_000000000356,order_000000000356,INV-2026-000356,setl_000000000100,300000000100,36874999,737500,132750,0,36004749,36004749,INR,card,1780918200,1780918200
pay_000000000357,payment,pay_000000000357,order_000000000357,INV-2026-000357,setl_000000000100,300000000100,7767375,155348,27963,0,7584064,7584064,INR,card,1780831800,1780918200
pay_000000000358,payment,pay_000000000358,order_000000000358,INV-2026-000358,setl_000000000100,300000000100,40023199,800464,144084,0,39078651,39078651,INR,wallet,1780745400,1780918200
pay_000000000359,payment,pay_000000000359,order_000000000359,INV-2026-000359,setl_000000000100,300000000100,25761700,515234,92742,0,25153724,25153724,INR,netbanking,1780745400,1780918200
pay_000000000360,payment,pay_000000000360,order_000000000360,INV-2026-000360,setl_000000000101,300000000101,36658000,733160,131969,0,35792871,35792871,INR,wallet,1787657400,1787657400
pay_000000000361,payment,pay_000000000361,order_000000000361,INV-2026-000361,setl_000000000101,300000000101,11520550,230411,41474,0,11248665,11248665,INR,wallet,1787657400,1787657400
pay_000000000362,payment,pay_000000000362,order_000000000362,INV-2026-000362,setl_000000000101,300000000101,14179000,283580,51044,0,13844376,13844376,INR,netbanking,1787571000,1787657400
pay_000000000363,payment,pay_000000000363,order_000000000363,INV-2026-000363,setl_000000000101,300000000101,28794825,575897,103661,0,28115267,28115267,INR,wallet,1787657400,1787657400
pay_000000000364,payment,pay_000000000364,order_000000000364,INV-2026-000364,setl_000000000101,300000000101,41429800,828596,149147,0,40452057,40452057,INR,upi,1787484600,1787657400
pay_000000000365,payment,pay_000000000365,order_000000000365,INV-2026-000365,setl_000000000102,300000000102,18997100,379942,68390,0,18548768,18548768,INR,netbanking,1787484600,1787484600
pay_000000000366,payment,pay_000000000366,order_000000000366,INV-2026-000366,setl_000000000102,300000000102,34939375,698788,125782,0,34114805,34114805,INR,upi,1787484600,1787484600
pay_000000000367,payment,pay_000000000367,order_000000000367,INV-2026-000367,setl_000000000102,300000000102,20879775,417596,75167,0,20387012,20387012,INR,card,1787398200,1787484600
pay_000000000368,payment,pay_000000000368,order_000000000368,INV-2026-000368,setl_000000000102,300000000102,22604075,452082,81375,0,22070618,22070618,INR,upi,1787484600,1787484600
pay_000000000369,payment,pay_000000000369,order_000000000369,INV-2026-000369,setl_000000000103,300000000103,5510700,110214,19839,0,5380647,5380647,INR,netbanking,1781350200,1781436600
pay_000000000370,payment,pay_000000000370,order_000000000370,INV-2026-000370,setl_000000000103,300000000103,7289550,145791,26242,0,7117517,7117517,INR,card,1781436600,1781436600
pay_000000000371,payment,pay_000000000371,order_000000000371,INV-2026-000371,setl_000000000104,300000000104,18530550,370611,66710,0,18093229,18093229,INR,card,1784460600,1784547000
pay_000000000372,payment,pay_000000000372,order_000000000372,INV-2026-000372,setl_000000000104,300000000104,13091100,261822,47128,0,12782150,12782150,INR,upi,1784374200,1784547000
pay_000000000373,payment,pay_000000000373,order_000000000373,INV-2026-000373,setl_000000000105,300000000105,12739650,254793,45863,0,12438994,12438994,INR,upi,1781350200,1781523000
pay_000000000374,payment,pay_000000000374,order_000000000374,INV-2026-000374,setl_000000000105,300000000105,27797400,555948,100071,0,27141381,27141381,INR,netbanking,1781436600,1781523000
pay_000000000375,payment,pay_000000000375,order_000000000375,INV-2026-000375,setl_000000000105,300000000105,7019750,140395,25271,0,6854084,6854084,INR,wallet,1781350200,1781523000
pay_000000000376,payment,pay_000000000376,order_000000000376,INV-2026-000376,setl_000000000105,300000000105,19258125,385163,69329,0,18803633,18803633,INR,card,1781350200,1781523000
pay_000000000377,payment,pay_000000000377,order_000000000377,INV-2026-000377,setl_000000000105,300000000105,40088850,801777,144320,0,39142753,39142753,INR,upi,1781523000,1781523000
pay_000000000378,payment,pay_000000000378,order_000000000378,INV-2026-000378,setl_000000000106,300000000106,4243025,84861,15275,0,4142889,4142889,INR,card,1783683000,1783683000
pay_000000000379,payment,pay_000000000379,order_000000000379,INV-2026-000379,setl_000000000106,300000000106,28222200,564444,101600,0,27556156,27556156,INR,upi,1783596600,1783683000
pay_000000000380,payment,pay_000000000380,order_000000000380,INV-2026-000380,setl_000000000106,300000000106,16361875,327238,58903,0,15975734,15975734,INR,card,1783596600,1783683000
pay_000000000381,payment,pay_000000000381,order_000000000381,INV-2026-000381,setl_000000000106,300000000106,3135900,62718,11289,0,3061893,3061893,INR,wallet,1783683000,1783683000
pay_000000000382,payment,pay_000000000382,order_000000000382,INV-2026-000382,setl_000000000107,300000000107,6754875,135098,24318,0,6595459,6595459,INR,upi,1784287800,1784374200
pay_000000000383,payment,pay_000000000383,order_000000000383,INV-2026-000383,setl_000000000107,300000000107,40545100,810902,145962,0,39588236,39588236,INR,wallet,1784287800,1784374200
pay_000000000384,payment,pay_000000000384,order_000000000384,INV-2026-000384,setl_000000000107,300000000107,14359625,287193,51695,0,14020737,14020737,INR,netbanking,1784374200,1784374200
pay_000000000385,payment,pay_000000000385,order_000000000385,INV-2026-000385,setl_000000000107,300000000107,37446225,748925,134807,0,36562493,36562493,INR,upi,1784201400,1784374200
pay_000000000386,payment,pay_000000000386,order_000000000386,INV-2026-000386,setl_000000000108,300000000108,12921500,258430,46517,0,12616553,12616553,INR,netbanking,1780313400,1780399800
pay_000000000387,payment,pay_000000000387,order_000000000387,INV-2026-000387,setl_000000000108,300000000108,20179100,403582,72645,0,19702873,19702873,INR,upi,1780399800,1780399800
pay_000000000388,payment,pay_000000000388,order_000000000388,INV-2026-000388,setl_000000000109,300000000109,3713750,74275,13370,0,3626105,3626105,INR,netbanking,1784633400,1784719800
pay_000000000389,payment,pay_000000000389,order_000000000389,INV-2026-000389,setl_000000000109,300000000109,17259900,345198,62136,0,16852566,16852566,INR,wallet,1784547000,1784719800
pay_000000000390,payment,pay_000000000390,order_000000000390,INV-2026-000390,setl_000000000110,300000000110,46090400,921808,165925,0,45002667,45002667,INR,upi,1787830200,1787916600
pay_000000000391,payment,pay_000000000391,order_000000000391,INV-2026-000391,setl_000000000110,300000000110,39889775,797796,143603,0,38948376,38948376,INR,netbanking,1787830200,1787916600
pay_000000000392,payment,pay_000000000392,order_000000000392,INV-2026-000392,setl_000000000110,300000000110,5549900,110998,19980,0,5418922,5418922,INR,card,1787743800,1787916600
pay_000000000393,payment,pay_000000000393,order_000000000393,INV-2026-000393,setl_000000000110,300000000110,22110450,442209,79598,0,21588643,21588643,INR,card,1787916600,1787916600
pay_000000000394,payment,pay_000000000394,order_000000000394,INV-2026-000394,setl_000000000111,300000000111,6952800,139056,25030,0,6788714,6788714,INR,netbanking,1787484600,1787571000
pay_000000000395,payment,pay_000000000395,order_000000000395,INV-2026-000395,setl_000000000111,300000000111,44712300,894246,160964,0,43657090,43657090,INR,netbanking,1787484600,1787571000
pay_000000000396,payment,pay_000000000396,order_000000000396,INV-2026-000396,setl_000000000112,300000000112,23793400,475868,85656,0,23231876,23231876,INR,netbanking,1782473400,1782559800
pay_000000000397,payment,pay_000000000397,order_000000000397,INV-2026-000397,setl_000000000112,300000000112,44794600,895892,161261,0,43737447,43737447,INR,card,1782559800,1782559800
pay_000000000398,payment,pay_000000000398,order_000000000398,INV-2026-000398,setl_000000000112,300000000112,42441375,848828,152789,0,41439758,41439758,INR,upi,1782473400,1782559800
pay_000000000399,payment,pay_000000000399,order_000000000399,INV-2026-000399,setl_000000000112,300000000112,11373299,227466,40944,0,11104889,11104889,INR,card,1782473400,1782559800
pay_000000000400,payment,pay_000000000400,order_000000000400,INV-2026-000400,setl_000000000113,300000000113,42247399,844948,152091,0,41250360,41250360,INR,upi,1781436600,1781436600
pay_000000000401,payment,pay_000000000401,order_000000000401,INV-2026-000401,setl_000000000113,300000000113,726800,14536,2616,0,709648,709648,INR,card,1781436600,1781436600
pay_000000000402,payment,pay_000000000402,order_000000000402,INV-2026-000402,setl_000000000114,300000000114,49502650,990053,178210,0,48334387,48334387,INR,card,1780745400,1780745400
pay_000000000403,payment,pay_000000000403,order_000000000403,INV-2026-000403,setl_000000000114,300000000114,48551125,971023,174784,0,47405318,47405318,INR,wallet,1780659000,1780745400
pay_000000000404,payment,pay_000000000404,order_000000000404,INV-2026-000404,setl_000000000114,300000000114,26111300,522226,94001,0,25495073,25495073,INR,wallet,1780659000,1780745400
pay_000000000405,payment,pay_000000000405,order_000000000405,INV-2026-000405,setl_000000000114,300000000114,9160000,183200,32976,0,8943824,8943824,INR,card,1780745400,1780745400
pay_000000000406,payment,pay_000000000406,order_000000000406,INV-2026-000406,setl_000000000115,300000000115,33793599,675872,121657,0,32996070,32996070,INR,card,1782300600,1782473400
pay_000000000407,payment,pay_000000000407,order_000000000407,INV-2026-000407,setl_000000000115,300000000115,33169699,663394,119411,0,32386894,32386894,INR,upi,1782300600,1782473400
pay_000000000408,payment,pay_000000000408,order_000000000408,INV-2026-000408,setl_000000000115,300000000115,20153999,403080,72554,0,19678365,19678365,INR,netbanking,1782300600,1782473400
pay_000000000409,payment,pay_000000000409,order_000000000409,INV-2026-000409,setl_000000000116,300000000116,27857400,557148,100287,0,27199965,27199965,INR,card,1785324600,1785497400
pay_000000000410,payment,pay_000000000410,order_000000000410,INV-2026-000410,setl_000000000116,300000000116,8468900,169378,30488,0,8269034,8269034,INR,card,1785497400,1785497400
pay_000000000411,payment,pay_000000000411,order_000000000411,INV-2026-000411,setl_000000000117,300000000117,18538225,370765,66738,0,18100722,18100722,INR,card,1787830200,1788003000
pay_000000000412,payment,pay_000000000412,order_000000000412,INV-2026-000412,setl_000000000117,300000000117,29623100,592462,106643,0,28923995,28923995,INR,netbanking,1787916600,1788003000
pay_000000000413,payment,pay_000000000413,order_000000000413,INV-2026-000413,setl_000000000118,300000000118,7844325,156887,28240,0,7659198,7659198,INR,card,1780313400,1780486200
pay_000000000414,payment,pay_000000000414,order_000000000414,INV-2026-000414,setl_000000000118,300000000118,40699100,813982,146517,0,39738601,39738601,INR,netbanking,1780313400,1780486200
pay_000000000415,payment,pay_000000000415,order_000000000415,INV-2026-000415,setl_000000000118,300000000118,3902700,78054,14050,0,3810596,3810596,INR,wallet,1780313400,1780486200
pay_000000000416,payment,pay_000000000416,order_000000000416,INV-2026-000416,setl_000000000118,300000000118,30824100,616482,110967,0,30096651,30096651,INR,netbanking,1780399800,1780486200
pay_000000000417,payment,pay_000000000417,order_000000000417,INV-2026-000417,setl_000000000119,300000000119,30977999,619560,111521,0,30246918,30246918,INR,wallet,1787657400,1787657400
pay_000000000418,payment,pay_000000000418,order_000000000418,INV-2026-000418,setl_000000000119,300000000119,16186375,323728,58271,0,15804376,15804376,INR,netbanking,1787484600,1787657400
pay_000000000419,payment,pay_000000000419,order_000000000419,INV-2026-000419,setl_000000000119,300000000119,6776700,135534,24396,0,6616770,6616770,INR,upi,1787484600,1787657400
pay_000000000420,payment,pay_000000000420,order_000000000420,INV-2026-000420,setl_000000000119,300000000119,49843875,996878,179438,0,48667559,48667559,INR,wallet,1787484600,1787657400
pay_000000000421,payment,pay_000000000421,order_000000000421,INV-2026-000421,setl_000000000120,300000000120,43178775,863576,155444,0,42159755,42159755,INR,netbanking,1781091000,1781263800
pay_000000000422,payment,pay_000000000422,order_000000000422,INV-2026-000422,setl_000000000120,300000000120,23516200,470324,84658,0,22961218,22961218,INR,card,1781177400,1781263800
pay_000000000423,payment,pay_000000000423,order_000000000423,INV-2026-000423,setl_000000000120,300000000120,13183175,263664,47460,0,12872051,12872051,INR,netbanking,1781263800,1781263800
pay_000000000424,payment,pay_000000000424,order_000000000424,INV-2026-000424,setl_000000000121,300000000121,3964499,79290,14272,0,3870937,3870937,INR,netbanking,1785238200,1785238200
pay_000000000425,payment,pay_000000000425,order_000000000425,INV-2026-000425,setl_000000000121,300000000121,1152600,23052,4149,0,1125399,1125399,INR,upi,1785151800,1785238200
pay_000000000426,payment,pay_000000000426,order_000000000426,INV-2026-000426,setl_000000000121,300000000121,3990200,79804,14365,0,3896031,3896031,INR,wallet,1785238200,1785238200
pay_000000000427,payment,pay_000000000427,order_000000000427,INV-2026-000427,setl_000000000122,300000000122,10060650,201213,36218,0,9823219,9823219,INR,netbanking,1782387000,1782559800
pay_000000000428,payment,pay_000000000428,order_000000000428,INV-2026-000428,setl_000000000122,300000000122,34734300,694686,125043,0,33914571,33914571,INR,card,1782473400,1782559800
pay_000000000429,payment,pay_000000000429,order_000000000429,INV-2026-000429,setl_000000000123,300000000123,24791050,495821,89248,0,24205981,24205981,INR,netbanking,1784460600,1784633400
pay_000000000430,payment,pay_000000000430,order_000000000430,INV-2026-000430,setl_000000000123,300000000123,4878175,97564,17562,0,4763049,4763049,INR,wallet,1784460600,1784633400
pay_000000000431,payment,pay_000000000431,order_000000000431,INV-2026-000431,setl_000000000124,300000000124,42471925,849439,152899,0,41469587,41469587,INR,card,1784028600,1784115000
pay_000000000432,payment,pay_000000000432,order_000000000432,INV-2026-000432,setl_000000000124,300000000124,29124600,582492,104849,0,28437259,28437259,INR,wallet,1784028600,1784115000
pay_000000000433,payment,pay_000000000433,order_000000000433,INV-2026-000433,setl_000000000125,300000000125,4208775,84176,15152,0,4109447,4109447,INR,card,1784892600,1784979000
pay_000000000434,payment,pay_000000000434,order_000000000434,INV-2026-000434,setl_000000000125,300000000125,43226075,864522,155614,0,42205939,42205939,INR,netbanking,1784979000,1784979000
pay_000000000435,payment,pay_000000000435,order_000000000435,INV-2026-000435,setl_000000000125,300000000125,16864075,337282,60711,0,16466082,16466082,INR,upi,1784979000,1784979000
pay_000000000436,payment,pay_000000000436,order_000000000436,INV-2026-000436,setl_000000000126,300000000126,29600899,592018,106563,0,28902318,28902318,INR,netbanking,1781436600,1781436600
pay_000000000437,payment,pay_000000000437,order_000000000437,INV-2026-000437,setl_000000000126,300000000126,45580625,911613,164090,0,44504922,44504922,INR,wallet,1781350200,1781436600
pay_000000000438,payment,pay_000000000438,order_000000000438,INV-2026-000438,setl_000000000127,300000000127,42954599,859092,154637,0,41940870,41940870,INR,netbanking,1783942200,1784028600
pay_000000000439,payment,pay_000000000439,order_000000000439,INV-2026-000439,setl_000000000127,300000000127,14798299,295966,53274,0,14449059,14449059,INR,upi,1783942200,1784028600
pay_000000000440,payment,pay_000000000440,order_000000000440,INV-2026-000440,setl_000000000127,300000000127,45655300,913106,164359,0,44577835,44577835,INR,netbanking,1784028600,1784028600
pay_000000000441,payment,pay_000000000441,order_000000000441,INV-2026-000441,setl_000000000127,300000000127,39092550,781851,140733,0,38169966,38169966,INR,netbanking,1783942200,1784028600
pay_000000000442,payment,pay_000000000442,order_000000000442,INV-2026-000442,setl_000000000128,300000000128,45984699,919694,165545,0,44899460,44899460,INR,upi,1782387000,1782387000
pay_000000000443,payment,pay_000000000443,order_000000000443,INV-2026-000443,setl_000000000128,300000000128,13180400,263608,47449,0,12869343,12869343,INR,upi,1782300600,1782387000
pay_000000000444,payment,pay_000000000444,order_000000000444,INV-2026-000444,setl_000000000129,300000000129,44017100,880342,158462,0,42978296,42978296,INR,upi,1781868600,1782041400
pay_000000000445,payment,pay_000000000445,order_000000000445,INV-2026-000445,setl_000000000129,300000000129,15045800,300916,54165,0,14690719,14690719,INR,upi,1781955000,1782041400
pay_000000000446,payment,pay_000000000446,order_000000000446,INV-2026-000446,setl_000000000129,300000000129,8641099,172822,31108,0,8437169,8437169,INR,card,1781868600,1782041400
pay_000000000447,payment,pay_000000000447,order_000000000447,INV-2026-000447,setl_000000000129,300000000129,45037300,900746,162134,0,43974420,43974420,INR,card,1781868600,1782041400
pay_000000000448,payment,pay_000000000448,order_000000000448,INV-2026-000448,setl_000000000130,300000000130,44747600,894952,161091,0,43691557,43691557,INR,netbanking,1784374200,1784460600
pay_000000000449,payment,pay_000000000449,order_000000000449,INV-2026-000449,setl_000000000130,300000000130,11540450,230809,41546,0,11268095,11268095,INR,wallet,1784374200,1784460600
pay_000000000450,payment,pay_000000000450,order_000000000450,INV-2026-000450,setl_000000000130,300000000130,30743900,614878,110678,0,30018344,30018344,INR,netbanking,1784460600,1784460600
pay_000000000451,payment,pay_000000000451,order_000000000451,INV-2026-000451,setl_000000000130,300000000130,29536575,590732,106332,0,28839511,28839511,INR,netbanking,1784287800,1784460600
pay_000000000452,payment,pay_000000000452,order_000000000452,INV-2026-000452,setl_000000000131,300000000131,42327799,846556,152380,0,41328863,41328863,INR,wallet,1780745400,1780918200
pay_000000000453,payment,pay_000000000453,order_000000000453,INV-2026-000453,setl_000000000131,300000000131,34730800,694616,125031,0,33911153,33911153,INR,card,1780745400,1780918200
pay_000000000454,payment,pay_000000000454,order_000000000454,INV-2026-000454,setl_000000000131,300000000131,37916000,758320,136498,0,37021182,37021182,INR,wallet,1780745400,1780918200
pay_000000000455,payment,pay_000000000455,order_000000000455,INV-2026-000455,setl_000000000132,300000000132,44424300,888486,159927,0,43375887,43375887,INR,card,1783423800,1783596600
pay_000000000456,payment,pay_000000000456,order_000000000456,INV-2026-000456,setl_000000000132,300000000132,15502700,310054,55810,0,15136836,15136836,INR,card,1783510200,1783596600
pay_000000000457,payment,pay_000000000457,order_000000000457,INV-2026-000457,setl_000000000132,300000000132,38945400,778908,140203,0,38026289,38026289,INR,card,1783423800,1783596600
pay_000000000458,payment,pay_000000000458,order_000000000458,INV-2026-000458,setl_000000000132,300000000132,49746075,994922,179086,0,48572067,48572067,INR,upi,1783510200,1783596600
pay_000000000459,payment,pay_000000000459,order_000000000459,INV-2026-000459,setl_000000000133,300000000133,45581875,911638,164095,0,44506142,44506142,INR,netbanking,1781523000,1781609400
pay_000000000460,payment,pay_000000000460,order_000000000460,INV-2026-000460,setl_000000000133,300000000133,21758700,435174,78331,0,21245195,21245195,INR,card,1781609400,1781609400
pay_000000000461,payment,pay_000000000461,order_000000000461,INV-2026-000461,setl_000000000133,300000000133,10601300,212026,38165,0,10351109,10351109,INR,wallet,1781523000,1781609400
pay_000000000462,payment,pay_000000000462,order_000000000462,INV-2026-000462,setl_000000000134,300000000134,6884525,137691,24784,0,6722050,6722050,INR,wallet,1781177400,1781263800
pay_000000000463,payment,pay_000000000463,order_000000000463,INV-2026-000463,setl_000000000134,300000000134,21249450,424989,76498,0,20747963,20747963,INR,wallet,1781177400,1781263800
pay_000000000464,payment,pay_000000000464,order_000000000464,INV-2026-000464,setl_000000000134,300000000134,344700,6894,1241,0,336565,336565,INR,card,1781091000,1781263800
pay_000000000465,payment,pay_000000000465,order_000000000465,INV-2026-000465,setl_000000000134,300000000134,38407500,768150,138267,0,37501083,37501083,INR,netbanking,1781263800,1781263800
pay_000000000466,payment,pay_000000000466,order_000000000466,INV-2026-000466,setl_000000000134,300000000134,39780699,795614,143211,0,38841874,38841874,INR,card,1781091000,1781263800
pay_000000000467,payment,pay_000000000467,order_000000000467,INV-2026-000467,setl_000000000135,300000000135,24003675,480074,86413,0,23437188,23437188,INR,netbanking,1783337400,1783510200
pay_000000000468,payment,pay_000000000468,order_000000000468,INV-2026-000468,setl_000000000135,300000000135,22836575,456732,82212,0,22297631,22297631,INR,netbanking,1783510200,1783510200
pay_000000000469,payment,pay_000000000469,order_000000000469,INV-2026-000469,setl_000000000135,300000000135,47358450,947169,170490,0,46240791,46240791,INR,card,1783423800,1783510200
pay_000000000470,payment,pay_000000000470,order_000000000470,INV-2026-000470,setl_000000000135,300000000135,8744699,174894,31481,0,8538324,8538324,INR,upi,1783423800,1783510200
pay_000000000471,payment,pay_000000000471,order_000000000471,INV-2026-000471,setl_000000000136,300000000136,34365799,687316,123717,0,33554766,33554766,INR,upi,1781436600,1781436600
pay_000000000472,payment,pay_000000000472,order_000000000472,INV-2026-000472,setl_000000000136,300000000136,36262700,725254,130546,0,35406900,35406900,INR,wallet,1781350200,1781436600
pay_000000000473,payment,pay_000000000473,order_000000000473,INV-2026-000473,setl_000000000137,300000000137,26921775,538436,96918,0,26286421,26286421,INR,upi,1781263800,1781436600
pay_000000000474,payment,pay_000000000474,order_000000000474,INV-2026-000474,setl_000000000137,300000000137,14921900,298438,53719,0,14569743,14569743,INR,wallet,1781436600,1781436600
pay_000000000475,payment,pay_000000000475,order_000000000475,INV-2026-000475,setl_000000000137,300000000137,10514825,210297,37853,0,10266675,10266675,INR,netbanking,1781436600,1781436600
pay_000000000476,payment,pay_000000000476,order_000000000476,INV-2026-000476,setl_000000000138,300000000138,4034675,80694,14525,0,3939456,3939456,INR,upi,1785756600,1785929400
pay_000000000477,payment,pay_000000000477,order_000000000477,INV-2026-000477,setl_000000000138,300000000138,47536400,950728,171131,0,46414541,46414541,INR,card,1785756600,1785929400
pay_000000000478,payment,pay_000000000478,order_000000000478,INV-2026-000478,setl_000000000139,300000000139,607199,12144,2186,0,592869,592869,INR,card,1780745400,1780745400
pay_000000000479,payment,pay_000000000479,order_000000000479,INV-2026-000479,setl_000000000139,300000000139,17331200,346624,62392,0,16922184,16922184,INR,netbanking,1780659000,1780745400
pay_000000000480,payment,pay_000000000480,order_000000000480,INV-2026-000480,setl_000000000140,300000000140,47874525,957491,172348,0,46744686,46744686,INR,wallet,1784806200,1784892600
pay_000000000481,payment,pay_000000000481,order_000000000481,INV-2026-000481,setl_000000000140,300000000140,9603225,192065,34572,0,9376588,9376588,INR,netbanking,1784806200,1784892600
pay_000000000482,payment,pay_000000000482,order_000000000482,INV-2026-000482,setl_000000000140,300000000140,32152700,643054,115750,0,31393896,31393896,INR,card,1784719800,1784892600
pay_000000000483,payment,pay_000000000483,order_000000000483,INV-2026-000483,setl_000000000141,300000000141,45877800,917556,165160,0,44795084,44795084,INR,upi,1787484600,1787657400
pay_000000000484,payment,pay_000000000484,order_000000000484,INV-2026-000484,setl_000000000141,300000000141,22793675,455874,82057,0,22255744,22255744,INR,card,1787484600,1787657400
pay_000000000485,payment,pay_000000000485,order_000000000485,INV-2026-000485,setl_000000000141,300000000141,25366900,507338,91321,0,24768241,24768241,INR,wallet,1787484600,1787657400
pay_000000000486,payment,pay_000000000486,order_000000000486,INV-2026-000486,setl_000000000142,300000000142,2739825,54797,9863,0,2675165,2675165,INR,wallet,1783337400,1783337400
pay_000000000487,payment,pay_000000000487,order_000000000487,INV-2026-000487,setl_000000000142,300000000142,21243399,424868,76476,0,20742055,20742055,INR,upi,1783337400,1783337400
pay_000000000488,payment,pay_000000000488,order_000000000488,INV-2026-000488,setl_000000000142,300000000142,24169750,483395,87011,0,23599344,23599344,INR,wallet,1783164600,1783337400
pay_000000000489,payment,pay_000000000489,order_000000000489,INV-2026-000489,setl_000000000142,300000000142,4714799,94296,16973,0,4603530,4603530,INR,wallet,1783251000,1783337400
pay_000000000490,payment,pay_000000000490,order_000000000490,INV-2026-000490,setl_000000000143,300000000143,24018400,480368,86466,0,23451566,23451566,INR,upi,1787571000,1787657400
pay_000000000491,payment,pay_000000000491,order_000000000491,INV-2026-000491,setl_000000000143,300000000143,42912700,858254,154486,0,41899960,41899960,INR,netbanking,1787571000,1787657400
pay_000000000492,payment,pay_000000000492,order_000000000492,INV-2026-000492,setl_000000000143,300000000143,29468099,589362,106085,0,28772652,28772652,INR,wallet,1787484600,1787657400
pay_000000000493,payment,pay_000000000493,order_000000000493,INV-2026-000493,setl_000000000144,300000000144,25917100,518342,93302,0,25305456,25305456,INR,wallet,1781955000,1782127800
pay_000000000494,payment,pay_000000000494,order_000000000494,INV-2026-000494,setl_000000000144,300000000144,5707800,114156,20548,0,5573096,5573096,INR,card,1781955000,1782127800
pay_000000000495,payment,pay_000000000495,order_000000000495,INV-2026-000495,setl_000000000145,300000000145,30997125,619943,111590,0,30265592,30265592,INR,wallet,1787571000,1787571000
pay_000000000496,payment,pay_000000000496,order_000000000496,INV-2026-000496,setl_000000000145,300000000145,327425,6549,1179,0,319697,319697,INR,upi,1787398200,1787571000
pay_000000000497,payment,pay_000000000497,order_000000000497,INV-2026-000497,setl_000000000145,300000000145,29104950,582099,104778,0,28418073,28418073,INR,wallet,1787398200,1787571000
pay_000000000498,payment,pay_000000000498,order_000000000498,INV-2026-000498,setl_000000000145,300000000145,48563625,971273,174829,0,47417523,47417523,INR,card,1787571000,1787571000
pay_000000000499,payment,pay_000000000499,order_000000000499,INV-2026-000499,setl_000000000145,300000000145,38398999,767980,138236,0,37492783,37492783,INR,upi,1787571000,1787571000
pay_000000000500,payment,pay_000000000500,order_000000000500,INV-2026-000500,setl_000000000146,300000000146,28820899,576418,103755,0,28140726,28140726,INR,card,1787916600,1788003000
pay_000000000501,payment,pay_000000000501,order_000000000501,INV-2026-000501,setl_000000000146,300000000146,10632300,212646,38276,0,10381378,10381378,INR,netbanking,1787830200,1788003000
pay_000000000502,payment,pay_000000000502,order_000000000502,INV-2026-000502,setl_000000000146,300000000146,36098200,721964,129954,0,35246282,35246282,INR,card,1787830200,1788003000
pay_000000000503,payment,pay_000000000503,order_000000000503,INV-2026-000503,setl_000000000146,300000000146,37345275,746906,134443,0,36463926,36463926,INR,netbanking,1788003000,1788003000
pay_000000000504,payment,pay_000000000504,order_000000000504,INV-2026-000504,setl_000000000147,300000000147,39431399,788628,141953,0,38500818,38500818,INR,netbanking,1783251000,1783251000
pay_000000000505,payment,pay_000000000505,order_000000000505,INV-2026-000505,setl_000000000147,300000000147,35929300,718586,129345,0,35081369,35081369,INR,upi,1783251000,1783251000
pay_000000000506,payment,pay_000000000506,order_000000000506,INV-2026-000506,setl_000000000148,300000000148,41419775,828396,149111,0,40442268,40442268,INR,upi,1784806200,1784892600
pay_000000000507,payment,pay_000000000507,order_000000000507,INV-2026-000507,setl_000000000148,300000000148,779775,15596,2807,0,761372,761372,INR,card,1784806200,1784892600
pay_000000000508,payment,pay_000000000508,order_000000000508,INV-2026-000508,setl_000000000148,300000000148,32635399,652708,117487,0,31865204,31865204,INR,card,1784806200,1784892600
pay_000000000509,payment,pay_000000000509,order_000000000509,INV-2026-000509,setl_000000000148,300000000148,47888175,957764,172398,0,46758013,46758013,INR,netbanking,1784719800,1784892600
pay_000000000510,payment,pay_000000000510,order_000000000510,INV-2026-000510,setl_000000000148,300000000148,39689325,793787,142882,0,38752656,38752656,INR,card,1784719800,1784892600
pay_000000000511,payment,pay_000000000511,order_000000000511,INV-2026-000511,setl_000000000149,300000000149,37308100,746162,134309,0,36427629,36427629,INR,card,1785411000,1785411000
pay_000000000512,payment,pay_000000000512,order_000000000512,INV-2026-000512,setl_000000000149,300000000149,48786800,975736,175632,0,47635432,47635432,INR,upi,1785238200,1785411000
pay_000000000513,payment,pay_000000000513,order_000000000513,INV-2026-000513,setl_000000000150,300000000150,49923599,998472,179725,0,48745402,48745402,INR,wallet,1782473400,1782646200
pay_000000000514,payment,pay_000000000514,order_000000000514,INV-2026-000514,setl_000000000150,300000000150,29530199,590604,106309,0,28833286,28833286,INR,upi,1782473400,1782646200
pay_000000000515,payment,pay_000000000515,order_000000000515,INV-2026-000515,setl_000000000150,300000000150,6114775,122296,22013,0,5970466,5970466,INR,wallet,1782559800,1782646200
pay_000000000516,payment,pay_000000000516,order_000000000516,INV-2026-000516,setl_000000000150,300000000150,12701175,254024,45724,0,12401427,12401427,INR,card,1782473400,1782646200
pay_000000000517,payment,pay_000000000517,order_000000000517,INV-2026-000517,setl_000000000151,300000000151,10193100,203862,36695,0,9952543,9952543,INR,upi,1787311800,1787484600
pay_000000000518,payment,pay_000000000518,order_000000000518,INV-2026-000518,setl_000000000151,300000000151,49813600,996272,179329,0,48637999,48637999,INR,upi,1787484600,1787484600
pay_000000000519,payment,pay_000000000519,order_000000000519,INV-2026-000519,setl_000000000151,300000000151,32969300,659386,118689,0,32191225,32191225,INR,card,1787484600,1787484600
pay_000000000520,payment,pay_000000000520,order_000000000520,INV-2026-000520,setl_000000000151,300000000151,45448375,908968,163614,0,44375793,44375793,INR,upi,1787398200,1787484600
pay_000000000521,payment,pay_000000000521,order_000000000521,INV-2026-000521,setl_000000000152,300000000152,30244599,604892,108881,0,29530826,29530826,INR,netbanking,1781091000,1781091000
pay_000000000522,payment,pay_000000000522,order_000000000522,INV-2026-000522,setl_000000000152,300000000152,21471650,429433,77298,0,20964919,20964919,INR,wallet,1781004600,1781091000
pay_000000000523,payment,pay_000000000523,order_000000000523,INV-2026-000523,setl_000000000152,300000000152,22802900,456058,82090,0,22264752,22264752,INR,wallet,1781091000,1781091000
pay_000000000524,payment,pay_000000000524,order_000000000524,INV-2026-000524,setl_000000000152,300000000152,35400200,708004,127441,0,34564755,34564755,INR,upi,1780918200,1781091000
pay_000000000525,payment,pay_000000000525,order_000000000525,INV-2026-000525,setl_000000000153,300000000153,1715850,34317,6177,0,1675356,1675356,INR,card,1787571000,1787571000
pay_000000000526,payment,pay_000000000526,order_000000000526,INV-2026-000526,setl_000000000153,300000000153,7250375,145008,26101,0,7079266,7079266,INR,netbanking,1787484600,1787571000
pay_000000000527,payment,pay_000000000527,order_000000000527,INV-2026-000527,setl_000000000153,300000000153,33342200,666844,120032,0,32555324,32555324,INR,netbanking,1787484600,1787571000
pay_000000000528,payment,pay_000000000528,order_000000000528,INV-2026-000528,setl_000000000153,300000000153,49879300,997586,179565,0,48702149,48702149,INR,card,1787398200,1787571000
pay_000000000529,payment,pay_000000000529,order_000000000529,INV-2026-000529,setl_000000000153,300000000153,6561000,131220,23620,0,6406160,6406160,INR,wallet,1787571000,1787571000
pay_000000000530,payment,pay_000000000530,order_000000000530,INV-2026-000530,setl_000000000154,300000000154,24283575,485672,87421,0,23710482,23710482,INR,upi,1786188600,1786361400
pay_000000000531,payment,pay_000000000531,order_000000000531,INV-2026-000531,setl_000000000154,300000000154,15338575,306772,55219,0,14976584,14976584,INR,netbanking,1786361400,1786361400
pay_000000000532,payment,pay_000000000532,order_000000000532,INV-2026-000532,setl_000000000155,300000000155,19209999,384200,69156,0,18756643,18756643,INR,wallet,1786447800,1786534200
pay_000000000533,payment,pay_000000000533,order_000000000533,INV-2026-000533,setl_000000000155,300000000155,8941500,178830,32189,0,8730481,8730481,INR,card,1786447800,1786534200
pay_000000000534,payment,pay_000000000534,order_000000000534,INV-2026-000534,setl_000000000155,300000000155,41291200,825824,148648,0,40316728,40316728,INR,wallet,1786361400,1786534200
pay_000000000535,payment,pay_000000000535,order_000000000535,INV-2026-000535,setl_000000000156,300000000156,46829625,936593,168587,0,45724445,45724445,INR,netbanking,1781782200,1781782200
pay_000000000536,payment,pay_000000000536,order_000000000536,INV-2026-000536,setl_000000000156,300000000156,38558875,771178,138812,0,37648885,37648885,INR,upi,1781782200,1781782200
pay_000000000537,payment,pay_000000000537,order_000000000537,INV-2026-000537,setl_000000000156,300000000156,46872000,937440,168739,0,45765821,45765821,INR,upi,1781609400,1781782200
pay_000000000538,payment,pay_000000000538,order_000000000538,INV-2026-000538,setl_000000000156,300000000156,42705825,854117,153741,0,41697967,41697967,INR,wallet,1781609400,1781782200
pay_000000000539,payment,pay_000000000539,order_000000000539,INV-2026-000539,setl_000000000157,300000000157,655375,13108,2359,0,639908,639908,INR,card,1785843000,1785843000
pay_000000000540,payment,pay_000000000540,order_000000000540,INV-2026-000540,setl_000000000157,300000000157,39799425,795989,143278,0,38860158,38860158,INR,wallet,1785843000,1785843000
pay_000000000541,payment,pay_000000000541,order_000000000541,INV-2026-000541,setl_000000000157,300000000157,8447800,168956,30412,0,8248432,8248432,INR,card,1785670200,1785843000
pay_000000000542,payment,pay_000000000542,order_000000000542,INV-2026-000542,setl_000000000157,300000000157,38683375,773668,139260,0,37770447,37770447,INR,netbanking,1785756600,1785843000
pay_000000000543,payment,pay_000000000543,order_000000000543,INV-2026-000543,setl_000000000157,300000000157,2219100,44382,7989,0,2166729,2166729,INR,card,1785756600,1785843000
pay_000000000544,payment,pay_000000000544,order_000000000544,INV-2026-000544,setl_000000000158,300000000158,19945200,398904,71803,0,19474493,19474493,INR,upi,1787311800,1787484600
pay_000000000545,payment,pay_000000000545,order_000000000545,INV-2026-000545,setl_000000000158,300000000158,27188000,543760,97877,0,26546363,26546363,INR,card,1787398200,1787484600
pay_000000000546,payment,pay_000000000546,order_000000000546,INV-2026-000546,setl_000000000158,300000000158,27172750,543455,97822,0,26531473,26531473,INR,netbanking,1787398200,1787484600
pay_000000000547,payment,pay_000000000547,order_000000000547,INV-2026-000547,setl_000000000159,300000000159,34761100,695222,125140,0,33940738,33940738,INR,netbanking,1781523000,1781609400
pay_000000000548,payment,pay_000000000548,order_000000000548,INV-2026-000548,setl_000000000159,300000000159,37862100,757242,136304,0,36968554,36968554,INR,wallet,1781523000,1781609400
pay_000000000549,payment,pay_000000000549,order_000000000549,INV-2026-000549,setl_000000000159,300000000159,25214500,504290,90772,0,24619438,24619438,INR,card,1781436600,1781609400
pay_000000000550,payment,pay_000000000550,order_000000000550,INV-2026-000550,setl_000000000159,300000000159,34035099,680702,122526,0,33231871,33231871,INR,upi,1781523000,1781609400
pay_000000000551,payment,pay_000000000551,order_000000000551,INV-2026-000551,setl_000000000160,300000000160,11455750,229115,41241,0,11185394,11185394,INR,wallet,1781004600,1781177400
pay_000000000552,payment,pay_000000000552,order_000000000552,INV-2026-000552,setl_000000000160,300000000160,45571650,911433,164058,0,44496159,44496159,INR,card,1781177400,1781177400
pay_000000000553,payment,pay_000000000553,order_000000000553,INV-2026-000553,setl_000000000160,300000000160,43634950,872699,157086,0,42605165,42605165,INR,card,1781004600,1781177400
pay_000000000554,payment,pay_000000000554,order_000000000554,INV-2026-000554,setl_000000000160,300000000160,41760725,835215,150339,0,40775171,40775171,INR,netbanking,1781177400,1781177400
pay_000000000555,payment,pay_000000000555,order_000000000555,INV-2026-000555,setl_000000000161,300000000161,31547500,630950,113571,0,30802979,30802979,INR,upi,1786879800,1787052600
pay_000000000556,payment,pay_000000000556,order_000000000556,INV-2026-000556,setl_000000000161,300000000161,4985850,99717,17949,0,4868184,4868184,INR,card,1786879800,1787052600
pay_000000000557,payment,pay_000000000557,order_000000000557,INV-2026-000557,setl_000000000161,300000000161,47389925,947799,170604,0,46271522,46271522,INR,upi,1786879800,1787052600
pay_000000000558,payment,pay_000000000558,order_000000000558,INV-2026-000558,setl_000000000161,300000000161,47127099,942542,169658,0,46014899,46014899,INR,wallet,1786879800,1787052600
pay_000000000559,payment,pay_000000000559,order_000000000559,INV-2026-000559,setl_000000000161,300000000161,27470150,549403,98893,0,26821854,26821854,INR,upi,1786966200,1787052600
pay_000000000560,payment,pay_000000000560,order_000000000560,INV-2026-000560,setl_000000000162,300000000162,21524800,430496,77489,0,21016815,21016815,INR,upi,1786275000,1786275000
pay_000000000561,payment,pay_000000000561,order_000000000561,INV-2026-000561,setl_000000000162,300000000162,37279875,745598,134208,0,36400069,36400069,INR,upi,1786275000,1786275000
pay_000000000562,payment,pay_000000000562,order_000000000562,INV-2026-000562,setl_000000000162,300000000162,27350400,547008,98461,0,26704931,26704931,INR,card,1786188600,1786275000
pay_000000000563,payment,pay_000000000563,order_000000000563,INV-2026-000563,setl_000000000162,300000000162,36158799,723176,130172,0,35305451,35305451,INR,wallet,1786188600,1786275000
pay_000000000564,payment,pay_000000000564,order_000000000564,INV-2026-000564,setl_000000000163,300000000163,30385500,607710,109388,0,29668402,29668402,INR,wallet,1783510200,1783683000
pay_000000000565,payment,pay_000000000565,order_000000000565,INV-2026-000565,setl_000000000163,300000000163,38676100,773522,139234,0,37763344,37763344,INR,upi,1783510200,1783683000
pay_000000000566,payment,pay_000000000566,order_000000000566,INV-2026-000566,setl_000000000163,300000000163,39307000,786140,141505,0,38379355,38379355,INR,card,1783596600,1783683000
pay_000000000567,payment,pay_000000000567,order_000000000567,INV-2026-000567,setl_000000000163,300000000163,5357400,107148,19287,0,5230965,5230965,INR,wallet,1783510200,1783683000
pay_000000000568,payment,pay_000000000568,order_000000000568,INV-2026-000568,setl_000000000163,300000000163,41313200,826264,148728,0,40338208,40338208,INR,upi,1783510200,1783683000
pay_000000000569,payment,pay_000000000569,order_000000000569,INV-2026-000569,setl_000000000164,300000000164,27415600,548312,98696,0,26768592,26768592,INR,upi,1787311800,1787484600
pay_000000000570,payment,pay_000000000570,order_000000000570,INV-2026-000570,setl_000000000164,300000000164,49682799,993656,178858,0,48510285,48510285,INR,wallet,1787484600,1787484600
pay_000000000571,payment,pay_000000000571,order_000000000571,INV-2026-000571,setl_000000000164,300000000164,23114700,462294,83213,0,22569193,22569193,INR,netbanking,1787484600,1787484600
pay_000000000572,payment,pay_000000000572,order_000000000572,INV-2026-000572,setl_000000000164,300000000164,10310300,206206,37117,0,10066977,10066977,INR,card,1787311800,1787484600
pay_000000000573,payment,pay_000000000573,order_000000000573,INV-2026-000573,setl_000000000164,300000000164,32353600,647072,116473,0,31590055,31590055,INR,upi,1787311800,1787484600
pay_000000000574,payment,pay_000000000574,order_000000000574,INV-2026-000574,setl_000000000165,300000000165,28914400,578288,104092,0,28232020,28232020,INR,netbanking,1781091000,1781263800
pay_000000000575,payment,pay_000000000575,order_000000000575,INV-2026-000575,setl_000000000165,300000000165,18317799,366356,65944,0,17885499,17885499,INR,card,1781177400,1781263800
pay_000000000576,payment,pay_000000000576,order_000000000576,INV-2026-000576,setl_000000000166,300000000166,19869825,397397,71531,0,19400897,19400897,INR,card,1785065400,1785151800
pay_000000000577,payment,pay_000000000577,order_000000000577,INV-2026-000577,setl_000000000166,300000000166,39813400,796268,143328,0,38873804,38873804,INR,wallet,1785065400,1785151800
pay_000000000578,payment,pay_000000000578,order_000000000578,INV-2026-000578,setl_000000000166,300000000166,47103625,942073,169573,0,45991979,45991979,INR,wallet,1785151800,1785151800
pay_000000000579,payment,pay_000000000579,order_000000000579,INV-2026-000579,setl_000000000166,300000000166,6195800,123916,22305,0,6049579,6049579,INR,wallet,1785151800,1785151800
pay_000000000580,payment,pay_000000000580,order_000000000580,INV-2026-000580,setl_000000000167,300000000167,18635500,372710,67088,0,18195702,18195702,INR,netbanking,1783596600,1783769400
pay_000000000581,payment,pay_000000000581,order_000000000581,INV-2026-000581,setl_000000000167,300000000167,9683175,193664,34860,0,9454651,9454651,INR,card,1783596600,1783769400
pay_000000000582,payment,pay_000000000582,order_000000000582,INV-2026-000582,setl_000000000167,300000000167,26261975,525240,94543,0,25642192,25642192,INR,card,1783769400,1783769400
pay_000000000583,payment,pay_000000000583,order_000000000583,INV-2026-000583,setl_000000000168,300000000168,2315899,46318,8337,0,2261244,2261244,INR,netbanking,1786188600,1786275000
pay_000000000584,payment,pay_000000000584,order_000000000584,INV-2026-000584,setl_000000000168,300000000168,32640800,652816,117507,0,31870477,31870477,INR,netbanking,1786188600,1786275000
pay_000000000585,payment,pay_000000000585,order_000000000585,INV-2026-000585,setl_000000000169,300000000169,36708125,734163,132149,0,35841813,35841813,INR,netbanking,1781523000,1781609400
pay_000000000586,payment,pay_000000000586,order_000000000586,INV-2026-000586,setl_000000000169,300000000169,36234400,724688,130444,0,35379268,35379268,INR,card,1781609400,1781609400
pay_000000000587,payment,pay_000000000587,order_000000000587,INV-2026-000587,setl_000000000169,300000000169,19992925,399859,71975,0,19521091,19521091,INR,netbanking,1781609400,1781609400
pay_000000000588,payment,pay_000000000588,order_000000000588,INV-2026-000588,setl_000000000169,300000000169,19058325,381167,68610,0,18608548,18608548,INR,card,1781523000,1781609400
pay_000000000589,payment,pay_000000000589,order_000000000589,INV-2026-000589,setl_000000000169,300000000169,28860500,577210,103898,0,28179392,28179392,INR,netbanking,1781609400,1781609400
pay_000000000590,payment,pay_000000000590,order_000000000590,INV-2026-000590,setl_000000000170,300000000170,37891400,757828,136409,0,36997163,36997163,INR,wallet,1781350200,1781350200
pay_000000000591,payment,pay_000000000591,order_000000000591,INV-2026-000591,setl_000000000170,300000000170,44995250,899905,161983,0,43933362,43933362,INR,card,1781350200,1781350200
pay_000000000592,payment,pay_000000000592,order_000000000592,INV-2026-000592,setl_000000000170,300000000170,42045075,840902,151362,0,41052811,41052811,INR,wallet,1781350200,1781350200
pay_000000000593,payment,pay_000000000593,order_000000000593,INV-2026-000593,setl_000000000171,300000000171,42767500,855350,153963,0,41758187,41758187,INR,upi,1782559800,1782646200
pay_000000000594,payment,pay_000000000594,order_000000000594,INV-2026-000594,setl_000000000171,300000000171,23685375,473708,85267,0,23126400,23126400,INR,netbanking,1782559800,1782646200
pay_000000000595,payment,pay_000000000595,order_000000000595,INV-2026-000595,setl_000000000171,300000000171,19024800,380496,68489,0,18575815,18575815,INR,netbanking,1782473400,1782646200
pay_000000000596,payment,pay_000000000596,order_000000000596,INV-2026-000596,setl_000000000172,300000000172,15122050,302441,54439,0,14765170,14765170,INR,card,1786879800,1787052600
pay_000000000597,payment,pay_000000000597,order_000000000597,INV-2026-000597,setl_000000000172,300000000172,45621700,912434,164238,0,44545028,44545028,INR,netbanking,1786879800,1787052600
pay_000000000598,payment,pay_000000000598,order_000000000598,INV-2026-000598,setl_000000000173,300000000173,41045599,820912,147764,0,40076923,40076923,INR,wallet,1785065400,1785151800
pay_000000000599,payment,pay_000000000599,order_000000000599,INV-2026-000599,setl_000000000173,300000000173,21804900,436098,78498,0,21290304,21290304,INR,upi,1785151800,1785151800
pay_000000000600,payment,pay_000000000600,order_000000000600,INV-2026-000600,setl_000000000173,300000000173,6655675,133114,23961,0,6498600,6498600,INR,netbanking,1785151800,1785151800
pay_000000000601,payment,pay_000000000601,order_000000000601,INV-2026-000601,setl_000000000173,300000000173,49406075,988122,177862,0,48240091,48240091,INR,upi,1784979000,1785151800
pay_000000000602,payment,pay_000000000602,order_000000000602,INV-2026-000602,setl_000000000173,300000000173,11140000,222800,40104,0,10877096,10877096,INR,upi,1785065400,1785151800
pay_000000000603,payment,pay_000000000603,order_000000000603,INV-2026-000603,setl_000000000174,300000000174,38771100,775422,139576,0,37856102,37856102,INR,card,1782905400,1782991800
pay_000000000604,payment,pay_000000000604,order_000000000604,INV-2026-000604,setl_000000000174,300000000174,6982725,139655,25138,0,6817932,6817932,INR,upi,1782991800,1782991800
pay_000000000605,payment,pay_000000000605,order_000000000605,INV-2026-000605,setl_000000000174,300000000174,1943175,38864,6996,0,1897315,1897315,INR,netbanking,1782905400,1782991800
pay_000000000606,payment,pay_000000000606,order_000000000606,INV-2026-000606,setl_000000000174,300000000174,45411150,908223,163480,0,44339447,44339447,INR,netbanking,1782905400,1782991800
pay_000000000607,payment,pay_000000000607,order_000000000607,INV-2026-000607,setl_000000000175,300000000175,653400,13068,2352,0,637980,637980,INR,card,1783423800,1783596600
pay_000000000608,payment,pay_000000000608,order_000000000608,INV-2026-000608,setl_000000000175,300000000175,18129400,362588,65266,0,17701546,17701546,INR,upi,1783510200,1783596600
pay_000000000609,payment,pay_000000000609,order_000000000609,INV-2026-000609,setl_000000000175,300000000175,36158950,723179,130172,0,35305599,35305599,INR,netbanking,1783510200,1783596600
pay_000000000610,payment,pay_000000000610,order_000000000610,INV-2026-000610,setl_000000000175,300000000175,578899,11578,2084,0,565237,565237,INR,netbanking,1783510200,1783596600
pay_000000000611,payment,pay_000000000611,order_000000000611,INV-2026-000611,setl_000000000176,300000000176,12659925,253199,45576,0,12361150,12361150,INR,netbanking,1787052600,1787225400
pay_000000000612,payment,pay_000000000612,order_000000000612,INV-2026-000612,setl_000000000176,300000000176,15025275,300506,54091,0,14670678,14670678,INR,netbanking,1787052600,1787225400
pay_000000000613,payment,pay_000000000613,order_000000000613,INV-2026-000613,setl_000000000177,300000000177,1260200,25204,4537,0,1230459,1230459,INR,netbanking,1786188600,1786188600
pay_000000000614,payment,pay_000000000614,order_000000000614,INV-2026-000614,setl_000000000177,300000000177,14213500,284270,51169,0,13878061,13878061,INR,wallet,1786015800,1786188600
pay_000000000615,payment,pay_000000000615,order_000000000615,INV-2026-000615,setl_000000000178,300000000178,3842625,76853,13834,0,3751938,3751938,INR,card,1784547000,1784633400
pay_000000000616,payment,pay_000000000616,order_000000000616,INV-2026-000616,setl_000000000178,300000000178,10176499,203530,36635,0,9936334,9936334,INR,wallet,1784547000,1784633400
pay_000000000617,payment,pay_000000000617,order_000000000617,INV-2026-000617,setl_000000000178,300000000178,43524200,870484,156687,0,42497029,42497029,INR,card,1784633400,1784633400
pay_000000000618,payment,pay_000000000618,order_000000000618,INV-2026-000618,setl_000000000178,300000000178,20274499,405490,72988,0,19796021,19796021,INR,card,1784547000,1784633400
pay_000000000619,payment,pay_000000000619,order_000000000619,INV-2026-000619,setl_000000000179,300000000179,10518800,210376,37868,0,10270556,10270556,INR,card,1783596600,1783596600
pay_000000000620,payment,pay_000000000620,order_000000000620,INV-2026-000620,setl_000000000179,300000000179,6020700,120414,21675,0,5878611,5878611,INR,wallet,1783423800,1783596600
pay_000000000621,payment,pay_000000000621,order_000000000621,INV-2026-000621,setl_000000000179,300000000179,17113800,342276,61610,0,16709914,16709914,INR,netbanking,1783596600,1783596600
pay_000000000622,payment,pay_000000000622,order_000000000622,INV-2026-000622,setl_000000000179,300000000179,30754900,615098,110718,0,30029084,30029084,INR,card,1783510200,1783596600
pay_000000000623,payment,pay_000000000623,order_000000000623,INV-2026-000623,setl_000000000179,300000000179,568100,11362,2045,0,554693,554693,INR,wallet,1783423800,1783596600
pay_000000000624,payment,pay_000000000624,order_000000000624,INV-2026-000624,setl_000000000180,300000000180,29373699,587474,105745,0,28680480,28680480,INR,netbanking,1783596600,1783769400
pay_000000000625,payment,pay_000000000625,order_000000000625,INV-2026-000625,setl_000000000180,300000000180,42332750,846655,152398,0,41333697,41333697,INR,card,1783596600,1783769400
pay_000000000626,payment,pay_000000000626,order_000000000626,INV-2026-000626,setl_000000000180,300000000180,1219575,24392,4391,0,1190792,1190792,INR,netbanking,1783683000,1783769400
pay_000000000627,payment,pay_000000000627,order_000000000627,INV-2026-000627,setl_000000000180,300000000180,38079300,761586,137085,0,37180629,37180629,INR,upi,1783683000,1783769400
pay_000000000628,payment,pay_000000000628,order_000000000628,INV-2026-000628,setl_000000000180,300000000180,25543875,510878,91958,0,24941039,24941039,INR,netbanking,1783683000,1783769400
pay_000000000629,payment,pay_000000000629,order_000000000629,INV-2026-000629,setl_000000000181,300000000181,40780475,815610,146810,0,39818055,39818055,INR,wallet,1780140600,1780313400
pay_000000000630,payment,pay_000000000630,order_000000000630,INV-2026-000630,setl_000000000181,300000000181,38564700,771294,138833,0,37654573,37654573,INR,netbanking,1780313400,1780313400
pay_000000000631,payment,pay_000000000631,order_000000000631,INV-2026-000631,setl_000000000181,300000000181,40785625,815713,146828,0,39823084,39823084,INR,netbanking,1780313400,1780313400
pay_000000000632,payment,pay_000000000632,order_000000000632,INV-2026-000632,setl_000000000181,300000000181,37901300,758026,136445,0,37006829,37006829,INR,wallet,1780140600,1780313400
pay_000000000633,payment,pay_000000000633,order_000000000633,INV-2026-000633,setl_000000000182,300000000182,10694700,213894,38501,0,10442305,10442305,INR,card,1780572600,1780659000
pay_000000000634,payment,pay_000000000634,order_000000000634,INV-2026-000634,setl_000000000182,300000000182,5277500,105550,18999,0,5152951,5152951,INR,wallet,1780486200,1780659000
pay_000000000635,payment,pay_000000000635,order_000000000635,INV-2026-000635,setl_000000000182,300000000182,34594050,691881,124539,0,33777630,33777630,INR,netbanking,1780486200,1780659000
pay_000000000636,payment,pay_000000000636,order_000000000636,INV-2026-000636,setl_000000000183,300000000183,38598400,771968,138954,0,37687478,37687478,INR,upi,1780659000,1780745400
pay_000000000637,payment,pay_000000000637,order_000000000637,INV-2026-000637,setl_000000000183,300000000183,49624400,992488,178648,0,48453264,48453264,INR,upi,1780572600,1780745400
pay_000000000638,payment,pay_000000000638,order_000000000638,INV-2026-000638,setl_000000000183,300000000183,5407175,108144,19466,0,5279565,5279565,INR,wallet,1780745400,1780745400
pay_000000000639,payment,pay_000000000639,order_000000000639,INV-2026-000639,setl_000000000183,300000000183,10033100,200662,36119,0,9796319,9796319,INR,card,1780572600,1780745400
pay_000000000640,payment,pay_000000000640,order_000000000640,INV-2026-000640,setl_000000000184,300000000184,31998300,639966,115194,0,31243140,31243140,INR,card,1783683000,1783855800
pay_000000000641,payment,pay_000000000641,order_000000000641,INV-2026-000641,setl_000000000184,300000000184,19764199,395284,71151,0,19297764,19297764,INR,netbanking,1783683000,1783855800
pay_000000000642,payment,pay_000000000642,order_000000000642,INV-2026-000642,setl_000000000184,300000000184,18974850,379497,68309,0,18527044,18527044,INR,wallet,1783769400,1783855800
pay_000000000643,payment,pay_000000000643,order_000000000643,INV-2026-000643,setl_000000000184,300000000184,110275,2206,397,0,107672,107672,INR,netbanking,1783855800,1783855800
pay_000000000644,payment,pay_000000000644,order_000000000644,INV-2026-000644,setl_000000000184,300000000184,31335100,626702,112806,0,30595592,30595592,INR,card,1783683000,1783855800
pay_000000000645,payment,pay_000000000645,order_000000000645,INV-2026-000645,setl_000000000185,300000000185,42623600,852472,153445,0,41617683,41617683,INR,wallet,1783078200,1783078200
pay_000000000646,payment,pay_000000000646,order_000000000646,INV-2026-000646,setl_000000000185,300000000185,29935300,598706,107767,0,29228827,29228827,INR,upi,1782905400,1783078200
pay_000000000647,payment,pay_000000000647,order_000000000647,INV-2026-000647,setl_000000000185,300000000185,38036400,760728,136931,0,37138741,37138741,INR,card,1782991800,1783078200
pay_000000000648,payment,pay_000000000648,order_000000000648,INV-2026-000648,setl_000000000186,300000000186,45701899,914038,164527,0,44623334,44623334,INR,upi,1781609400,1781609400
pay_000000000649,payment,pay_000000000649,order_000000000649,INV-2026-000649,setl_000000000186,300000000186,33333999,666680,120002,0,32547317,32547317,INR,wallet,1781436600,1781609400
pay_000000000650,payment,pay_000000000650,order_000000000650,INV-2026-000650,setl_000000000186,300000000186,2937800,58756,10576,0,2868468,2868468,INR,upi,1781436600,1781609400
pay_000000000651,payment,pay_000000000651,order_000000000651,INV-2026-000651,setl_000000000186,300000000186,16841325,336827,60629,0,16443869,16443869,INR,card,1781436600,1781609400
pay_000000000652,payment,pay_000000000652,order_000000000652,INV-2026-000652,setl_000000000186,300000000186,17235325,344707,62047,0,16828571,16828571,INR,card,1781436600,1781609400
pay_000000000653,payment,pay_000000000653,order_000000000653,INV-2026-000653,setl_000000000187,300000000187,13865500,277310,49916,0,13538274,13538274,INR,wallet,1784633400,1784719800
pay_000000000654,payment,pay_000000000654,order_000000000654,INV-2026-000654,setl_000000000187,300000000187,40670775,813416,146415,0,39710944,39710944,INR,card,1784719800,1784719800
pay_000000000655,payment,pay_000000000655,order_000000000655,INV-2026-000655,setl_000000000188,300000000188,21783650,435673,78421,0,21269556,21269556,INR,netbanking,1787571000,1787657400
pay_000000000656,payment,pay_000000000656,order_000000000656,INV-2026-000656,setl_000000000188,300000000188,10087100,201742,36314,0,9849044,9849044,INR,upi,1787571000,1787657400
pay_000000000657,payment,pay_000000000657,order_000000000657,INV-2026-000657,setl_000000000189,300000000189,12842725,256855,46234,0,12539636,12539636,INR,netbanking,1780831800,1780831800
pay_000000000658,payment,pay_000000000658,order_000000000658,INV-2026-000658,setl_000000000189,300000000189,820000,16400,2952,0,800648,800648,INR,upi,1780659000,1780831800
pay_000000000659,payment,pay_000000000659,order_000000000659,INV-2026-000659,setl_000000000190,300000000190,19845025,0,0,0,19845025,19845025,INR,upi,1787571000,1787743800
pay_000000000660,payment,pay_000000000660,order_000000000660,INV-2026-000660,setl_000000000191,300000000191,45413200,0,0,0,45413200,45413200,INR,wallet,1780486200,1780572600
pay_000000000661,payment,pay_000000000661,order_000000000661,INV-2026-000661,setl_000000000192,300000000192,25786550,0,0,0,25786550,25786550,INR,netbanking,1782041400,1782041400
pay_000000000662,payment,pay_000000000662,order_000000000662,INV-2026-000662,setl_000000000193,300000000193,35646425,0,0,0,35646425,35646425,INR,card,1787225400,1787398200
pay_000000000663,payment,pay_000000000663,order_000000000663,INV-2026-000663,setl_000000000194,300000000194,7340900,0,0,0,7340900,7340900,INR,card,1787916600,1788089400
pay_000000000664,payment,pay_000000000664,order_000000000664,INV-2026-000664,setl_000000000195,300000000195,1645799,0,0,0,1645799,1645799,INR,wallet,1783769400,1783855800
pay_000000000665,payment,pay_000000000665,order_000000000665,INV-2026-000665,setl_000000000196,300000000196,31851125,0,0,0,31851125,31851125,INR,card,1787052600,1787052600
pay_000000000666,payment,pay_000000000666,order_000000000666,INV-2026-000666,setl_000000000197,300000000197,21521899,0,0,0,21521899,21521899,INR,wallet,1780399800,1780486200
pay_000000000667,payment,pay_000000000667,order_000000000667,INV-2026-000667,setl_000000000198,300000000198,38652599,0,0,0,38652599,38652599,INR,netbanking,1784460600,1784633400
pay_000000000668,payment,pay_000000000668,order_000000000668,INV-2026-000668,setl_000000000199,300000000199,2157925,0,0,0,2157925,2157925,INR,upi,1784547000,1784719800
pay_000000000669,payment,pay_000000000669,order_000000000669,INV-2026-000669,setl_000000000200,300000000200,33974350,0,0,0,33974350,33974350,INR,upi,1781263800,1781436600
pay_000000000670,payment,pay_000000000670,order_000000000670,INV-2026-000670,setl_000000000201,300000000201,17090875,0,0,0,17090875,17090875,INR,card,1787484600,1787657400
pay_000000000671,payment,pay_000000000671,order_000000000671,INV-2026-000671,setl_000000000202,300000000202,45651100,0,0,0,45651100,45651100,INR,upi,1782214200,1782387000
pay_000000000672,payment,pay_000000000672,order_000000000672,INV-2026-000672,setl_000000000203,300000000203,42433800,0,0,0,42433800,42433800,INR,card,1786966200,1787052600
pay_000000000673,payment,pay_000000000673,order_000000000673,INV-2026-000673,setl_000000000204,300000000204,9790900,0,0,0,9790900,9790900,INR,netbanking,1780918200,1781091000
pay_000000000674,payment,pay_000000000674,order_000000000674,INV-2026-000674,setl_000000000205,300000000205,1979000,0,0,0,1979000,1979000,INR,netbanking,1783596600,1783683000
pay_000000000675,payment,pay_000000000675,order_000000000675,INV-2026-000675,setl_000000000206,300000000206,36581500,0,0,0,36581500,36581500,INR,upi,1787052600,1787052600
pay_000000000676,payment,pay_000000000676,order_000000000676,INV-2026-000676,setl_000000000207,300000000207,9532325,0,0,0,9532325,9532325,INR,netbanking,1782819000,1782991800
pay_000000000677,payment,pay_000000000677,order_000000000677,INV-2026-000677,setl_000000000208,300000000208,41529000,0,0,0,41529000,41529000,INR,netbanking,1783683000,1783769400
pay_000000000678,payment,pay_000000000678,order_000000000678,INV-2026-000678,setl_000000000209,300000000209,25344200,0,0,0,25344200,25344200,INR,netbanking,1787225400,1787311800
pay_000000000679,payment,pay_000000000679,order_000000000679,INV-2026-000679,setl_000000000210,300000000210,19773475,0,0,0,19773475,19773475,INR,wallet,1786188600,1786188600
pay_000000000680,payment,pay_000000000680,order_000000000680,INV-2026-000680,setl_000000000211,300000000211,15950100,0,0,0,15950100,15950100,INR,upi,1781523000,1781609400
pay_000000000681,payment,pay_000000000681,order_000000000681,INV-2026-000681,setl_000000000212,300000000212,38088300,0,0,0,38088300,38088300,INR,upi,1785324600,1785411000
pay_000000000682,payment,pay_000000000682,order_000000000682,INV-2026-000682,setl_000000000213,300000000213,8357300,0,0,0,8357300,8357300,INR,upi,1781523000,1781523000
pay_000000000683,payment,pay_000000000683,order_000000000683,INV-2026-000683,setl_000000000214,300000000214,24780175,0,0,0,24780175,24780175,INR,wallet,1780831800,1780831800
pay_000000000684,payment,pay_000000000684,order_000000000684,INV-2026-000684,setl_000000000215,300000000215,7009800,0,0,0,7009800,7009800,INR,upi,1788003000,1788089400
pay_000000000685,payment,pay_000000000685,order_000000000685,INV-2026-000685,setl_000000000216,300000000216,25195150,0,0,0,25195150,25195150,INR,netbanking,1782127800,1782214200
pay_000000000686,payment,pay_000000000686,order_000000000686,INV-2026-000686,setl_000000000217,300000000217,8437250,0,0,0,8437250,8437250,INR,netbanking,1784547000,1784547000
pay_000000000687,payment,pay_000000000687,order_000000000687,INV-2026-000687,setl_000000000218,300000000218,31146425,0,0,0,31146425,31146425,INR,upi,1785411000,1785497400
pay_000000000688,payment,pay_000000000688,order_000000000688,INV-2026-000688,setl_000000000219,300000000219,109699,0,0,0,109699,109699,INR,card,1781868600,1782041400
pay_000000000689,payment,pay_000000000689,order_000000000689,INV-2026-000689,setl_000000000220,300000000220,30651600,0,0,0,30651600,30651600,INR,wallet,1787052600,1787225400
pay_000000000690,payment,pay_000000000690,order_000000000690,INV-2026-000690,setl_000000000221,300000000221,16779075,0,0,0,16779075,16779075,INR,wallet,1784460600,1784547000
pay_000000000691,payment,pay_000000000691,order_000000000691,INV-2026-000691,setl_000000000222,300000000222,7140000,0,0,0,7140000,7140000,INR,upi,1781091000,1781263800
pay_000000000692,payment,pay_000000000692,order_000000000692,INV-2026-000692,setl_000000000223,300000000223,18728300,0,0,0,18728300,18728300,INR,upi,1782300600,1782387000
pay_000000000693,payment,pay_000000000693,order_000000000693,INV-2026-000693,setl_000000000224,300000000224,36301900,0,0,0,36301900,36301900,INR,netbanking,1781868600,1782041400
pay_000000000694,payment,pay_000000000694,order_000000000694,INV-2026-000694,setl_000000000225,300000000225,26978350,0,0,0,26978350,26978350,INR,netbanking,1786620600,1786793400
pay_000000000695,payment,pay_000000000695,order_000000000695,INV-2026-000695,setl_000000000226,300000000226,15137450,0,0,0,15137450,15137450,INR,upi,1781177400,1781177400
pay_000000000696,payment,pay_000000000696,order_000000000696,INV-2026-000696,setl_000000000227,300000000227,42010125,0,0,0,42010125,42010125,INR,upi,1780659000,1780745400
pay_000000000697,payment,pay_000000000697,order_000000000697,INV-2026-000697,setl_000000000228,300000000228,43067000,0,0,0,43067000,43067000,INR,wallet,1780831800,1780831800
pay_000000000698,payment,pay_000000000698,order_000000000698,INV-2026-000698,setl_000000000229,300000000229,41901950,0,0,0,41901950,41901950,INR,netbanking,1784460600,1784633400
pay_000000000699,payment,pay_000000000699,order_000000000699,INV-2026-000699,setl_000000000230,300000000230,17789875,0,0,0,17789875,17789875,INR,netbanking,1787916600,1787916600
pay_000000000700,payment,pay_000000000700,order_000000000700,INV-2026-000700,setl_000000000231,300000000231,3082225,0,0,0,3082225,3082225,INR,upi,1787571000,1787571000
pay_000000000701,payment,pay_000000000701,order_000000000701,INV-2026-000701,setl_000000000232,300000000232,23873500,0,0,0,23873500,23873500,INR,netbanking,1784979000,1785151800
pay_000000000702,payment,pay_000000000702,order_000000000702,INV-2026-000702,setl_000000000233,300000000233,20685300,0,0,0,20685300,20685300,INR,upi,1787398200,1787484600
pay_000000000703,payment,pay_000000000703,order_000000000703,INV-2026-000703,setl_000000000234,300000000234,26193800,0,0,0,26193800,26193800,INR,upi,1787484600,1787657400
pay_000000000704,payment,pay_000000000704,order_000000000704,INV-2026-000704,setl_000000000235,300000000235,273450,0,0,0,273450,273450,INR,upi,1787916600,1788003000
pay_000000000705,payment,pay_000000000705,order_000000000705,INV-2026-000705,setl_000000000236,300000000236,20241275,0,0,0,20241275,20241275,INR,wallet,1782387000,1782473400
pay_000000000706,payment,pay_000000000706,order_000000000706,INV-2026-000706,setl_000000000237,300000000237,3402699,0,0,0,3402699,3402699,INR,netbanking,1786275000,1786447800
pay_000000000707,payment,pay_000000000707,order_000000000707,INV-2026-000707,setl_000000000238,300000000238,27526550,0,0,0,27526550,27526550,INR,card,1787743800,1787916600
pay_000000000708,payment,pay_000000000708,order_000000000708,INV-2026-000708,setl_000000000239,300000000239,9049099,0,0,0,9049099,9049099,INR,upi,1786793400,1786793400
pay_000000000709,payment,pay_000000000709,order_000000000709,INV-2026-000709,setl_000000000240,300000000240,2490025,0,0,0,2490025,2490025,INR,upi,1782214200,1782300600
pay_000000000710,payment,pay_000000000710,order_000000000710,INV-2026-000710,setl_000000000241,300000000241,25631100,0,0,0,25631100,25631100,INR,card,1780313400,1780313400
pay_000000000711,payment,pay_000000000711,order_000000000711,INV-2026-000711,setl_000000000242,300000000242,37701850,0,0,0,37701850,37701850,INR,netbanking,1787052600,1787052600
pay_000000000712,payment,pay_000000000712,order_000000000712,INV-2026-000712,setl_000000000243,300000000243,41865400,0,0,0,41865400,41865400,INR,wallet,1787830200,1787916600
pay_000000000713,payment,pay_000000000713,order_000000000713,INV-2026-000713,setl_000000000244,300000000244,1623850,0,0,0,1623850,1623850,INR,upi,1785929400,1785929400
pay_000000000714,payment,pay_000000000714,order_000000000714,INV-2026-000714,setl_000000000245,300000000245,10583450,0,0,0,10583450,10583450,INR,wallet,1782732600,1782732600
pay_000000000715,payment,pay_000000000715,order_000000000715,INV-2026-000715,setl_000000000246,300000000246,17710300,0,0,0,17710300,17710300,INR,upi,1780659000,1780831800
pay_000000000716,payment,pay_000000000716,order_000000000716,INV-2026-000716,setl_000000000247,300000000247,12143000,0,0,0,12143000,12143000,INR,wallet,1784806200,1784979000
pay_000000000717,payment,pay_000000000717,order_000000000717,INV-2026-000717,setl_000000000248,300000000248,2418600,0,0,0,2418600,2418600,INR,upi,1785497400,1785670200
pay_000000000718,payment,pay_000000000718,order_000000000718,INV-2026-000718,setl_000000000249,300000000249,18890700,0,0,0,18890700,18890700,INR,upi,1782905400,1783078200
pay_000000000719,payment,pay_000000000719,order_000000000719,INV-2026-000719,setl_000000000250,300000000250,46941675,0,0,0,46941675,46941675,INR,upi,1783942200,1784115000
pay_000000000720,payment,pay_000000000720,order_000000000720,INV-2026-000720,setl_000000000251,300000000251,32560400,0,0,0,32560400,32560400,INR,card,1784287800,1784374200
pay_000000000721,payment,pay_000000000721,order_000000000721,INV-2026-000721,setl_000000000252,300000000252,18592200,0,0,0,18592200,18592200,INR,wallet,1785843000,1786015800
pay_000000000722,payment,pay_000000000722,order_000000000722,INV-2026-000722,setl_000000000253,300000000253,32655700,0,0,0,32655700,32655700,INR,upi,1787743800,1787916600
pay_000000000723,payment,pay_000000000723,order_000000000723,INV-2026-000723,setl_000000000254,300000000254,32987300,0,0,0,32987300,32987300,INR,card,1783510200,1783596600
pay_000000000724,payment,pay_000000000724,order_000000000724,INV-2026-000724,setl_000000000255,300000000255,31209075,0,0,0,31209075,31209075,INR,wallet,1788003000,1788175800
pay_000000000725,payment,pay_000000000725,order_000000000725,INV-2026-000725,setl_000000000256,300000000256,8530075,0,0,0,8530075,8530075,INR,card,1786188600,1786275000
pay_000000000726,payment,pay_000000000726,order_000000000726,INV-2026-000726,setl_000000000257,300000000257,29590575,0,0,0,29590575,29590575,INR,netbanking,1780659000,1780831800
pay_000000000727,payment,pay_000000000727,order_000000000727,INV-2026-000727,setl_000000000258,300000000258,26702800,0,0,0,26702800,26702800,INR,netbanking,1787398200,1787571000
pay_000000000728,payment,pay_000000000728,order_000000000728,INV-2026-000728,setl_000000000259,300000000259,28986100,0,0,0,28986100,28986100,INR,wallet,1783683000,1783683000
pay_000000000729,payment,pay_000000000729,order_000000000729,INV-2026-000729,setl_000000000260,300000000260,25814500,0,0,0,25814500,25814500,INR,upi,1786966200,1787139000
pay_000000000730,payment,pay_000000000730,order_000000000730,INV-2026-000730,setl_000000000261,300000000261,21889999,0,0,0,21889999,21889999,INR,card,1785151800,1785238200
pay_000000000731,payment,pay_000000000731,order_000000000731,INV-2026-000731,setl_000000000262,300000000262,19801200,0,0,0,19801200,19801200,INR,netbanking,1780313400,1780399800
pay_000000000732,payment,pay_000000000732,order_000000000732,INV-2026-000732,setl_000000000263,300000000263,30781700,0,0,0,30781700,30781700,INR,wallet,1785756600,1785929400
pay_000000000733,payment,pay_000000000733,order_000000000733,INV-2026-000733,setl_000000000264,300000000264,6357699,0,0,0,6357699,6357699,INR,upi,1783337400,1783423800
pay_000000000734,payment,pay_000000000734,order_000000000734,INV-2026-000734,setl_000000000265,300000000265,3167600,0,0,0,3167600,3167600,INR,card,1783769400,1783855800
pay_000000000735,payment,pay_000000000735,order_000000000735,INV-2026-000735,setl_000000000266,300000000266,8862725,0,0,0,8862725,8862725,INR,netbanking,1783855800,1783942200
pay_000000000736,payment,pay_000000000736,order_000000000736,INV-2026-000736,setl_000000000267,300000000267,48382000,0,0,0,48382000,48382000,INR,card,1781436600,1781436600
pay_000000000737,payment,pay_000000000737,order_000000000737,INV-2026-000737,setl_000000000268,300000000268,23270225,0,0,0,23270225,23270225,INR,card,1786015800,1786102200
pay_000000000738,payment,pay_000000000738,order_000000000738,INV-2026-000738,setl_000000000269,300000000269,1085999,0,0,0,1085999,1085999,INR,upi,1785583800,1785670200
pay_000000000739,payment,pay_000000000739,order_000000000739,INV-2026-000739,setl_000000000270,300000000270,35258700,0,0,0,35258700,35258700,INR,card,1780572600,1780572600
pay_000000000740,payment,pay_000000000740,order_000000000740,INV-2026-000740,setl_000000000271,300000000271,14877400,0,0,0,14877400,14877400,INR,upi,1786188600,1786188600
pay_000000000741,payment,pay_000000000741,order_000000000741,INV-2026-000741,setl_000000000272,300000000272,40019700,0,0,0,40019700,40019700,INR,upi,1781609400,1781695800
pay_000000000742,payment,pay_000000000742,order_000000000742,INV-2026-000742,setl_000000000273,300000000273,29141150,0,0,0,29141150,29141150,INR,card,1783510200,1783596600
pay_000000000743,payment,pay_000000000743,order_000000000743,INV-2026-000743,setl_000000000274,300000000274,7616550,0,0,0,7616550,7616550,INR,upi,1784719800,1784892600
pay_000000000744,payment,pay_000000000744,order_000000000744,INV-2026-000744,setl_000000000275,300000000275,35053025,0,0,0,35053025,35053025,INR,netbanking,1784719800,1784806200
pay_000000000745,payment,pay_000000000745,order_000000000745,INV-2026-000745,setl_000000000276,300000000276,9489750,0,0,0,9489750,9489750,INR,netbanking,1786966200,1787139000
pay_000000000746,payment,pay_000000000746,order_000000000746,INV-2026-000746,setl_000000000277,300000000277,40153700,0,0,0,40153700,40153700,INR,wallet,1785065400,1785065400
pay_000000000747,payment,pay_000000000747,order_000000000747,INV-2026-000747,setl_000000000278,300000000278,35490750,0,0,0,35490750,35490750,INR,wallet,1787571000,1787743800
pay_000000000748,payment,pay_000000000748,order_000000000748,INV-2026-000748,setl_000000000279,300000000279,19310400,0,0,0,19310400,19310400,INR,netbanking,1786707000,1786707000
pay_000000000749,payment,pay_000000000749,order_000000000749,INV-2026-000749,setl_000000000280,300000000280,16086100,0,0,0,16086100,16086100,INR,upi,1784028600,1784028600
pay_000000000750,payment,pay_000000000750,order_000000000750,INV-2026-000750,setl_000000000281,300000000281,25704000,0,0,0,25704000,25704000,INR,card,1787916600,1788089400
pay_000000000751,payment,pay_000000000751,order_000000000751,INV-2026-000751,setl_000000000282,300000000282,44682025,0,0,0,44682025,44682025,INR,netbanking,1782646200,1782732600
pay_000000000752,payment,pay_000000000752,order_000000000752,INV-2026-000752,setl_000000000283,300000000283,15925425,0,0,0,15925425,15925425,INR,netbanking,1783596600,1783683000
pay_000000000753,payment,pay_000000000753,order_000000000753,INV-2026-000753,setl_000000000284,300000000284,33545725,0,0,0,33545725,33545725,INR,upi,1787052600,1787139000
pay_000000000754,payment,pay_000000000754,order_000000000754,INV-2026-000754,setl_000000000285,300000000285,36110925,0,0,0,36110925,36110925,INR,card,1782905400,1782991800
pay_000000000755,payment,pay_000000000755,order_000000000755,INV-2026-000755,setl_000000000286,300000000286,42228500,0,0,0,42228500,42228500,INR,card,1787571000,1787743800
pay_000000000756,payment,pay_000000000756,order_000000000756,INV-2026-000756,setl_000000000287,300000000287,5968425,0,0,0,5968425,5968425,INR,netbanking,1785843000,1785843000
pay_000000000757,payment,pay_000000000757,order_000000000757,INV-2026-000757,setl_000000000288,300000000288,25808925,0,0,0,25808925,25808925,INR,upi,1784374200,1784547000
pay_000000000758,payment,pay_000000000758,order_000000000758,INV-2026-000758,setl_000000000289,300000000289,47560025,0,0,0,47560025,47560025,INR,upi,1780659000,1780831800
pay_000000000759,payment,pay_000000000759,order_000000000759,INV-2026-000759,setl_000000000290,300000000290,49190299,0,0,0,49190299,49190299,INR,card,1782905400,1782991800
pay_000000000760,payment,pay_000000000760,order_000000000760,INV-2026-000760,setl_000000000291,300000000291,31668275,0,0,0,31668275,31668275,INR,netbanking,1786361400,1786534200
pay_000000000761,payment,pay_000000000761,order_000000000761,INV-2026-000761,setl_000000000292,300000000292,5910500,0,0,0,5910500,5910500,INR,card,1782991800,1783164600
pay_000000000762,payment,pay_000000000762,order_000000000762,INV-2026-000762,setl_000000000293,300000000293,43861225,0,0,0,43861225,43861225,INR,upi,1782732600,1782732600
pay_000000000763,payment,pay_000000000763,order_000000000763,INV-2026-000763,setl_000000000294,300000000294,37774425,0,0,0,37774425,37774425,INR,wallet,1785065400,1785151800
pay_000000000764,payment,pay_000000000764,order_000000000764,INV-2026-000764,setl_000000000295,300000000295,9556550,0,0,0,9556550,9556550,INR,netbanking,1781868600,1781868600
pay_000000000765,payment,pay_000000000765,order_000000000765,INV-2026-000765,setl_000000000296,300000000296,22292675,0,0,0,22292675,22292675,INR,upi,1786879800,1786966200
pay_000000000766,payment,pay_000000000766,order_000000000766,INV-2026-000766,setl_000000000297,300000000297,19545900,0,0,0,19545900,19545900,INR,card,1786447800,1786447800
pay_000000000767,payment,pay_000000000767,order_000000000767,INV-2026-000767,setl_000000000298,300000000298,43867700,0,0,0,43867700,43867700,INR,netbanking,1784287800,1784374200
pay_000000000768,payment,pay_000000000768,order_000000000768,INV-2026-000768,setl_000000000299,300000000299,41949750,0,0,0,41949750,41949750,INR,card,1780831800,1780831800
pay_000000000769,payment,pay_000000000769,order_000000000769,INV-2026-000769,setl_000000000300,300000000300,44446275,0,0,0,44446275,44446275,INR,netbanking,1781868600,1781868600
pay_000000000770,payment,pay_000000000770,order_000000000770,INV-2026-000770,setl_000000000301,300000000301,26215375,0,0,0,26215375,26215375,INR,upi,1781350200,1781436600
pay_000000000771,payment,pay_000000000771,order_000000000771,INV-2026-000771,setl_000000000302,300000000302,23905575,0,0,0,23905575,23905575,INR,upi,1783251000,1783423800
pay_000000000772,payment,pay_000000000772,order_000000000772,INV-2026-000772,setl_000000000303,300000000303,3807925,0,0,0,3807925,3807925,INR,upi,1786966200,1787052600
pay_000000000773,payment,pay_000000000773,order_000000000773,INV-2026-000773,setl_000000000304,300000000304,6423000,0,0,0,6423000,6423000,INR,netbanking,1785670200,1785756600
pay_000000000774,payment,pay_000000000774,order_000000000774,INV-2026-000774,setl_000000000305,300000000305,2220125,0,0,0,2220125,2220125,INR,card,1784028600,1784115000
pay_000000000775,payment,pay_000000000775,order_000000000775,INV-2026-000775,setl_000000000306,300000000306,2602325,0,0,0,2602325,2602325,INR,upi,1781091000,1781091000
pay_000000000776,payment,pay_000000000776,order_000000000776,INV-2026-000776,setl_000000000307,300000000307,20702200,0,0,0,20702200,20702200,INR,netbanking,1781177400,1781263800
pay_000000000777,payment,pay_000000000777,order_000000000777,INV-2026-000777,setl_000000000308,300000000308,45797775,0,0,0,45797775,45797775,INR,upi,1781436600,1781523000
pay_000000000778,payment,pay_000000000778,order_000000000778,INV-2026-000778,setl_000000000309,300000000309,932875,0,0,0,932875,932875,INR,card,1782387000,1782387000
pay_000000000779,payment,pay_000000000779,order_000000000779,INV-2026-000779,setl_000000000310,300000000310,47412500,0,0,0,47412500,47412500,INR,wallet,1788003000,1788089400
pay_000000000780,payment,pay_000000000780,order_000000000780,INV-2026-000780,setl_000000000311,300000000311,44591950,0,0,0,44591950,44591950,INR,netbanking,1786707000,1786879800
pay_000000000781,payment,pay_000000000781,order_000000000781,INV-2026-000781,setl_000000000312,300000000312,34089650,0,0,0,34089650,34089650,INR,wallet,1785497400,1785497400
pay_000000000782,payment,pay_000000000782,order_000000000782,INV-2026-000782,setl_000000000313,300000000313,6976400,0,0,0,6976400,6976400,INR,netbanking,1784547000,1784633400
pay_000000000783,payment,pay_000000000783,order_000000000783,INV-2026-000783,setl_000000000314,300000000314,21909550,0,0,0,21909550,21909550,INR,card,1783596600,1783596600
pay_000000000784,payment,pay_000000000784,order_000000000784,INV-2026-000784,setl_000000000315,300000000315,17942799,0,0,0,17942799,17942799,INR,netbanking,1784201400,1784201400
pay_000000000785,payment,pay_000000000785,order_000000000785,INV-2026-000785,setl_000000000316,300000000316,5626500,0,0,0,5626500,5626500,INR,card,1787225400,1787225400
pay_000000000786,payment,pay_000000000786,order_000000000786,INV-2026-000786,setl_000000000317,300000000317,21897299,0,0,0,21897299,21897299,INR,wallet,1780313400,1780313400
pay_000000000787,payment,pay_000000000787,order_000000000787,INV-2026-000787,setl_000000000318,300000000318,24151899,0,0,0,24151899,24151899,INR,netbanking,1786015800,1786188600
pay_000000000788,payment,pay_000000000788,order_000000000788,INV-2026-000788,setl_000000000319,300000000319,2044775,0,0,0,2044775,2044775,INR,upi,1787398200,1787398200
pay_000000000789,payment,pay_000000000789,order_000000000789,INV-2026-000789,setl_000000000320,300000000320,41431825,0,0,0,41431825,41431825,INR,netbanking,1787484600,1787571000
pay_000000000790,payment,pay_000000000790,order_000000000790,INV-2026-000790,setl_000000000321,300000000321,27433000,0,0,0,27433000,27433000,INR,upi,1787311800,1787311800
pay_000000000791,payment,pay_000000000791,order_000000000791,INV-2026-000791,setl_000000000322,300000000322,15721725,0,0,0,15721725,15721725,INR,netbanking,1780313400,1780399800
pay_000000000792,payment,pay_000000000792,order_000000000792,INV-2026-000792,setl_000000000323,300000000323,38766800,0,0,0,38766800,38766800,INR,card,1781436600,1781523000
pay_000000000793,payment,pay_000000000793,order_000000000793,INV-2026-000793,setl_000000000324,300000000324,27690950,0,0,0,27690950,27690950,INR,wallet,1786793400,1786966200
pay_000000000794,payment,pay_000000000794,order_000000000794,INV-2026-000794,setl_000000000325,300000000325,37037325,0,0,0,37037325,37037325,INR,card,1786102200,1786102200
pay_000000000795,payment,pay_000000000795,order_000000000795,INV-2026-000795,setl_000000000326,300000000326,6273000,0,0,0,6273000,6273000,INR,netbanking,1783683000,1783769400
pay_000000000796,payment,pay_000000000796,order_000000000796,INV-2026-000796,setl_000000000327,300000000327,28806700,0,0,0,28806700,28806700,INR,wallet,1781004600,1781004600
pay_000000000797,payment,pay_000000000797,order_000000000797,INV-2026-000797,setl_000000000328,300000000328,42033125,0,0,0,42033125,42033125,INR,wallet,1787657400,1787830200
pay_000000000798,payment,pay_000000000798,order_000000000798,INV-2026-000798,setl_000000000329,300000000329,29426100,0,0,0,29426100,29426100,INR,upi,1782387000,1782559800
pay_000000000799,payment,pay_000000000799,order_000000000799,INV-2026-000799,setl_000000000330,300000000330,49060500,0,0,0,49060500,49060500,INR,card,1784028600,1784115000
pay_000000000800,payment,pay_000000000800,order_000000000800,INV-2026-000800,setl_000000000331,300000000331,8970400,0,0,0,8970400,8970400,INR,card,1787052600,1787139000
pay_000000000801,payment,pay_000000000801,order_000000000801,INV-2026-000801,setl_000000000332,300000000332,39546925,0,0,0,39546925,39546925,INR,netbanking,1784547000,1784547000
pay_000000000802,payment,pay_000000000802,order_000000000802,INV-2026-000802,setl_000000000333,300000000333,4499299,0,0,0,4499299,4499299,INR,card,1787311800,1787484600
pay_000000000803,payment,pay_000000000803,order_000000000803,INV-2026-000803,setl_000000000334,300000000334,49042650,0,0,0,49042650,49042650,INR,netbanking,1783251000,1783423800
pay_000000000804,payment,pay_000000000804,order_000000000804,INV-2026-000804,setl_000000000335,300000000335,29275500,0,0,0,29275500,29275500,INR,netbanking,1785065400,1785065400
pay_000000000805,payment,pay_000000000805,order_000000000805,INV-2026-000805,setl_000000000336,300000000336,207325,0,0,0,207325,207325,INR,upi,1785497400,1785497400
pay_000000000806,payment,pay_000000000806,order_000000000806,INV-2026-000806,setl_000000000337,300000000337,9389699,0,0,0,9389699,9389699,INR,upi,1788003000,1788003000
pay_000000000807,payment,pay_000000000807,order_000000000807,INV-2026-000807,setl_000000000338,300000000338,25989700,0,0,0,25989700,25989700,INR,wallet,1780659000,1780745400
pay_000000000808,payment,pay_000000000808,order_000000000808,INV-2026-000808,setl_000000000339,300000000339,30936700,0,0,0,30936700,30936700,INR,netbanking,1781004600,1781004600
pay_000000000809,payment,pay_000000000809,order_000000000809,INV-2026-000809,setl_000000000340,300000000340,44367850,0,0,0,44367850,44367850,INR,wallet,1783337400,1783337400
pay_000000000810,payment,pay_000000000810,order_000000000810,INV-2026-000810,setl_000000000341,300000000341,1430275,0,0,0,1430275,1430275,INR,wallet,1782732600,1782905400
pay_000000000811,payment,pay_000000000811,order_000000000811,INV-2026-000811,setl_000000000342,300000000342,13228600,0,0,0,13228600,13228600,INR,card,1781436600,1781523000
pay_000000000812,payment,pay_000000000812,order_000000000812,INV-2026-000812,setl_000000000343,300000000343,3281700,0,0,0,3281700,3281700,INR,upi,1784460600,1784547000
pay_000000000813,payment,pay_000000000813,order_000000000813,INV-2026-000813,setl_000000000344,300000000344,45429025,0,0,0,45429025,45429025,INR,upi,1787571000,1787743800
pay_000000000814,payment,pay_000000000814,order_000000000814,INV-2026-000814,setl_000000000345,300000000345,37497400,0,0,0,37497400,37497400,INR,card,1786793400,1786793400
pay_000000000815,payment,pay_000000000815,order_000000000815,INV-2026-000815,setl_000000000346,300000000346,7734900,0,0,0,7734900,7734900,INR,netbanking,1785497400,1785583800
pay_000000000816,payment,pay_000000000816,order_000000000816,INV-2026-000816,setl_000000000347,300000000347,10027675,0,0,0,10027675,10027675,INR,wallet,1785497400,1785670200
pay_000000000817,payment,pay_000000000817,order_000000000817,INV-2026-000817,setl_000000000348,300000000348,11792975,0,0,0,11792975,11792975,INR,card,1782819000,1782905400
pay_000000000818,payment,pay_000000000818,order_000000000818,INV-2026-000818,setl_000000000349,300000000349,7565900,0,0,0,7565900,7565900,INR,netbanking,1785151800,1785151800
pay_000000000819,payment,pay_000000000819,order_000000000819,INV-2026-000819,setl_000000000350,300000000350,35618000,0,0,0,35618000,35618000,INR,upi,1784460600,1784633400
pay_000000000820,payment,pay_000000000820,order_000000000820,INV-2026-000820,setl_000000000351,300000000351,36504100,0,0,0,36504100,36504100,INR,wallet,1783769400,1783942200
pay_000000000821,payment,pay_000000000821,order_000000000821,INV-2026-000821,setl_000000000352,300000000352,4368199,0,0,0,4368199,4368199,INR,upi,1785497400,1785670200
pay_000000000822,payment,pay_000000000822,order_000000000822,INV-2026-000822,setl_000000000353,300000000353,14168525,0,0,0,14168525,14168525,INR,upi,1784719800,1784892600
pay_000000000823,payment,pay_000000000823,order_000000000823,INV-2026-000823,setl_000000000354,300000000354,27301100,0,0,0,27301100,27301100,INR,upi,1782819000,1782991800
pay_000000000824,payment,pay_000000000824,order_000000000824,INV-2026-000824,setl_000000000355,300000000355,33935100,0,0,0,33935100,33935100,INR,netbanking,1784201400,1784201400
pay_000000000825,payment,pay_000000000825,order_000000000825,INV-2026-000825,setl_000000000356,300000000356,37095925,0,0,0,37095925,37095925,INR,netbanking,1781782200,1781955000
pay_000000000826,payment,pay_000000000826,order_000000000826,INV-2026-000826,setl_000000000357,300000000357,12353825,0,0,0,12353825,12353825,INR,wallet,1786793400,1786966200
pay_000000000827,payment,pay_000000000827,order_000000000827,INV-2026-000827,setl_000000000358,300000000358,49558975,0,0,0,49558975,49558975,INR,netbanking,1780399800,1780486200
pay_000000000828,payment,pay_000000000828,order_000000000828,INV-2026-000828,setl_000000000359,300000000359,33121799,0,0,0,33121799,33121799,INR,wallet,1786966200,1787139000
pay_000000000829,payment,pay_000000000829,order_000000000829,INV-2026-000829,setl_000000000360,300000000360,1780899,0,0,0,1780899,1780899,INR,wallet,1787916600,1788089400
pay_000000000830,payment,pay_000000000830,order_000000000830,INV-2026-000830,setl_000000000361,300000000361,5906100,0,0,0,5906100,5906100,INR,wallet,1786188600,1786275000
pay_000000000831,payment,pay_000000000831,order_000000000831,INV-2026-000831,setl_000000000362,300000000362,490200,0,0,0,490200,490200,INR,wallet,1785238200,1785238200
pay_000000000832,payment,pay_000000000832,order_000000000832,INV-2026-000832,setl_000000000363,300000000363,43271499,0,0,0,43271499,43271499,INR,card,1782214200,1782300600
pay_000000000833,payment,pay_000000000833,order_000000000833,INV-2026-000833,setl_000000000364,300000000364,37975000,0,0,0,37975000,37975000,INR,upi,1785756600,1785843000
pay_000000000834,payment,pay_000000000834,order_000000000834,INV-2026-000834,setl_000000000365,300000000365,39209650,0,0,0,39209650,39209650,INR,upi,1782387000,1782473400
pay_000000000835,payment,pay_000000000835,order_000000000835,INV-2026-000835,setl_000000000366,300000000366,14735099,0,0,0,14735099,14735099,INR,upi,1782041400,1782041400
pay_000000000836,payment,pay_000000000836,order_000000000836,INV-2026-000836,setl_000000000367,300000000367,2603799,0,0,0,2603799,2603799,INR,upi,1787311800,1787484600
pay_000000000837,payment,pay_000000000837,order_000000000837,INV-2026-000837,setl_000000000368,300000000368,863300,0,0,0,863300,863300,INR,upi,1782387000,1782559800
pay_000000000838,payment,pay_000000000838,order_000000000838,INV-2026-000838,setl_000000000369,300000000369,22533200,0,0,0,22533200,22533200,INR,upi,1782819000,1782819000
pay_000000000839,payment,pay_000000000839,order_000000000839,INV-2026-000839,setl_000000000370,300000000370,15909099,0,0,0,15909099,15909099,INR,upi,1786879800,1786966200
pay_000000000840,payment,pay_000000000840,order_000000000840,INV-2026-000840,setl_000000000371,300000000371,32004625,0,0,0,32004625,32004625,INR,card,1785238200,1785324600
pay_000000000841,payment,pay_000000000841,order_000000000841,INV-2026-000841,setl_000000000372,300000000372,38127025,0,0,0,38127025,38127025,INR,netbanking,1785151800,1785324600
pay_000000000842,payment,pay_000000000842,order_000000000842,INV-2026-000842,setl_000000000373,300000000373,48212775,0,0,0,48212775,48212775,INR,card,1782991800,1783164600
pay_000000000843,payment,pay_000000000843,order_000000000843,INV-2026-000843,setl_000000000374,300000000374,9205625,0,0,0,9205625,9205625,INR,card,1786361400,1786361400
pay_000000000844,payment,pay_000000000844,order_000000000844,INV-2026-000844,setl_000000000375,300000000375,18952450,0,0,0,18952450,18952450,INR,wallet,1784460600,1784460600
pay_000000000845,payment,pay_000000000845,order_000000000845,INV-2026-000845,setl_000000000376,300000000376,9311700,0,0,0,9311700,9311700,INR,netbanking,1784460600,1784547000
pay_000000000846,payment,pay_000000000846,order_000000000846,INV-2026-000846,setl_000000000377,300000000377,48632850,0,0,0,48632850,48632850,INR,netbanking,1784633400,1784806200
pay_000000000847,payment,pay_000000000847,order_000000000847,INV-2026-000847,setl_000000000378,300000000378,47972099,0,0,0,47972099,47972099,INR,wallet,1784115000,1784287800
pay_000000000848,payment,pay_000000000848,order_000000000848,INV-2026-000848,setl_000000000379,300000000379,13801225,0,0,0,13801225,13801225,INR,card,1785324600,1785497400
pay_000000000849,payment,pay_000000000849,order_000000000849,INV-2026-000849,setl_000000000380,300000000380,43602750,0,0,0,43602750,43602750,INR,netbanking,1783078200,1783251000
pay_000000000850,payment,pay_000000000850,order_000000000850,INV-2026-000850,setl_000000000381,300000000381,16253300,0,0,0,16253300,16253300,INR,upi,1782127800,1782214200
pay_000000000851,payment,pay_000000000851,order_000000000851,INV-2026-000851,setl_000000000382,300000000382,29831999,0,0,0,29831999,29831999,INR,card,1782646200,1782646200
pay_000000000852,payment,pay_000000000852,order_000000000852,INV-2026-000852,setl_000000000383,300000000383,3469200,0,0,0,3469200,3469200,INR,card,1780572600,1780745400
pay_000000000853,payment,pay_000000000853,order_000000000853,INV-2026-000853,setl_000000000384,300000000384,39783900,0,0,0,39783900,39783900,INR,netbanking,1786966200,1787052600
pay_000000000854,payment,pay_000000000854,order_000000000854,INV-2026-000854,setl_000000000385,300000000385,24055799,0,0,0,24055799,24055799,INR,card,1788003000,1788089400
pay_000000000855,payment,pay_000000000855,order_000000000855,INV-2026-000855,setl_000000000386,300000000386,49484699,0,0,0,49484699,49484699,INR,netbanking,1783855800,1783855800
pay_000000000856,payment,pay_000000000856,order_000000000856,INV-2026-000856,setl_000000000387,300000000387,45036775,0,0,0,45036775,45036775,INR,wallet,1781350200,1781523000
pay_000000000857,payment,pay_000000000857,order_000000000857,INV-2026-000857,setl_000000000388,300000000388,6164850,0,0,0,6164850,6164850,INR,card,1787571000,1787743800
pay_000000000858,payment,pay_000000000858,order_000000000858,INV-2026-000858,setl_000000000389,300000000389,41809275,0,0,0,41809275,41809275,INR,upi,1783942200,1783942200
pay_000000000859,payment,pay_000000000859,order_000000000859,INV-2026-000859,setl_000000000390,300000000390,38927725,0,0,0,38927725,38927725,INR,upi,1782387000,1782559800
pay_000000000860,payment,pay_000000000860,order_000000000860,INV-2026-000860,setl_000000000391,300000000391,34899225,0,0,0,34899225,34899225,INR,upi,1786793400,1786793400
pay_000000000861,payment,pay_000000000861,order_000000000861,INV-2026-000861,setl_000000000392,300000000392,42110799,0,0,0,42110799,42110799,INR,netbanking,1788003000,1788003000
pay_000000000862,payment,pay_000000000862,order_000000000862,INV-2026-000862,setl_000000000393,300000000393,43505075,0,0,0,43505075,43505075,INR,card,1782559800,1782732600
pay_000000000863,payment,pay_000000000863,order_000000000863,INV-2026-000863,setl_000000000394,300000000394,38202800,0,0,0,38202800,38202800,INR,card,1783423800,1783596600
pay_000000000864,payment,pay_000000000864,order_000000000864,INV-2026-000864,setl_000000000395,300000000395,11536699,0,0,0,11536699,11536699,INR,upi,1782473400,1782646200
pay_000000000865,payment,pay_000000000865,order_000000000865,INV-2026-000865,setl_000000000396,300000000396,27123675,0,0,0,27123675,27123675,INR,wallet,1784028600,1784201400
pay_000000000866,payment,pay_000000000866,order_000000000866,INV-2026-000866,setl_000000000397,300000000397,24409899,0,0,0,24409899,24409899,INR,netbanking,1787484600,1787571000
pay_000000000867,payment,pay_000000000867,order_000000000867,INV-2026-000867,setl_000000000398,300000000398,33895475,0,0,0,33895475,33895475,INR,card,1785065400,1785151800
pay_000000000868,payment,pay_000000000868,order_000000000868,INV-2026-000868,setl_000000000399,300000000399,43990425,0,0,0,43990425,43990425,INR,upi,1786188600,1786361400
pay_000000000869,payment,pay_000000000869,order_000000000869,INV-2026-000869,setl_000000000400,300000000400,29591000,0,0,0,29591000,29591000,INR,upi,1780659000,1780659000
pay_000000000870,payment,pay_000000000870,order_000000000870,INV-2026-000870,setl_000000000401,300000000401,36543300,0,0,0,36543300,36543300,INR,card,1786015800,1786102200
pay_000000000871,payment,pay_000000000871,order_000000000871,INV-2026-000871,setl_000000000402,300000000402,28927900,0,0,0,28927900,28927900,INR,card,1783164600,1783251000
pay_000000000872,payment,pay_000000000872,order_000000000872,INV-2026-000872,setl_000000000403,300000000403,8700550,0,0,0,8700550,8700550,INR,wallet,1781955000,1782041400
pay_000000000873,payment,pay_000000000873,order_000000000873,INV-2026-000873,setl_000000000404,300000000404,45653099,0,0,0,45653099,45653099,INR,upi,1782732600,1782819000
pay_000000000874,payment,pay_000000000874,order_000000000874,INV-2026-000874,setl_000000000405,300000000405,39519750,0,0,0,39519750,39519750,INR,wallet,1782300600,1782387000
pay_000000000875,payment,pay_000000000875,order_000000000875,INV-2026-000875,setl_000000000406,300000000406,19506575,0,0,0,19506575,19506575,INR,wallet,1782991800,1783164600
pay_000000000876,payment,pay_000000000876,order_000000000876,INV-2026-000876,setl_000000000407,300000000407,4825975,0,0,0,4825975,4825975,INR,card,1781177400,1781177400
pay_000000000877,payment,pay_000000000877,order_000000000877,INV-2026-000877,setl_000000000408,300000000408,828725,0,0,0,828725,828725,INR,upi,1782387000,1782559800
pay_000000000878,payment,pay_000000000878,order_000000000878,INV-2026-000878,setl_000000000409,300000000409,18622600,0,0,0,18622600,18622600,INR,wallet,1784979000,1785065400
pay_000000000879,payment,pay_000000000879,order_000000000879,INV-2026-000879,setl_000000000410,300000000410,48494700,0,0,0,48494700,48494700,INR,upi,1787398200,1787571000
pay_000000000880,payment,pay_000000000880,order_000000000880,INV-2026-000880,setl_000000000411,300000000411,18687700,0,0,0,18687700,18687700,INR,wallet,1781350200,1781436600
pay_000000000881,payment,pay_000000000881,order_000000000881,INV-2026-000881,setl_000000000412,300000000412,42648200,0,0,0,42648200,42648200,INR,wallet,1781436600,1781523000
pay_000000000882,payment,pay_000000000882,order_000000000882,INV-2026-000882,setl_000000000413,300000000413,10532950,0,0,0,10532950,10532950,INR,upi,1787657400,1787743800
pay_000000000883,payment,pay_000000000883,order_000000000883,INV-2026-000883,setl_000000000414,300000000414,815599,0,0,0,815599,815599,INR,upi,1787830200,1787830200
pay_000000000884,payment,pay_000000000884,order_000000000884,INV-2026-000884,setl_000000000415,300000000415,40298600,0,0,0,40298600,40298600,INR,card,1783164600,1783337400
pay_000000000885,payment,pay_000000000885,order_000000000885,INV-2026-000885,setl_000000000416,300000000416,7765550,0,0,0,7765550,7765550,INR,card,1780486200,1780659000
pay_000000000886,payment,pay_000000000886,order_000000000886,INV-2026-000886,setl_000000000417,300000000417,14216200,0,0,0,14216200,14216200,INR,wallet,1783337400,1783423800
pay_000000000887,payment,pay_000000000887,order_000000000887,INV-2026-000887,setl_000000000418,300000000418,17626000,0,0,0,17626000,17626000,INR,upi,1781523000,1781523000
pay_000000000888,payment,pay_000000000888,order_000000000888,INV-2026-000888,setl_000000000419,300000000419,33107075,0,0,0,33107075,33107075,INR,upi,1786966200,1786966200
pay_000000000889,payment,pay_000000000889,order_000000000889,INV-2026-000889,setl_000000000420,300000000420,46084099,0,0,0,46084099,46084099,INR,netbanking,1786447800,1786534200
pay_000000000890,payment,pay_000000000890,order_000000000890,INV-2026-000890,setl_000000000421,300000000421,41748975,0,0,0,41748975,41748975,INR,wallet,1782387000,1782559800
pay_000000000891,payment,pay_000000000891,order_000000000891,INV-2026-000891,setl_000000000422,300000000422,11519325,0,0,0,11519325,11519325,INR,wallet,1788003000,1788003000
pay_000000000892,payment,pay_000000000892,order_000000000892,INV-2026-000892,setl_000000000423,300000000423,41551300,0,0,0,41551300,41551300,INR,card,1787398200,1787398200
pay_000000000893,payment,pay_000000000893,order_000000000893,INV-2026-000893,setl_000000000424,300000000424,14763800,0,0,0,14763800,14763800,INR,upi,1783078200,1783078200
pay_000000000894,payment,pay_000000000894,order_000000000894,INV-2026-000894,setl_000000000425,300000000425,23486100,0,0,0,23486100,23486100,INR,card,1785065400,1785151800
pay_000000000895,payment,pay_000000000895,order_000000000895,INV-2026-000895,setl_000000000426,300000000426,20767275,0,0,0,20767275,20767275,INR,upi,1786966200,1786966200
pay_000000000896,payment,pay_000000000896,order_000000000896,INV-2026-000896,setl_000000000427,300000000427,40476300,0,0,0,40476300,40476300,INR,upi,1783251000,1783251000
pay_000000000897,payment,pay_000000000897,order_000000000897,INV-2026-000897,setl_000000000428,300000000428,8200900,0,0,0,8200900,8200900,INR,netbanking,1780918200,1781091000
pay_000000000898,payment,pay_000000000898,order_000000000898,INV-2026-000898,setl_000000000429,300000000429,15139000,0,0,0,15139000,15139000,INR,upi,1787830200,1787916600
pay_000000000899,payment,pay_000000000899,order_000000000899,INV-2026-000899,setl_000000000430,300000000430,27912400,0,0,0,27912400,27912400,INR,wallet,1786879800,1786879800
pay_000000000900,payment,pay_000000000900,order_000000000900,INV-2026-000900,setl_000000000431,300000000431,7847950,0,0,0,7847950,7847950,INR,wallet,1785238200,1785411000
pay_000000000901,payment,pay_000000000901,order_000000000901,INV-2026-000901,setl_000000000432,300000000432,41702375,0,0,0,41702375,41702375,INR,card,1783942200,1783942200
pay_000000000902,payment,pay_000000000902,order_000000000902,INV-2026-000902,setl_000000000433,300000000433,19063900,0,0,0,19063900,19063900,INR,netbanking,1782559800,1782559800
pay_000000000903,payment,pay_000000000903,order_000000000903,INV-2026-000903,setl_000000000434,300000000434,39264000,0,0,0,39264000,39264000,INR,card,1781609400,1781782200
pay_000000000904,payment,pay_000000000904,order_000000000904,INV-2026-000904,setl_000000000435,300000000435,12947400,0,0,0,12947400,12947400,INR,wallet,1780399800,1780572600
pay_000000000905,payment,pay_000000000905,order_000000000905,INV-2026-000905,setl_000000000436,300000000436,5933500,0,0,0,5933500,5933500,INR,upi,1780918200,1781091000
pay_000000000906,payment,pay_000000000906,order_000000000906,INV-2026-000906,setl_000000000437,300000000437,49963600,0,0,0,49963600,49963600,INR,upi,1782646200,1782732600
pay_000000000907,payment,pay_000000000907,order_000000000907,INV-2026-000907,setl_000000000438,300000000438,19576175,0,0,0,19576175,19576175,INR,netbanking,1784979000,1784979000
pay_000000000908,payment,pay_000000000908,order_000000000908,INV-2026-000908,setl_000000000439,300000000439,10676275,0,0,0,10676275,10676275,INR,netbanking,1780659000,1780659000
pay_000000000909,payment,pay_000000000909,order_000000000909,INV-2026-000909,setl_000000000440,300000000440,20580875,0,0,0,20580875,20580875,INR,upi,1784201400,1784201400
pay_000000000910,payment,pay_000000000910,order_000000000910,INV-2026-000910,setl_000000000441,300000000441,46510175,0,0,0,46510175,46510175,INR,card,1781263800,1781436600
pay_000000000911,payment,pay_000000000911,order_000000000911,INV-2026-000911,setl_000000000442,300000000442,37469299,0,0,0,37469299,37469299,INR,card,1787830200,1787916600
pay_000000000912,payment,pay_000000000912,order_000000000912,INV-2026-000912,setl_000000000443,300000000443,23945000,0,0,0,23945000,23945000,INR,card,1782127800,1782214200
pay_000000000913,payment,pay_000000000913,order_000000000913,INV-2026-000913,setl_000000000444,300000000444,45136500,0,0,0,45136500,45136500,INR,card,1784719800,1784806200
pay_000000000914,payment,pay_000000000914,order_000000000914,INV-2026-000914,setl_000000000445,300000000445,8203599,0,0,0,8203599,8203599,INR,wallet,1781436600,1781523000
pay_000000000915,payment,pay_000000000915,order_000000000915,INV-2026-000915,setl_000000000446,300000000446,5780550,0,0,0,5780550,5780550,INR,wallet,1785065400,1785065400
pay_000000000916,payment,pay_000000000916,order_000000000916,INV-2026-000916,setl_000000000447,300000000447,29890300,0,0,0,29890300,29890300,INR,upi,1786879800,1786966200
pay_000000000917,payment,pay_000000000917,order_000000000917,INV-2026-000917,setl_000000000448,300000000448,21337200,0,0,0,21337200,21337200,INR,wallet,1783596600,1783769400
pay_000000000918,payment,pay_000000000918,order_000000000918,INV-2026-000918,setl_000000000449,300000000449,41196700,0,0,0,41196700,41196700,INR,netbanking,1788003000,1788089400
pay_000000000919,payment,pay_000000000919,order_000000000919,INV-2026-000919,setl_000000000450,300000000450,7990850,0,0,0,7990850,7990850,INR,netbanking,1781868600,1781955000
pay_000000000920,payment,pay_000000000920,order_000000000920,INV-2026-000920,setl_000000000451,300000000451,36613825,0,0,0,36613825,36613825,INR,wallet,1782127800,1782300600
pay_000000000921,payment,pay_000000000921,order_000000000921,INV-2026-000921,setl_000000000452,300000000452,24007450,0,0,0,24007450,24007450,INR,netbanking,1784806200,1784892600
pay_000000000922,payment,pay_000000000922,order_000000000922,INV-2026-000922,setl_000000000453,300000000453,44407175,0,0,0,44407175,44407175,INR,wallet,1787916600,1788089400
pay_000000000923,payment,pay_000000000923,order_000000000923,INV-2026-000923,setl_000000000454,300000000454,39418699,0,0,0,39418699,39418699,INR,upi,1787139000,1787311800
pay_000000000924,payment,pay_000000000924,order_000000000924,INV-2026-000924,setl_000000000455,300000000455,47705099,0,0,0,47705099,47705099,INR,wallet,1787398200,1787571000
pay_000000000925,payment,pay_000000000925,order_000000000925,INV-2026-000925,setl_000000000456,300000000456,8141299,0,0,0,8141299,8141299,INR,netbanking,1784374200,1784547000
pay_000000000926,payment,pay_000000000926,order_000000000926,INV-2026-000926,setl_000000000457,300000000457,9207750,0,0,0,9207750,9207750,INR,card,1783769400,1783942200
pay_000000000927,payment,pay_000000000927,order_000000000927,INV-2026-000927,setl_000000000458,300000000458,37197325,0,0,0,37197325,37197325,INR,wallet,1781177400,1781350200
pay_000000000928,payment,pay_000000000928,order_000000000928,INV-2026-000928,setl_000000000459,300000000459,40995999,0,0,0,40995999,40995999,INR,upi,1784460600,1784547000
pay_000000000929,payment,pay_000000000929,order_000000000929,INV-2026-000929,setl_000000000460,300000000460,9570000,0,0,0,9570000,9570000,INR,netbanking,1781091000,1781177400
pay_000000000930,payment,pay_000000000930,order_000000000930,INV-2026-000930,setl_000000000461,300000000461,47476600,0,0,0,47476600,47476600,INR,upi,1787571000,1787743800
pay_000000000931,payment,pay_000000000931,order_000000000931,INV-2026-000931,setl_000000000462,300000000462,27257825,0,0,0,27257825,27257825,INR,netbanking,1781955000,1781955000
pay_000000000932,payment,pay_000000000932,order_000000000932,INV-2026-000932,setl_000000000463,300000000463,42515550,0,0,0,42515550,42515550,INR,wallet,1785065400,1785238200
pay_000000000933,payment,pay_000000000933,order_000000000933,INV-2026-000933,setl_000000000464,300000000464,23491550,0,0,0,23491550,23491550,INR,netbanking,1786879800,1787052600
pay_000000000934,payment,pay_000000000934,order_000000000934,INV-2026-000934,setl_000000000465,300000000465,31760899,0,0,0,31760899,31760899,INR,netbanking,1787398200,1787571000
pay_000000000935,payment,pay_000000000935,order_000000000935,INV-2026-000935,setl_000000000466,300000000466,605000,0,0,0,605000,605000,INR,netbanking,1787916600,1787916600
pay_000000000936,payment,pay_000000000936,order_000000000936,INV-2026-000936,setl_000000000467,300000000467,33983150,0,0,0,33983150,33983150,INR,netbanking,1787830200,1787916600
pay_000000000937,payment,pay_000000000937,order_000000000937,INV-2026-000937,setl_000000000468,300000000468,15044100,0,0,0,15044100,15044100,INR,upi,1787398200,1787571000
pay_000000000938,payment,pay_000000000938,order_000000000938,INV-2026-000938,setl_000000000469,300000000469,16729899,0,0,0,16729899,16729899,INR,upi,1784115000,1784201400
pay_000000000939,payment,pay_000000000939,order_000000000939,INV-2026-000939,setl_000000000470,300000000470,36149975,0,0,0,36149975,36149975,INR,card,1785065400,1785065400
pay_000000000940,payment,pay_000000000940,order_000000000940,INV-2026-000940,setl_000000000471,300000000471,36166925,0,0,0,36166925,36166925,INR,card,1784460600,1784547000
pay_000000000941,payment,pay_000000000941,order_000000000941,INV-2026-000941,setl_000000000472,300000000472,38418350,0,0,0,38418350,38418350,INR,netbanking,1782732600,1782732600
pay_000000000942,payment,pay_000000000942,order_000000000942,INV-2026-000942,setl_000000000473,300000000473,20288200,0,0,0,20288200,20288200,INR,netbanking,1785670200,1785670200
pay_000000000943,payment,pay_000000000943,order_000000000943,INV-2026-000943,setl_000000000474,300000000474,23820499,0,0,0,23820499,23820499,INR,card,1787139000,1787311800
pay_000000000944,payment,pay_000000000944,order_000000000944,INV-2026-000944,setl_000000000475,300000000475,1598750,0,0,0,1598750,1598750,INR,wallet,1787571000,1787743800
pay_000000000945,payment,pay_000000000945,order_000000000945,INV-2026-000945,setl_000000000476,300000000476,38477950,0,0,0,38477950,38477950,INR,card,1782387000,1782473400
pay_000000000946,payment,pay_000000000946,order_000000000946,INV-2026-000946,setl_000000000477,300000000477,12618200,0,0,0,12618200,12618200,INR,netbanking,1786188600,1786188600
pay_000000000947,payment,pay_000000000947,order_000000000947,INV-2026-000947,setl_000000000478,300000000478,31363900,0,0,0,31363900,31363900,INR,card,1780313400,1780313400
pay_000000000948,payment,pay_000000000948,order_000000000948,INV-2026-000948,setl_000000000479,300000000479,22535400,0,0,0,22535400,22535400,INR,netbanking,1780486200,1780486200
pay_000000000949,payment,pay_000000000949,order_000000000949,INV-2026-000949,setl_000000000480,300000000480,26479300,0,0,0,26479300,26479300,INR,upi,1781868600,1781868600
pay_000000000950,payment,pay_000000000950,order_000000000950,INV-2026-000950,setl_000000000481,300000000481,17597525,0,0,0,17597525,17597525,INR,wallet,1787571000,1787743800
pay_000000000951,payment,pay_000000000951,order_000000000951,INV-2026-000951,setl_000000000482,300000000482,10916475,0,0,0,10916475,10916475,INR,wallet,1781263800,1781263800
pay_000000000952,payment,pay_000000000952,order_000000000952,INV-2026-000952,setl_000000000483,300000000483,2254825,0,0,0,2254825,2254825,INR,netbanking,1786015800,1786188600
pay_000000000953,payment,pay_000000000953,order_000000000953,INV-2026-000953,setl_000000000484,300000000484,25623600,0,0,0,25623600,25623600,INR,upi,1781004600,1781091000
pay_000000000954,payment,pay_000000000954,order_000000000954,INV-2026-000954,setl_000000000485,300000000485,14951299,0,0,0,14951299,14951299,INR,card,1785843000,1786015800
pay_000000000955,payment,pay_000000000955,order_000000000955,INV-2026-000955,setl_000000000486,300000000486,47504100,0,0,0,47504100,47504100,INR,netbanking,1783164600,1783251000
pay_000000000956,payment,pay_000000000956,order_000000000956,INV-2026-000956,setl_000000000487,300000000487,48707775,0,0,0,48707775,48707775,INR,card,1785411000,1785583800
pay_000000000957,payment,pay_000000000957,order_000000000957,INV-2026-000957,setl_000000000488,300000000488,1550825,0,0,0,1550825,1550825,INR,upi,1780572600,1780659000
pay_000000000958,payment,pay_000000000958,order_000000000958,INV-2026-000958,setl_000000000489,300000000489,2949300,0,0,0,2949300,2949300,INR,upi,1780918200,1781004600
pay_000000000959,payment,pay_000000000959,order_000000000959,INV-2026-000959,setl_000000000490,300000000490,11820175,0,0,0,11820175,11820175,INR,netbanking,1787311800,1787311800
pay_000000000960,payment,pay_000000000960,order_000000000960,INV-2026-000960,setl_000000000491,300000000491,13060700,0,0,0,13060700,13060700,INR,upi,1781436600,1781523000
pay_000000000961,payment,pay_000000000961,order_000000000961,INV-2026-000961,setl_000000000492,300000000492,22767700,0,0,0,22767700,22767700,INR,card,1787311800,1787311800
pay_000000000962,payment,pay_000000000962,order_000000000962,INV-2026-000962,setl_000000000493,300000000493,14527450,0,0,0,14527450,14527450,INR,upi,1784547000,1784719800
pay_000000000963,payment,pay_000000000963,order_000000000963,INV-2026-000963,setl_000000000494,300000000494,23403500,0,0,0,23403500,23403500,INR,wallet,1784201400,1784201400
pay_000000000964,payment,pay_000000000964,order_000000000964,INV-2026-000964,setl_000000000495,300000000495,29625100,0,0,0,29625100,29625100,INR,card,1785324600,1785497400
pay_000000000965,payment,pay_000000000965,order_000000000965,INV-2026-000965,setl_000000000496,300000000496,34645625,0,0,0,34645625,34645625,INR,netbanking,1783164600,1783164600
pay_000000000966,payment,pay_000000000966,order_000000000966,INV-2026-000966,setl_000000000497,300000000497,47275100,0,0,0,47275100,47275100,INR,upi,1784547000,1784633400
pay_000000000967,payment,pay_000000000967,order_000000000967,INV-2026-000967,setl_000000000498,300000000498,13338050,0,0,0,13338050,13338050,INR,netbanking,1785151800,1785324600
pay_000000000968,payment,pay_000000000968,order_000000000968,INV-2026-000968,setl_000000000499,300000000499,35875375,0,0,0,35875375,35875375,INR,wallet,1787398200,1787571000
pay_000000000969,payment,pay_000000000969,order_000000000969,INV-2026-000969,setl_000000000500,300000000500,41119625,0,0,0,41119625,41119625,INR,upi,1783596600,1783596600
pay_000000000970,payment,pay_000000000970,order_000000000970,INV-2026-000970,setl_000000000501,300000000501,28119125,0,0,0,28119125,28119125,INR,netbanking,1782905400,1783078200
pay_000000000971,payment,pay_000000000971,order_000000000971,INV-2026-000971,setl_000000000502,300000000502,10807725,0,0,0,10807725,10807725,INR,upi,1783942200,1784115000
pay_000000000972,payment,pay_000000000972,order_000000000972,INV-2026-000972,setl_000000000503,300000000503,6887600,0,0,0,6887600,6887600,INR,upi,1780745400,1780745400
pay_000000000973,payment,pay_000000000973,order_000000000973,INV-2026-000973,setl_000000000504,300000000504,35940075,0,0,0,35940075,35940075,INR,wallet,1780486200,1780659000
pay_000000000974,payment,pay_000000000974,order_000000000974,INV-2026-000974,setl_000000000505,300000000505,12265200,0,0,0,12265200,12265200,INR,card,1786793400,1786793400
pay_000000000975,payment,pay_000000000975,order_000000000975,INV-2026-000975,setl_000000000506,300000000506,2392100,0,0,0,2392100,2392100,INR,card,1784115000,1784287800
pay_000000000976,payment,pay_000000000976,order_000000000976,INV-2026-000976,setl_000000000507,300000000507,37488700,0,0,0,37488700,37488700,INR,netbanking,1784287800,1784460600
pay_000000000977,payment,pay_000000000977,order_000000000977,INV-2026-000977,setl_000000000508,300000000508,29091300,0,0,0,29091300,29091300,INR,card,1781609400,1781695800
pay_000000000978,payment,pay_000000000978,order_000000000978,INV-2026-000978,setl_000000000509,300000000509,14732499,0,0,0,14732499,14732499,INR,wallet,1787052600,1787139000
pay_000000000979,payment,pay_000000000979,order_000000000979,INV-2026-000979,setl_000000000510,300000000510,32015499,0,0,0,32015499,32015499,INR,card,1784028600,1784115000
pay_000000000980,payment,pay_000000000980,order_000000000980,INV-2026-000980,setl_000000000511,300000000511,30120875,0,0,0,30120875,30120875,INR,netbanking,1786534200,1786707000
pay_000000000981,payment,pay_000000000981,order_000000000981,INV-2026-000981,setl_000000000512,300000000512,20788400,0,0,0,20788400,20788400,INR,netbanking,1787052600,1787139000
pay_000000000982,payment,pay_000000000982,order_000000000982,INV-2026-000982,setl_000000000513,300000000513,24360000,0,0,0,24360000,24360000,INR,wallet,1785151800,1785151800
pay_000000000983,payment,pay_000000000983,order_000000000983,INV-2026-000983,setl_000000000514,300000000514,40259299,0,0,0,40259299,40259299,INR,wallet,1783337400,1783423800
pay_000000000984,payment,pay_000000000984,order_000000000984,INV-2026-000984,setl_000000000515,300000000515,37710200,0,0,0,37710200,37710200,INR,netbanking,1780918200,1781091000
pay_000000000985,payment,pay_000000000985,order_000000000985,INV-2026-000985,setl_000000000516,300000000516,43570799,0,0,0,43570799,43570799,INR,upi,1787830200,1787916600
pay_000000000986,payment,pay_000000000986,order_000000000986,INV-2026-000986,setl_000000000517,300000000517,5669625,0,0,0,5669625,5669625,INR,netbanking,1782646200,1782732600
pay_000000000987,payment,pay_000000000987,order_000000000987,INV-2026-000987,setl_000000000518,300000000518,46157625,0,0,0,46157625,46157625,INR,wallet,1780831800,1781004600
pay_000000000988,payment,pay_000000000988,order_000000000988,INV-2026-000988,setl_000000000519,300000000519,46249250,0,0,0,46249250,46249250,INR,netbanking,1784287800,1784287800
pay_000000000989,payment,pay_000000000989,order_000000000989,INV-2026-000989,setl_000000000520,300000000520,6284700,0,0,0,6284700,6284700,INR,card,1784806200,1784892600
pay_000000000990,payment,pay_000000000990,order_000000000990,INV-2026-000990,setl_000000000521,300000000521,1886599,0,0,0,1886599,1886599,INR,card,1785065400,1785065400
pay_000000000991,payment,pay_000000000991,order_000000000991,INV-2026-000991,setl_000000000522,300000000522,38831600,0,0,0,38831600,38831600,INR,wallet,1785238200,1785324600
pay_000000000992,payment,pay_000000000992,order_000000000992,INV-2026-000992,setl_000000000523,300000000523,23094500,0,0,0,23094500,23094500,INR,netbanking,1785929400,1786102200
pay_000000000993,payment,pay_000000000993,order_000000000993,INV-2026-000993,setl_000000000524,300000000524,14688625,0,0,0,14688625,14688625,INR,upi,1787052600,1787139000
pay_000000000994,payment,pay_000000000994,order_000000000994,INV-2026-000994,setl_000000000525,300000000525,10944525,0,0,0,10944525,10944525,INR,upi,1785929400,1785929400
pay_000000000995,payment,pay_000000000995,order_000000000995,INV-2026-000995,setl_000000000526,300000000526,23894700,0,0,0,23894700,23894700,INR,upi,1781523000,1781695800
pay_000000000996,payment,pay_000000000996,order_000000000996,INV-2026-000996,setl_000000000527,300000000527,8317025,0,0,0,8317025,8317025,INR,wallet,1783942200,1784028600
pay_000000000997,payment,pay_000000000997,order_000000000997,INV-2026-000997,setl_000000000528,300000000528,30841250,0,0,0,30841250,30841250,INR,card,1782732600,1782905400
pay_000000000998,payment,pay_000000000998,order_000000000998,INV-2026-000998,setl_000000000529,300000000529,22870800,0,0,0,22870800,22870800,INR,card,1785670200,1785843000
pay_000000000999,payment,pay_000000000999,order_000000000999,INV-2026-000999,setl_000000000530,300000000530,25531150,0,0,0,25531150,25531150,INR,netbanking,1787225400,1787311800
pay_000000001000,payment,pay_000000001000,order_000000001000,INV-2026-001000,setl_000000000531,300000000531,6052500,0,0,0,6052500,6052500,INR,card,1788003000,1788089400
pay_000000001001,payment,pay_000000001001,order_000000001001,INV-2026-001001,setl_000000000532,300000000532,16752350,0,0,0,16752350,16752350,INR,wallet,1784633400,1784719800
pay_000000001002,payment,pay_000000001002,order_000000001002,INV-2026-001002,setl_000000000533,300000000533,40970975,0,0,0,40970975,40970975,INR,netbanking,1781523000,1781695800
pay_000000001003,payment,pay_000000001003,order_000000001003,INV-2026-001003,setl_000000000534,300000000534,37734400,0,0,0,37734400,37734400,INR,netbanking,1783510200,1783510200
pay_000000001004,payment,pay_000000001004,order_000000001004,INV-2026-001004,setl_000000000535,300000000535,39417100,0,0,0,39417100,39417100,INR,wallet,1784460600,1784633400
pay_000000001005,payment,pay_000000001005,order_000000001005,INV-2026-001005,setl_000000000536,300000000536,31855699,0,0,0,31855699,31855699,INR,wallet,1783683000,1783769400
pay_000000001006,payment,pay_000000001006,order_000000001006,INV-2026-001006,setl_000000000537,300000000537,1002450,0,0,0,1002450,1002450,INR,upi,1784633400,1784719800
pay_000000001007,payment,pay_000000001007,order_000000001007,INV-2026-001007,setl_000000000538,300000000538,45441850,0,0,0,45441850,45441850,INR,upi,1786793400,1786793400
pay_000000001008,payment,pay_000000001008,order_000000001008,INV-2026-001008,setl_000000000539,300000000539,11069399,0,0,0,11069399,11069399,INR,wallet,1786447800,1786534200
pay_000000001009,payment,pay_000000001009,order_000000001009,INV-2026-001009,setl_000000000540,300000000540,27359775,0,0,0,27359775,27359775,INR,card,1781609400,1781609400
pay_000000001010,payment,pay_000000001010,order_000000001010,INV-2026-001010,setl_000000000541,300000000541,37845775,0,0,0,37845775,37845775,INR,netbanking,1783251000,1783423800
pay_000000001011,payment,pay_000000001011,order_000000001011,INV-2026-001011,setl_000000000542,300000000542,27592575,0,0,0,27592575,27592575,INR,netbanking,1785497400,1785497400
pay_000000001012,payment,pay_000000001012,order_000000001012,INV-2026-001012,setl_000000000543,300000000543,24673025,0,0,0,24673025,24673025,INR,netbanking,1782041400,1782041400
pay_000000001013,payment,pay_000000001013,order_000000001013,INV-2026-001013,setl_000000000544,300000000544,8091200,0,0,0,8091200,8091200,INR,card,1782646200,1782732600
pay_000000001014,payment,pay_000000001014,order_000000001014,INV-2026-001014,setl_000000000545,300000000545,47769850,0,0,0,47769850,47769850,INR,upi,1782559800,1782559800
pay_000000001015,payment,pay_000000001015,order_000000001015,INV-2026-001015,setl_000000000546,300000000546,42422350,0,0,0,42422350,42422350,INR,wallet,1784979000,1785151800
pay_000000001016,payment,pay_000000001016,order_000000001016,INV-2026-001016,setl_000000000547,300000000547,11314400,0,0,0,11314400,11314400,INR,card,1787311800,1787398200
pay_000000001017,payment,pay_000000001017,order_000000001017,INV-2026-001017,setl_000000000548,300000000548,29449300,0,0,0,29449300,29449300,INR,card,1784460600,1784547000
pay_000000001018,payment,pay_000000001018,order_000000001018,INV-2026-001018,setl_000000000549,300000000549,2402575,0,0,0,2402575,2402575,INR,upi,1783078200,1783164600
pay_000000001019,payment,pay_000000001019,order_000000001019,INV-2026-001019,setl_000000000550,300000000550,1611825,0,0,0,1611825,1611825,INR,card,1781955000,1782127800
pay_000000001020,payment,pay_000000001020,order_000000001020,INV-2026-001020,setl_000000000551,300000000551,37288200,0,0,0,37288200,37288200,INR,netbanking,1786793400,1786966200
pay_000000001021,payment,pay_000000001021,order_000000001021,INV-2026-001021,setl_000000000552,300000000552,33408075,0,0,0,33408075,33408075,INR,netbanking,1780313400,1780399800
pay_000000001022,payment,pay_000000001022,order_000000001022,INV-2026-001022,setl_000000000553,300000000553,32953100,0,0,0,32953100,32953100,INR,card,1782127800,1782127800
pay_000000001023,payment,pay_000000001023,order_000000001023,INV-2026-001023,setl_000000000554,300000000554,29724300,0,0,0,29724300,29724300,INR,card,1784806200,1784806200
pay_000000001024,payment,pay_000000001024,order_000000001024,INV-2026-001024,setl_000000000555,300000000555,33183975,0,0,0,33183975,33183975,INR,wallet,1782127800,1782127800
pay_000000001025,payment,pay_000000001025,order_000000001025,INV-2026-001025,setl_000000000556,300000000556,27010299,0,0,0,27010299,27010299,INR,card,1782559800,1782646200
pay_000000001026,payment,pay_000000001026,order_000000001026,INV-2026-001026,setl_000000000557,300000000557,36867700,0,0,0,36867700,36867700,INR,upi,1787225400,1787311800
pay_000000001027,payment,pay_000000001027,order_000000001027,INV-2026-001027,setl_000000000558,300000000558,12871000,0,0,0,12871000,12871000,INR,netbanking,1784374200,1784547000
pay_000000001028,payment,pay_000000001028,order_000000001028,INV-2026-001028,setl_000000000559,300000000559,8823300,0,0,0,8823300,8823300,INR,card,1786879800,1787052600
pay_000000001029,payment,pay_000000001029,order_000000001029,INV-2026-001029,setl_000000000560,300000000560,4313900,0,0,0,4313900,4313900,INR,wallet,1782905400,1782905400
pay_000000001030,payment,pay_000000001030,order_000000001030,INV-2026-001030,setl_000000000561,300000000561,6837200,0,0,0,6837200,6837200,INR,netbanking,1781782200,1781868600
pay_000000001031,payment,pay_000000001031,order_000000001031,INV-2026-001031,setl_000000000562,300000000562,19093900,0,0,0,19093900,19093900,INR,wallet,1785843000,1785843000
pay_000000001032,payment,pay_000000001032,order_000000001032,INV-2026-001032,setl_000000000563,300000000563,35503799,0,0,0,35503799,35503799,INR,netbanking,1785583800,1785583800
pay_000000001033,payment,pay_000000001033,order_000000001033,INV-2026-001033,setl_000000000564,300000000564,16826100,0,0,0,16826100,16826100,INR,wallet,1786620600,1786793400
pay_000000001034,payment,pay_000000001034,order_000000001034,INV-2026-001034,setl_000000000565,300000000565,19229200,0,0,0,19229200,19229200,INR,wallet,1782214200,1782300600
pay_000000001035,payment,pay_000000001035,order_000000001035,INV-2026-001035,setl_000000000566,300000000566,2725225,0,0,0,2725225,2725225,INR,netbanking,1787830200,1787916600
pay_000000001036,payment,pay_000000001036,order_000000001036,INV-2026-001036,setl_000000000567,300000000567,31335900,0,0,0,31335900,31335900,INR,upi,1784201400,1784374200
pay_000000001037,payment,pay_000000001037,order_000000001037,INV-2026-001037,setl_000000000568,300000000568,24134300,0,0,0,24134300,24134300,INR,netbanking,1781091000,1781177400
pay_000000001038,payment,pay_000000001038,order_000000001038,INV-2026-001038,setl_000000000569,300000000569,47933250,0,0,0,47933250,47933250,INR,netbanking,1781523000,1781523000
pay_000000001039,payment,pay_000000001039,order_000000001039,INV-2026-001039,setl_000000000570,300000000570,26396375,0,0,0,26396375,26396375,INR,wallet,1780745400,1780918200
pay_000000001040,payment,pay_000000001040,order_000000001040,INV-2026-001040,setl_000000000571,300000000571,11703700,0,0,0,11703700,11703700,INR,netbanking,1780486200,1780659000
pay_000000001041,payment,pay_000000001041,order_000000001041,INV-2026-001041,setl_000000000572,300000000572,23398400,0,0,0,23398400,23398400,INR,wallet,1785411000,1785583800
pay_000000001042,payment,pay_000000001042,order_000000001042,INV-2026-001042,setl_000000000573,300000000573,15399999,0,0,0,15399999,15399999,INR,wallet,1783769400,1783855800
pay_000000001043,payment,pay_000000001043,order_000000001043,INV-2026-001043,setl_000000000574,300000000574,31930699,0,0,0,31930699,31930699,INR,wallet,1781609400,1781609400
pay_000000001044,payment,pay_000000001044,order_000000001044,INV-2026-001044,setl_000000000575,300000000575,5638575,0,0,0,5638575,5638575,INR,netbanking,1787830200,1788003000
pay_000000001045,payment,pay_000000001045,order_000000001045,INV-2026-001045,setl_000000000576,300000000576,9131975,0,0,0,9131975,9131975,INR,wallet,1781350200,1781436600
pay_000000001046,payment,pay_000000001046,order_000000001046,INV-2026-001046,setl_000000000577,300000000577,35980300,0,0,0,35980300,35980300,INR,wallet,1784374200,1784374200
pay_000000001047,payment,pay_000000001047,order_000000001047,INV-2026-001047,setl_000000000578,300000000578,35944025,0,0,0,35944025,35944025,INR,card,1785151800,1785151800
pay_000000001048,payment,pay_000000001048,order_000000001048,INV-2026-001048,setl_000000000579,300000000579,27350750,0,0,0,27350750,27350750,INR,wallet,1784547000,1784547000
pay_000000001049,payment,pay_000000001049,order_000000001049,INV-2026-001049,setl_000000000580,300000000580,21041675,0,0,0,21041675,21041675,INR,wallet,1785929400,1786102200
pay_000000001050,payment,pay_000000001050,order_000000001050,INV-2026-001050,setl_000000000581,300000000581,13967800,0,0,0,13967800,13967800,INR,upi,1783942200,1784115000
pay_000000001051,payment,pay_000000001051,order_000000001051,INV-2026-001051,setl_000000000582,300000000582,40015200,0,0,0,40015200,40015200,INR,netbanking,1781868600,1782041400
pay_000000001052,payment,pay_000000001052,order_000000001052,INV-2026-001052,setl_000000000583,300000000583,31947800,0,0,0,31947800,31947800,INR,card,1784547000,1784633400
pay_000000001053,payment,pay_000000001053,order_000000001053,INV-2026-001053,setl_000000000584,300000000584,19727350,0,0,0,19727350,19727350,INR,card,1785670200,1785843000
pay_000000001054,payment,pay_000000001054,order_000000001054,INV-2026-001054,setl_000000000585,300000000585,10425400,0,0,0,10425400,10425400,INR,upi,1785756600,1785843000
pay_000000001055,payment,pay_000000001055,order_000000001055,INV-2026-001055,setl_000000000586,300000000586,41933800,0,0,0,41933800,41933800,INR,card,1785238200,1785411000
pay_000000001056,payment,pay_000000001056,order_000000001056,INV-2026-001056,setl_000000000587,300000000587,43652200,0,0,0,43652200,43652200,INR,netbanking,1781695800,1781868600
pay_000000001057,payment,pay_000000001057,order_000000001057,INV-2026-001057,setl_000000000588,300000000588,10449200,0,0,0,10449200,10449200,INR,card,1786275000,1786447800
pay_000000001058,payment,pay_000000001058,order_000000001058,INV-2026-001058,setl_000000000589,300000000589,39660650,0,0,0,39660650,39660650,INR,wallet,1786879800,1786966200
pay_000000001059,payment,pay_000000001059,order_000000001059,INV-2026-001059,setl_000000000590,300000000590,46938125,0,0,0,46938125,46938125,INR,card,1785497400,1785583800
pay_000000001060,payment,pay_000000001060,order_000000001060,INV-2026-001060,setl_000000000591,300000000591,36000400,0,0,0,36000400,36000400,INR,card,1787052600,1787052600
pay_000000001061,payment,pay_000000001061,order_000000001061,INV-2026-001061,setl_000000000592,300000000592,49007800,0,0,0,49007800,49007800,INR,netbanking,1785497400,1785583800
pay_000000001062,payment,pay_000000001062,order_000000001062,INV-2026-001062,setl_000000000593,300000000593,24054199,0,0,0,24054199,24054199,INR,card,1783337400,1783337400
pay_000000001063,payment,pay_000000001063,order_000000001063,INV-2026-001063,setl_000000000594,300000000594,14463500,0,0,0,14463500,14463500,INR,card,1781091000,1781091000
pay_000000001064,payment,pay_000000001064,order_000000001064,INV-2026-001064,setl_000000000595,300000000595,33634900,0,0,0,33634900,33634900,INR,netbanking,1783337400,1783510200
pay_000000001065,payment,pay_000000001065,order_000000001065,INV-2026-001065,setl_000000000596,300000000596,1245600,0,0,0,1245600,1245600,INR,netbanking,1781004600,1781177400
pay_000000001066,payment,pay_000000001066,order_000000001066,INV-2026-001066,setl_000000000597,300000000597,31746975,0,0,0,31746975,31746975,INR,upi,1780486200,1780486200
pay_000000001067,payment,pay_000000001067,order_000000001067,INV-2026-001067,setl_000000000598,300000000598,28349150,0,0,0,28349150,28349150,INR,netbanking,1783423800,1783596600
pay_000000001068,payment,pay_000000001068,order_000000001068,INV-2026-001068,setl_000000000599,300000000599,14615650,0,0,0,14615650,14615650,INR,card,1785238200,1785411000
pay_000000001069,payment,pay_000000001069,order_000000001069,INV-2026-001069,setl_000000000600,300000000600,11908500,0,0,0,11908500,11908500,INR,netbanking,1784979000,1784979000
pay_000000001070,payment,pay_000000001070,order_000000001070,INV-2026-001070,setl_000000000601,300000000601,49618799,0,0,0,49618799,49618799,INR,netbanking,1780745400,1780745400
pay_000000001071,payment,pay_000000001071,order_000000001071,INV-2026-001071,setl_000000000602,300000000602,43833850,0,0,0,43833850,43833850,INR,card,1780572600,1780659000
pay_000000001072,payment,pay_000000001072,order_000000001072,INV-2026-001072,setl_000000000603,300000000603,11091000,0,0,0,11091000,11091000,INR,netbanking,1785670200,1785843000
pay_000000001073,payment,pay_000000001073,order_000000001073,INV-2026-001073,setl_000000000604,300000000604,18994900,0,0,0,18994900,18994900,INR,netbanking,1781004600,1781091000
pay_000000001074,payment,pay_000000001074,order_000000001074,INV-2026-001074,setl_000000000605,300000000605,8266200,0,0,0,8266200,8266200,INR,upi,1787916600,1788003000
pay_000000001075,payment,pay_000000001075,order_000000001075,INV-2026-001075,setl_000000000606,300000000606,48594200,0,0,0,48594200,48594200,INR,wallet,1782041400,1782041400
pay_000000001076,payment,pay_000000001076,order_000000001076,INV-2026-001076,setl_000000000607,300000000607,28384050,0,0,0,28384050,28384050,INR,card,1786879800,1787052600
pay_000000001077,payment,pay_000000001077,order_000000001077,INV-2026-001077,setl_000000000608,300000000608,17028075,0,0,0,17028075,17028075,INR,upi,1786275000,1786361400
pay_000000001078,payment,pay_000000001078,order_000000001078,INV-2026-001078,setl_000000000609,300000000609,46600025,0,0,0,46600025,46600025,INR,card,1781436600,1781436600
pay_000000001079,payment,pay_000000001079,order_000000001079,INV-2026-001079,setl_000000000610,300000000610,47601299,0,0,0,47601299,47601299,INR,upi,1784547000,1784719800
pay_000000001080,payment,pay_000000001080,order_000000001080,INV-2026-001080,setl_000000000611,300000000611,23860325,0,0,0,23860325,23860325,INR,wallet,1783164600,1783337400
pay_000000001081,payment,pay_000000001081,order_000000001081,INV-2026-001081,setl_000000000612,300000000612,41096900,0,0,0,41096900,41096900,INR,upi,1784979000,1785151800
pay_000000001082,payment,pay_000000001082,order_000000001082,INV-2026-001082,setl_000000000613,300000000613,35781600,0,0,0,35781600,35781600,INR,netbanking,1780486200,1780486200
pay_000000001083,payment,pay_000000001083,order_000000001083,INV-2026-001083,setl_000000000614,300000000614,49497925,0,0,0,49497925,49497925,INR,netbanking,1784979000,1784979000
pay_000000001084,payment,pay_000000001084,order_000000001084,INV-2026-001084,setl_000000000615,300000000615,48494575,0,0,0,48494575,48494575,INR,upi,1787052600,1787225400
pay_000000001085,payment,pay_000000001085,order_000000001085,INV-2026-001085,setl_000000000616,300000000616,18471400,0,0,0,18471400,18471400,INR,card,1782732600,1782819000
pay_000000001086,payment,pay_000000001086,order_000000001086,INV-2026-001086,setl_000000000617,300000000617,24799600,0,0,0,24799600,24799600,INR,netbanking,1787571000,1787657400
pay_000000001087,payment,pay_000000001087,order_000000001087,INV-2026-001087,setl_000000000618,300000000618,37311975,0,0,0,37311975,37311975,INR,card,1785670200,1785756600
pay_000000001088,payment,pay_000000001088,order_000000001088,INV-2026-001088,setl_000000000619,300000000619,13294775,0,0,0,13294775,13294775,INR,wallet,1785929400,1786015800
pay_000000001089,payment,pay_000000001089,order_000000001089,INV-2026-001089,setl_000000000620,300000000620,31904725,0,0,0,31904725,31904725,INR,upi,1787657400,1787743800
pay_000000001090,payment,pay_000000001090,order_000000001090,INV-2026-001090,setl_000000000621,300000000621,34026099,0,0,0,34026099,34026099,INR,upi,1785151800,1785238200
pay_000000001091,payment,pay_000000001091,order_000000001091,INV-2026-001091,setl_000000000622,300000000622,24040299,0,0,0,24040299,24040299,INR,netbanking,1783078200,1783164600
pay_000000001092,payment,pay_000000001092,order_000000001092,INV-2026-001092,setl_000000000623,300000000623,16975875,0,0,0,16975875,16975875,INR,card,1784719800,1784806200
pay_000000001093,payment,pay_000000001093,order_000000001093,INV-2026-001093,setl_000000000624,300000000624,9861899,0,0,0,9861899,9861899,INR,netbanking,1784460600,1784460600
pay_000000001094,payment,pay_000000001094,order_000000001094,INV-2026-001094,setl_000000000625,300000000625,29455925,0,0,0,29455925,29455925,INR,upi,1782214200,1782300600
pay_000000001095,payment,pay_000000001095,order_000000001095,INV-2026-001095,setl_000000000626,300000000626,23301699,0,0,0,23301699,23301699,INR,card,1780745400,1780745400
pay_000000001096,payment,pay_000000001096,order_000000001096,INV-2026-001096,setl_000000000627,300000000627,32197950,0,0,0,32197950,32197950,INR,card,1785151800,1785238200
pay_000000001097,payment,pay_000000001097,order_000000001097,INV-2026-001097,setl_000000000628,300000000628,36443500,0,0,0,36443500,36443500,INR,card,1783855800,1784028600
pay_000000001098,payment,pay_000000001098,order_000000001098,INV-2026-001098,setl_000000000629,300000000629,29457950,0,0,0,29457950,29457950,INR,upi,1786447800,1786620600
pay_000000001099,payment,pay_000000001099,order_000000001099,INV-2026-001099,setl_000000000630,300000000630,11382875,0,0,0,11382875,11382875,INR,netbanking,1785238200,1785324600
pay_000000001100,payment,pay_000000001100,order_000000001100,INV-2026-001100,setl_000000000631,300000000631,10303600,0,0,0,10303600,10303600,INR,card,1786879800,1786879800
pay_000000001101,payment,pay_000000001101,order_000000001101,INV-2026-001101,setl_000000000632,300000000632,5125900,0,0,0,5125900,5125900,INR,wallet,1784201400,1784201400
pay_000000001102,payment,pay_000000001102,order_000000001102,INV-2026-001102,setl_000000000633,300000000633,35893600,0,0,0,35893600,35893600,INR,upi,1781350200,1781350200
pay_000000001103,payment,pay_000000001103,order_000000001103,INV-2026-001103,setl_000000000634,300000000634,18200900,0,0,0,18200900,18200900,INR,netbanking,1787830200,1787830200
pay_000000001104,payment,pay_000000001104,order_000000001104,INV-2026-001104,setl_000000000635,300000000635,15379300,0,0,0,15379300,15379300,INR,card,1784115000,1784287800
pay_000000001105,payment,pay_000000001105,order_000000001105,INV-2026-001105,setl_000000000636,300000000636,7512400,0,0,0,7512400,7512400,INR,wallet,1785670200,1785670200
pay_000000001106,payment,pay_000000001106,order_000000001106,INV-2026-001106,setl_000000000637,300000000637,10483000,0,0,0,10483000,10483000,INR,wallet,1787225400,1787311800
pay_000000001107,payment,pay_000000001107,order_000000001107,INV-2026-001107,setl_000000000638,300000000638,49738500,0,0,0,49738500,49738500,INR,card,1783683000,1783855800
pay_000000001108,payment,pay_000000001108,order_000000001108,INV-2026-001108,setl_000000000639,300000000639,19541875,0,0,0,19541875,19541875,INR,card,1788003000,1788003000
pay_000000001109,payment,pay_000000001109,order_000000001109,INV-2026-001109,setl_000000000640,300000000640,15327500,0,0,0,15327500,15327500,INR,netbanking,1782905400,1783078200
pay_000000001110,payment,pay_000000001110,order_000000001110,INV-2026-001110,setl_000000000641,300000000641,46168175,0,0,0,46168175,46168175,INR,upi,1783251000,1783337400
pay_000000001111,payment,pay_000000001111,order_000000001111,INV-2026-001111,setl_000000000642,300000000642,34858375,0,0,0,34858375,34858375,INR,upi,1782732600,1782732600
pay_000000001112,payment,pay_000000001112,order_000000001112,INV-2026-001112,setl_000000000643,300000000643,6360050,0,0,0,6360050,6360050,INR,wallet,1782473400,1782473400
pay_000000001113,payment,pay_000000001113,order_000000001113,INV-2026-001113,setl_000000000644,300000000644,7584650,0,0,0,7584650,7584650,INR,card,1786879800,1786879800
pay_000000001114,payment,pay_000000001114,order_000000001114,INV-2026-001114,setl_000000000645,300000000645,15399025,0,0,0,15399025,15399025,INR,card,1781004600,1781004600
pay_000000001115,payment,pay_000000001115,order_000000001115,INV-2026-001115,setl_000000000646,300000000646,9008475,0,0,0,9008475,9008475,INR,upi,1783855800,1783942200
pay_000000001116,payment,pay_000000001116,order_000000001116,INV-2026-001116,setl_000000000647,300000000647,43301250,0,0,0,43301250,43301250,INR,wallet,1786620600,1786793400
pay_000000001117,payment,pay_000000001117,order_000000001117,INV-2026-001117,setl_000000000648,300000000648,28225600,0,0,0,28225600,28225600,INR,netbanking,1782732600,1782732600
pay_000000001118,payment,pay_000000001118,order_000000001118,INV-2026-001118,setl_000000000649,300000000649,32946600,0,0,0,32946600,32946600,INR,wallet,1782559800,1782646200
pay_000000001119,payment,pay_000000001119,order_000000001119,INV-2026-001119,setl_000000000650,300000000650,37460200,0,0,0,37460200,37460200,INR,netbanking,1786534200,1786534200
pay_000000001120,payment,pay_000000001120,order_000000001120,INV-2026-001120,setl_000000000651,300000000651,43767399,0,0,0,43767399,43767399,INR,upi,1787139000,1787225400
pay_000000001121,payment,pay_000000001121,order_000000001121,INV-2026-001121,setl_000000000652,300000000652,16693250,0,0,0,16693250,16693250,INR,card,1782991800,1783164600
pay_000000001122,payment,pay_000000001122,order_000000001122,INV-2026-001122,setl_000000000653,300000000653,47380400,0,0,0,47380400,47380400,INR,card,1782473400,1782646200
pay_000000001123,payment,pay_000000001123,order_000000001123,INV-2026-001123,setl_000000000654,300000000654,6309625,0,0,0,6309625,6309625,INR,card,1787139000,1787225400
pay_000000001124,payment,pay_000000001124,order_000000001124,INV-2026-001124,setl_000000000655,300000000655,25102200,0,0,0,25102200,25102200,INR,netbanking,1780486200,1780659000
pay_000000001125,payment,pay_000000001125,order_000000001125,INV-2026-001125,setl_000000000656,300000000656,7937300,0,0,0,7937300,7937300,INR,netbanking,1787657400,1787657400
pay_000000001126,payment,pay_000000001126,order_000000001126,INV-2026-001126,setl_000000000657,300000000657,27018100,0,0,0,27018100,27018100,INR,wallet,1786015800,1786015800
pay_000000001127,payment,pay_000000001127,order_000000001127,INV-2026-001127,setl_000000000658,300000000658,34672100,0,0,0,34672100,34672100,INR,upi,1783942200,1784115000
pay_000000001128,payment,pay_000000001128,order_000000001128,INV-2026-001128,setl_000000000659,300000000659,19330599,0,0,0,19330599,19330599,INR,wallet,1785929400,1786015800
pay_000000001129,payment,pay_000000001129,order_000000001129,INV-2026-001129,setl_000000000660,300000000660,26775300,0,0,0,26775300,26775300,INR,upi,1780486200,1780486200
pay_000000001130,payment,pay_000000001130,order_000000001130,INV-2026-001130,setl_000000000661,300000000661,30653175,0,0,0,30653175,30653175,INR,netbanking,1785324600,1785497400
pay_000000001131,payment,pay_000000001131,order_000000001131,INV-2026-001131,setl_000000000662,300000000662,37690300,0,0,0,37690300,37690300,INR,card,1784547000,1784633400
pay_000000001132,payment,pay_000000001132,order_000000001132,INV-2026-001132,setl_000000000663,300000000663,7644125,0,0,0,7644125,7644125,INR,upi,1786620600,1786620600
pay_000000001133,payment,pay_000000001133,order_000000001133,INV-2026-001133,setl_000000000664,300000000664,12723325,0,0,0,12723325,12723325,INR,netbanking,1780313400,1780486200
pay_000000001134,payment,pay_000000001134,order_000000001134,INV-2026-001134,setl_000000000665,300000000665,30935499,0,0,0,30935499,30935499,INR,upi,1784287800,1784460600
pay_000000001135,payment,pay_000000001135,order_000000001135,INV-2026-001135,setl_000000000666,300000000666,36321200,0,0,0,36321200,36321200,INR,wallet,1784806200,1784892600
pay_000000001136,payment,pay_000000001136,order_000000001136,INV-2026-001136,setl_000000000667,300000000667,7410299,0,0,0,7410299,7410299,INR,card,1783769400,1783855800
pay_000000001137,payment,pay_000000001137,order_000000001137,INV-2026-001137,setl_000000000668,300000000668,8400300,0,0,0,8400300,8400300,INR,card,1786361400,1786447800
pay_000000001138,payment,pay_000000001138,order_000000001138,INV-2026-001138,setl_000000000669,300000000669,27298150,0,0,0,27298150,27298150,INR,wallet,1782646200,1782732600
pay_000000001139,payment,pay_000000001139,order_000000001139,INV-2026-001139,setl_000000000670,300000000670,24926200,0,0,0,24926200,24926200,INR,netbanking,1780486200,1780572600
pay_000000001140,payment,pay_000000001140,order_000000001140,INV-2026-001140,setl_000000000671,300000000671,42741499,0,0,0,42741499,42741499,INR,wallet,1782991800,1783078200
pay_000000001141,payment,pay_000000001141,order_000000001141,INV-2026-001141,setl_000000000672,300000000672,40467300,0,0,0,40467300,40467300,INR,upi,1781868600,1781955000
pay_000000001142,payment,pay_000000001142,order_000000001142,INV-2026-001142,setl_000000000673,300000000673,42605575,0,0,0,42605575,42605575,INR,upi,1782387000,1782559800
pay_000000001143,payment,pay_000000001143,order_000000001143,INV-2026-001143,setl_000000000674,300000000674,1611075,0,0,0,1611075,1611075,INR,upi,1787398200,1787484600
pay_000000001144,payment,pay_000000001144,order_000000001144,INV-2026-001144,setl_000000000675,300000000675,31900250,0,0,0,31900250,31900250,INR,card,1783423800,1783423800
pay_000000001145,payment,pay_000000001145,order_000000001145,INV-2026-001145,setl_000000000676,300000000676,20837500,0,0,0,20837500,20837500,INR,upi,1783855800,1784028600
pay_000000001146,payment,pay_000000001146,order_000000001146,INV-2026-001146,setl_000000000677,300000000677,37526400,0,0,0,37526400,37526400,INR,netbanking,1781263800,1781350200
pay_000000001147,payment,pay_000000001147,order_000000001147,INV-2026-001147,setl_000000000678,300000000678,8439300,0,0,0,8439300,8439300,INR,card,1783164600,1783164600
pay_000000001148,payment,pay_000000001148,order_000000001148,INV-2026-001148,setl_000000000679,300000000679,39734275,0,0,0,39734275,39734275,INR,upi,1787657400,1787743800
pay_000000001149,payment,pay_000000001149,order_000000001149,INV-2026-001149,setl_000000000680,300000000680,36895800,0,0,0,36895800,36895800,INR,card,1786707000,1786793400
pay_000000001150,payment,pay_000000001150,order_000000001150,INV-2026-001150,setl_000000000681,300000000681,13749450,0,0,0,13749450,13749450,INR,netbanking,1781609400,1781782200
pay_000000001151,payment,pay_000000001151,order_000000001151,INV-2026-001151,setl_000000000682,300000000682,31203899,0,0,0,31203899,31203899,INR,wallet,1783596600,1783683000
pay_000000001152,payment,pay_000000001152,order_000000001152,INV-2026-001152,setl_000000000683,300000000683,17263050,0,0,0,17263050,17263050,INR,card,1784633400,1784806200
pay_000000001153,payment,pay_000000001153,order_000000001153,INV-2026-001153,setl_000000000684,300000000684,100400,0,0,0,100400,100400,INR,card,1785151800,1785238200
pay_000000001154,payment,pay_000000001154,order_000000001154,INV-2026-001154,setl_000000000685,300000000685,24056199,0,0,0,24056199,24056199,INR,upi,1782559800,1782559800
pay_000000001155,payment,pay_000000001155,order_000000001155,INV-2026-001155,setl_000000000686,300000000686,3516150,0,0,0,3516150,3516150,INR,upi,1787743800,1787830200
pay_000000001156,payment,pay_000000001156,order_000000001156,INV-2026-001156,setl_000000000687,300000000687,14358699,0,0,0,14358699,14358699,INR,wallet,1782387000,1782387000
pay_000000001157,payment,pay_000000001157,order_000000001157,INV-2026-001157,setl_000000000688,300000000688,8692800,0,0,0,8692800,8692800,INR,card,1787571000,1787657400
pay_000000001158,payment,pay_000000001158,order_000000001158,INV-2026-001158,setl_000000000689,300000000689,28530450,0,0,0,28530450,28530450,INR,upi,1784287800,1784374200
pay_000000001159,payment,pay_000000001159,order_000000001159,INV-2026-001159,setl_000000000690,300000000690,43721475,0,0,0,43721475,43721475,INR,card,1782041400,1782214200
pay_000000001160,payment,pay_000000001160,order_000000001160,INV-2026-001160,setl_000000000691,300000000691,6230000,0,0,0,6230000,6230000,INR,wallet,1784374200,1784547000
pay_000000001161,payment,pay_000000001161,order_000000001161,INV-2026-001161,setl_000000000692,300000000692,3885775,0,0,0,3885775,3885775,INR,wallet,1783683000,1783683000
pay_000000001162,payment,pay_000000001162,order_000000001162,INV-2026-001162,setl_000000000693,300000000693,13387250,0,0,0,13387250,13387250,INR,netbanking,1781609400,1781695800
pay_000000001163,payment,pay_000000001163,order_000000001163,INV-2026-001163,setl_000000000694,300000000694,36833250,0,0,0,36833250,36833250,INR,upi,1784547000,1784719800
pay_000000001164,payment,pay_000000001164,order_000000001164,INV-2026-001164,setl_000000000695,300000000695,38073099,0,0,0,38073099,38073099,INR,wallet,1787225400,1787225400
pay_000000001165,payment,pay_000000001165,order_000000001165,INV-2026-001165,setl_000000000696,300000000696,35502199,0,0,0,35502199,35502199,INR,wallet,1780572600,1780745400
pay_000000001166,payment,pay_000000001166,order_000000001166,INV-2026-001166,setl_000000000697,300000000697,44850800,0,0,0,44850800,44850800,INR,netbanking,1780745400,1780831800
pay_000000001167,payment,pay_000000001167,order_000000001167,INV-2026-001167,setl_000000000698,300000000698,9677500,0,0,0,9677500,9677500,INR,wallet,1784028600,1784201400
pay_000000001168,payment,pay_000000001168,order_000000001168,INV-2026-001168,setl_000000000699,300000000699,37241025,0,0,0,37241025,37241025,INR,upi,1787916600,1788003000
pay_000000001169,payment,pay_000000001169,order_000000001169,INV-2026-001169,setl_000000000700,300000000700,48746900,0,0,0,48746900,48746900,INR,card,1781609400,1781609400
pay_000000001170,payment,pay_000000001170,order_000000001170,INV-2026-001170,setl_000000000701,300000000701,39245575,0,0,0,39245575,39245575,INR,netbanking,1784633400,1784633400
pay_000000001171,payment,pay_000000001171,order_000000001171,INV-2026-001171,setl_000000000702,300000000702,34914650,0,0,0,34914650,34914650,INR,card,1785583800,1785670200
pay_000000001172,payment,pay_000000001172,order_000000001172,INV-2026-001172,setl_000000000703,300000000703,32900600,0,0,0,32900600,32900600,INR,wallet,1782732600,1782819000
pay_000000001173,payment,pay_000000001173,order_000000001173,INV-2026-001173,setl_000000000704,300000000704,49875299,0,0,0,49875299,49875299,INR,card,1785929400,1786015800
pay_000000001174,payment,pay_000000001174,order_000000001174,INV-2026-001174,setl_000000000705,300000000705,14643150,0,0,0,14643150,14643150,INR,netbanking,1783337400,1783423800
pay_000000001175,payment,pay_000000001175,order_000000001175,INV-2026-001175,setl_000000000706,300000000706,32415375,0,0,0,32415375,32415375,INR,netbanking,1781004600,1781091000
pay_000000001176,payment,pay_000000001176,order_000000001176,INV-2026-001176,setl_000000000707,300000000707,22321875,0,0,0,22321875,22321875,INR,card,1787571000,1787571000
pay_000000001177,payment,pay_000000001177,order_000000001177,INV-2026-001177,setl_000000000708,300000000708,41515875,0,0,0,41515875,41515875,INR,wallet,1784028600,1784028600
pay_000000001178,payment,pay_000000001178,order_000000001178,INV-2026-001178,setl_000000000709,300000000709,28971650,0,0,0,28971650,28971650,INR,card,1780313400,1780313400
pay_000000001179,payment,pay_000000001179,order_000000001179,INV-2026-001179,setl_000000000710,300000000710,5766450,0,0,0,5766450,5766450,INR,netbanking,1785065400,1785151800
pay_000000001180,payment,pay_000000001180,order_000000001180,INV-2026-001180,setl_000000000711,300000000711,46830375,0,0,0,46830375,46830375,INR,upi,1786534200,1786534200
pay_000000001181,payment,pay_000000001181,order_000000001181,INV-2026-001181,setl_000000000712,300000000712,43360050,0,0,0,43360050,43360050,INR,upi,1782559800,1782732600
pay_000000001182,payment,pay_000000001182,order_000000001182,INV-2026-001182,setl_000000000713,300000000713,5730100,0,0,0,5730100,5730100,INR,netbanking,1782905400,1783078200
pay_000000001183,payment,pay_000000001183,order_000000001183,INV-2026-001183,setl_000000000714,300000000714,32346499,0,0,0,32346499,32346499,INR,netbanking,1784460600,1784460600
pay_000000001184,payment,pay_000000001184,order_000000001184,INV-2026-001184,setl_000000000715,300000000715,7676775,0,0,0,7676775,7676775,INR,wallet,1781091000,1781263800
pay_000000001185,payment,pay_000000001185,order_000000001185,INV-2026-001185,setl_000000000716,300000000716,36673300,0,0,0,36673300,36673300,INR,upi,1785238200,1785411000
pay_000000001186,payment,pay_000000001186,order_000000001186,INV-2026-001186,setl_000000000717,300000000717,8388800,0,0,0,8388800,8388800,INR,card,1782732600,1782905400
pay_000000001187,payment,pay_000000001187,order_000000001187,INV-2026-001187,setl_000000000718,300000000718,15469600,0,0,0,15469600,15469600,INR,card,1785065400,1785151800
pay_000000001188,payment,pay_000000001188,order_000000001188,INV-2026-001188,setl_000000000719,300000000719,40618800,0,0,0,40618800,40618800,INR,upi,1783251000,1783251000
pay_000000001189,payment,pay_000000001189,order_000000001189,INV-2026-001189,setl_000000000720,300000000720,42740600,0,0,0,42740600,42740600,INR,upi,1785843000,1786015800
pay_000000001190,payment,pay_000000001190,order_000000001190,INV-2026-001190,setl_000000000721,300000000721,33661525,0,0,0,33661525,33661525,INR,wallet,1780745400,1780745400
pay_000000001191,payment,pay_000000001191,order_000000001191,INV-2026-001191,setl_000000000722,300000000722,26479699,0,0,0,26479699,26479699,INR,upi,1785756600,1785756600
pay_000000001192,payment,pay_000000001192,order_000000001192,INV-2026-001192,setl_000000000723,300000000723,33573399,0,0,0,33573399,33573399,INR,card,1781868600,1781955000
pay_000000001193,payment,pay_000000001193,order_000000001193,INV-2026-001193,setl_000000000724,300000000724,7730375,0,0,0,7730375,7730375,INR,netbanking,1781350200,1781436600
pay_000000001194,payment,pay_000000001194,order_000000001194,INV-2026-001194,setl_000000000725,300000000725,10243800,0,0,0,10243800,10243800,INR,upi,1785843000,1785843000
pay_000000001195,payment,pay_000000001195,order_000000001195,INV-2026-001195,setl_000000000726,300000000726,2769499,0,0,0,2769499,2769499,INR,upi,1786015800,1786188600
pay_000000001196,payment,pay_000000001196,order_000000001196,INV-2026-001196,setl_000000000727,300000000727,7647200,0,0,0,7647200,7647200,INR,wallet,1782473400,1782473400
pay_000000001197,payment,pay_000000001197,order_000000001197,INV-2026-001197,setl_000000000728,300000000728,3572200,0,0,0,3572200,3572200,INR,wallet,1780659000,1780745400
pay_000000001198,payment,pay_000000001198,order_000000001198,INV-2026-001198,setl_000000000729,300000000729,29385025,0,0,0,29385025,29385025,INR,netbanking,1783942200,1784115000
pay_000000001199,payment,pay_000000001199,order_000000001199,INV-2026-001199,setl_000000000730,300000000730,31121700,0,0,0,31121700,31121700,INR,card,1783078200,1783078200
pay_000000001200,payment,pay_000000001200,order_000000001200,INV-2026-001200,setl_000000000731,300000000731,17465100,0,0,0,17465100,17465100,INR,card,1781177400,1781177400
pay_000000001201,payment,pay_000000001201,order_000000001201,INV-2026-001201,setl_000000000732,300000000732,16248400,0,0,0,16248400,16248400,INR,wallet,1785670200,1785756600
pay_000000001202,payment,pay_000000001202,order_000000001202,INV-2026-001202,setl_000000000733,300000000733,22567950,0,0,0,22567950,22567950,INR,card,1781263800,1781436600
pay_000000001203,payment,pay_000000001203,order_000000001203,INV-2026-001203,setl_000000000734,300000000734,111199,0,0,0,111199,111199,INR,wallet,1782387000,1782387000
pay_000000001204,payment,pay_000000001204,order_000000001204,INV-2026-001204,setl_000000000735,300000000735,26126425,0,0,0,26126425,26126425,INR,netbanking,1782732600,1782905400
pay_000000001205,payment,pay_000000001205,order_000000001205,INV-2026-001205,setl_000000000736,300000000736,24284700,0,0,0,24284700,24284700,INR,upi,1781955000,1781955000
pay_000000001206,payment,pay_000000001206,order_000000001206,INV-2026-001206,setl_000000000737,300000000737,21589500,0,0,0,21589500,21589500,INR,netbanking,1787398200,1787571000
pay_000000001207,payment,pay_000000001207,order_000000001207,INV-2026-001207,setl_000000000738,300000000738,20939999,0,0,0,20939999,20939999,INR,card,1783855800,1783942200
pay_000000001208,payment,pay_000000001208,order_000000001208,INV-2026-001208,setl_000000000739,300000000739,26984625,0,0,0,26984625,26984625,INR,card,1785756600,1785843000
pay_000000001209,payment,pay_000000001209,order_000000001209,INV-2026-001209,setl_000000000740,300000000740,49897775,0,0,0,49897775,49897775,INR,netbanking,1780745400,1780831800
pay_000000001210,payment,pay_000000001210,order_000000001210,INV-2026-001210,setl_000000000741,300000000741,13977900,0,0,0,13977900,13977900,INR,card,1787484600,1787484600
pay_000000001211,payment,pay_000000001211,order_000000001211,INV-2026-001211,setl_000000000742,300000000742,47259325,0,0,0,47259325,47259325,INR,netbanking,1784892600,1784892600
pay_000000001212,payment,pay_000000001212,order_000000001212,INV-2026-001212,setl_000000000743,300000000743,36018150,0,0,0,36018150,36018150,INR,card,1781177400,1781263800
pay_000000001213,payment,pay_000000001213,order_000000001213,INV-2026-001213,setl_000000000744,300000000744,40212800,0,0,0,40212800,40212800,INR,upi,1783683000,1783855800
pay_000000001214,payment,pay_000000001214,order_000000001214,INV-2026-001214,setl_000000000745,300000000745,40260499,0,0,0,40260499,40260499,INR,upi,1786188600,1786275000
pay_000000001215,payment,pay_000000001215,order_000000001215,INV-2026-001215,setl_000000000746,300000000746,41692299,0,0,0,41692299,41692299,INR,card,1781263800,1781263800
pay_000000001216,payment,pay_000000001216,order_000000001216,INV-2026-001216,setl_000000000747,300000000747,10069025,0,0,0,10069025,10069025,INR,upi,1787311800,1787398200
pay_000000001217,payment,pay_000000001217,order_000000001217,INV-2026-001217,setl_000000000748,300000000748,295125,0,0,0,295125,295125,INR,netbanking,1784201400,1784201400
pay_000000001218,payment,pay_000000001218,order_000000001218,INV-2026-001218,setl_000000000749,300000000749,40028900,0,0,0,40028900,40028900,INR,upi,1781609400,1781782200
pay_000000001219,payment,pay_000000001219,order_000000001219,INV-2026-001219,setl_000000000750,300000000750,27937700,0,0,0,27937700,27937700,INR,netbanking,1781091000,1781177400
pay_000000001220,payment,pay_000000001220,order_000000001220,INV-2026-001220,setl_000000000751,300000000751,11231125,0,0,0,11231125,11231125,INR,upi,1781177400,1781177400
pay_000000001221,payment,pay_000000001221,order_000000001221,INV-2026-001221,setl_000000000752,300000000752,34592700,0,0,0,34592700,34592700,INR,upi,1783251000,1783423800
pay_000000001222,payment,pay_000000001222,order_000000001222,INV-2026-001222,setl_000000000753,300000000753,17614500,0,0,0,17614500,17614500,INR,upi,1782300600,1782473400
pay_000000001223,payment,pay_000000001223,order_000000001223,INV-2026-001223,setl_000000000754,300000000754,27770900,0,0,0,27770900,27770900,INR,wallet,1784115000,1784115000
pay_000000001224,payment,pay_000000001224,order_000000001224,INV-2026-001224,setl_000000000755,300000000755,9765699,0,0,0,9765699,9765699,INR,upi,1787398200,1787571000
pay_000000001225,payment,pay_000000001225,order_000000001225,INV-2026-001225,setl_000000000756,300000000756,5907799,0,0,0,5907799,5907799,INR,wallet,1788003000,1788003000
pay_000000001226,payment,pay_000000001226,order_000000001226,INV-2026-001226,setl_000000000757,300000000757,35010099,0,0,0,35010099,35010099,INR,wallet,1787571000,1787571000
pay_000000001227,payment,pay_000000001227,order_000000001227,INV-2026-001227,setl_000000000758,300000000758,5889000,0,0,0,5889000,5889000,INR,netbanking,1781868600,1781955000
pay_000000001228,payment,pay_000000001228,order_000000001228,INV-2026-001228,setl_000000000759,300000000759,25284100,0,0,0,25284100,25284100,INR,upi,1785151800,1785151800
pay_000000001229,payment,pay_000000001229,order_000000001229,INV-2026-001229,setl_000000000760,300000000760,34613525,0,0,0,34613525,34613525,INR,wallet,1783683000,1783855800
pay_000000001230,payment,pay_000000001230,order_000000001230,INV-2026-001230,setl_000000000761,300000000761,9923600,0,0,0,9923600,9923600,INR,wallet,1783683000,1783855800
pay_000000001231,payment,pay_000000001231,order_000000001231,INV-2026-001231,setl_000000000762,300000000762,45073200,0,0,0,45073200,45073200,INR,card,1784201400,1784287800
pay_000000001232,payment,pay_000000001232,order_000000001232,INV-2026-001232,setl_000000000763,300000000763,35801925,0,0,0,35801925,35801925,INR,card,1785151800,1785324600
pay_000000001233,payment,pay_000000001233,order_000000001233,INV-2026-001233,setl_000000000764,300000000764,12510325,0,0,0,12510325,12510325,INR,netbanking,1781609400,1781609400
pay_000000001234,payment,pay_000000001234,order_000000001234,INV-2026-001234,setl_000000000765,300000000765,36610300,0,0,0,36610300,36610300,INR,card,1784201400,1784287800
pay_000000001235,payment,pay_000000001235,order_000000001235,INV-2026-001235,setl_000000000766,300000000766,15566450,0,0,0,15566450,15566450,INR,wallet,1780918200,1781091000
pay_000000001236,payment,pay_000000001236,order_000000001236,INV-2026-001236,setl_000000000767,300000000767,28046100,0,0,0,28046100,28046100,INR,upi,1787830200,1787916600
pay_000000001237,payment,pay_000000001237,order_000000001237,INV-2026-001237,setl_000000000768,300000000768,23853100,0,0,0,23853100,23853100,INR,card,1786879800,1787052600
pay_000000001238,payment,pay_000000001238,order_000000001238,INV-2026-001238,setl_000000000769,300000000769,48714400,0,0,0,48714400,48714400,INR,card,1786707000,1786707000
pay_000000001239,payment,pay_000000001239,order_000000001239,INV-2026-001239,setl_000000000770,300000000770,31919125,0,0,0,31919125,31919125,INR,upi,1781091000,1781091000
pay_000000001240,payment,pay_000000001240,order_000000001240,INV-2026-001240,setl_000000000771,300000000771,33457700,0,0,0,33457700,33457700,INR,wallet,1786015800,1786015800
pay_000000001241,payment,pay_000000001241,order_000000001241,INV-2026-001241,setl_000000000772,300000000772,17008100,0,0,0,17008100,17008100,INR,upi,1787311800,1787484600
pay_000000001242,payment,pay_000000001242,order_000000001242,INV-2026-001242,setl_000000000773,300000000773,19972875,0,0,0,19972875,19972875,INR,netbanking,1781523000,1781695800
pay_000000001243,payment,pay_000000001243,order_000000001243,INV-2026-001243,setl_000000000774,300000000774,32692699,0,0,0,32692699,32692699,INR,wallet,1780745400,1780831800
pay_000000001244,payment,pay_000000001244,order_000000001244,INV-2026-001244,setl_000000000775,300000000775,27889100,0,0,0,27889100,27889100,INR,upi,1784719800,1784806200
pay_000000001245,payment,pay_000000001245,order_000000001245,INV-2026-001245,setl_000000000776,300000000776,2880650,0,0,0,2880650,2880650,INR,wallet,1782559800,1782559800
pay_000000001246,payment,pay_000000001246,order_000000001246,INV-2026-001246,setl_000000000777,300000000777,46772325,0,0,0,46772325,46772325,INR,upi,1786102200,1786275000
pay_000000001247,payment,pay_000000001247,order_000000001247,INV-2026-001247,setl_000000000778,300000000778,34060300,0,0,0,34060300,34060300,INR,card,1784719800,1784806200
pay_000000001248,payment,pay_000000001248,order_000000001248,INV-2026-001248,setl_000000000779,300000000779,38122899,0,0,0,38122899,38122899,INR,card,1786102200,1786188600
pay_000000001249,payment,pay_000000001249,order_000000001249,INV-2026-001249,setl_000000000780,300000000780,21243499,0,0,0,21243499,21243499,INR,netbanking,1782819000,1782991800
pay_000000001250,payment,pay_000000001250,order_000000001250,INV-2026-001250,setl_000000000781,300000000781,30283799,0,0,0,30283799,30283799,INR,upi,1786102200,1786275000
pay_000000001251,payment,pay_000000001251,order_000000001251,INV-2026-001251,setl_000000000782,300000000782,36184500,0,0,0,36184500,36184500,INR,upi,1780659000,1780745400
pay_000000001252,payment,pay_000000001252,order_000000001252,INV-2026-001252,setl_000000000783,300000000783,5456900,0,0,0,5456900,5456900,INR,wallet,1781350200,1781523000
pay_000000001253,payment,pay_000000001253,order_000000001253,INV-2026-001253,setl_000000000784,300000000784,21333375,0,0,0,21333375,21333375,INR,upi,1783855800,1783855800
pay_000000001254,payment,pay_000000001254,order_000000001254,INV-2026-001254,setl_000000000785,300000000785,45399325,0,0,0,45399325,45399325,INR,card,1780399800,1780399800
pay_000000001255,payment,pay_000000001255,order_000000001255,INV-2026-001255,setl_000000000786,300000000786,33488475,0,0,0,33488475,33488475,INR,netbanking,1785756600,1785843000
pay_000000001256,payment,pay_000000001256,order_000000001256,INV-2026-001256,setl_000000000787,300000000787,6557899,0,0,0,6557899,6557899,INR,netbanking,1786102200,1786275000
pay_000000001257,payment,pay_000000001257,order_000000001257,INV-2026-001257,setl_000000000788,300000000788,23760600,0,0,0,23760600,23760600,INR,wallet,1783942200,1784028600
pay_000000001258,payment,pay_000000001258,order_000000001258,INV-2026-001258,setl_000000000789,300000000789,49151950,0,0,0,49151950,49151950,INR,upi,1784979000,1785065400
pay_000000001259,payment,pay_000000001259,order_000000001259,INV-2026-001259,setl_000000000790,300000000790,36008950,0,0,0,36008950,36008950,INR,card,1781091000,1781177400
pay_000000001260,payment,pay_000000001260,order_000000001260,INV-2026-001260,setl_000000000791,300000000791,40105825,0,0,0,40105825,40105825,INR,card,1787398200,1787398200
pay_000000001261,payment,pay_000000001261,order_000000001261,INV-2026-001261,setl_000000000792,300000000792,46956925,0,0,0,46956925,46956925,INR,upi,1781782200,1781868600
pay_000000001262,payment,pay_000000001262,order_000000001262,INV-2026-001262,setl_000000000793,300000000793,30552975,0,0,0,30552975,30552975,INR,netbanking,1781004600,1781091000
pay_000000001263,payment,pay_000000001263,order_000000001263,INV-2026-001263,setl_000000000794,300000000794,32840925,0,0,0,32840925,32840925,INR,netbanking,1784460600,1784633400
pay_000000001264,payment,pay_000000001264,order_000000001264,INV-2026-001264,setl_000000000795,300000000795,41639299,0,0,0,41639299,41639299,INR,card,1782387000,1782387000
pay_000000001265,payment,pay_000000001265,order_000000001265,INV-2026-001265,setl_000000000796,300000000796,23272900,0,0,0,23272900,23272900,INR,card,1782646200,1782732600
pay_000000001266,payment,pay_000000001266,order_000000001266,INV-2026-001266,setl_000000000797,300000000797,1669725,0,0,0,1669725,1669725,INR,netbanking,1781868600,1781955000
pay_000000001267,payment,pay_000000001267,order_000000001267,INV-2026-001267,setl_000000000798,300000000798,17760799,0,0,0,17760799,17760799,INR,card,1781609400,1781695800
pay_000000001268,payment,pay_000000001268,order_000000001268,INV-2026-001268,setl_000000000799,300000000799,44780225,0,0,0,44780225,44780225,INR,wallet,1785065400,1785238200
pay_000000001269,payment,pay_000000001269,order_000000001269,INV-2026-001269,setl_000000000800,300000000800,49663200,0,0,0,49663200,49663200,INR,upi,1784460600,1784633400
pay_000000001270,payment,pay_000000001270,order_000000001270,INV-2026-001270,setl_000000000801,300000000801,38371700,0,0,0,38371700,38371700,INR,netbanking,1782732600,1782905400
pay_000000001271,payment,pay_000000001271,order_000000001271,INV-2026-001271,setl_000000000802,300000000802,7292800,0,0,0,7292800,7292800,INR,upi,1780486200,1780659000
pay_000000001272,payment,pay_000000001272,order_000000001272,INV-2026-001272,setl_000000000803,300000000803,10337600,0,0,0,10337600,10337600,INR,card,1782473400,1782559800
pay_000000001273,payment,pay_000000001273,order_000000001273,INV-2026-001273,setl_000000000804,300000000804,5429700,0,0,0,5429700,5429700,INR,upi,1786966200,1786966200
pay_000000001274,payment,pay_000000001274,order_000000001274,INV-2026-001274,setl_000000000805,300000000805,15657100,0,0,0,15657100,15657100,INR,upi,1783164600,1783337400
pay_000000001275,payment,pay_000000001275,order_000000001275,INV-2026-001275,setl_000000000806,300000000806,28106500,0,0,0,28106500,28106500,INR,wallet,1781868600,1781955000
pay_000000001276,payment,pay_000000001276,order_000000001276,INV-2026-001276,setl_000000000807,300000000807,30116525,0,0,0,30116525,30116525,INR,wallet,1784028600,1784201400
pay_000000001277,payment,pay_000000001277,order_000000001277,INV-2026-001277,setl_000000000808,300000000808,41288475,0,0,0,41288475,41288475,INR,wallet,1786793400,1786966200
pay_000000001278,payment,pay_000000001278,order_000000001278,INV-2026-001278,setl_000000000809,300000000809,7630300,0,0,0,7630300,7630300,INR,card,1787571000,1787571000
pay_000000001279,payment,pay_000000001279,order_000000001279,INV-2026-001279,setl_000000000810,300000000810,3920025,0,0,0,3920025,3920025,INR,upi,1787484600,1787484600
pay_000000001280,payment,pay_000000001280,order_000000001280,INV-2026-001280,setl_000000000811,300000000811,48260300,0,0,0,48260300,48260300,INR,card,1783942200,1783942200
pay_000000001281,payment,pay_000000001281,order_000000001281,INV-2026-001281,setl_000000000812,300000000812,33104700,0,0,0,33104700,33104700,INR,netbanking,1787398200,1787398200
pay_000000001282,payment,pay_000000001282,order_000000001282,INV-2026-001282,setl_000000000813,300000000813,10375425,0,0,0,10375425,10375425,INR,upi,1787571000,1787571000
pay_000000001283,payment,pay_000000001283,order_000000001283,INV-2026-001283,setl_000000000814,300000000814,37772199,0,0,0,37772199,37772199,INR,netbanking,1781955000,1781955000
pay_000000001284,payment,pay_000000001284,order_000000001284,INV-2026-001284,setl_000000000815,300000000815,14220500,0,0,0,14220500,14220500,INR,wallet,1787571000,1787657400
pay_000000001285,payment,pay_000000001285,order_000000001285,INV-2026-001285,setl_000000000816,300000000816,13270400,0,0,0,13270400,13270400,INR,wallet,1786102200,1786188600
pay_000000001286,payment,pay_000000001286,order_000000001286,INV-2026-001286,setl_000000000817,300000000817,45522800,0,0,0,45522800,45522800,INR,upi,1782387000,1782559800
pay_000000001287,payment,pay_000000001287,order_000000001287,INV-2026-001287,setl_000000000818,300000000818,49701025,0,0,0,49701025,49701025,INR,card,1782732600,1782905400
pay_000000001288,payment,pay_000000001288,order_000000001288,INV-2026-001288,setl_000000000819,300000000819,20352199,0,0,0,20352199,20352199,INR,upi,1786447800,1786534200
pay_000000001289,payment,pay_000000001289,order_000000001289,INV-2026-001289,setl_000000000820,300000000820,30349500,0,0,0,30349500,30349500,INR,wallet,1781523000,1781609400
pay_000000001290,payment,pay_000000001290,order_000000001290,INV-2026-001290,setl_000000000821,300000000821,17284300,0,0,0,17284300,17284300,INR,card,1781436600,1781436600
pay_000000001291,payment,pay_000000001291,order_000000001291,INV-2026-001291,setl_000000000822,300000000822,44486400,0,0,0,44486400,44486400,INR,upi,1788003000,1788175800
pay_000000001292,payment,pay_000000001292,order_000000001292,INV-2026-001292,setl_000000000823,300000000823,43873400,0,0,0,43873400,43873400,INR,netbanking,1785583800,1785583800
pay_000000001293,payment,pay_000000001293,order_000000001293,INV-2026-001293,setl_000000000824,300000000824,23284000,0,0,0,23284000,23284000,INR,card,1783596600,1783596600
pay_000000001294,payment,pay_000000001294,order_000000001294,INV-2026-001294,setl_000000000825,300000000825,6857900,0,0,0,6857900,6857900,INR,upi,1787052600,1787052600
pay_000000001295,payment,pay_000000001295,order_000000001295,INV-2026-001295,setl_000000000826,300000000826,12268100,0,0,0,12268100,12268100,INR,upi,1782905400,1782905400
pay_000000001296,payment,pay_000000001296,order_000000001296,INV-2026-001296,setl_000000000827,300000000827,44723325,0,0,0,44723325,44723325,INR,wallet,1786102200,1786275000
pay_000000001297,payment,pay_000000001297,order_000000001297,INV-2026-001297,setl_000000000828,300000000828,7948875,0,0,0,7948875,7948875,INR,netbanking,1780313400,1780313400
pay_000000001298,payment,pay_000000001298,order_000000001298,INV-2026-001298,setl_000000000829,300000000829,10595225,0,0,0,10595225,10595225,INR,upi,1781868600,1782041400
pay_000000001299,payment,pay_000000001299,order_000000001299,INV-2026-001299,setl_000000000830,300000000830,28019000,0,0,0,28019000,28019000,INR,upi,1785497400,1785583800
pay_000000001300,payment,pay_000000001300,order_000000001300,INV-2026-001300,setl_000000000831,300000000831,7568225,0,0,0,7568225,7568225,INR,wallet,1781263800,1781436600
pay_000000001301,payment,pay_000000001301,order_000000001301,INV-2026-001301,setl_000000000832,300000000832,23320699,0,0,0,23320699,23320699,INR,card,1782646200,1782819000
pay_000000001302,payment,pay_000000001302,order_000000001302,INV-2026-001302,setl_000000000833,300000000833,12487425,0,0,0,12487425,12487425,INR,card,1786361400,1786361400
pay_000000001303,payment,pay_000000001303,order_000000001303,INV-2026-001303,setl_000000000834,300000000834,42475150,0,0,0,42475150,42475150,INR,upi,1783510200,1783510200
pay_000000001304,payment,pay_000000001304,order_000000001304,INV-2026-001304,setl_000000000835,300000000835,8598100,0,0,0,8598100,8598100,INR,wallet,1783942200,1783942200
pay_000000001305,payment,pay_000000001305,order_000000001305,INV-2026-001305,setl_000000000836,300000000836,41549475,0,0,0,41549475,41549475,INR,card,1780831800,1781004600
pay_000000001306,payment,pay_000000001306,order_000000001306,INV-2026-001306,setl_000000000837,300000000837,12514975,0,0,0,12514975,12514975,INR,upi,1786188600,1786275000
pay_000000001307,payment,pay_000000001307,order_000000001307,INV-2026-001307,setl_000000000838,300000000838,40939100,0,0,0,40939100,40939100,INR,card,1787398200,1787571000
pay_000000001308,payment,pay_000000001308,order_000000001308,INV-2026-001308,setl_000000000839,300000000839,11131975,0,0,0,11131975,11131975,INR,upi,1786793400,1786879800
pay_000000001309,payment,pay_000000001309,order_000000001309,INV-2026-001309,setl_000000000840,300000000840,31863399,0,0,0,31863399,31863399,INR,upi,1787743800,1787743800
pay_000000001310,payment,pay_000000001310,order_000000001310,INV-2026-001310,setl_000000000841,300000000841,32761775,0,0,0,32761775,32761775,INR,netbanking,1782646200,1782646200
pay_000000001311,payment,pay_000000001311,order_000000001311,INV-2026-001311,setl_000000000842,300000000842,17776699,0,0,0,17776699,17776699,INR,netbanking,1780399800,1780572600
pay_000000001312,payment,pay_000000001312,order_000000001312,INV-2026-001312,setl_000000000843,300000000843,36514925,0,0,0,36514925,36514925,INR,upi,1785756600,1785756600
pay_000000001313,payment,pay_000000001313,order_000000001313,INV-2026-001313,setl_000000000844,300000000844,1517700,0,0,0,1517700,1517700,INR,card,1781091000,1781263800
pay_000000001314,payment,pay_000000001314,order_000000001314,INV-2026-001314,setl_000000000845,300000000845,37929800,0,0,0,37929800,37929800,INR,upi,1785065400,1785151800
pay_000000001315,payment,pay_000000001315,order_000000001315,INV-2026-001315,setl_000000000846,300000000846,37341899,0,0,0,37341899,37341899,INR,card,1783423800,1783423800
pay_000000001316,payment,pay_000000001316,order_000000001316,INV-2026-001316,setl_000000000847,300000000847,22391199,0,0,0,22391199,22391199,INR,netbanking,1782214200,1782214200
pay_000000001317,payment,pay_000000001317,order_000000001317,INV-2026-001317,setl_000000000848,300000000848,2130500,0,0,0,2130500,2130500,INR,wallet,1780572600,1780745400
pay_000000001318,payment,pay_000000001318,order_000000001318,INV-2026-001318,setl_000000000849,300000000849,5730900,0,0,0,5730900,5730900,INR,upi,1786793400,1786793400
pay_000000001319,payment,pay_000000001319,order_000000001319,INV-2026-001319,setl_000000000850,300000000850,2606099,0,0,0,2606099,2606099,INR,netbanking,1783423800,1783510200
pay_000000001320,payment,pay_000000001320,order_000000001320,INV-2026-001320,setl_000000000851,300000000851,22617325,0,0,0,22617325,22617325,INR,upi,1783078200,1783164600
pay_000000001321,payment,pay_000000001321,order_000000001321,INV-2026-001321,setl_000000000852,300000000852,7907300,0,0,0,7907300,7907300,INR,upi,1784201400,1784374200
pay_000000001322,payment,pay_000000001322,order_000000001322,INV-2026-001322,setl_000000000853,300000000853,30955050,0,0,0,30955050,30955050,INR,upi,1787657400,1787743800
pay_000000001323,payment,pay_000000001323,order_000000001323,INV-2026-001323,setl_000000000854,300000000854,42453625,0,0,0,42453625,42453625,INR,wallet,1783596600,1783769400
pay_000000001324,payment,pay_000000001324,order_000000001324,INV-2026-001324,setl_000000000855,300000000855,31713825,0,0,0,31713825,31713825,INR,wallet,1783510200,1783510200
pay_000000001325,payment,pay_000000001325,order_000000001325,INV-2026-001325,setl_000000000856,300000000856,31084125,0,0,0,31084125,31084125,INR,upi,1783510200,1783683000
pay_000000001326,payment,pay_000000001326,order_000000001326,INV-2026-001326,setl_000000000857,300000000857,9093000,0,0,0,9093000,9093000,INR,upi,1781263800,1781350200
pay_000000001327,payment,pay_000000001327,order_000000001327,INV-2026-001327,setl_000000000858,300000000858,7786300,0,0,0,7786300,7786300,INR,upi,1781177400,1781263800
pay_000000001328,payment,pay_000000001328,order_000000001328,INV-2026-001328,setl_000000000859,300000000859,27003575,0,0,0,27003575,27003575,INR,wallet,1782819000,1782991800
pay_000000001329,payment,pay_000000001329,order_000000001329,INV-2026-001329,setl_000000000860,300000000860,15805325,0,0,0,15805325,15805325,INR,upi,1784719800,1784719800
pay_000000001330,payment,pay_000000001330,order_000000001330,INV-2026-001330,setl_000000000861,300000000861,33412600,0,0,0,33412600,33412600,INR,netbanking,1783251000,1783251000
pay_000000001331,payment,pay_000000001331,order_000000001331,INV-2026-001331,setl_000000000862,300000000862,46958999,0,0,0,46958999,46958999,INR,card,1787916600,1788089400
pay_000000001332,payment,pay_000000001332,order_000000001332,INV-2026-001332,setl_000000000863,300000000863,43882525,0,0,0,43882525,43882525,INR,card,1784460600,1784547000
pay_000000001333,payment,pay_000000001333,order_000000001333,INV-2026-001333,setl_000000000864,300000000864,8478500,0,0,0,8478500,8478500,INR,wallet,1786707000,1786707000
pay_000000001334,payment,pay_000000001334,order_000000001334,INV-2026-001334,setl_000000000865,300000000865,46254850,0,0,0,46254850,46254850,INR,wallet,1781782200,1781868600
pay_000000001335,payment,pay_000000001335,order_000000001335,INV-2026-001335,setl_000000000866,300000000866,34764999,0,0,0,34764999,34764999,INR,card,1786879800,1787052600
pay_000000001336,payment,pay_000000001336,order_000000001336,INV-2026-001336,setl_000000000867,300000000867,40981899,0,0,0,40981899,40981899,INR,card,1788003000,1788003000
pay_000000001337,payment,pay_000000001337,order_000000001337,INV-2026-001337,setl_000000000868,300000000868,1581399,0,0,0,1581399,1581399,INR,wallet,1786534200,1786620600
pay_000000001338,payment,pay_000000001338,order_000000001338,INV-2026-001338,setl_000000000869,300000000869,14334300,0,0,0,14334300,14334300,INR,wallet,1785151800,1785238200
pay_000000001339,payment,pay_000000001339,order_000000001339,INV-2026-001339,setl_000000000870,300000000870,26666850,0,0,0,26666850,26666850,INR,upi,1786534200,1786620600
pay_000000001340,payment,pay_000000001340,order_000000001340,INV-2026-001340,setl_000000000871,300000000871,36525700,0,0,0,36525700,36525700,INR,upi,1784115000,1784115000
pay_000000001341,payment,pay_000000001341,order_000000001341,INV-2026-001341,setl_000000000872,300000000872,13726500,0,0,0,13726500,13726500,INR,upi,1784374200,1784547000
pay_000000001342,payment,pay_000000001342,order_000000001342,INV-2026-001342,setl_000000000873,300000000873,47444775,0,0,0,47444775,47444775,INR,wallet,1786447800,1786620600
pay_000000001343,payment,pay_000000001343,order_000000001343,INV-2026-001343,setl_000000000874,300000000874,46890700,0,0,0,46890700,46890700,INR,netbanking,1786620600,1786707000
pay_000000001344,payment,pay_000000001344,order_000000001344,INV-2026-001344,setl_000000000875,300000000875,6958099,0,0,0,6958099,6958099,INR,wallet,1787311800,1787311800
pay_000000001345,payment,pay_000000001345,order_000000001345,INV-2026-001345,setl_000000000876,300000000876,9270200,0,0,0,9270200,9270200,INR,wallet,1783510200,1783510200
pay_000000001346,payment,pay_000000001346,order_000000001346,INV-2026-001346,setl_000000000877,300000000877,37279400,0,0,0,37279400,37279400,INR,netbanking,1781263800,1781350200
pay_000000001347,payment,pay_000000001347,order_000000001347,INV-2026-001347,setl_000000000878,300000000878,10369999,0,0,0,10369999,10369999,INR,netbanking,1781177400,1781177400
pay_000000001348,payment,pay_000000001348,order_000000001348,INV-2026-001348,setl_000000000879,300000000879,38396400,0,0,0,38396400,38396400,INR,card,1782127800,1782127800
pay_000000001349,payment,pay_000000001349,order_000000001349,INV-2026-001349,setl_000000000880,300000000880,27051300,0,0,0,27051300,27051300,INR,upi,1783683000,1783683000
pay_000000001350,payment,pay_000000001350,order_000000001350,INV-2026-001350,setl_000000000881,300000000881,7735899,0,0,0,7735899,7735899,INR,upi,1782473400,1782473400
pay_000000001351,payment,pay_000000001351,order_000000001351,INV-2026-001351,setl_000000000882,300000000882,33733875,0,0,0,33733875,33733875,INR,card,1782127800,1782214200
pay_000000001352,payment,pay_000000001352,order_000000001352,INV-2026-001352,setl_000000000883,300000000883,32022899,0,0,0,32022899,32022899,INR,card,1782819000,1782905400
pay_000000001353,payment,pay_000000001353,order_000000001353,INV-2026-001353,setl_000000000884,300000000884,3610699,0,0,0,3610699,3610699,INR,card,1784979000,1785065400
pay_000000001354,payment,pay_000000001354,order_000000001354,INV-2026-001354,setl_000000000885,300000000885,47828499,0,0,0,47828499,47828499,INR,card,1787657400,1787743800
pay_000000001355,payment,pay_000000001355,order_000000001355,INV-2026-001355,setl_000000000886,300000000886,25330825,0,0,0,25330825,25330825,INR,wallet,1788003000,1788003000
pay_000000001356,payment,pay_000000001356,order_000000001356,INV-2026-001356,setl_000000000887,300000000887,12445100,0,0,0,12445100,12445100,INR,card,1786534200,1786534200
pay_000000001357,payment,pay_000000001357,order_000000001357,INV-2026-001357,setl_000000000888,300000000888,6450500,0,0,0,6450500,6450500,INR,card,1781523000,1781523000
pay_000000001358,payment,pay_000000001358,order_000000001358,INV-2026-001358,setl_000000000889,300000000889,20349700,0,0,0,20349700,20349700,INR,upi,1780399800,1780572600
pay_000000001359,payment,pay_000000001359,order_000000001359,INV-2026-001359,setl_000000000890,300000000890,22179899,0,0,0,22179899,22179899,INR,card,1786361400,1786534200
pay_000000001360,payment,pay_000000001360,order_000000001360,INV-2026-001360,setl_000000000891,300000000891,19501799,0,0,0,19501799,19501799,INR,wallet,1783337400,1783423800
pay_000000001361,payment,pay_000000001361,order_000000001361,INV-2026-001361,setl_000000000892,300000000892,45582100,0,0,0,45582100,45582100,INR,card,1781263800,1781436600
pay_000000001362,payment,pay_000000001362,order_000000001362,INV-2026-001362,setl_000000000893,300000000893,10305150,0,0,0,10305150,10305150,INR,card,1784892600,1785065400
pay_000000001363,payment,pay_000000001363,order_000000001363,INV-2026-001363,setl_000000000894,300000000894,29356825,0,0,0,29356825,29356825,INR,upi,1786015800,1786188600
pay_000000001364,payment,pay_000000001364,order_000000001364,INV-2026-001364,setl_000000000895,300000000895,23927350,0,0,0,23927350,23927350,INR,card,1780486200,1780659000
pay_000000001365,payment,pay_000000001365,order_000000001365,INV-2026-001365,setl_000000000896,300000000896,7398000,0,0,0,7398000,7398000,INR,netbanking,1785411000,1785497400
pay_000000001366,payment,pay_000000001366,order_000000001366,INV-2026-001366,setl_000000000897,300000000897,28506475,0,0,0,28506475,28506475,INR,card,1787398200,1787571000
pay_000000001367,payment,pay_000000001367,order_000000001367,INV-2026-001367,setl_000000000898,300000000898,38447000,0,0,0,38447000,38447000,INR,upi,1783251000,1783251000
pay_000000001368,payment,pay_000000001368,order_000000001368,INV-2026-001368,setl_000000000899,300000000899,43642300,0,0,0,43642300,43642300,INR,upi,1786620600,1786620600
pay_000000001369,payment,pay_000000001369,order_000000001369,INV-2026-001369,setl_000000000900,300000000900,3162400,0,0,0,3162400,3162400,INR,card,1785670200,1785843000
pay_000000001370,payment,pay_000000001370,order_000000001370,INV-2026-001370,setl_000000000901,300000000901,6190525,0,0,0,6190525,6190525,INR,card,1784374200,1784374200
pay_000000001371,payment,pay_000000001371,order_000000001371,INV-2026-001371,setl_000000000902,300000000902,43134325,0,0,0,43134325,43134325,INR,upi,1781782200,1781782200
pay_000000001372,payment,pay_000000001372,order_000000001372,INV-2026-001372,setl_000000000903,300000000903,29215425,0,0,0,29215425,29215425,INR,netbanking,1782646200,1782732600
pay_000000001373,payment,pay_000000001373,order_000000001373,INV-2026-001373,setl_000000000904,300000000904,13617000,0,0,0,13617000,13617000,INR,netbanking,1780745400,1780745400
pay_000000001374,payment,pay_000000001374,order_000000001374,INV-2026-001374,setl_000000000905,300000000905,27884100,0,0,0,27884100,27884100,INR,wallet,1784719800,1784806200
pay_000000001375,payment,pay_000000001375,order_000000001375,INV-2026-001375,setl_000000000906,300000000906,12045950,0,0,0,12045950,12045950,INR,wallet,1787225400,1787311800
pay_000000001376,payment,pay_000000001376,order_000000001376,INV-2026-001376,setl_000000000907,300000000907,29699700,0,0,0,29699700,29699700,INR,upi,1780399800,1780572600
pay_000000001377,payment,pay_000000001377,order_000000001377,INV-2026-001377,setl_000000000908,300000000908,31611175,0,0,0,31611175,31611175,INR,netbanking,1780486200,1780486200
pay_000000001378,payment,pay_000000001378,order_000000001378,INV-2026-001378,setl_000000000909,300000000909,49409100,0,0,0,49409100,49409100,INR,upi,1787830200,1787830200
pay_000000001379,payment,pay_000000001379,order_000000001379,INV-2026-001379,setl_000000000910,300000000910,45336875,0,0,0,45336875,45336875,INR,netbanking,1782300600,1782387000
pay_000000001380,payment,pay_000000001380,order_000000001380,INV-2026-001380,setl_000000000911,300000000911,28974800,0,0,0,28974800,28974800,INR,netbanking,1784201400,1784374200
pay_000000001381,payment,pay_000000001381,order_000000001381,INV-2026-001381,setl_000000000912,300000000912,47142325,0,0,0,47142325,47142325,INR,netbanking,1781609400,1781609400
pay_000000001382,payment,pay_000000001382,order_000000001382,INV-2026-001382,setl_000000000913,300000000913,11706775,0,0,0,11706775,11706775,INR,card,1784028600,1784201400
pay_000000001383,payment,pay_000000001383,order_000000001383,INV-2026-001383,setl_000000000914,300000000914,49412925,0,0,0,49412925,49412925,INR,upi,1780399800,1780572600
pay_000000001384,payment,pay_000000001384,order_000000001384,INV-2026-001384,setl_000000000915,300000000915,14101475,0,0,0,14101475,14101475,INR,card,1787830200,1787830200
pay_000000001385,payment,pay_000000001385,order_000000001385,INV-2026-001385,setl_000000000916,300000000916,522000,0,0,0,522000,522000,INR,netbanking,1782041400,1782214200
pay_000000001386,payment,pay_000000001386,order_000000001386,INV-2026-001386,setl_000000000917,300000000917,9892175,0,0,0,9892175,9892175,INR,card,1786620600,1786793400
pay_000000001387,payment,pay_000000001387,order_000000001387,INV-2026-001387,setl_000000000918,300000000918,28464725,0,0,0,28464725,28464725,INR,netbanking,1784806200,1784979000
pay_000000001388,payment,pay_000000001388,order_000000001388,INV-2026-001388,setl_000000000919,300000000919,45042425,0,0,0,45042425,45042425,INR,card,1782300600,1782300600
pay_000000001389,payment,pay_000000001389,order_000000001389,INV-2026-001389,setl_000000000920,300000000920,24393700,0,0,0,24393700,24393700,INR,card,1787916600,1788089400
pay_000000001390,payment,pay_000000001390,order_000000001390,INV-2026-001390,setl_000000000921,300000000921,47647925,0,0,0,47647925,47647925,INR,wallet,1781609400,1781782200
pay_000000001391,payment,pay_000000001391,order_000000001391,INV-2026-001391,setl_000000000922,300000000922,39401950,0,0,0,39401950,39401950,INR,card,1787916600,1788003000
pay_000000001392,payment,pay_000000001392,order_000000001392,INV-2026-001392,setl_000000000923,300000000923,9137599,0,0,0,9137599,9137599,INR,netbanking,1785929400,1786015800
pay_000000001393,payment,pay_000000001393,order_000000001393,INV-2026-001393,setl_000000000924,300000000924,6782675,0,0,0,6782675,6782675,INR,card,1782819000,1782819000
pay_000000001394,payment,pay_000000001394,order_000000001394,INV-2026-001394,setl_000000000925,300000000925,6733975,0,0,0,6733975,6733975,INR,upi,1787225400,1787398200
pay_000000001395,payment,pay_000000001395,order_000000001395,INV-2026-001395,setl_000000000926,300000000926,19652375,0,0,0,19652375,19652375,INR,card,1782387000,1782387000
pay_000000001396,payment,pay_000000001396,order_000000001396,INV-2026-001396,setl_000000000927,300000000927,47448125,0,0,0,47448125,47448125,INR,card,1781350200,1781523000
pay_000000001397,payment,pay_000000001397,order_000000001397,INV-2026-001397,setl_000000000928,300000000928,49598699,0,0,0,49598699,49598699,INR,card,1780572600,1780659000
pay_000000001398,payment,pay_000000001398,order_000000001398,INV-2026-001398,setl_000000000929,300000000929,46488900,0,0,0,46488900,46488900,INR,wallet,1784892600,1784979000
pay_000000001399,payment,pay_000000001399,order_000000001399,INV-2026-001399,setl_000000000930,300000000930,1996750,0,0,0,1996750,1996750,INR,card,1785065400,1785151800
pay_000000001400,payment,pay_000000001400,order_000000001400,INV-2026-001400,setl_000000000931,300000000931,8957450,0,0,0,8957450,8957450,INR,upi,1781782200,1781868600
pay_000000001401,payment,pay_000000001401,order_000000001401,INV-2026-001401,setl_000000000932,300000000932,25946925,0,0,0,25946925,25946925,INR,upi,1787830200,1788003000
pay_000000001402,payment,pay_000000001402,order_000000001402,INV-2026-001402,setl_000000000933,300000000933,24266100,0,0,0,24266100,24266100,INR,upi,1784287800,1784460600
pay_000000001403,payment,pay_000000001403,order_000000001403,INV-2026-001403,setl_000000000934,300000000934,26288650,0,0,0,26288650,26288650,INR,netbanking,1780572600,1780659000
pay_000000001404,payment,pay_000000001404,order_000000001404,INV-2026-001404,setl_000000000935,300000000935,40579675,0,0,0,40579675,40579675,INR,netbanking,1783942200,1783942200
pay_000000001405,payment,pay_000000001405,order_000000001405,INV-2026-001405,setl_000000000936,300000000936,1260025,0,0,0,1260025,1260025,INR,netbanking,1788003000,1788003000
pay_000000001406,payment,pay_000000001406,order_000000001406,INV-2026-001406,setl_000000000937,300000000937,6016199,0,0,0,6016199,6016199,INR,wallet,1782905400,1782905400
pay_000000001407,payment,pay_000000001407,order_000000001407,INV-2026-001407,setl_000000000938,300000000938,30693300,0,0,0,30693300,30693300,INR,wallet,1782991800,1782991800
pay_000000001408,payment,pay_000000001408,order_000000001408,INV-2026-001408,setl_000000000939,300000000939,33948975,0,0,0,33948975,33948975,INR,netbanking,1781609400,1781695800
pay_000000001409,payment,pay_000000001409,order_000000001409,INV-2026-001409,setl_000000000940,300000000940,46718625,0,0,0,46718625,46718625,INR,netbanking,1785324600,1785411000
pay_000000001410,payment,pay_000000001410,order_000000001410,INV-2026-001410,setl_000000000941,300000000941,7023525,0,0,0,7023525,7023525,INR,netbanking,1785065400,1785151800
pay_000000001411,payment,pay_000000001411,order_000000001411,INV-2026-001411,setl_000000000942,300000000942,34130325,0,0,0,34130325,34130325,INR,upi,1787571000,1787571000
pay_000000001412,payment,pay_000000001412,order_000000001412,INV-2026-001412,setl_000000000943,300000000943,30176575,0,0,0,30176575,30176575,INR,wallet,1781609400,1781609400
pay_000000001413,payment,pay_000000001413,order_000000001413,INV-2026-001413,setl_000000000944,300000000944,33910000,0,0,0,33910000,33910000,INR,wallet,1786620600,1786793400
pay_000000001414,payment,pay_000000001414,order_000000001414,INV-2026-001414,setl_000000000945,300000000945,15164300,0,0,0,15164300,15164300,INR,card,1785497400,1785670200
pay_000000001415,payment,pay_000000001415,order_000000001415,INV-2026-001415,setl_000000000946,300000000946,9927150,0,0,0,9927150,9927150,INR,upi,1786966200,1787052600
pay_000000001416,payment,pay_000000001416,order_000000001416,INV-2026-001416,setl_000000000947,300000000947,41715699,0,0,0,41715699,41715699,INR,netbanking,1787225400,1787311800
pay_000000001417,payment,pay_000000001417,order_000000001417,INV-2026-001417,setl_000000000948,300000000948,33378600,0,0,0,33378600,33378600,INR,netbanking,1786966200,1787052600
pay_000000001418,payment,pay_000000001418,order_000000001418,INV-2026-001418,setl_000000000949,300000000949,19582075,0,0,0,19582075,19582075,INR,card,1780831800,1780918200
pay_000000001419,payment,pay_000000001419,order_000000001419,INV-2026-001419,setl_000000000950,300000000950,25557675,0,0,0,25557675,25557675,INR,netbanking,1783769400,1783769400
pay_000000001420,payment,pay_000000001420,order_000000001420,INV-2026-001420,setl_000000000951,300000000951,30032199,0,0,0,30032199,30032199,INR,netbanking,1785497400,1785670200
pay_000000001421,payment,pay_000000001421,order_000000001421,INV-2026-001421,setl_000000000952,300000000952,4162825,0,0,0,4162825,4162825,INR,netbanking,1787743800,1787830200
pay_000000001422,payment,pay_000000001422,order_000000001422,INV-2026-001422,setl_000000000953,300000000953,13397000,0,0,0,13397000,13397000,INR,upi,1785065400,1785065400
pay_000000001423,payment,pay_000000001423,order_000000001423,INV-2026-001423,setl_000000000954,300000000954,27991025,0,0,0,27991025,27991025,INR,wallet,1787398200,1787484600
pay_000000001424,payment,pay_000000001424,order_000000001424,INV-2026-001424,setl_000000000955,300000000955,17879575,0,0,0,17879575,17879575,INR,wallet,1786620600,1786793400
pay_000000001425,payment,pay_000000001425,order_000000001425,INV-2026-001425,setl_000000000956,300000000956,38115199,0,0,0,38115199,38115199,INR,netbanking,1786707000,1786879800
pay_000000001426,payment,pay_000000001426,order_000000001426,INV-2026-001426,setl_000000000957,300000000957,461175,0,0,0,461175,461175,INR,card,1780831800,1780831800
pay_000000001427,payment,pay_000000001427,order_000000001427,INV-2026-001427,setl_000000000958,300000000958,49435300,0,0,0,49435300,49435300,INR,wallet,1784892600,1784892600
pay_000000001428,payment,pay_000000001428,order_000000001428,INV-2026-001428,setl_000000000959,300000000959,20343800,0,0,0,20343800,20343800,INR,card,1786534200,1786620600
pay_000000001429,payment,pay_000000001429,order_000000001429,INV-2026-001429,setl_000000000960,300000000960,517100,0,0,0,517100,517100,INR,upi,1784374200,1784460600
pay_000000001430,payment,pay_000000001430,order_000000001430,INV-2026-001430,setl_000000000961,300000000961,14868850,0,0,0,14868850,14868850,INR,card,1787571000,1787657400
pay_000000001431,payment,pay_000000001431,order_000000001431,INV-2026-001431,setl_000000000962,300000000962,12923499,0,0,0,12923499,12923499,INR,netbanking,1786966200,1786966200
pay_000000001432,payment,pay_000000001432,order_000000001432,INV-2026-001432,setl_000000000963,300000000963,7760000,0,0,0,7760000,7760000,INR,netbanking,1780831800,1781004600
pay_000000001433,payment,pay_000000001433,order_000000001433,INV-2026-001433,setl_000000000964,300000000964,6867900,0,0,0,6867900,6867900,INR,upi,1787916600,1787916600
pay_000000001434,payment,pay_000000001434,order_000000001434,INV-2026-001434,setl_000000000965,300000000965,12915300,0,0,0,12915300,12915300,INR,netbanking,1780745400,1780831800
pay_000000001435,payment,pay_000000001435,order_000000001435,INV-2026-001435,setl_000000000966,300000000966,45386650,0,0,0,45386650,45386650,INR,netbanking,1783942200,1784028600
pay_000000001436,payment,pay_000000001436,order_000000001436,INV-2026-001436,setl_000000000967,300000000967,17257650,0,0,0,17257650,17257650,INR,upi,1784547000,1784547000
pay_000000001437,payment,pay_000000001437,order_000000001437,INV-2026-001437,setl_000000000968,300000000968,11000575,0,0,0,11000575,11000575,INR,netbanking,1781436600,1781436600
pay_000000001438,payment,pay_000000001438,order_000000001438,INV-2026-001438,setl_000000000969,300000000969,39592625,0,0,0,39592625,39592625,INR,upi,1780831800,1780831800
pay_000000001439,payment,pay_000000001439,order_000000001439,INV-2026-001439,setl_000000000970,300000000970,2560500,0,0,0,2560500,2560500,INR,netbanking,1782041400,1782214200
pay_000000001440,payment,pay_000000001440,order_000000001440,INV-2026-001440,setl_000000000971,300000000971,5752100,0,0,0,5752100,5752100,INR,card,1782559800,1782559800
pay_000000001441,payment,pay_000000001441,order_000000001441,INV-2026-001441,setl_000000000972,300000000972,32079500,0,0,0,32079500,32079500,INR,upi,1783769400,1783769400
pay_000000001442,payment,pay_000000001442,order_000000001442,INV-2026-001442,setl_000000000973,300000000973,49726399,0,0,0,49726399,49726399,INR,upi,1786707000,1786879800
pay_000000001443,payment,pay_000000001443,order_000000001443,INV-2026-001443,setl_000000000974,300000000974,33447975,0,0,0,33447975,33447975,INR,netbanking,1785756600,1785843000
pay_000000001444,payment,pay_000000001444,order_000000001444,INV-2026-001444,setl_000000000975,300000000975,48918200,0,0,0,48918200,48918200,INR,netbanking,1782300600,1782300600
pay_000000001445,payment,pay_000000001445,order_000000001445,INV-2026-001445,setl_000000000976,300000000976,9937050,0,0,0,9937050,9937050,INR,card,1786620600,1786620600
pay_000000001446,payment,pay_000000001446,order_000000001446,INV-2026-001446,setl_000000000977,300000000977,48142100,0,0,0,48142100,48142100,INR,wallet,1785324600,1785324600
pay_000000001447,payment,pay_000000001447,order_000000001447,INV-2026-001447,setl_000000000978,300000000978,16790175,0,0,0,16790175,16790175,INR,upi,1781523000,1781609400
pay_000000001448,payment,pay_000000001448,order_000000001448,INV-2026-001448,setl_000000000979,300000000979,9335250,0,0,0,9335250,9335250,INR,netbanking,1787743800,1787830200
pay_000000001449,payment,pay_000000001449,order_000000001449,INV-2026-001449,setl_000000000980,300000000980,30514500,0,0,0,30514500,30514500,INR,wallet,1780399800,1780486200
pay_000000001450,payment,pay_000000001450,order_000000001450,INV-2026-001450,setl_000000000981,300000000981,33374575,0,0,0,33374575,33374575,INR,netbanking,1782559800,1782559800
pay_000000001451,payment,pay_000000001451,order_000000001451,INV-2026-001451,setl_000000000982,300000000982,28555000,0,0,0,28555000,28555000,INR,card,1781868600,1782041400
pay_000000001452,payment,pay_000000001452,order_000000001452,INV-2026-001452,setl_000000000983,300000000983,22953200,0,0,0,22953200,22953200,INR,card,1785411000,1785583800
pay_000000001453,payment,pay_000000001453,order_000000001453,INV-2026-001453,setl_000000000984,300000000984,29000000,0,0,0,29000000,29000000,INR,card,1781350200,1781350200
pay_000000001454,payment,pay_000000001454,order_000000001454,INV-2026-001454,setl_000000000985,300000000985,15622725,0,0,0,15622725,15622725,INR,netbanking,1787571000,1787571000
pay_000000001455,payment,pay_000000001455,order_000000001455,INV-2026-001455,setl_000000000986,300000000986,7102699,0,0,0,7102699,7102699,INR,upi,1787743800,1787743800
pay_000000001456,payment,pay_000000001456,order_000000001456,INV-2026-001456,setl_000000000987,300000000987,16394499,0,0,0,16394499,16394499,INR,wallet,1781609400,1781782200
pay_000000001457,payment,pay_000000001457,order_000000001457,INV-2026-001457,setl_000000000988,300000000988,32172400,0,0,0,32172400,32172400,INR,upi,1786188600,1786188600
pay_000000001458,payment,pay_000000001458,order_000000001458,INV-2026-001458,setl_000000000989,300000000989,32050625,0,0,0,32050625,32050625,INR,upi,1787052600,1787139000
pay_000000001459,payment,pay_000000001459,order_000000001459,INV-2026-001459,setl_000000000990,300000000990,18336500,0,0,0,18336500,18336500,INR,netbanking,1782041400,1782214200
pay_000000001460,payment,pay_000000001460,order_000000001460,INV-2026-001460,setl_000000000991,300000000991,37313100,0,0,0,37313100,37313100,INR,card,1784201400,1784374200
pay_000000001461,payment,pay_000000001461,order_000000001461,INV-2026-001461,setl_000000000992,300000000992,22966700,0,0,0,22966700,22966700,INR,card,1782819000,1782819000
pay_000000001462,payment,pay_000000001462,order_000000001462,INV-2026-001462,setl_000000000993,300000000993,22856925,0,0,0,22856925,22856925,INR,upi,1783683000,1783683000
pay_000000001463,payment,pay_000000001463,order_000000001463,INV-2026-001463,setl_000000000994,300000000994,25101700,0,0,0,25101700,25101700,INR,wallet,1788003000,1788003000
pay_000000001464,payment,pay_000000001464,order_000000001464,INV-2026-001464,setl_000000000995,300000000995,40487100,0,0,0,40487100,40487100,INR,wallet,1787139000,1787139000
pay_000000001465,payment,pay_000000001465,order_000000001465,INV-2026-001465,setl_000000000996,300000000996,43191675,0,0,0,43191675,43191675,INR,wallet,1781955000,1782127800
pay_000000001466,payment,pay_000000001466,order_000000001466,INV-2026-001466,setl_000000000997,300000000997,29748700,0,0,0,29748700,29748700,INR,card,1784028600,1784115000
pay_000000001467,payment,pay_000000001467,order_000000001467,INV-2026-001467,setl_000000000998,300000000998,31046900,0,0,0,31046900,31046900,INR,wallet,1781004600,1781091000
pay_000000001468,payment,pay_000000001468,order_000000001468,INV-2026-001468,setl_000000000999,300000000999,14559800,0,0,0,14559800,14559800,INR,netbanking,1785929400,1785929400
pay_000000001469,payment,pay_000000001469,order_000000001469,INV-2026-001469,setl_000000001000,300000001000,31815600,0,0,0,31815600,31815600,INR,wallet,1787571000,1787743800
pay_000000001470,payment,pay_000000001470,order_000000001470,INV-2026-001470,setl_000000001001,300000001001,27367300,0,0,0,27367300,27367300,INR,card,1782732600,1782732600
pay_000000001471,payment,pay_000000001471,order_000000001471,INV-2026-001471,setl_000000001002,300000001002,11259600,0,0,0,11259600,11259600,INR,wallet,1787743800,1787830200
pay_000000001472,payment,pay_000000001472,order_000000001472,INV-2026-001472,setl_000000001003,300000001003,44385000,0,0,0,44385000,44385000,INR,upi,1785065400,1785151800
pay_000000001473,payment,pay_000000001473,order_000000001473,INV-2026-001473,setl_000000001004,300000001004,19622475,0,0,0,19622475,19622475,INR,card,1781609400,1781609400
pay_000000001474,payment,pay_000000001474,order_000000001474,INV-2026-001474,setl_000000001005,300000001005,48812950,0,0,0,48812950,48812950,INR,netbanking,1784374200,1784374200
pay_000000001475,payment,pay_000000001475,order_000000001475,INV-2026-001475,setl_000000001006,300000001006,514900,0,0,0,514900,514900,INR,netbanking,1782905400,1782905400
pay_000000001476,payment,pay_000000001476,order_000000001476,INV-2026-001476,setl_000000001007,300000001007,11908200,0,0,0,11908200,11908200,INR,upi,1780313400,1780399800
pay_000000001477,payment,pay_000000001477,order_000000001477,INV-2026-001477,setl_000000001008,300000001008,40931575,0,0,0,40931575,40931575,INR,wallet,1781868600,1782041400
pay_000000001478,payment,pay_000000001478,order_000000001478,INV-2026-001478,setl_000000001009,300000001009,35153500,0,0,0,35153500,35153500,INR,netbanking,1782127800,1782300600
pay_000000001479,payment,pay_000000001479,order_000000001479,INV-2026-001479,setl_000000001010,300000001010,16275025,0,0,0,16275025,16275025,INR,wallet,1781263800,1781350200
pay_000000001480,payment,pay_000000001480,order_000000001480,INV-2026-001480,setl_000000001011,300000001011,43787199,0,0,0,43787199,43787199,INR,netbanking,1785411000,1785411000
pay_000000001481,payment,pay_000000001481,order_000000001481,INV-2026-001481,setl_000000001012,300000001012,6643725,0,0,0,6643725,6643725,INR,upi,1782646200,1782732600
pay_000000001482,payment,pay_000000001482,order_000000001482,INV-2026-001482,setl_000000001013,300000001013,41749600,0,0,0,41749600,41749600,INR,wallet,1785583800,1785756600
pay_000000001483,payment,pay_000000001483,order_000000001483,INV-2026-001483,setl_000000001014,300000001014,42345999,0,0,0,42345999,42345999,INR,upi,1785929400,1785929400
pay_000000001484,payment,pay_000000001484,order_000000001484,INV-2026-001484,setl_000000001015,300000001015,42518650,0,0,0,42518650,42518650,INR,netbanking,1786793400,1786793400
pay_000000001485,payment,pay_000000001485,order_000000001485,INV-2026-001485,setl_000000001016,300000001016,5980700,0,0,0,5980700,5980700,INR,netbanking,1786188600,1786361400
pay_000000001486,payment,pay_000000001486,order_000000001486,INV-2026-001486,setl_000000001017,300000001017,47527200,0,0,0,47527200,47527200,INR,netbanking,1782127800,1782300600
pay_000000001487,payment,pay_000000001487,order_000000001487,INV-2026-001487,setl_000000001018,300000001018,27357600,0,0,0,27357600,27357600,INR,upi,1786015800,1786188600
pay_000000001488,payment,pay_000000001488,order_000000001488,INV-2026-001488,setl_000000001019,300000001019,4396550,0,0,0,4396550,4396550,INR,netbanking,1780399800,1780486200
pay_000000001489,payment,pay_000000001489,order_000000001489,INV-2026-001489,setl_000000001020,300000001020,1656300,0,0,0,1656300,1656300,INR,netbanking,1786102200,1786275000
pay_000000001490,payment,pay_000000001490,order_000000001490,INV-2026-001490,setl_000000001021,300000001021,41777025,0,0,0,41777025,41777025,INR,card,1787571000,1787743800
pay_000000001491,payment,pay_000000001491,order_000000001491,INV-2026-001491,setl_000000001022,300000001022,34545300,0,0,0,34545300,34545300,INR,upi,1785843000,1786015800
pay_000000001492,payment,pay_000000001492,order_000000001492,INV-2026-001492,setl_000000001023,300000001023,30744200,0,0,0,30744200,30744200,INR,card,1780399800,1780399800
pay_000000001493,payment,pay_000000001493,order_000000001493,INV-2026-001493,setl_000000001024,300000001024,14958600,0,0,0,14958600,14958600,INR,netbanking,1780918200,1780918200
pay_000000001494,payment,pay_000000001494,order_000000001494,INV-2026-001494,setl_000000001025,300000001025,37881425,0,0,0,37881425,37881425,INR,card,1784719800,1784892600
pay_000000001495,payment,pay_000000001495,order_000000001495,INV-2026-001495,setl_000000001026,300000001026,45229350,0,0,0,45229350,45229350,INR,wallet,1784460600,1784460600
pay_000000001496,payment,pay_000000001496,order_000000001496,INV-2026-001496,setl_000000001027,300000001027,8405125,0,0,0,8405125,8405125,INR,wallet,1786879800,1786966200
pay_000000001497,payment,pay_000000001497,order_000000001497,INV-2026-001497,setl_000000001028,300000001028,36620250,0,0,0,36620250,36620250,INR,card,1783855800,1784028600
pay_000000001498,payment,pay_000000001498,order_000000001498,INV-2026-001498,setl_000000001029,300000001029,7197250,0,0,0,7197250,7197250,INR,netbanking,1782646200,1782646200
pay_000000001499,payment,pay_000000001499,order_000000001499,INV-2026-001499,setl_000000001030,300000001030,16719399,0,0,0,16719399,16719399,INR,wallet,1782646200,1782646200
pay_000000001500,payment,pay_000000001500,order_000000001500,INV-2026-001500,setl_000000001031,300000001031,16872099,0,0,0,16872099,16872099,INR,card,1784115000,1784115000
pay_000000001501,payment,pay_000000001501,order_000000001501,INV-2026-001501,setl_000000001032,300000001032,41457700,0,0,0,41457700,41457700,INR,upi,1784547000,1784633400
pay_000000001502,payment,pay_000000001502,order_000000001502,INV-2026-001502,setl_000000001033,300000001033,14987999,0,0,0,14987999,14987999,INR,upi,1785497400,1785583800
pay_000000001503,payment,pay_000000001503,order_000000001503,INV-2026-001503,setl_000000001034,300000001034,7085600,0,0,0,7085600,7085600,INR,upi,1783164600,1783164600
pay_000000001504,payment,pay_000000001504,order_000000001504,INV-2026-001504,setl_000000001035,300000001035,1131800,0,0,0,1131800,1131800,INR,netbanking,1787916600,1788003000
pay_000000001505,payment,pay_000000001505,order_000000001505,INV-2026-001505,setl_000000001036,300000001036,39455800,0,0,0,39455800,39455800,INR,upi,1786275000,1786361400
pay_000000001506,payment,pay_000000001506,order_000000001506,INV-2026-001506,setl_000000001037,300000001037,15284000,0,0,0,15284000,15284000,INR,card,1783164600,1783337400
pay_000000001507,payment,pay_000000001507,order_000000001507,INV-2026-001507,setl_000000001038,300000001038,34325400,0,0,0,34325400,34325400,INR,upi,1780918200,1780918200
pay_000000001508,payment,pay_000000001508,order_000000001508,INV-2026-001508,setl_000000001039,300000001039,5121650,0,0,0,5121650,5121650,INR,netbanking,1782991800,1782991800
pay_000000001509,payment,pay_000000001509,order_000000001509,INV-2026-001509,setl_000000001040,300000001040,2263075,0,0,0,2263075,2263075,INR,upi,1785929400,1786015800
pay_000000001510,payment,pay_000000001510,order_000000001510,INV-2026-001510,setl_000000001041,300000001041,43837900,0,0,0,43837900,43837900,INR,netbanking,1785324600,1785411000
pay_000000001511,payment,pay_000000001511,order_000000001511,INV-2026-001511,setl_000000001042,300000001042,11355025,0,0,0,11355025,11355025,INR,card,1783251000,1783251000
pay_000000001512,payment,pay_000000001512,order_000000001512,INV-2026-001512,setl_000000001043,300000001043,48489100,0,0,0,48489100,48489100,INR,upi,1785497400,1785583800
pay_000000001513,payment,pay_000000001513,order_000000001513,INV-2026-001513,setl_000000001044,300000001044,2042700,0,0,0,2042700,2042700,INR,upi,1781436600,1781436600
pay_000000001514,payment,pay_000000001514,order_000000001514,INV-2026-001514,setl_000000001045,300000001045,21785800,0,0,0,21785800,21785800,INR,wallet,1785583800,1785756600
pay_000000001515,payment,pay_000000001515,order_000000001515,INV-2026-001515,setl_000000001046,300000001046,34564025,0,0,0,34564025,34564025,INR,upi,1781263800,1781436600
pay_000000001516,payment,pay_000000001516,order_000000001516,INV-2026-001516,setl_000000001047,300000001047,31973075,0,0,0,31973075,31973075,INR,card,1787225400,1787225400
pay_000000001517,payment,pay_000000001517,order_000000001517,INV-2026-001517,setl_000000001048,300000001048,16801700,0,0,0,16801700,16801700,INR,card,1785065400,1785065400
pay_000000001518,payment,pay_000000001518,order_000000001518,INV-2026-001518,setl_000000001049,300000001049,28859425,0,0,0,28859425,28859425,INR,netbanking,1784460600,1784460600
pay_000000001519,payment,pay_000000001519,order_000000001519,INV-2026-001519,setl_000000001050,300000001050,39577275,0,0,0,39577275,39577275,INR,card,1787225400,1787225400
pay_000000001520,payment,pay_000000001520,order_000000001520,INV-2026-001520,setl_000000001051,300000001051,13627350,0,0,0,13627350,13627350,INR,upi,1782991800,1782991800
pay_000000001521,payment,pay_000000001521,order_000000001521,INV-2026-001521,setl_000000001052,300000001052,48836100,0,0,0,48836100,48836100,INR,netbanking,1786015800,1786015800
pay_000000001522,payment,pay_000000001522,order_000000001522,INV-2026-001522,setl_000000001053,300000001053,10766800,0,0,0,10766800,10766800,INR,wallet,1782905400,1782991800
pay_000000001523,payment,pay_000000001523,order_000000001523,INV-2026-001523,setl_000000001054,300000001054,3170225,0,0,0,3170225,3170225,INR,upi,1781782200,1781868600
pay_000000001524,payment,pay_000000001524,order_000000001524,INV-2026-001524,setl_000000001055,300000001055,46797450,0,0,0,46797450,46797450,INR,netbanking,1781868600,1781868600
pay_000000001525,payment,pay_000000001525,order_000000001525,INV-2026-001525,setl_000000001056,300000001056,15548600,0,0,0,15548600,15548600,INR,upi,1782041400,1782214200
pay_000000001526,payment,pay_000000001526,order_000000001526,INV-2026-001526,setl_000000001057,300000001057,46414000,0,0,0,46414000,46414000,INR,card,1780918200,1781004600
pay_000000001527,payment,pay_000000001527,order_000000001527,INV-2026-001527,setl_000000001058,300000001058,47499800,0,0,0,47499800,47499800,INR,wallet,1786534200,1786707000
pay_000000001528,payment,pay_000000001528,order_000000001528,INV-2026-001528,setl_000000001059,300000001059,38132100,0,0,0,38132100,38132100,INR,card,1783683000,1783855800
pay_000000001529,payment,pay_000000001529,order_000000001529,INV-2026-001529,setl_000000001060,300000001060,39081999,0,0,0,39081999,39081999,INR,netbanking,1787225400,1787225400
pay_000000001530,payment,pay_000000001530,order_000000001530,INV-2026-001530,setl_000000001061,300000001061,9708750,0,0,0,9708750,9708750,INR,wallet,1785238200,1785238200
pay_000000001531,payment,pay_000000001531,order_000000001531,INV-2026-001531,setl_000000001062,300000001062,32791700,0,0,0,32791700,32791700,INR,upi,1785497400,1785583800
pay_000000001532,payment,pay_000000001532,order_000000001532,INV-2026-001532,setl_000000001063,300000001063,45403400,0,0,0,45403400,45403400,INR,upi,1782559800,1782646200
pay_000000001533,payment,pay_000000001533,order_000000001533,INV-2026-001533,setl_000000001064,300000001064,39485000,0,0,0,39485000,39485000,INR,netbanking,1782041400,1782127800
pay_000000001534,payment,pay_000000001534,order_000000001534,INV-2026-001534,setl_000000001065,300000001065,7794050,0,0,0,7794050,7794050,INR,wallet,1782991800,1782991800
pay_000000001535,payment,pay_000000001535,order_000000001535,INV-2026-001535,setl_000000001066,300000001066,21341600,0,0,0,21341600,21341600,INR,upi,1780486200,1780572600
pay_000000001536,payment,pay_000000001536,order_000000001536,INV-2026-001536,setl_000000001067,300000001067,32149775,0,0,0,32149775,32149775,INR,upi,1786102200,1786188600
pay_000000001537,payment,pay_000000001537,order_000000001537,INV-2026-001537,setl_000000001068,300000001068,42440800,0,0,0,42440800,42440800,INR,card,1780659000,1780659000
pay_000000001538,payment,pay_000000001538,order_000000001538,INV-2026-001538,setl_000000001069,300000001069,33148099,0,0,0,33148099,33148099,INR,netbanking,1784547000,1784547000
pay_000000001539,payment,pay_000000001539,order_000000001539,INV-2026-001539,setl_000000001070,300000001070,17805025,0,0,0,17805025,17805025,INR,upi,1782127800,1782300600
pay_000000001540,payment,pay_000000001540,order_000000001540,INV-2026-001540,setl_000000001071,300000001071,49671050,0,0,0,49671050,49671050,INR,upi,1781436600,1781523000
pay_000000001541,payment,pay_000000001541,order_000000001541,INV-2026-001541,setl_000000001072,300000001072,44009100,0,0,0,44009100,44009100,INR,wallet,1780745400,1780831800
pay_000000001542,payment,pay_000000001542,order_000000001542,INV-2026-001542,setl_000000001073,300000001073,41959299,0,0,0,41959299,41959299,INR,wallet,1781782200,1781782200
pay_000000001543,payment,pay_000000001543,order_000000001543,INV-2026-001543,setl_000000001074,300000001074,23298975,0,0,0,23298975,23298975,INR,upi,1787830200,1787916600
pay_000000001544,payment,pay_000000001544,order_000000001544,INV-2026-001544,setl_000000001075,300000001075,7712250,0,0,0,7712250,7712250,INR,wallet,1781091000,1781091000
pay_000000001545,payment,pay_000000001545,order_000000001545,INV-2026-001545,setl_000000001076,300000001076,7280300,0,0,0,7280300,7280300,INR,upi,1786275000,1786361400
pay_000000001546,payment,pay_000000001546,order_000000001546,INV-2026-001546,setl_000000001077,300000001077,25070375,0,0,0,25070375,25070375,INR,wallet,1784287800,1784460600
pay_000000001547,payment,pay_000000001547,order_000000001547,INV-2026-001547,setl_000000001078,300000001078,40001100,0,0,0,40001100,40001100,INR,netbanking,1785756600,1785843000
pay_000000001548,payment,pay_000000001548,order_000000001548,INV-2026-001548,setl_000000001079,300000001079,28726599,0,0,0,28726599,28726599,INR,wallet,1781091000,1781177400
pay_000000001549,payment,pay_000000001549,order_000000001549,INV-2026-001549,setl_000000001080,300000001080,8529300,0,0,0,8529300,8529300,INR,card,1784547000,1784547000
pay_000000001550,payment,pay_000000001550,order_000000001550,INV-2026-001550,setl_000000001081,300000001081,24253500,0,0,0,24253500,24253500,INR,wallet,1780918200,1781091000
pay_000000001551,payment,pay_000000001551,order_000000001551,INV-2026-001551,setl_000000001082,300000001082,27891200,0,0,0,27891200,27891200,INR,netbanking,1782300600,1782387000
pay_000000001552,payment,pay_000000001552,order_000000001552,INV-2026-001552,setl_000000001083,300000001083,46945250,0,0,0,46945250,46945250,INR,netbanking,1782300600,1782473400
pay_000000001553,payment,pay_000000001553,order_000000001553,INV-2026-001553,setl_000000001084,300000001084,21992675,0,0,0,21992675,21992675,INR,card,1781782200,1781868600
pay_000000001554,payment,pay_000000001554,order_000000001554,INV-2026-001554,setl_000000001085,300000001085,3116475,0,0,0,3116475,3116475,INR,card,1783942200,1784028600
pay_000000001555,payment,pay_000000001555,order_000000001555,INV-2026-001555,setl_000000001086,300000001086,44861350,0,0,0,44861350,44861350,INR,upi,1784979000,1785065400
pay_000000001556,payment,pay_000000001556,order_000000001556,INV-2026-001556,setl_000000001087,300000001087,37034199,0,0,0,37034199,37034199,INR,netbanking,1780572600,1780572600
pay_000000001557,payment,pay_000000001557,order_000000001557,INV-2026-001557,setl_000000001088,300000001088,5679399,0,0,0,5679399,5679399,INR,netbanking,1781091000,1781177400
pay_000000001558,payment,pay_000000001558,order_000000001558,INV-2026-001558,setl_000000001089,300000001089,9312800,0,0,0,9312800,9312800,INR,upi,1784979000,1785151800
pay_000000001559,payment,pay_000000001559,order_000000001559,INV-2026-001559,setl_000000001090,300000001090,22240825,0,0,0,22240825,22240825,INR,wallet,1780572600,1780572600
pay_000000001560,payment,pay_000000001560,order_000000001560,INV-2026-001560,setl_000000001091,300000001091,10495800,0,0,0,10495800,10495800,INR,wallet,1782300600,1782387000
pay_000000001561,payment,pay_000000001561,order_000000001561,INV-2026-001561,setl_000000001092,300000001092,29608000,0,0,0,29608000,29608000,INR,netbanking,1784633400,1784719800
pay_000000001562,payment,pay_000000001562,order_000000001562,INV-2026-001562,setl_000000001093,300000001093,45250500,0,0,0,45250500,45250500,INR,upi,1782041400,1782214200
pay_000000001563,payment,pay_000000001563,order_000000001563,INV-2026-001563,setl_000000001094,300000001094,8813825,0,0,0,8813825,8813825,INR,netbanking,1787398200,1787484600
pay_000000001564,payment,pay_000000001564,order_000000001564,INV-2026-001564,setl_000000001095,300000001095,26060700,0,0,0,26060700,26060700,INR,card,1784806200,1784806200
pay_000000001565,payment,pay_000000001565,order_000000001565,INV-2026-001565,setl_000000001096,300000001096,42769000,0,0,0,42769000,42769000,INR,netbanking,1787139000,1787139000
pay_000000001566,payment,pay_000000001566,order_000000001566,INV-2026-001566,setl_000000001097,300000001097,3625000,0,0,0,3625000,3625000,INR,netbanking,1781955000,1782041400
pay_000000001567,payment,pay_000000001567,order_000000001567,INV-2026-001567,setl_000000001098,300000001098,26539599,0,0,0,26539599,26539599,INR,netbanking,1786361400,1786534200
pay_000000001568,payment,pay_000000001568,order_000000001568,INV-2026-001568,setl_000000001099,300000001099,6723099,0,0,0,6723099,6723099,INR,upi,1783251000,1783337400
pay_000000001569,payment,pay_000000001569,order_000000001569,INV-2026-001569,setl_000000001100,300000001100,16299925,0,0,0,16299925,16299925,INR,card,1784374200,1784460600
pay_000000001570,payment,pay_000000001570,order_000000001570,INV-2026-001570,setl_000000001101,300000001101,36956900,0,0,0,36956900,36956900,INR,netbanking,1781350200,1781436600
pay_000000001571,payment,pay_000000001571,order_000000001571,INV-2026-001571,setl_000000001102,300000001102,42496699,0,0,0,42496699,42496699,INR,upi,1782819000,1782819000
pay_000000001572,payment,pay_000000001572,order_000000001572,INV-2026-001572,setl_000000001103,300000001103,16761600,0,0,0,16761600,16761600,INR,card,1783251000,1783251000
pay_000000001573,payment,pay_000000001573,order_000000001573,INV-2026-001573,setl_000000001104,300000001104,6983400,0,0,0,6983400,6983400,INR,card,1781263800,1781436600
pay_000000001574,payment,pay_000000001574,order_000000001574,INV-2026-001574,setl_000000001105,300000001105,22718950,0,0,0,22718950,22718950,INR,card,1787311800,1787398200
pay_000000001575,payment,pay_000000001575,order_000000001575,INV-2026-001575,setl_000000001106,300000001106,22816900,0,0,0,22816900,22816900,INR,netbanking,1780918200,1781091000
pay_000000001576,payment,pay_000000001576,order_000000001576,INV-2026-001576,setl_000000001107,300000001107,26729300,0,0,0,26729300,26729300,INR,card,1784633400,1784719800
pay_000000001577,payment,pay_000000001577,order_000000001577,INV-2026-001577,setl_000000001108,300000001108,18469100,0,0,0,18469100,18469100,INR,card,1781436600,1781609400
pay_000000001578,payment,pay_000000001578,order_000000001578,INV-2026-001578,setl_000000001109,300000001109,9551875,0,0,0,9551875,9551875,INR,card,1780399800,1780399800
pay_000000001579,payment,pay_000000001579,order_000000001579,INV-2026-001579,setl_000000001110,300000001110,21591050,0,0,0,21591050,21591050,INR,netbanking,1780313400,1780399800
pay_000000001580,payment,pay_000000001580,order_000000001580,INV-2026-001580,setl_000000001111,300000001111,12977000,0,0,0,12977000,12977000,INR,card,1782473400,1782646200
pay_000000001581,payment,pay_000000001581,order_000000001581,INV-2026-001581,setl_000000001112,300000001112,21070100,0,0,0,21070100,21070100,INR,wallet,1784719800,1784719800
pay_000000001582,payment,pay_000000001582,order_000000001582,INV-2026-001582,setl_000000001113,300000001113,4825450,0,0,0,4825450,4825450,INR,card,1784979000,1785151800
pay_000000001583,payment,pay_000000001583,order_000000001583,INV-2026-001583,setl_000000001114,300000001114,49314400,0,0,0,49314400,49314400,INR,netbanking,1781350200,1781436600
pay_000000001584,payment,pay_000000001584,order_000000001584,INV-2026-001584,setl_000000001115,300000001115,48260399,0,0,0,48260399,48260399,INR,card,1780659000,1780745400
pay_000000001585,payment,pay_000000001585,order_000000001585,INV-2026-001585,setl_000000001116,300000001116,43924899,0,0,0,43924899,43924899,INR,card,1785756600,1785929400
pay_000000001586,payment,pay_000000001586,order_000000001586,INV-2026-001586,setl_000000001117,300000001117,22560599,0,0,0,22560599,22560599,INR,wallet,1783942200,1783942200
pay_000000001587,payment,pay_000000001587,order_000000001587,INV-2026-001587,setl_000000001118,300000001118,24616200,0,0,0,24616200,24616200,INR,wallet,1782473400,1782646200
pay_000000001588,payment,pay_000000001588,order_000000001588,INV-2026-001588,setl_000000001119,300000001119,16944699,0,0,0,16944699,16944699,INR,upi,1786793400,1786966200
pay_000000001589,payment,pay_000000001589,order_000000001589,INV-2026-001589,setl_000000001120,300000001120,23987125,0,0,0,23987125,23987125,INR,netbanking,1786015800,1786102200
pay_000000001590,payment,pay_000000001590,order_000000001590,INV-2026-001590,setl_000000001121,300000001121,48576599,0,0,0,48576599,48576599,INR,netbanking,1781004600,1781091000
pay_000000001591,payment,pay_000000001591,order_000000001591,INV-2026-001591,setl_000000001122,300000001122,27206900,0,0,0,27206900,27206900,INR,wallet,1783942200,1783942200
pay_000000001592,payment,pay_000000001592,order_000000001592,INV-2026-001592,setl_000000001123,300000001123,26796500,0,0,0,26796500,26796500,INR,wallet,1782646200,1782646200
pay_000000001593,payment,pay_000000001593,order_000000001593,INV-2026-001593,setl_000000001124,300000001124,30227475,0,0,0,30227475,30227475,INR,upi,1783337400,1783337400
pay_000000001594,payment,pay_000000001594,order_000000001594,INV-2026-001594,setl_000000001125,300000001125,42735400,0,0,0,42735400,42735400,INR,wallet,1788003000,1788175800
pay_000000001595,payment,pay_000000001595,order_000000001595,INV-2026-001595,setl_000000001126,300000001126,29514350,0,0,0,29514350,29514350,INR,wallet,1788003000,1788003000
pay_000000001596,payment,pay_000000001596,order_000000001596,INV-2026-001596,setl_000000001127,300000001127,32380900,0,0,0,32380900,32380900,INR,card,1787743800,1787916600
pay_000000001597,payment,pay_000000001597,order_000000001597,INV-2026-001597,setl_000000001128,300000001128,13858000,0,0,0,13858000,13858000,INR,netbanking,1784719800,1784892600
pay_000000001598,payment,pay_000000001598,order_000000001598,INV-2026-001598,setl_000000001129,300000001129,1504250,0,0,0,1504250,1504250,INR,upi,1786879800,1786879800
pay_000000001599,payment,pay_000000001599,order_000000001599,INV-2026-001599,setl_000000001130,300000001130,2947075,0,0,0,2947075,2947075,INR,upi,1781868600,1782041400
pay_000000001600,payment,pay_000000001600,order_000000001600,INV-2026-001600,setl_000000001131,300000001131,30503399,0,0,0,30503399,30503399,INR,wallet,1780831800,1780831800
pay_000000001601,payment,pay_000000001601,order_000000001601,INV-2026-001601,setl_000000001132,300000001132,31508800,0,0,0,31508800,31508800,INR,netbanking,1784806200,1784979000
pay_000000001602,payment,pay_000000001602,order_000000001602,INV-2026-001602,setl_000000001133,300000001133,9214975,0,0,0,9214975,9214975,INR,netbanking,1783510200,1783596600
pay_000000001603,payment,pay_000000001603,order_000000001603,INV-2026-001603,setl_000000001134,300000001134,214450,0,0,0,214450,214450,INR,upi,1786793400,1786966200
pay_000000001604,payment,pay_000000001604,order_000000001604,INV-2026-001604,setl_000000001135,300000001135,33423899,0,0,0,33423899,33423899,INR,card,1782214200,1782300600
pay_000000001605,payment,pay_000000001605,order_000000001605,INV-2026-001605,setl_000000001136,300000001136,9466000,0,0,0,9466000,9466000,INR,card,1783510200,1783683000
pay_000000001606,payment,pay_000000001606,order_000000001606,INV-2026-001606,setl_000000001137,300000001137,23763650,0,0,0,23763650,23763650,INR,wallet,1780918200,1780918200
pay_000000001607,payment,pay_000000001607,order_000000001607,INV-2026-001607,setl_000000001138,300000001138,28033499,0,0,0,28033499,28033499,INR,netbanking,1785151800,1785238200
pay_000000001608,payment,pay_000000001608,order_000000001608,INV-2026-001608,setl_000000001139,300000001139,37445050,0,0,0,37445050,37445050,INR,card,1784806200,1784806200
pay_000000001609,payment,pay_000000001609,order_000000001609,INV-2026-001609,setl_000000001140,300000001140,39342600,0,0,0,39342600,39342600,INR,wallet,1783078200,1783078200
pay_000000001610,payment,pay_000000001610,order_000000001610,INV-2026-001610,setl_000000001141,300000001141,32095825,0,0,0,32095825,32095825,INR,card,1786879800,1787052600
pay_000000001611,payment,pay_000000001611,order_000000001611,INV-2026-001611,setl_000000001142,300000001142,13459225,0,0,0,13459225,13459225,INR,netbanking,1782214200,1782214200
pay_000000001612,payment,pay_000000001612,order_000000001612,INV-2026-001612,setl_000000001143,300000001143,34303075,0,0,0,34303075,34303075,INR,wallet,1788003000,1788089400
pay_000000001613,payment,pay_000000001613,order_000000001613,INV-2026-001613,setl_000000001144,300000001144,33422099,0,0,0,33422099,33422099,INR,card,1786275000,1786361400
pay_000000001614,payment,pay_000000001614,order_000000001614,INV-2026-001614,setl_000000001145,300000001145,27289000,0,0,0,27289000,27289000,INR,card,1782819000,1782905400
pay_000000001615,payment,pay_000000001615,order_000000001615,INV-2026-001615,setl_000000001146,300000001146,19499750,0,0,0,19499750,19499750,INR,upi,1786188600,1786188600
pay_000000001616,payment,pay_000000001616,order_000000001616,INV-2026-001616,setl_000000001147,300000001147,40180875,0,0,0,40180875,40180875,INR,upi,1787398200,1787484600
pay_000000001617,payment,pay_000000001617,order_000000001617,INV-2026-001617,setl_000000001148,300000001148,767500,0,0,0,767500,767500,INR,wallet,1785756600,1785843000
pay_000000001618,payment,pay_000000001618,order_000000001618,INV-2026-001618,setl_000000001149,300000001149,27134150,0,0,0,27134150,27134150,INR,wallet,1782387000,1782387000
pay_000000001619,payment,pay_000000001619,order_000000001619,INV-2026-001619,setl_000000001150,300000001150,39410725,0,0,0,39410725,39410725,INR,card,1784892600,1784892600
pay_000000001620,payment,pay_000000001620,order_000000001620,INV-2026-001620,setl_000000001151,300000001151,36174225,0,0,0,36174225,36174225,INR,wallet,1784201400,1784201400
pay_000000001621,payment,pay_000000001621,order_000000001621,INV-2026-001621,setl_000000001152,300000001152,18660725,0,0,0,18660725,18660725,INR,netbanking,1780313400,1780399800
pay_000000001622,payment,pay_000000001622,order_000000001622,INV-2026-001622,setl_000000001153,300000001153,43157550,0,0,0,43157550,43157550,INR,netbanking,1780313400,1780313400
pay_000000001623,payment,pay_000000001623,order_000000001623,INV-2026-001623,setl_000000001154,300000001154,42267025,0,0,0,42267025,42267025,INR,card,1780572600,1780745400
pay_000000001624,payment,pay_000000001624,order_000000001624,INV-2026-001624,setl_000000001155,300000001155,752600,0,0,0,752600,752600,INR,card,1784633400,1784719800
pay_000000001625,payment,pay_000000001625,order_000000001625,INV-2026-001625,setl_000000001156,300000001156,24658800,0,0,0,24658800,24658800,INR,upi,1783164600,1783164600
pay_000000001626,payment,pay_000000001626,order_000000001626,INV-2026-001626,setl_000000001157,300000001157,28456199,0,0,0,28456199,28456199,INR,netbanking,1787916600,1788089400
pay_000000001627,payment,pay_000000001627,order_000000001627,INV-2026-001627,setl_000000001158,300000001158,21036900,0,0,0,21036900,21036900,INR,upi,1782300600,1782473400
pay_000000001628,payment,pay_000000001628,order_000000001628,INV-2026-001628,setl_000000001159,300000001159,25129800,0,0,0,25129800,25129800,INR,netbanking,1784287800,1784460600
pay_000000001629,payment,pay_000000001629,order_000000001629,INV-2026-001629,setl_000000001160,300000001160,38330800,0,0,0,38330800,38330800,INR,wallet,1786620600,1786707000
pay_000000001630,payment,pay_000000001630,order_000000001630,INV-2026-001630,setl_000000001161,300000001161,39371250,0,0,0,39371250,39371250,INR,netbanking,1781091000,1781263800
pay_000000001631,payment,pay_000000001631,order_000000001631,INV-2026-001631,setl_000000001162,300000001162,22852699,0,0,0,22852699,22852699,INR,upi,1780399800,1780486200
pay_000000001632,payment,pay_000000001632,order_000000001632,INV-2026-001632,setl_000000001163,300000001163,6300500,0,0,0,6300500,6300500,INR,card,1780918200,1781091000
pay_000000001633,payment,pay_000000001633,order_000000001633,INV-2026-001633,setl_000000001164,300000001164,5977925,0,0,0,5977925,5977925,INR,wallet,1787484600,1787484600
pay_000000001634,payment,pay_000000001634,order_000000001634,INV-2026-001634,setl_000000001165,300000001165,16825900,0,0,0,16825900,16825900,INR,netbanking,1786447800,1786620600
pay_000000001635,payment,pay_000000001635,order_000000001635,INV-2026-001635,setl_000000001166,300000001166,17410450,0,0,0,17410450,17410450,INR,card,1784719800,1784719800
pay_000000001636,payment,pay_000000001636,order_000000001636,INV-2026-001636,setl_000000001167,300000001167,649700,0,0,0,649700,649700,INR,card,1785238200,1785411000
pay_000000001637,payment,pay_000000001637,order_000000001637,INV-2026-001637,setl_000000001168,300000001168,329000,0,0,0,329000,329000,INR,upi,1785151800,1785151800
pay_000000001638,payment,pay_000000001638,order_000000001638,INV-2026-001638,setl_000000001169,300000001169,31071200,0,0,0,31071200,31071200,INR,netbanking,1783683000,1783769400
pay_000000001639,payment,pay_000000001639,order_000000001639,INV-2026-001639,setl_000000001170,300000001170,49046275,0,0,0,49046275,49046275,INR,wallet,1781177400,1781350200
pay_000000001640,payment,pay_000000001640,order_000000001640,INV-2026-001640,setl_000000001171,300000001171,31938650,0,0,0,31938650,31938650,INR,wallet,1783164600,1783337400
pay_000000001641,payment,pay_000000001641,order_000000001641,INV-2026-001641,setl_000000001172,300000001172,14012400,0,0,0,14012400,14012400,INR,upi,1780313400,1780486200
pay_000000001642,payment,pay_000000001642,order_000000001642,INV-2026-001642,setl_000000001173,300000001173,13683000,0,0,0,13683000,13683000,INR,card,1782300600,1782473400
pay_000000001643,payment,pay_000000001643,order_000000001643,INV-2026-001643,setl_000000001174,300000001174,37897425,0,0,0,37897425,37897425,INR,card,1784028600,1784201400
pay_000000001644,payment,pay_000000001644,order_000000001644,INV-2026-001644,setl_000000001175,300000001175,3801525,0,0,0,3801525,3801525,INR,card,1786793400,1786966200
pay_000000001645,payment,pay_000000001645,order_000000001645,INV-2026-001645,setl_000000001176,300000001176,28994200,0,0,0,28994200,28994200,INR,upi,1781609400,1781609400
pay_000000001646,payment,pay_000000001646,order_000000001646,INV-2026-001646,setl_000000001177,300000001177,4054850,0,0,0,4054850,4054850,INR,upi,1785843000,1786015800
pay_000000001647,payment,pay_000000001647,order_000000001647,INV-2026-001647,setl_000000001178,300000001178,26493899,0,0,0,26493899,26493899,INR,netbanking,1783596600,1783596600
pay_000000001648,payment,pay_000000001648,order_000000001648,INV-2026-001648,setl_000000001179,300000001179,8855850,0,0,0,8855850,8855850,INR,card,1785324600,1785411000
pay_000000001649,payment,pay_000000001649,order_000000001649,INV-2026-001649,setl_000000001180,300000001180,41805100,0,0,0,41805100,41805100,INR,upi,1784806200,1784979000
pay_000000001650,payment,pay_000000001650,order_000000001650,INV-2026-001650,setl_000000001181,300000001181,30210699,0,0,0,30210699,30210699,INR,netbanking,1786275000,1786447800
pay_000000001651,payment,pay_000000001651,order_000000001651,INV-2026-001651,setl_000000001182,300000001182,11449600,0,0,0,11449600,11449600,INR,card,1781695800,1781868600
pay_000000001652,payment,pay_000000001652,order_000000001652,INV-2026-001652,setl_000000001183,300000001183,36789800,0,0,0,36789800,36789800,INR,wallet,1782300600,1782473400
pay_000000001653,payment,pay_000000001653,order_000000001653,INV-2026-001653,setl_000000001184,300000001184,17978650,0,0,0,17978650,17978650,INR,wallet,1785411000,1785583800
pay_000000001654,payment,pay_000000001654,order_000000001654,INV-2026-001654,setl_000000001185,300000001185,27476000,0,0,0,27476000,27476000,INR,upi,1784547000,1784719800
pay_000000001655,payment,pay_000000001655,order_000000001655,INV-2026-001655,setl_000000001186,300000001186,14221125,0,0,0,14221125,14221125,INR,card,1784547000,1784547000
pay_000000001656,payment,pay_000000001656,order_000000001656,INV-2026-001656,setl_000000001187,300000001187,21112200,0,0,0,21112200,21112200,INR,wallet,1780313400,1780313400
pay_000000001657,payment,pay_000000001657,order_000000001657,INV-2026-001657,setl_000000001188,300000001188,24755150,0,0,0,24755150,24755150,INR,upi,1783337400,1783337400
pay_000000001658,payment,pay_000000001658,order_000000001658,INV-2026-001658,setl_000000001189,300000001189,5684200,0,0,0,5684200,5684200,INR,netbanking,1782214200,1782300600
pay_000000001659,payment,pay_000000001659,order_000000001659,INV-2026-001659,setl_000000001190,300000001190,2296575,0,0,0,2296575,2296575,INR,upi,1781004600,1781091000
pay_000000001660,payment,pay_000000001660,order_000000001660,INV-2026-001660,setl_000000001191,300000001191,32158275,0,0,0,32158275,32158275,INR,upi,1786188600,1786188600
pay_000000001661,payment,pay_000000001661,order_000000001661,INV-2026-001661,setl_000000001192,300000001192,25631700,0,0,0,25631700,25631700,INR,card,1783251000,1783337400
pay_000000001662,payment,pay_000000001662,order_000000001662,INV-2026-001662,setl_000000001193,300000001193,26809200,0,0,0,26809200,26809200,INR,wallet,1786620600,1786707000
pay_000000001663,payment,pay_000000001663,order_000000001663,INV-2026-001663,setl_000000001194,300000001194,34214099,0,0,0,34214099,34214099,INR,upi,1780745400,1780745400
pay_000000001664,payment,pay_000000001664,order_000000001664,INV-2026-001664,setl_000000001195,300000001195,23169675,0,0,0,23169675,23169675,INR,netbanking,1785324600,1785411000
pay_000000001665,payment,pay_000000001665,order_000000001665,INV-2026-001665,setl_000000001196,300000001196,8434400,0,0,0,8434400,8434400,INR,card,1780313400,1780486200
pay_000000001666,payment,pay_000000001666,order_000000001666,INV-2026-001666,setl_000000001197,300000001197,46840250,0,0,0,46840250,46840250,INR,netbanking,1780572600,1780745400
pay_000000001667,payment,pay_000000001667,order_000000001667,INV-2026-001667,setl_000000001198,300000001198,230450,0,0,0,230450,230450,INR,card,1784719800,1784719800
pay_000000001668,payment,pay_000000001668,order_000000001668,INV-2026-001668,setl_000000001199,300000001199,24226075,0,0,0,24226075,24226075,INR,wallet,1781868600,1781868600
pay_000000001669,payment,pay_000000001669,order_000000001669,INV-2026-001669,setl_000000001200,300000001200,43297200,0,0,0,43297200,43297200,INR,wallet,1786275000,1786447800
pay_000000001670,payment,pay_000000001670,order_000000001670,INV-2026-001670,setl_000000001201,300000001201,46160199,0,0,0,46160199,46160199,INR,upi,1786275000,1786447800
pay_000000001671,payment,pay_000000001671,order_000000001671,INV-2026-001671,setl_000000001202,300000001202,21332999,0,0,0,21332999,21332999,INR,netbanking,1786361400,1786361400
pay_000000001672,payment,pay_000000001672,order_000000001672,INV-2026-001672,setl_000000001203,300000001203,49155275,0,0,0,49155275,49155275,INR,upi,1787657400,1787830200
pay_000000001673,payment,pay_000000001673,order_000000001673,INV-2026-001673,setl_000000001204,300000001204,21165350,0,0,0,21165350,21165350,INR,upi,1786879800,1786879800
pay_000000001674,payment,pay_000000001674,order_000000001674,INV-2026-001674,setl_000000001205,300000001205,16027225,0,0,0,16027225,16027225,INR,card,1785324600,1785324600
pay_000000001675,payment,pay_000000001675,order_000000001675,INV-2026-001675,setl_000000001206,300000001206,38883400,0,0,0,38883400,38883400,INR,card,1782127800,1782300600
pay_000000001676,payment,pay_000000001676,order_000000001676,INV-2026-001676,setl_000000001207,300000001207,2444200,0,0,0,2444200,2444200,INR,card,1784374200,1784547000
pay_000000001677,payment,pay_000000001677,order_000000001677,INV-2026-001677,setl_000000001208,300000001208,21102725,0,0,0,21102725,21102725,INR,netbanking,1785151800,1785151800
pay_000000001678,payment,pay_000000001678,order_000000001678,INV-2026-001678,setl_000000001209,300000001209,18825450,0,0,0,18825450,18825450,INR,netbanking,1785929400,1786015800
pay_000000001679,payment,pay_000000001679,order_000000001679,INV-2026-001679,setl_000000001210,300000001210,16840450,0,0,0,16840450,16840450,INR,card,1782646200,1782732600
pay_000000001680,payment,pay_000000001680,order_000000001680,INV-2026-001680,setl_000000001211,300000001211,43608800,0,0,0,43608800,43608800,INR,netbanking,1783942200,1784115000
pay_000000001681,payment,pay_000000001681,order_000000001681,INV-2026-001681,setl_000000001212,300000001212,13432025,0,0,0,13432025,13432025,INR,wallet,1782991800,1783164600
pay_000000001682,payment,pay_000000001682,order_000000001682,INV-2026-001682,setl_000000001213,300000001213,28661600,0,0,0,28661600,28661600,INR,wallet,1787484600,1787484600
pay_000000001683,payment,pay_000000001683,order_000000001683,INV-2026-001683,setl_000000001214,300000001214,21306825,0,0,0,21306825,21306825,INR,netbanking,1786361400,1786361400
pay_000000001684,payment,pay_000000001684,order_000000001684,INV-2026-001684,setl_000000001215,300000001215,38684600,0,0,0,38684600,38684600,INR,card,1786793400,1786966200
pay_000000001685,payment,pay_000000001685,order_000000001685,INV-2026-001685,setl_000000001216,300000001216,29346300,0,0,0,29346300,29346300,INR,wallet,1784892600,1784979000
pay_000000001686,payment,pay_000000001686,order_000000001686,INV-2026-001686,setl_000000001217,300000001217,41698799,0,0,0,41698799,41698799,INR,card,1781695800,1781695800
pay_000000001687,payment,pay_000000001687,order_000000001687,INV-2026-001687,setl_000000001218,300000001218,3883600,0,0,0,3883600,3883600,INR,netbanking,1781955000,1782127800
pay_000000001688,payment,pay_000000001688,order_000000001688,INV-2026-001688,setl_000000001219,300000001219,19000350,0,0,0,19000350,19000350,INR,wallet,1783683000,1783683000
pay_000000001689,payment,pay_000000001689,order_000000001689,INV-2026-001689,setl_000000001220,300000001220,9679150,0,0,0,9679150,9679150,INR,wallet,1787830200,1787916600
pay_000000001690,payment,pay_000000001690,order_000000001690,INV-2026-001690,setl_000000001221,300000001221,49214899,0,0,0,49214899,49214899,INR,netbanking,1783251000,1783337400
pay_000000001691,payment,pay_000000001691,order_000000001691,INV-2026-001691,setl_000000001222,300000001222,19916575,0,0,0,19916575,19916575,INR,netbanking,1788003000,1788003000
pay_000000001692,payment,pay_000000001692,order_000000001692,INV-2026-001692,setl_000000001223,300000001223,832125,0,0,0,832125,832125,INR,card,1783855800,1783942200
pay_000000001693,payment,pay_000000001693,order_000000001693,INV-2026-001693,setl_000000001224,300000001224,16458800,0,0,0,16458800,16458800,INR,netbanking,1786707000,1786707000
pay_000000001694,payment,pay_000000001694,order_000000001694,INV-2026-001694,setl_000000001225,300000001225,2476925,0,0,0,2476925,2476925,INR,netbanking,1787657400,1787743800
pay_000000001695,payment,pay_000000001695,order_000000001695,INV-2026-001695,setl_000000001226,300000001226,49491300,0,0,0,49491300,49491300,INR,card,1782214200,1782387000
pay_000000001696,payment,pay_000000001696,order_000000001696,INV-2026-001696,setl_000000001227,300000001227,38944500,0,0,0,38944500,38944500,INR,card,1781350200,1781436600
pay_000000001697,payment,pay_000000001697,order_000000001697,INV-2026-001697,setl_000000001228,300000001228,44815500,0,0,0,44815500,44815500,INR,upi,1783337400,1783337400
pay_000000001698,payment,pay_000000001698,order_000000001698,INV-2026-001698,setl_000000001229,300000001229,39849600,0,0,0,39849600,39849600,INR,netbanking,1783078200,1783251000
pay_000000001699,payment,pay_000000001699,order_000000001699,INV-2026-001699,setl_000000001230,300000001230,45184450,0,0,0,45184450,45184450,INR,netbanking,1787743800,1787830200
pay_000000001700,payment,pay_000000001700,order_000000001700,INV-2026-001700,setl_000000001231,300000001231,39181600,0,0,0,39181600,39181600,INR,card,1786707000,1786793400
pay_000000001701,payment,pay_000000001701,order_000000001701,INV-2026-001701,setl_000000001232,300000001232,40700700,0,0,0,40700700,40700700,INR,card,1783942200,1784115000
pay_000000001702,payment,pay_000000001702,order_000000001702,INV-2026-001702,setl_000000001233,300000001233,3276025,0,0,0,3276025,3276025,INR,netbanking,1784892600,1784979000
pay_000000001703,payment,pay_000000001703,order_000000001703,INV-2026-001703,setl_000000001234,300000001234,12332900,0,0,0,12332900,12332900,INR,wallet,1782559800,1782732600
pay_000000001704,payment,pay_000000001704,order_000000001704,INV-2026-001704,setl_000000001235,300000001235,17860550,0,0,0,17860550,17860550,INR,wallet,1781177400,1781177400
pay_000000001705,payment,pay_000000001705,order_000000001705,INV-2026-001705,setl_000000001236,300000001236,35162025,0,0,0,35162025,35162025,INR,upi,1780572600,1780659000
pay_000000001706,payment,pay_000000001706,order_000000001706,INV-2026-001706,setl_000000001237,300000001237,5421850,0,0,0,5421850,5421850,INR,card,1785929400,1786102200
pay_000000001707,payment,pay_000000001707,order_000000001707,INV-2026-001707,setl_000000001238,300000001238,5102600,0,0,0,5102600,5102600,INR,wallet,1786188600,1786361400
pay_000000001708,payment,pay_000000001708,order_000000001708,INV-2026-001708,setl_000000001239,300000001239,40376500,0,0,0,40376500,40376500,INR,card,1785151800,1785238200
pay_000000001709,payment,pay_000000001709,order_000000001709,INV-2026-001709,setl_000000001240,300000001240,7371575,0,0,0,7371575,7371575,INR,netbanking,1786707000,1786879800
pay_000000001710,payment,pay_000000001710,order_000000001710,INV-2026-001710,setl_000000001241,300000001241,1440850,0,0,0,1440850,1440850,INR,card,1787830200,1788003000
pay_000000001711,payment,pay_000000001711,order_000000001711,INV-2026-001711,setl_000000001242,300000001242,39649600,0,0,0,39649600,39649600,INR,card,1782387000,1782387000
pay_000000001712,payment,pay_000000001712,order_000000001712,INV-2026-001712,setl_000000001243,300000001243,29635825,0,0,0,29635825,29635825,INR,upi,1787916600,1788003000
pay_000000001713,payment,pay_000000001713,order_000000001713,INV-2026-001713,setl_000000001244,300000001244,16434275,0,0,0,16434275,16434275,INR,card,1782041400,1782041400
pay_000000001714,payment,pay_000000001714,order_000000001714,INV-2026-001714,setl_000000001245,300000001245,44435499,0,0,0,44435499,44435499,INR,netbanking,1782473400,1782559800
pay_000000001715,payment,pay_000000001715,order_000000001715,INV-2026-001715,setl_000000001246,300000001246,44000325,0,0,0,44000325,44000325,INR,wallet,1781350200,1781350200
pay_000000001716,payment,pay_000000001716,order_000000001716,INV-2026-001716,setl_000000001247,300000001247,24423375,0,0,0,24423375,24423375,INR,upi,1780313400,1780313400
pay_000000001717,payment,pay_000000001717,order_000000001717,INV-2026-001717,setl_000000001248,300000001248,22966250,0,0,0,22966250,22966250,INR,wallet,1785929400,1786015800
pay_000000001718,payment,pay_000000001718,order_000000001718,INV-2026-001718,setl_000000001249,300000001249,8977200,0,0,0,8977200,8977200,INR,upi,1787398200,1787398200
pay_000000001719,payment,pay_000000001719,order_000000001719,INV-2026-001719,setl_000000001250,300000001250,28824000,0,0,0,28824000,28824000,INR,card,1784115000,1784201400
pay_000000001720,payment,pay_000000001720,order_000000001720,INV-2026-001720,setl_000000001251,300000001251,37051125,0,0,0,37051125,37051125,INR,netbanking,1783337400,1783510200
pay_000000001721,payment,pay_000000001721,order_000000001721,INV-2026-001721,setl_000000001252,300000001252,49334875,0,0,0,49334875,49334875,INR,netbanking,1784719800,1784719800
pay_000000001722,payment,pay_000000001722,order_000000001722,INV-2026-001722,setl_000000001253,300000001253,1457300,0,0,0,1457300,1457300,INR,wallet,1784460600,1784460600
pay_000000001723,payment,pay_000000001723,order_000000001723,INV-2026-001723,setl_000000001254,300000001254,41385275,0,0,0,41385275,41385275,INR,upi,1785929400,1786015800
pay_000000001724,payment,pay_000000001724,order_000000001724,INV-2026-001724,setl_000000001255,300000001255,18511699,0,0,0,18511699,18511699,INR,card,1787571000,1787571000
pay_000000001725,payment,pay_000000001725,order_000000001725,INV-2026-001725,setl_000000001256,300000001256,167500,0,0,0,167500,167500,INR,netbanking,1781263800,1781263800
pay_000000001726,payment,pay_000000001726,order_000000001726,INV-2026-001726,setl_000000001257,300000001257,7734600,0,0,0,7734600,7734600,INR,card,1787398200,1787571000
pay_000000001727,payment,pay_000000001727,order_000000001727,INV-2026-001727,setl_000000001258,300000001258,47021400,0,0,0,47021400,47021400,INR,netbanking,1781436600,1781609400
pay_000000001728,payment,pay_000000001728,order_000000001728,INV-2026-001728,setl_000000001259,300000001259,46435875,0,0,0,46435875,46435875,INR,upi,1781695800,1781868600
pay_000000001729,payment,pay_000000001729,order_000000001729,INV-2026-001729,setl_000000001260,300000001260,43296475,0,0,0,43296475,43296475,INR,wallet,1787139000,1787311800
pay_000000001730,payment,pay_000000001730,order_000000001730,INV-2026-001730,setl_000000001261,300000001261,19607725,0,0,0,19607725,19607725,INR,upi,1786620600,1786707000
pay_000000001731,payment,pay_000000001731,order_000000001731,INV-2026-001731,setl_000000001262,300000001262,19879400,0,0,0,19879400,19879400,INR,netbanking,1780831800,1780918200
pay_000000001732,payment,pay_000000001732,order_000000001732,INV-2026-001732,setl_000000001263,300000001263,34906525,0,0,0,34906525,34906525,INR,upi,1781004600,1781091000
pay_000000001733,payment,pay_000000001733,order_000000001733,INV-2026-001733,setl_000000001264,300000001264,14884075,0,0,0,14884075,14884075,INR,card,1782300600,1782300600
pay_000000001734,payment,pay_000000001734,order_000000001734,INV-2026-001734,setl_000000001265,300000001265,5762900,0,0,0,5762900,5762900,INR,netbanking,1786188600,1786275000
pay_000000001735,payment,pay_000000001735,order_000000001735,INV-2026-001735,setl_000000001266,300000001266,11261800,0,0,0,11261800,11261800,INR,netbanking,1787571000,1787571000
pay_000000001736,payment,pay_000000001736,order_000000001736,INV-2026-001736,setl_000000001267,300000001267,22910850,0,0,0,22910850,22910850,INR,upi,1782300600,1782473400
pay_000000001737,payment,pay_000000001737,order_000000001737,INV-2026-001737,setl_000000001268,300000001268,6350700,0,0,0,6350700,6350700,INR,card,1787830200,1787830200
pay_000000001738,payment,pay_000000001738,order_000000001738,INV-2026-001738,setl_000000001269,300000001269,41006799,0,0,0,41006799,41006799,INR,card,1784201400,1784201400
pay_000000001739,payment,pay_000000001739,order_000000001739,INV-2026-001739,setl_000000001270,300000001270,3147975,0,0,0,3147975,3147975,INR,netbanking,1780486200,1780486200
pay_000000001740,payment,pay_000000001740,order_000000001740,INV-2026-001740,setl_000000001271,300000001271,38220650,0,0,0,38220650,38220650,INR,card,1786707000,1786879800
pay_000000001741,payment,pay_000000001741,order_000000001741,INV-2026-001741,setl_000000001272,300000001272,17480050,0,0,0,17480050,17480050,INR,netbanking,1783510200,1783596600
pay_000000001742,payment,pay_000000001742,order_000000001742,INV-2026-001742,setl_000000001273,300000001273,26259550,0,0,0,26259550,26259550,INR,wallet,1784892600,1785065400
pay_000000001743,payment,pay_000000001743,order_000000001743,INV-2026-001743,setl_000000001274,300000001274,21426975,0,0,0,21426975,21426975,INR,upi,1781091000,1781263800
pay_000000001744,payment,pay_000000001744,order_000000001744,INV-2026-001744,setl_000000001275,300000001275,8025500,0,0,0,8025500,8025500,INR,upi,1787830200,1787916600
pay_000000001745,payment,pay_000000001745,order_000000001745,INV-2026-001745,setl_000000001276,300000001276,10195900,0,0,0,10195900,10195900,INR,card,1780745400,1780745400
pay_000000001746,payment,pay_000000001746,order_000000001746,INV-2026-001746,setl_000000001277,300000001277,26429999,0,0,0,26429999,26429999,INR,card,1784460600,1784547000
pay_000000001747,payment,pay_000000001747,order_000000001747,INV-2026-001747,setl_000000001278,300000001278,11126225,0,0,0,11126225,11126225,INR,upi,1781782200,1781782200
pay_000000001748,payment,pay_000000001748,order_000000001748,INV-2026-001748,setl_000000001279,300000001279,14761700,0,0,0,14761700,14761700,INR,card,1784115000,1784115000
pay_000000001749,payment,pay_000000001749,order_000000001749,INV-2026-001749,setl_000000001280,300000001280,37227800,0,0,0,37227800,37227800,INR,netbanking,1781609400,1781609400
pay_000000001750,payment,pay_000000001750,order_000000001750,INV-2026-001750,setl_000000001281,300000001281,22209299,0,0,0,22209299,22209299,INR,wallet,1781695800,1781782200
pay_000000001751,payment,pay_000000001751,order_000000001751,INV-2026-001751,setl_000000001282,300000001282,23015999,0,0,0,23015999,23015999,INR,upi,1787571000,1787657400
pay_000000001752,payment,pay_000000001752,order_000000001752,INV-2026-001752,setl_000000001283,300000001283,6193199,0,0,0,6193199,6193199,INR,upi,1786015800,1786102200
pay_000000001753,payment,pay_000000001753,order_000000001753,INV-2026-001753,setl_000000001284,300000001284,3041225,0,0,0,3041225,3041225,INR,netbanking,1788003000,1788175800
pay_000000001754,payment,pay_000000001754,order_000000001754,INV-2026-001754,setl_000000001285,300000001285,10609900,0,0,0,10609900,10609900,INR,card,1781523000,1781523000
pay_000000001755,payment,pay_000000001755,order_000000001755,INV-2026-001755,setl_000000001286,300000001286,44618050,0,0,0,44618050,44618050,INR,wallet,1787743800,1787916600
pay_000000001756,payment,pay_000000001756,order_000000001756,INV-2026-001756,setl_000000001287,300000001287,22899425,0,0,0,22899425,22899425,INR,netbanking,1781782200,1781782200
pay_000000001757,payment,pay_000000001757,order_000000001757,INV-2026-001757,setl_000000001288,300000001288,5777000,0,0,0,5777000,5777000,INR,upi,1783510200,1783596600
pay_000000001758,payment,pay_000000001758,order_000000001758,INV-2026-001758,setl_000000001289,300000001289,13484075,0,0,0,13484075,13484075,INR,netbanking,1781004600,1781004600
pay_000000001759,payment,pay_000000001759,order_000000001759,INV-2026-001759,setl_000000001290,300000001290,33954600,0,0,0,33954600,33954600,INR,wallet,1785583800,1785670200
pay_000000001760,payment,pay_000000001760,order_000000001760,INV-2026-001760,setl_000000001291,300000001291,13850100,0,0,0,13850100,13850100,INR,upi,1781263800,1781436600
pay_000000001761,payment,pay_000000001761,order_000000001761,INV-2026-001761,setl_000000001292,300000001292,27224550,0,0,0,27224550,27224550,INR,wallet,1781523000,1781523000
pay_000000001762,payment,pay_000000001762,order_000000001762,INV-2026-001762,setl_000000001293,300000001293,28218000,0,0,0,28218000,28218000,INR,netbanking,1784374200,1784374200
pay_000000001763,payment,pay_000000001763,order_000000001763,INV-2026-001763,setl_000000001294,300000001294,40002725,0,0,0,40002725,40002725,INR,card,1782041400,1782127800
pay_000000001764,payment,pay_000000001764,order_000000001764,INV-2026-001764,setl_000000001295,300000001295,28833750,0,0,0,28833750,28833750,INR,upi,1786966200,1786966200
pay_000000001765,payment,pay_000000001765,order_000000001765,INV-2026-001765,setl_000000001296,300000001296,33548000,0,0,0,33548000,33548000,INR,netbanking,1780918200,1780918200
pay_000000001766,payment,pay_000000001766,order_000000001766,INV-2026-001766,setl_000000001297,300000001297,48129825,0,0,0,48129825,48129825,INR,upi,1785497400,1785497400
pay_000000001767,payment,pay_000000001767,order_000000001767,INV-2026-001767,setl_000000001298,300000001298,7450900,0,0,0,7450900,7450900,INR,wallet,1781695800,1781868600
pay_000000001768,payment,pay_000000001768,order_000000001768,INV-2026-001768,setl_000000001299,300000001299,11456475,0,0,0,11456475,11456475,INR,wallet,1780831800,1780918200
pay_000000001769,payment,pay_000000001769,order_000000001769,INV-2026-001769,setl_000000001300,300000001300,40452650,0,0,0,40452650,40452650,INR,upi,1784806200,1784892600
pay_000000001770,payment,pay_000000001770,order_000000001770,INV-2026-001770,setl_000000001301,300000001301,37463100,0,0,0,37463100,37463100,INR,card,1782473400,1782559800
pay_000000001771,payment,pay_000000001771,order_000000001771,INV-2026-001771,setl_000000001302,300000001302,40064500,0,0,0,40064500,40064500,INR,upi,1783942200,1784028600
pay_000000001772,payment,pay_000000001772,order_000000001772,INV-2026-001772,setl_000000001303,300000001303,29487625,0,0,0,29487625,29487625,INR,netbanking,1782559800,1782732600
pay_000000001773,payment,pay_000000001773,order_000000001773,INV-2026-001773,setl_000000001304,300000001304,9898400,0,0,0,9898400,9898400,INR,wallet,1783423800,1783596600
pay_000000001774,payment,pay_000000001774,order_000000001774,INV-2026-001774,setl_000000001305,300000001305,49892050,0,0,0,49892050,49892050,INR,wallet,1787916600,1787916600
pay_000000001775,payment,pay_000000001775,order_000000001775,INV-2026-001775,setl_000000001306,300000001306,1190025,0,0,0,1190025,1190025,INR,upi,1784633400,1784806200
pay_000000001776,payment,pay_000000001776,order_000000001776,INV-2026-001776,setl_000000001307,300000001307,3089475,0,0,0,3089475,3089475,INR,card,1788003000,1788175800
pay_000000001777,payment,pay_000000001777,order_000000001777,INV-2026-001777,setl_000000001308,300000001308,23345225,0,0,0,23345225,23345225,INR,upi,1781523000,1781695800
pay_000000001778,payment,pay_000000001778,order_000000001778,INV-2026-001778,setl_000000001309,300000001309,38876000,0,0,0,38876000,38876000,INR,card,1780831800,1780918200
pay_000000001779,payment,pay_000000001779,order_000000001779,INV-2026-001779,setl_000000001310,300000001310,45462299,0,0,0,45462299,45462299,INR,wallet,1786620600,1786707000
pay_000000001780,payment,pay_000000001780,order_000000001780,INV-2026-001780,setl_000000001311,300000001311,45294525,0,0,0,45294525,45294525,INR,card,1785065400,1785151800
pay_000000001781,payment,pay_000000001781,order_000000001781,INV-2026-001781,setl_000000001312,300000001312,45373000,0,0,0,45373000,45373000,INR,upi,1787398200,1787398200
pay_000000001782,payment,pay_000000001782,order_000000001782,INV-2026-001782,setl_000000001313,300000001313,48692900,0,0,0,48692900,48692900,INR,netbanking,1785065400,1785238200
pay_000000001783,payment,pay_000000001783,order_000000001783,INV-2026-001783,setl_000000001314,300000001314,36760175,0,0,0,36760175,36760175,INR,wallet,1782387000,1782473400
pay_000000001784,payment,pay_000000001784,order_000000001784,INV-2026-001784,setl_000000001315,300000001315,17999125,0,0,0,17999125,17999125,INR,wallet,1785583800,1785670200
pay_000000001785,payment,pay_000000001785,order_000000001785,INV-2026-001785,setl_000000001316,300000001316,23211400,0,0,0,23211400,23211400,INR,wallet,1784547000,1784633400
pay_000000001786,payment,pay_000000001786,order_000000001786,INV-2026-001786,setl_000000001317,300000001317,16267425,0,0,0,16267425,16267425,INR,upi,1784979000,1784979000
pay_000000001787,payment,pay_000000001787,order_000000001787,INV-2026-001787,setl_000000001318,300000001318,12311475,0,0,0,12311475,12311475,INR,card,1780486200,1780486200
pay_000000001788,payment,pay_000000001788,order_000000001788,INV-2026-001788,setl_000000001319,300000001319,8596100,0,0,0,8596100,8596100,INR,card,1782387000,1782473400
pay_000000001789,payment,pay_000000001789,order_000000001789,INV-2026-001789,setl_000000001320,300000001320,13708575,0,0,0,13708575,13708575,INR,netbanking,1786620600,1786707000
pay_000000001790,payment,pay_000000001790,order_000000001790,INV-2026-001790,setl_000000001321,300000001321,37867650,0,0,0,37867650,37867650,INR,card,1786275000,1786361400
pay_000000001791,payment,pay_000000001791,order_000000001791,INV-2026-001791,setl_000000001322,300000001322,22058900,0,0,0,22058900,22058900,INR,netbanking,1785929400,1785929400
pay_000000001792,payment,pay_000000001792,order_000000001792,INV-2026-001792,setl_000000001323,300000001323,1636099,0,0,0,1636099,1636099,INR,wallet,1787571000,1787657400
pay_000000001793,payment,pay_000000001793,order_000000001793,INV-2026-001793,setl_000000001324,300000001324,34539899,0,0,0,34539899,34539899,INR,netbanking,1787484600,1787571000
pay_000000001794,payment,pay_000000001794,order_000000001794,INV-2026-001794,setl_000000001325,300000001325,24399700,0,0,0,24399700,24399700,INR,wallet,1780399800,1780399800
pay_000000001795,payment,pay_000000001795,order_000000001795,INV-2026-001795,setl_000000001326,300000001326,33071775,0,0,0,33071775,33071775,INR,upi,1780313400,1780313400
pay_000000001796,payment,pay_000000001796,order_000000001796,INV-2026-001796,setl_000000001327,300000001327,46484700,0,0,0,46484700,46484700,INR,netbanking,1781782200,1781868600
pay_000000001797,payment,pay_000000001797,order_000000001797,INV-2026-001797,setl_000000001328,300000001328,8848750,0,0,0,8848750,8848750,INR,wallet,1784201400,1784201400
pay_000000001798,payment,pay_000000001798,order_000000001798,INV-2026-001798,setl_000000001329,300000001329,29145975,0,0,0,29145975,29145975,INR,netbanking,1787743800,1787830200
pay_000000001799,payment,pay_000000001799,order_000000001799,INV-2026-001799,setl_000000001330,300000001330,43552800,0,0,0,43552800,43552800,INR,card,1783769400,1783942200
pay_000000001800,payment,pay_000000001800,order_000000001800,INV-2026-001800,setl_000000001331,300000001331,7460899,0,0,0,7460899,7460899,INR,netbanking,1781263800,1781436600
pay_000000001801,payment,pay_000000001801,order_000000001801,INV-2026-001801,setl_000000001332,300000001332,41179875,0,0,0,41179875,41179875,INR,card,1785151800,1785238200
pay_000000001802,payment,pay_000000001802,order_000000001802,INV-2026-001802,setl_000000001333,300000001333,26003500,0,0,0,26003500,26003500,INR,upi,1783683000,1783769400
pay_000000001803,payment,pay_000000001803,order_000000001803,INV-2026-001803,setl_000000001334,300000001334,40753225,0,0,0,40753225,40753225,INR,upi,1786447800,1786620600
pay_000000001804,payment,pay_000000001804,order_000000001804,INV-2026-001804,setl_000000001335,300000001335,2522199,0,0,0,2522199,2522199,INR,card,1787743800,1787743800
pay_000000001805,payment,pay_000000001805,order_000000001805,INV-2026-001805,setl_000000001336,300000001336,1373175,0,0,0,1373175,1373175,INR,netbanking,1783423800,1783596600
pay_000000001806,payment,pay_000000001806,order_000000001806,INV-2026-001806,setl_000000001337,300000001337,44966100,0,0,0,44966100,44966100,INR,wallet,1787657400,1787830200
pay_000000001807,payment,pay_000000001807,order_000000001807,INV-2026-001807,setl_000000001338,300000001338,36029825,0,0,0,36029825,36029825,INR,upi,1781177400,1781350200
pay_000000001808,payment,pay_000000001808,order_000000001808,INV-2026-001808,setl_000000001339,300000001339,40620900,0,0,0,40620900,40620900,INR,wallet,1784201400,1784201400
pay_000000001809,payment,pay_000000001809,order_000000001809,INV-2026-001809,setl_000000001340,300000001340,42507700,0,0,0,42507700,42507700,INR,wallet,1780313400,1780313400
pay_000000001810,payment,pay_000000001810,order_000000001810,INV-2026-001810,setl_000000001341,300000001341,31797799,0,0,0,31797799,31797799,INR,wallet,1782559800,1782646200
pay_000000001811,payment,pay_000000001811,order_000000001811,INV-2026-001811,setl_000000001342,300000001342,45783799,0,0,0,45783799,45783799,INR,card,1783769400,1783769400
pay_000000001812,payment,pay_000000001812,order_000000001812,INV-2026-001812,setl_000000001343,300000001343,40519825,0,0,0,40519825,40519825,INR,upi,1782473400,1782646200
pay_000000001813,payment,pay_000000001813,order_000000001813,INV-2026-001813,setl_000000001344,300000001344,36874250,0,0,0,36874250,36874250,INR,wallet,1782991800,1783164600
pay_000000001814,payment,pay_000000001814,order_000000001814,INV-2026-001814,setl_000000001345,300000001345,37705600,0,0,0,37705600,37705600,INR,upi,1780831800,1780918200
pay_000000001815,payment,pay_000000001815,order_000000001815,INV-2026-001815,setl_000000001346,300000001346,41051125,0,0,0,41051125,41051125,INR,netbanking,1781177400,1781350200
pay_000000001816,payment,pay_000000001816,order_000000001816,INV-2026-001816,setl_000000001347,300000001347,12490350,0,0,0,12490350,12490350,INR,upi,1785238200,1785411000
pay_000000001817,payment,pay_000000001817,order_000000001817,INV-2026-001817,setl_000000001348,300000001348,1424300,0,0,0,1424300,1424300,INR,card,1784287800,1784374200
pay_000000001818,payment,pay_000000001818,order_000000001818,INV-2026-001818,setl_000000001349,300000001349,3709500,0,0,0,3709500,3709500,INR,wallet,1783596600,1783683000
pay_000000001819,payment,pay_000000001819,order_000000001819,INV-2026-001819,setl_000000001350,300000001350,35276700,0,0,0,35276700,35276700,INR,netbanking,1784374200,1784374200
pay_000000001820,payment,pay_000000001820,order_000000001820,INV-2026-001820,setl_000000001351,300000001351,26865650,0,0,0,26865650,26865650,INR,wallet,1780486200,1780486200
pay_000000001821,payment,pay_000000001821,order_000000001821,INV-2026-001821,setl_000000001352,300000001352,7700499,0,0,0,7700499,7700499,INR,card,1786879800,1786879800
pay_000000001822,payment,pay_000000001822,order_000000001822,INV-2026-001822,setl_000000001353,300000001353,28580150,0,0,0,28580150,28580150,INR,card,1782127800,1782127800
pay_000000001823,payment,pay_000000001823,order_000000001823,INV-2026-001823,setl_000000001354,300000001354,38325799,0,0,0,38325799,38325799,INR,netbanking,1786015800,1786188600
pay_000000001824,payment,pay_000000001824,order_000000001824,INV-2026-001824,setl_000000001355,300000001355,44856750,0,0,0,44856750,44856750,INR,netbanking,1783942200,1784028600
pay_000000001825,payment,pay_000000001825,order_000000001825,INV-2026-001825,setl_000000001356,300000001356,45271100,0,0,0,45271100,45271100,INR,card,1781350200,1781436600
pay_000000001826,payment,pay_000000001826,order_000000001826,INV-2026-001826,setl_000000001357,300000001357,29489125,0,0,0,29489125,29489125,INR,card,1781091000,1781091000
pay_000000001827,payment,pay_000000001827,order_000000001827,INV-2026-001827,setl_000000001358,300000001358,20495700,0,0,0,20495700,20495700,INR,wallet,1787916600,1787916600
pay_000000001828,payment,pay_000000001828,order_000000001828,INV-2026-001828,setl_000000001359,300000001359,40812200,0,0,0,40812200,40812200,INR,netbanking,1785843000,1785843000
pay_000000001829,payment,pay_000000001829,order_000000001829,INV-2026-001829,setl_000000001360,300000001360,47850800,0,0,0,47850800,47850800,INR,wallet,1784028600,1784028600
pay_000000001830,payment,pay_000000001830,order_000000001830,INV-2026-001830,setl_000000001361,300000001361,9949750,0,0,0,9949750,9949750,INR,wallet,1780659000,1780659000
pay_000000001831,payment,pay_000000001831,order_000000001831,INV-2026-001831,setl_000000001362,300000001362,47010999,0,0,0,47010999,47010999,INR,wallet,1785497400,1785670200
pay_000000001832,payment,pay_000000001832,order_000000001832,INV-2026-001832,setl_000000001363,300000001363,38340500,0,0,0,38340500,38340500,INR,card,1786447800,1786620600
pay_000000001833,payment,pay_000000001833,order_000000001833,INV-2026-001833,setl_000000001364,300000001364,49084550,0,0,0,49084550,49084550,INR,wallet,1785238200,1785238200
pay_000000001834,payment,pay_000000001834,order_000000001834,INV-2026-001834,setl_000000001365,300000001365,27636199,0,0,0,27636199,27636199,INR,wallet,1782819000,1782819000
pay_000000001835,payment,pay_000000001835,order_000000001835,INV-2026-001835,setl_000000001366,300000001366,35195975,0,0,0,35195975,35195975,INR,netbanking,1780572600,1780572600
pay_000000001836,payment,pay_000000001836,order_000000001836,INV-2026-001836,setl_000000001367,300000001367,522825,0,0,0,522825,522825,INR,upi,1786620600,1786707000
pay_000000001837,payment,pay_000000001837,order_000000001837,INV-2026-001837,setl_000000001368,300000001368,35981075,0,0,0,35981075,35981075,INR,card,1787139000,1787139000
pay_000000001838,payment,pay_000000001838,order_000000001838,INV-2026-001838,setl_000000001369,300000001369,9297500,0,0,0,9297500,9297500,INR,card,1787311800,1787311800
pay_000000001839,payment,pay_000000001839,order_000000001839,INV-2026-001839,setl_000000001370,300000001370,28504199,0,0,0,28504199,28504199,INR,upi,1782387000,1782559800
pay_000000001840,payment,pay_000000001840,order_000000001840,INV-2026-001840,setl_000000001371,300000001371,21601600,0,0,0,21601600,21601600,INR,card,1782473400,1782559800
pay_000000001841,payment,pay_000000001841,order_000000001841,INV-2026-001841,setl_000000001372,300000001372,29566000,0,0,0,29566000,29566000,INR,card,1784547000,1784719800
pay_000000001842,payment,pay_000000001842,order_000000001842,INV-2026-001842,setl_000000001373,300000001373,14359550,0,0,0,14359550,14359550,INR,card,1787225400,1787225400
pay_000000001843,payment,pay_000000001843,order_000000001843,INV-2026-001843,setl_000000001374,300000001374,6632699,0,0,0,6632699,6632699,INR,card,1786361400,1786534200
pay_000000001844,payment,pay_000000001844,order_000000001844,INV-2026-001844,setl_000000001375,300000001375,21521575,0,0,0,21521575,21521575,INR,upi,1781436600,1781523000
pay_000000001845,payment,pay_000000001845,order_000000001845,INV-2026-001845,setl_000000001376,300000001376,17753950,0,0,0,17753950,17753950,INR,wallet,1785583800,1785670200
pay_000000001846,payment,pay_000000001846,order_000000001846,INV-2026-001846,setl_000000001377,300000001377,46594875,0,0,0,46594875,46594875,INR,card,1787830200,1787830200
pay_000000001847,payment,pay_000000001847,order_000000001847,INV-2026-001847,setl_000000001378,300000001378,45024775,0,0,0,45024775,45024775,INR,wallet,1786620600,1786620600
pay_000000001848,payment,pay_000000001848,order_000000001848,INV-2026-001848,setl_000000001379,300000001379,23467600,0,0,0,23467600,23467600,INR,card,1783596600,1783596600
pay_000000001849,payment,pay_000000001849,order_000000001849,INV-2026-001849,setl_000000001380,300000001380,39351050,0,0,0,39351050,39351050,INR,wallet,1786447800,1786447800
pay_000000001850,payment,pay_000000001850,order_000000001850,INV-2026-001850,setl_000000001381,300000001381,45620075,0,0,0,45620075,45620075,INR,netbanking,1785670200,1785756600
pay_000000001851,payment,pay_000000001851,order_000000001851,INV-2026-001851,setl_000000001382,300000001382,33070725,0,0,0,33070725,33070725,INR,wallet,1783164600,1783251000
pay_000000001852,payment,pay_000000001852,order_000000001852,INV-2026-001852,setl_000000001383,300000001383,11625999,0,0,0,11625999,11625999,INR,netbanking,1781609400,1781695800
pay_000000001853,payment,pay_000000001853,order_000000001853,INV-2026-001853,setl_000000001384,300000001384,32304525,0,0,0,32304525,32304525,INR,wallet,1786966200,1787052600
pay_000000001854,payment,pay_000000001854,order_000000001854,INV-2026-001854,setl_000000001385,300000001385,10075050,0,0,0,10075050,10075050,INR,upi,1785324600,1785411000
pay_000000001855,payment,pay_000000001855,order_000000001855,INV-2026-001855,setl_000000001386,300000001386,15726200,0,0,0,15726200,15726200,INR,wallet,1781091000,1781177400
pay_000000001856,payment,pay_000000001856,order_000000001856,INV-2026-001856,setl_000000001387,300000001387,38161825,0,0,0,38161825,38161825,INR,netbanking,1781955000,1781955000
pay_000000001857,payment,pay_000000001857,order_000000001857,INV-2026-001857,setl_000000001388,300000001388,35937075,0,0,0,35937075,35937075,INR,netbanking,1780399800,1780399800
pay_000000001858,payment,pay_000000001858,order_000000001858,INV-2026-001858,setl_000000001389,300000001389,11374175,0,0,0,11374175,11374175,INR,wallet,1785238200,1785324600
pay_000000001859,payment,pay_000000001859,order_000000001859,INV-2026-001859,setl_000000001390,300000001390,21066075,0,0,0,21066075,21066075,INR,card,1787484600,1787571000
pay_000000001860,payment,pay_000000001860,order_000000001860,INV-2026-001860,setl_000000001391,300000001391,9562325,0,0,0,9562325,9562325,INR,wallet,1782300600,1782387000
pay_000000001861,payment,pay_000000001861,order_000000001861,INV-2026-001861,setl_000000001392,300000001392,20471150,0,0,0,20471150,20471150,INR,wallet,1780659000,1780745400
pay_000000001862,payment,pay_000000001862,order_000000001862,INV-2026-001862,setl_000000001393,300000001393,9955400,0,0,0,9955400,9955400,INR,netbanking,1786966200,1787052600
pay_000000001863,payment,pay_000000001863,order_000000001863,INV-2026-001863,setl_000000001394,300000001394,16357899,0,0,0,16357899,16357899,INR,netbanking,1785756600,1785843000
pay_000000001864,payment,pay_000000001864,order_000000001864,INV-2026-001864,setl_000000001395,300000001395,11112025,0,0,0,11112025,11112025,INR,netbanking,1786102200,1786275000
pay_000000001865,payment,pay_000000001865,order_000000001865,INV-2026-001865,setl_000000001396,300000001396,42444125,0,0,0,42444125,42444125,INR,wallet,1781523000,1781609400
pay_000000001866,payment,pay_000000001866,order_000000001866,INV-2026-001866,setl_000000001397,300000001397,20294400,0,0,0,20294400,20294400,INR,card,1783164600,1783164600
pay_000000001867,payment,pay_000000001867,order_000000001867,INV-2026-001867,setl_000000001398,300000001398,27101300,0,0,0,27101300,27101300,INR,card,1781955000,1782041400
pay_000000001868,payment,pay_000000001868,order_000000001868,INV-2026-001868,setl_000000001399,300000001399,11815500,0,0,0,11815500,11815500,INR,netbanking,1782387000,1782387000
pay_000000001869,payment,pay_000000001869,order_000000001869,INV-2026-001869,setl_000000001400,300000001400,24039950,0,0,0,24039950,24039950,INR,netbanking,1785065400,1785065400
pay_000000001870,payment,pay_000000001870,order_000000001870,INV-2026-001870,setl_000000001401,300000001401,35984100,0,0,0,35984100,35984100,INR,upi,1787139000,1787311800
pay_000000001871,payment,pay_000000001871,order_000000001871,INV-2026-001871,setl_000000001402,300000001402,38900100,0,0,0,38900100,38900100,INR,card,1784719800,1784892600
pay_000000001872,payment,pay_000000001872,order_000000001872,INV-2026-001872,setl_000000001403,300000001403,40947150,0,0,0,40947150,40947150,INR,card,1781868600,1781868600
pay_000000001873,payment,pay_000000001873,order_000000001873,INV-2026-001873,setl_000000001404,300000001404,7055625,0,0,0,7055625,7055625,INR,upi,1787225400,1787311800
pay_000000001874,payment,pay_000000001874,order_000000001874,INV-2026-001874,setl_000000001405,300000001405,18431600,0,0,0,18431600,18431600,INR,card,1783510200,1783596600
pay_000000001875,payment,pay_000000001875,order_000000001875,INV-2026-001875,setl_000000001406,300000001406,22041999,0,0,0,22041999,22041999,INR,wallet,1784201400,1784287800
pay_000000001876,payment,pay_000000001876,order_000000001876,INV-2026-001876,setl_000000001407,300000001407,38303625,0,0,0,38303625,38303625,INR,wallet,1785843000,1785929400
pay_000000001877,payment,pay_000000001877,order_000000001877,INV-2026-001877,setl_000000001408,300000001408,48688125,0,0,0,48688125,48688125,INR,wallet,1785151800,1785324600
pay_000000001878,payment,pay_000000001878,order_000000001878,INV-2026-001878,setl_000000001409,300000001409,31115700,0,0,0,31115700,31115700,INR,card,1781263800,1781263800
pay_000000001879,payment,pay_000000001879,order_000000001879,INV-2026-001879,setl_000000001410,300000001410,27418325,0,0,0,27418325,27418325,INR,card,1783855800,1784028600
pay_000000001880,payment,pay_000000001880,order_000000001880,INV-2026-001880,setl_000000001411,300000001411,6818525,0,0,0,6818525,6818525,INR,netbanking,1782905400,1783078200
pay_000000001881,payment,pay_000000001881,order_000000001881,INV-2026-001881,setl_000000001412,300000001412,32961825,0,0,0,32961825,32961825,INR,wallet,1784806200,1784892600
pay_000000001882,payment,pay_000000001882,order_000000001882,INV-2026-001882,setl_000000001413,300000001413,23000325,0,0,0,23000325,23000325,INR,wallet,1785929400,1786015800
pay_000000001883,payment,pay_000000001883,order_000000001883,INV-2026-001883,setl_000000001414,300000001414,14192975,0,0,0,14192975,14192975,INR,netbanking,1783337400,1783510200
pay_000000001884,payment,pay_000000001884,order_000000001884,INV-2026-001884,setl_000000001415,300000001415,28277875,0,0,0,28277875,28277875,INR,upi,1785324600,1785411000
pay_000000001885,payment,pay_000000001885,order_000000001885,INV-2026-001885,setl_000000001416,300000001416,17645000,0,0,0,17645000,17645000,INR,wallet,1783251000,1783423800
pay_000000001886,payment,pay_000000001886,order_000000001886,INV-2026-001886,setl_000000001417,300000001417,37986300,0,0,0,37986300,37986300,INR,card,1780831800,1781004600
pay_000000001887,payment,pay_000000001887,order_000000001887,INV-2026-001887,setl_000000001418,300000001418,9146600,0,0,0,9146600,9146600,INR,netbanking,1781868600,1781868600
pay_000000001888,payment,pay_000000001888,order_000000001888,INV-2026-001888,setl_000000001419,300000001419,525099,0,0,0,525099,525099,INR,netbanking,1782559800,1782559800
pay_000000001889,payment,pay_000000001889,order_000000001889,INV-2026-001889,setl_000000001420,300000001420,926900,0,0,0,926900,926900,INR,card,1782991800,1783164600
pay_000000001890,payment,pay_000000001890,order_000000001890,INV-2026-001890,setl_000000001421,300000001421,36630499,0,0,0,36630499,36630499,INR,upi,1783596600,1783769400
pay_000000001891,payment,pay_000000001891,order_000000001891,INV-2026-001891,setl_000000001422,300000001422,16928775,0,0,0,16928775,16928775,INR,card,1787484600,1787657400
pay_000000001892,payment,pay_000000001892,order_000000001892,INV-2026-001892,setl_000000001423,300000001423,25144875,0,0,0,25144875,25144875,INR,netbanking,1785929400,1786015800
pay_000000001893,payment,pay_000000001893,order_000000001893,INV-2026-001893,setl_000000001424,300000001424,36170600,0,0,0,36170600,36170600,INR,netbanking,1783596600,1783596600
pay_000000001894,payment,pay_000000001894,order_000000001894,INV-2026-001894,setl_000000001425,300000001425,41001300,0,0,0,41001300,41001300,INR,wallet,1786707000,1786707000
pay_000000001895,payment,pay_000000001895,order_000000001895,INV-2026-001895,setl_000000001426,300000001426,21623499,0,0,0,21623499,21623499,INR,card,1786534200,1786534200
pay_000000001896,payment,pay_000000001896,order_000000001896,INV-2026-001896,setl_000000001427,300000001427,2771475,0,0,0,2771475,2771475,INR,upi,1780831800,1780831800
pay_000000001897,payment,pay_000000001897,order_000000001897,INV-2026-001897,setl_000000001428,300000001428,26339600,0,0,0,26339600,26339600,INR,upi,1784719800,1784806200
pay_000000001898,payment,pay_000000001898,order_000000001898,INV-2026-001898,setl_000000001429,300000001429,45225600,0,0,0,45225600,45225600,INR,netbanking,1786188600,1786275000
pay_000000001899,payment,pay_000000001899,order_000000001899,INV-2026-001899,setl_000000001430,300000001430,34368550,0,0,0,34368550,34368550,INR,card,1784719800,1784719800
pay_000000001900,payment,pay_000000001900,order_000000001900,INV-2026-001900,setl_000000001431,300000001431,42402825,0,0,0,42402825,42402825,INR,upi,1785151800,1785324600
pay_000000001901,payment,pay_000000001901,order_000000001901,INV-2026-001901,setl_000000001432,300000001432,37474800,0,0,0,37474800,37474800,INR,netbanking,1785756600,1785843000
pay_000000001902,payment,pay_000000001902,order_000000001902,INV-2026-001902,setl_000000001433,300000001433,39406100,0,0,0,39406100,39406100,INR,netbanking,1784547000,1784633400
pay_000000001903,payment,pay_000000001903,order_000000001903,INV-2026-001903,setl_000000001434,300000001434,28918999,0,0,0,28918999,28918999,INR,wallet,1786707000,1786793400
pay_000000001904,payment,pay_000000001904,order_000000001904,INV-2026-001904,setl_000000001435,300000001435,3130050,0,0,0,3130050,3130050,INR,card,1781695800,1781695800
pay_000000001905,payment,pay_000000001905,order_000000001905,INV-2026-001905,setl_000000001436,300000001436,47850899,0,0,0,47850899,47850899,INR,wallet,1783683000,1783683000
pay_000000001906,payment,pay_000000001906,order_000000001906,INV-2026-001906,setl_000000001437,300000001437,36988599,0,0,0,36988599,36988599,INR,upi,1787657400,1787657400
pay_000000001907,payment,pay_000000001907,order_000000001907,INV-2026-001907,setl_000000001438,300000001438,49833075,0,0,0,49833075,49833075,INR,wallet,1784892600,1784892600
pay_000000001908,payment,pay_000000001908,order_000000001908,INV-2026-001908,setl_000000001439,300000001439,10382599,0,0,0,10382599,10382599,INR,netbanking,1782127800,1782127800
pay_000000001909,payment,pay_000000001909,order_000000001909,INV-2026-001909,setl_000000001440,300000001440,13946775,0,0,0,13946775,13946775,INR,wallet,1787225400,1787311800
pay_000000001910,payment,pay_000000001910,order_000000001910,INV-2026-001910,setl_000000001441,300000001441,44664599,0,0,0,44664599,44664599,INR,upi,1788003000,1788089400
pay_000000001911,payment,pay_000000001911,order_000000001911,INV-2026-001911,setl_000000001442,300000001442,15876299,0,0,0,15876299,15876299,INR,netbanking,1781350200,1781523000
pay_000000001912,payment,pay_000000001912,order_000000001912,INV-2026-001912,setl_000000001443,300000001443,3228100,0,0,0,3228100,3228100,INR,wallet,1781523000,1781523000
pay_000000001913,payment,pay_000000001913,order_000000001913,INV-2026-001913,setl_000000001444,300000001444,5783625,0,0,0,5783625,5783625,INR,wallet,1782905400,1782991800
pay_000000001914,payment,pay_000000001914,order_000000001914,INV-2026-001914,setl_000000001445,300000001445,2686075,0,0,0,2686075,2686075,INR,wallet,1783596600,1783596600
pay_000000001915,payment,pay_000000001915,order_000000001915,INV-2026-001915,setl_000000001446,300000001446,2040100,0,0,0,2040100,2040100,INR,upi,1787830200,1787830200
pay_000000001916,payment,pay_000000001916,order_000000001916,INV-2026-001916,setl_000000001447,300000001447,31357150,0,0,0,31357150,31357150,INR,upi,1787830200,1787830200
pay_000000001917,payment,pay_000000001917,order_000000001917,INV-2026-001917,setl_000000001448,300000001448,13029000,0,0,0,13029000,13029000,INR,wallet,1786879800,1786879800
pay_000000001918,payment,pay_000000001918,order_000000001918,INV-2026-001918,setl_000000001449,300000001449,14588425,0,0,0,14588425,14588425,INR,card,1780399800,1780399800
pay_000000001919,payment,pay_000000001919,order_000000001919,INV-2026-001919,setl_000000001450,300000001450,42223200,0,0,0,42223200,42223200,INR,netbanking,1781177400,1781263800
pay_000000001920,payment,pay_000000001920,order_000000001920,INV-2026-001920,setl_000000001451,300000001451,47856425,0,0,0,47856425,47856425,INR,upi,1782991800,1782991800
pay_000000001921,payment,pay_000000001921,order_000000001921,INV-2026-001921,setl_000000001452,300000001452,45032550,0,0,0,45032550,45032550,INR,card,1788003000,1788003000
pay_000000001922,payment,pay_000000001922,order_000000001922,INV-2026-001922,setl_000000001453,300000001453,42522800,0,0,0,42522800,42522800,INR,netbanking,1787311800,1787484600
pay_000000001923,payment,pay_000000001923,order_000000001923,INV-2026-001923,setl_000000001454,300000001454,16361500,0,0,0,16361500,16361500,INR,wallet,1787484600,1787657400
pay_000000001924,payment,pay_000000001924,order_000000001924,INV-2026-001924,setl_000000001455,300000001455,47936599,0,0,0,47936599,47936599,INR,netbanking,1785756600,1785843000
pay_000000001925,payment,pay_000000001925,order_000000001925,INV-2026-001925,setl_000000001456,300000001456,45002400,0,0,0,45002400,45002400,INR,wallet,1783510200,1783510200
pay_000000001926,payment,pay_000000001926,order_000000001926,INV-2026-001926,setl_000000001457,300000001457,35416675,0,0,0,35416675,35416675,INR,netbanking,1784115000,1784201400
pay_000000001927,payment,pay_000000001927,order_000000001927,INV-2026-001927,setl_000000001458,300000001458,26706000,0,0,0,26706000,26706000,INR,netbanking,1787830200,1787916600
pay_000000001928,payment,pay_000000001928,order_000000001928,INV-2026-001928,setl_000000001459,300000001459,32857299,0,0,0,32857299,32857299,INR,wallet,1785151800,1785238200
pay_000000001929,payment,pay_000000001929,order_000000001929,INV-2026-001929,setl_000000001460,300000001460,35231499,0,0,0,35231499,35231499,INR,wallet,1781177400,1781177400
pay_000000001930,payment,pay_000000001930,order_000000001930,INV-2026-001930,setl_000000001461,300000001461,35982899,0,0,0,35982899,35982899,INR,card,1782905400,1782905400
pay_000000001931,payment,pay_000000001931,order_000000001931,INV-2026-001931,setl_000000001462,300000001462,18124475,0,0,0,18124475,18124475,INR,netbanking,1781695800,1781695800
pay_000000001932,payment,pay_000000001932,order_000000001932,INV-2026-001932,setl_000000001463,300000001463,41281250,0,0,0,41281250,41281250,INR,netbanking,1783164600,1783251000
pay_000000001933,payment,pay_000000001933,order_000000001933,INV-2026-001933,setl_000000001464,300000001464,438700,0,0,0,438700,438700,INR,wallet,1782991800,1783078200
pay_000000001934,payment,pay_000000001934,order_000000001934,INV-2026-001934,setl_000000001465,300000001465,31037800,0,0,0,31037800,31037800,INR,card,1782127800,1782127800
pay_000000001935,payment,pay_000000001935,order_000000001935,INV-2026-001935,setl_000000001466,300000001466,27598099,0,0,0,27598099,27598099,INR,wallet,1785583800,1785583800
pay_000000001936,payment,pay_000000001936,order_000000001936,INV-2026-001936,setl_000000001467,300000001467,6121750,0,0,0,6121750,6121750,INR,card,1780399800,1780399800
pay_000000001937,payment,pay_000000001937,order_000000001937,INV-2026-001937,setl_000000001468,300000001468,1211600,0,0,0,1211600,1211600,INR,upi,1787830200,1787830200
pay_000000001938,payment,pay_000000001938,order_000000001938,INV-2026-001938,setl_000000001469,300000001469,21860700,0,0,0,21860700,21860700,INR,upi,1785411000,1785497400
pay_000000001939,payment,pay_000000001939,order_000000001939,INV-2026-001939,setl_000000001470,300000001470,47734099,0,0,0,47734099,47734099,INR,card,1784028600,1784115000
pay_000000001940,payment,pay_000000001940,order_000000001940,INV-2026-001940,setl_000000001471,300000001471,7155950,0,0,0,7155950,7155950,INR,netbanking,1785670200,1785670200
pay_000000001941,payment,pay_000000001941,order_000000001941,INV-2026-001941,setl_000000001472,300000001472,7032800,0,0,0,7032800,7032800,INR,netbanking,1787139000,1787139000
pay_000000001942,payment,pay_000000001942,order_000000001942,INV-2026-001942,setl_000000001473,300000001473,28176975,0,0,0,28176975,28176975,INR,upi,1784374200,1784460600
pay_000000001943,payment,pay_000000001943,order_000000001943,INV-2026-001943,setl_000000001474,300000001474,16341000,0,0,0,16341000,16341000,INR,wallet,1783596600,1783769400
pay_000000001944,payment,pay_000000001944,order_000000001944,INV-2026-001944,setl_000000001475,300000001475,23668400,0,0,0,23668400,23668400,INR,wallet,1787398200,1787484600
pay_000000001945,payment,pay_000000001945,order_000000001945,INV-2026-001945,setl_000000001476,300000001476,25085000,0,0,0,25085000,25085000,INR,netbanking,1784028600,1784115000
pay_000000001946,payment,pay_000000001946,order_000000001946,INV-2026-001946,setl_000000001477,300000001477,45406050,0,0,0,45406050,45406050,INR,upi,1780831800,1781004600
pay_000000001947,payment,pay_000000001947,order_000000001947,INV-2026-001947,setl_000000001478,300000001478,13820525,0,0,0,13820525,13820525,INR,card,1781955000,1781955000
pay_000000001948,payment,pay_000000001948,order_000000001948,INV-2026-001948,setl_000000001479,300000001479,37363400,0,0,0,37363400,37363400,INR,card,1785324600,1785324600
pay_000000001949,payment,pay_000000001949,order_000000001949,INV-2026-001949,setl_000000001480,300000001480,11779700,0,0,0,11779700,11779700,INR,netbanking,1783942200,1784115000
pay_000000001950,payment,pay_000000001950,order_000000001950,INV-2026-001950,setl_000000001481,300000001481,13165099,0,0,0,13165099,13165099,INR,card,1786879800,1786879800
pay_000000001951,payment,pay_000000001951,order_000000001951,INV-2026-001951,setl_000000001482,300000001482,33452800,0,0,0,33452800,33452800,INR,wallet,1785065400,1785151800
pay_000000001952,payment,pay_000000001952,order_000000001952,INV-2026-001952,setl_000000001483,300000001483,13132900,0,0,0,13132900,13132900,INR,wallet,1784719800,1784892600
pay_000000001953,payment,pay_000000001953,order_000000001953,INV-2026-001953,setl_000000001484,300000001484,1107900,0,0,0,1107900,1107900,INR,card,1783769400,1783769400
pay_000000001954,payment,pay_000000001954,order_000000001954,INV-2026-001954,setl_000000001485,300000001485,33081499,0,0,0,33081499,33081499,INR,upi,1787743800,1787743800
pay_000000001955,payment,pay_000000001955,order_000000001955,INV-2026-001955,setl_000000001486,300000001486,2981700,0,0,0,2981700,2981700,INR,upi,1782819000,1782905400
pay_000000001956,payment,pay_000000001956,order_000000001956,INV-2026-001956,setl_000000001487,300000001487,42251225,0,0,0,42251225,42251225,INR,upi,1783251000,1783423800
pay_000000001957,payment,pay_000000001957,order_000000001957,INV-2026-001957,setl_000000001488,300000001488,42706800,0,0,0,42706800,42706800,INR,upi,1785670200,1785843000
pay_000000001958,payment,pay_000000001958,order_000000001958,INV-2026-001958,setl_000000001489,300000001489,37479199,0,0,0,37479199,37479199,INR,netbanking,1785497400,1785497400
pay_000000001959,payment,pay_000000001959,order_000000001959,INV-2026-001959,setl_000000001490,300000001490,21573700,0,0,0,21573700,21573700,INR,upi,1780486200,1780572600
pay_000000001960,payment,pay_000000001960,order_000000001960,INV-2026-001960,setl_000000001491,300000001491,2277600,0,0,0,2277600,2277600,INR,netbanking,1781955000,1781955000
pay_000000001961,payment,pay_000000001961,order_000000001961,INV-2026-001961,setl_000000001492,300000001492,47962425,0,0,0,47962425,47962425,INR,upi,1780745400,1780918200
pay_000000001962,payment,pay_000000001962,order_000000001962,INV-2026-001962,setl_000000001493,300000001493,14834999,0,0,0,14834999,14834999,INR,upi,1784633400,1784806200
pay_000000001963,payment,pay_000000001963,order_000000001963,INV-2026-001963,setl_000000001494,300000001494,39880125,0,0,0,39880125,39880125,INR,wallet,1786188600,1786188600
pay_000000001964,payment,pay_000000001964,order_000000001964,INV-2026-001964,setl_000000001495,300000001495,14922500,0,0,0,14922500,14922500,INR,card,1785411000,1785583800
pay_000000001965,payment,pay_000000001965,order_000000001965,INV-2026-001965,setl_000000001496,300000001496,46850600,0,0,0,46850600,46850600,INR,wallet,1783164600,1783251000
pay_000000001966,payment,pay_000000001966,order_000000001966,INV-2026-001966,setl_000000001497,300000001497,22381500,0,0,0,22381500,22381500,INR,upi,1784201400,1784287800
pay_000000001967,payment,pay_000000001967,order_000000001967,INV-2026-001967,setl_000000001498,300000001498,11084325,0,0,0,11084325,11084325,INR,upi,1781868600,1781868600
pay_000000001968,payment,pay_000000001968,order_000000001968,INV-2026-001968,setl_000000001499,300000001499,31132799,0,0,0,31132799,31132799,INR,upi,1782041400,1782127800
pay_000000001969,payment,pay_000000001969,order_000000001969,INV-2026-001969,setl_000000001500,300000001500,31025300,0,0,0,31025300,31025300,INR,upi,1785843000,1786015800
pay_000000001970,payment,pay_000000001970,order_000000001970,INV-2026-001970,setl_000000001501,300000001501,11621799,0,0,0,11621799,11621799,INR,upi,1787657400,1787657400
pay_000000001971,payment,pay_000000001971,order_000000001971,INV-2026-001971,setl_000000001502,300000001502,14332850,0,0,0,14332850,14332850,INR,wallet,1784547000,1784547000
pay_000000001972,payment,pay_000000001972,order_000000001972,INV-2026-001972,setl_000000001503,300000001503,11867800,0,0,0,11867800,11867800,INR,wallet,1780659000,1780745400
pay_000000001973,payment,pay_000000001973,order_000000001973,INV-2026-001973,setl_000000001504,300000001504,27183899,0,0,0,27183899,27183899,INR,upi,1787225400,1787225400
pay_000000001974,payment,pay_000000001974,order_000000001974,INV-2026-001974,setl_000000001505,300000001505,32302300,0,0,0,32302300,32302300,INR,wallet,1786707000,1786879800
pay_000000001975,payment,pay_000000001975,order_000000001975,INV-2026-001975,setl_000000001506,300000001506,29214800,0,0,0,29214800,29214800,INR,wallet,1783078200,1783251000
pay_000000001976,payment,pay_000000001976,order_000000001976,INV-2026-001976,setl_000000001507,300000001507,8095350,0,0,0,8095350,8095350,INR,upi,1787743800,1787830200
pay_000000001977,payment,pay_000000001977,order_000000001977,INV-2026-001977,setl_000000001508,300000001508,26385725,0,0,0,26385725,26385725,INR,card,1781609400,1781609400
pay_000000001978,payment,pay_000000001978,order_000000001978,INV-2026-001978,setl_000000001509,300000001509,2473200,0,0,0,2473200,2473200,INR,netbanking,1783164600,1783164600
pay_000000001979,payment,pay_000000001979,order_000000001979,INV-2026-001979,setl_000000001510,300000001510,30888675,0,0,0,30888675,30888675,INR,netbanking,1780313400,1780399800
pay_000000001980,payment,pay_000000001980,order_000000001980,INV-2026-001980,setl_000000001511,300000001511,11250500,0,0,0,11250500,11250500,INR,upi,1780486200,1780486200
pay_000000001981,payment,pay_000000001981,order_000000001981,INV-2026-001981,setl_000000001512,300000001512,14192599,0,0,0,14192599,14192599,INR,netbanking,1780831800,1780918200
pay_000000001982,payment,pay_000000001982,order_000000001982,INV-2026-001982,setl_000000001513,300000001513,32336900,0,0,0,32336900,32336900,INR,wallet,1781263800,1781263800
pay_000000001983,payment,pay_000000001983,order_000000001983,INV-2026-001983,setl_000000001514,300000001514,4692175,0,0,0,4692175,4692175,INR,upi,1780659000,1780659000
pay_000000001984,payment,pay_000000001984,order_000000001984,INV-2026-001984,setl_000000001515,300000001515,49937925,0,0,0,49937925,49937925,INR,netbanking,1784719800,1784806200
pay_000000001985,payment,pay_000000001985,order_000000001985,INV-2026-001985,setl_000000001516,300000001516,2907950,0,0,0,2907950,2907950,INR,upi,1785411000,1785411000
pay_000000001986,payment,pay_000000001986,order_000000001986,INV-2026-001986,setl_000000001517,300000001517,5689825,0,0,0,5689825,5689825,INR,upi,1784979000,1784979000
pay_000000001987,payment,pay_000000001987,order_000000001987,INV-2026-001987,setl_000000001518,300000001518,34995775,0,0,0,34995775,34995775,INR,wallet,1786015800,1786102200
pay_000000001988,payment,pay_000000001988,order_000000001988,INV-2026-001988,setl_000000001519,300000001519,9543050,0,0,0,9543050,9543050,INR,netbanking,1787225400,1787311800
pay_000000001989,payment,pay_000000001989,order_000000001989,INV-2026-001989,setl_000000001520,300000001520,47969500,0,0,0,47969500,47969500,INR,wallet,1783251000,1783423800
pay_000000001990,payment,pay_000000001990,order_000000001990,INV-2026-001990,setl_000000001521,300000001521,23862575,0,0,0,23862575,23862575,INR,upi,1781263800,1781350200
pay_000000001991,payment,pay_000000001991,order_000000001991,INV-2026-001991,setl_000000001522,300000001522,45855300,0,0,0,45855300,45855300,INR,card,1783769400,1783855800
pay_000000001992,payment,pay_000000001992,order_000000001992,INV-2026-001992,setl_000000001523,300000001523,5428000,0,0,0,5428000,5428000,INR,netbanking,1787571000,1787743800
pay_000000001993,payment,pay_000000001993,order_000000001993,INV-2026-001993,setl_000000001524,300000001524,43812599,0,0,0,43812599,43812599,INR,netbanking,1787484600,1787484600
pay_000000001994,payment,pay_000000001994,order_000000001994,INV-2026-001994,setl_000000001525,300000001525,3791699,0,0,0,3791699,3791699,INR,card,1786707000,1786793400
pay_000000001995,payment,pay_000000001995,order_000000001995,INV-2026-001995,setl_000000001526,300000001526,7436475,0,0,0,7436475,7436475,INR,netbanking,1782387000,1782559800
pay_000000001996,payment,pay_000000001996,order_000000001996,INV-2026-001996,setl_000000001527,300000001527,6646750,0,0,0,6646750,6646750,INR,card,1787743800,1787830200
pay_000000001997,payment,pay_000000001997,order_000000001997,INV-2026-001997,setl_000000001528,300000001528,11284299,0,0,0,11284299,11284299,INR,wallet,1781177400,1781350200
pay_000000001998,payment,pay_000000001998,order_000000001998,INV-2026-001998,setl_000000001529,300000001529,26667900,0,0,0,26667900,26667900,INR,upi,1783769400,1783942200
pay_000000001999,payment,pay_000000001999,order_000000001999,INV-2026-001999,setl_000000001530,300000001530,46526275,0,0,0,46526275,46526275,INR,upi,1784719800,1784806200
pay_000000002000,payment,pay_000000002000,order_000000002000,INV-2026-002000,setl_000000001531,300000001531,27375300,0,0,0,27375300,27375300,INR,wallet,1782991800,1783164600
pay_000000002001,payment,pay_000000002001,order_000000002001,INV-2026-002001,setl_000000001532,300000001532,16902025,0,0,0,16902025,16902025,INR,upi,1785756600,1785843000
pay_000000002002,payment,pay_000000002002,order_000000002002,INV-2026-002002,setl_000000001533,300000001533,5236375,0,0,0,5236375,5236375,INR,netbanking,1781955000,1781955000
pay_000000002003,payment,pay_000000002003,order_000000002003,INV-2026-002003,setl_000000001534,300000001534,3899025,0,0,0,3899025,3899025,INR,netbanking,1780313400,1780313400
pay_000000002004,payment,pay_000000002004,order_000000002004,INV-2026-002004,setl_000000001535,300000001535,30449400,0,0,0,30449400,30449400,INR,card,1784115000,1784115000
pay_000000002005,payment,pay_000000002005,order_000000002005,INV-2026-002005,setl_000000001536,300000001536,18719850,0,0,0,18719850,18719850,INR,wallet,1787484600,1787571000
pay_000000002006,payment,pay_000000002006,order_000000002006,INV-2026-002006,setl_000000001537,300000001537,26742475,0,0,0,26742475,26742475,INR,card,1781868600,1782041400
pay_000000002007,payment,pay_000000002007,order_000000002007,INV-2026-002007,setl_000000001538,300000001538,9105475,0,0,0,9105475,9105475,INR,wallet,1785151800,1785151800
pay_000000002008,payment,pay_000000002008,order_000000002008,INV-2026-002008,setl_000000001539,300000001539,7320825,0,0,0,7320825,7320825,INR,upi,1785497400,1785583800
pay_000000002009,payment,pay_000000002009,order_000000002009,INV-2026-002009,setl_000000001540,300000001540,17507200,0,0,0,17507200,17507200,INR,upi,1787830200,1788003000
pay_000000002010,payment,pay_000000002010,order_000000002010,INV-2026-002010,setl_000000001541,300000001541,662850,0,0,0,662850,662850,INR,card,1781782200,1781782200
pay_000000002011,payment,pay_000000002011,order_000000002011,INV-2026-002011,setl_000000001542,300000001542,30148300,0,0,0,30148300,30148300,INR,upi,1786447800,1786447800
pay_000000002012,payment,pay_000000002012,order_000000002012,INV-2026-002012,setl_000000001543,300000001543,49533400,0,0,0,49533400,49533400,INR,wallet,1784547000,1784547000
pay_000000002013,payment,pay_000000002013,order_000000002013,INV-2026-002013,setl_000000001544,300000001544,7581625,0,0,0,7581625,7581625,INR,card,1784806200,1784979000
pay_000000002014,payment,pay_000000002014,order_000000002014,INV-2026-002014,setl_000000001545,300000001545,43954400,0,0,0,43954400,43954400,INR,card,1783942200,1784028600
pay_000000002015,payment,pay_000000002015,order_000000002015,INV-2026-002015,setl_000000001546,300000001546,18441700,0,0,0,18441700,18441700,INR,netbanking,1780918200,1781091000
pay_000000002016,payment,pay_000000002016,order_000000002016,INV-2026-002016,setl_000000001547,300000001547,22927699,0,0,0,22927699,22927699,INR,wallet,1782300600,1782387000
pay_000000002017,payment,pay_000000002017,order_000000002017,INV-2026-002017,setl_000000001548,300000001548,46701199,0,0,0,46701199,46701199,INR,card,1783683000,1783683000
pay_000000002018,payment,pay_000000002018,order_000000002018,INV-2026-002018,setl_000000001549,300000001549,31938299,0,0,0,31938299,31938299,INR,card,1781263800,1781263800
pay_000000002019,payment,pay_000000002019,order_000000002019,INV-2026-002019,setl_000000001550,300000001550,20497600,0,0,0,20497600,20497600,INR,netbanking,1786361400,1786534200
pay_000000002020,payment,pay_000000002020,order_000000002020,INV-2026-002020,setl_000000001551,300000001551,19811100,0,0,0,19811100,19811100,INR,card,1780313400,1780486200
pay_000000002021,payment,pay_000000002021,order_000000002021,INV-2026-002021,setl_000000001552,300000001552,43988225,0,0,0,43988225,43988225,INR,wallet,1786966200,1787139000
pay_000000002022,payment,pay_000000002022,order_000000002022,INV-2026-002022,setl_000000001553,300000001553,19262475,0,0,0,19262475,19262475,INR,wallet,1787398200,1787571000
pay_000000002023,payment,pay_000000002023,order_000000002023,INV-2026-002023,setl_000000001554,300000001554,14606600,0,0,0,14606600,14606600,INR,netbanking,1785411000,1785583800
pay_000000002024,payment,pay_000000002024,order_000000002024,INV-2026-002024,setl_000000001555,300000001555,18694225,0,0,0,18694225,18694225,INR,wallet,1781436600,1781609400
pay_000000002025,payment,pay_000000002025,order_000000002025,INV-2026-002025,setl_000000001556,300000001556,31870275,0,0,0,31870275,31870275,INR,netbanking,1786620600,1786707000
pay_000000002026,payment,pay_000000002026,order_000000002026,INV-2026-002026,setl_000000001557,300000001557,35604200,0,0,0,35604200,35604200,INR,card,1785670200,1785843000
pay_000000002027,payment,pay_000000002027,order_000000002027,INV-2026-002027,setl_000000001558,300000001558,28128500,0,0,0,28128500,28128500,INR,card,1784547000,1784719800
pay_000000002028,payment,pay_000000002028,order_000000002028,INV-2026-002028,setl_000000001559,300000001559,7347999,0,0,0,7347999,7347999,INR,netbanking,1787830200,1787916600
pay_000000002029,payment,pay_000000002029,order_000000002029,INV-2026-002029,setl_000000001560,300000001560,6808700,0,0,0,6808700,6808700,INR,wallet,1783251000,1783337400
pay_000000002030,payment,pay_000000002030,order_000000002030,INV-2026-002030,setl_000000001561,300000001561,10300650,0,0,0,10300650,10300650,INR,netbanking,1783683000,1783769400
pay_000000002031,payment,pay_000000002031,order_000000002031,INV-2026-002031,setl_000000001562,300000001562,22040100,0,0,0,22040100,22040100,INR,wallet,1780572600,1780659000
pay_000000002032,payment,pay_000000002032,order_000000002032,INV-2026-002032,setl_000000001563,300000001563,329100,0,0,0,329100,329100,INR,netbanking,1784374200,1784460600
pay_000000002033,payment,pay_000000002033,order_000000002033,INV-2026-002033,setl_000000001564,300000001564,35340700,0,0,0,35340700,35340700,INR,card,1782646200,1782646200
pay_000000002034,payment,pay_000000002034,order_000000002034,INV-2026-002034,setl_000000001565,300000001565,29751950,0,0,0,29751950,29751950,INR,wallet,1787571000,1787571000
pay_000000002035,payment,pay_000000002035,order_000000002035,INV-2026-002035,setl_000000001566,300000001566,37917000,0,0,0,37917000,37917000,INR,upi,1784028600,1784201400
pay_000000002036,payment,pay_000000002036,order_000000002036,INV-2026-002036,setl_000000001567,300000001567,3973725,0,0,0,3973725,3973725,INR,card,1787484600,1787484600
pay_000000002037,payment,pay_000000002037,order_000000002037,INV-2026-002037,setl_000000001568,300000001568,22010100,0,0,0,22010100,22010100,INR,card,1780918200,1781091000
pay_000000002038,payment,pay_000000002038,order_000000002038,INV-2026-002038,setl_000000001569,300000001569,10245700,0,0,0,10245700,10245700,INR,upi,1782041400,1782214200
pay_000000002039,payment,pay_000000002039,order_000000002039,INV-2026-002039,setl_000000001570,300000001570,46291800,0,0,0,46291800,46291800,INR,upi,1785670200,1785756600
pay_000000002040,payment,pay_000000002040,order_000000002040,INV-2026-002040,setl_000000001571,300000001571,24271300,0,0,0,24271300,24271300,INR,wallet,1785238200,1785411000
pay_000000002041,payment,pay_000000002041,order_000000002041,INV-2026-002041,setl_000000001572,300000001572,4630400,0,0,0,4630400,4630400,INR,wallet,1787052600,1787225400
pay_000000002042,payment,pay_000000002042,order_000000002042,INV-2026-002042,setl_000000001573,300000001573,33941425,0,0,0,33941425,33941425,INR,netbanking,1784979000,1784979000
pay_000000002043,payment,pay_000000002043,order_000000002043,INV-2026-002043,setl_000000001574,300000001574,24542925,0,0,0,24542925,24542925,INR,upi,1786102200,1786102200
pay_000000002044,payment,pay_000000002044,order_000000002044,INV-2026-002044,setl_000000001575,300000001575,244875,0,0,0,244875,244875,INR,upi,1781609400,1781695800
pay_000000002045,payment,pay_000000002045,order_000000002045,INV-2026-002045,setl_000000001576,300000001576,11893050,0,0,0,11893050,11893050,INR,netbanking,1786361400,1786534200
pay_000000002046,payment,pay_000000002046,order_000000002046,INV-2026-002046,setl_000000001577,300000001577,35556850,0,0,0,35556850,35556850,INR,wallet,1780831800,1780831800
pay_000000002047,payment,pay_000000002047,order_000000002047,INV-2026-002047,setl_000000001578,300000001578,47349850,0,0,0,47349850,47349850,INR,wallet,1784287800,1784460600
pay_000000002048,payment,pay_000000002048,order_000000002048,INV-2026-002048,setl_000000001579,300000001579,20210575,0,0,0,20210575,20210575,INR,netbanking,1787743800,1787916600
pay_000000002049,payment,pay_000000002049,order_000000002049,INV-2026-002049,setl_000000001580,300000001580,24143199,0,0,0,24143199,24143199,INR,wallet,1787052600,1787052600
pay_000000002050,payment,pay_000000002050,order_000000002050,INV-2026-002050,setl_000000001581,300000001581,18109550,0,0,0,18109550,18109550,INR,netbanking,1781263800,1781350200
pay_000000002051,payment,pay_000000002051,order_000000002051,INV-2026-002051,setl_000000001582,300000001582,38607400,0,0,0,38607400,38607400,INR,wallet,1787743800,1787830200
pay_000000002052,payment,pay_000000002052,order_000000002052,INV-2026-002052,setl_000000001583,300000001583,5194500,0,0,0,5194500,5194500,INR,upi,1781263800,1781436600
pay_000000002053,payment,pay_000000002053,order_000000002053,INV-2026-002053,setl_000000001584,300000001584,6275225,0,0,0,6275225,6275225,INR,upi,1787657400,1787657400
pay_000000002054,payment,pay_000000002054,order_000000002054,INV-2026-002054,setl_000000001585,300000001585,49816750,0,0,0,49816750,49816750,INR,upi,1787571000,1787571000
pay_000000002055,payment,pay_000000002055,order_000000002055,INV-2026-002055,setl_000000001586,300000001586,23528100,0,0,0,23528100,23528100,INR,netbanking,1784547000,1784547000
pay_000000002056,payment,pay_000000002056,order_000000002056,INV-2026-002056,setl_000000001587,300000001587,17713425,0,0,0,17713425,17713425,INR,netbanking,1780831800,1780918200
pay_000000002057,payment,pay_000000002057,order_000000002057,INV-2026-002057,setl_000000001588,300000001588,323900,0,0,0,323900,323900,INR,card,1787052600,1787052600
pay_000000002058,payment,pay_000000002058,order_000000002058,INV-2026-002058,setl_000000001589,300000001589,13165025,0,0,0,13165025,13165025,INR,upi,1786966200,1786966200
pay_000000002059,payment,pay_000000002059,order_000000002059,INV-2026-002059,setl_000000001590,300000001590,7037075,0,0,0,7037075,7037075,INR,wallet,1782905400,1782905400
pay_000000002060,payment,pay_000000002060,order_000000002060,INV-2026-002060,setl_000000001591,300000001591,13106300,0,0,0,13106300,13106300,INR,card,1782646200,1782732600
pay_000000002061,payment,pay_000000002061,order_000000002061,INV-2026-002061,setl_000000001592,300000001592,36723000,0,0,0,36723000,36723000,INR,card,1785670200,1785843000
pay_000000002062,payment,pay_000000002062,order_000000002062,INV-2026-002062,setl_000000001593,300000001593,18640850,0,0,0,18640850,18640850,INR,netbanking,1783855800,1784028600
pay_000000002063,payment,pay_000000002063,order_000000002063,INV-2026-002063,setl_000000001594,300000001594,30718400,0,0,0,30718400,30718400,INR,netbanking,1783769400,1783942200
pay_000000002064,payment,pay_000000002064,order_000000002064,INV-2026-002064,setl_000000001595,300000001595,44126375,0,0,0,44126375,44126375,INR,wallet,1782127800,1782300600
pay_000000002065,payment,pay_000000002065,order_000000002065,INV-2026-002065,setl_000000001596,300000001596,49631625,0,0,0,49631625,49631625,INR,netbanking,1788003000,1788175800
pay_000000002066,payment,pay_000000002066,order_000000002066,INV-2026-002066,setl_000000001597,300000001597,4293975,0,0,0,4293975,4293975,INR,card,1780313400,1780399800
pay_000000002067,payment,pay_000000002067,order_000000002067,INV-2026-002067,setl_000000001598,300000001598,33880775,0,0,0,33880775,33880775,INR,netbanking,1780659000,1780659000
pay_000000002068,payment,pay_000000002068,order_000000002068,INV-2026-002068,setl_000000001599,300000001599,18156099,0,0,0,18156099,18156099,INR,netbanking,1785238200,1785238200
pay_000000002069,payment,pay_000000002069,order_000000002069,INV-2026-002069,setl_000000001600,300000001600,5552550,0,0,0,5552550,5552550,INR,upi,1785583800,1785756600
pay_000000002070,payment,pay_000000002070,order_000000002070,INV-2026-002070,setl_000000001601,300000001601,14703325,0,0,0,14703325,14703325,INR,wallet,1787657400,1787743800
pay_000000002071,payment,pay_000000002071,order_000000002071,INV-2026-002071,setl_000000001602,300000001602,36248150,0,0,0,36248150,36248150,INR,wallet,1780572600,1780572600
pay_000000002072,payment,pay_000000002072,order_000000002072,INV-2026-002072,setl_000000001603,300000001603,3201500,0,0,0,3201500,3201500,INR,upi,1781695800,1781868600
pay_000000002073,payment,pay_000000002073,order_000000002073,INV-2026-002073,setl_000000001604,300000001604,46818925,0,0,0,46818925,46818925,INR,upi,1781091000,1781091000
pay_000000002074,payment,pay_000000002074,order_000000002074,INV-2026-002074,setl_000000001605,300000001605,48649150,0,0,0,48649150,48649150,INR,wallet,1784287800,1784460600
pay_000000002075,payment,pay_000000002075,order_000000002075,INV-2026-002075,setl_000000001606,300000001606,46815700,0,0,0,46815700,46815700,INR,card,1783855800,1784028600
pay_000000002076,payment,pay_000000002076,order_000000002076,INV-2026-002076,setl_000000001607,300000001607,38848499,0,0,0,38848499,38848499,INR,card,1787571000,1787657400
pay_000000002077,payment,pay_000000002077,order_000000002077,INV-2026-002077,setl_000000001608,300000001608,15795599,0,0,0,15795599,15795599,INR,netbanking,1784374200,1784460600
pay_000000002078,payment,pay_000000002078,order_000000002078,INV-2026-002078,setl_000000001609,300000001609,15838300,0,0,0,15838300,15838300,INR,netbanking,1782387000,1782559800
pay_000000002079,payment,pay_000000002079,order_000000002079,INV-2026-002079,setl_000000001610,300000001610,15281375,0,0,0,15281375,15281375,INR,netbanking,1780486200,1780659000
pay_000000002080,payment,pay_000000002080,order_000000002080,INV-2026-002080,setl_000000001611,300000001611,48600499,0,0,0,48600499,48600499,INR,netbanking,1785583800,1785756600
pay_000000002081,payment,pay_000000002081,order_000000002081,INV-2026-002081,setl_000000001612,300000001612,42097825,0,0,0,42097825,42097825,INR,upi,1784287800,1784374200
pay_000000002082,payment,pay_000000002082,order_000000002082,INV-2026-002082,setl_000000001613,300000001613,40641700,0,0,0,40641700,40641700,INR,card,1787139000,1787139000
pay_000000002083,payment,pay_000000002083,order_000000002083,INV-2026-002083,setl_000000001614,300000001614,21709500,0,0,0,21709500,21709500,INR,card,1784287800,1784287800
pay_000000002084,payment,pay_000000002084,order_000000002084,INV-2026-002084,setl_000000001615,300000001615,8048400,0,0,0,8048400,8048400,INR,wallet,1785065400,1785238200
pay_000000002085,payment,pay_000000002085,order_000000002085,INV-2026-002085,setl_000000001616,300000001616,40088950,0,0,0,40088950,40088950,INR,netbanking,1783510200,1783510200
pay_000000002086,payment,pay_000000002086,order_000000002086,INV-2026-002086,setl_000000001617,300000001617,20591300,0,0,0,20591300,20591300,INR,wallet,1780918200,1781091000
pay_000000002087,payment,pay_000000002087,order_000000002087,INV-2026-002087,setl_000000001618,300000001618,10367975,0,0,0,10367975,10367975,INR,upi,1785756600,1785929400
pay_000000002088,payment,pay_000000002088,order_000000002088,INV-2026-002088,setl_000000001619,300000001619,21015899,0,0,0,21015899,21015899,INR,upi,1785411000,1785411000
pay_000000002089,payment,pay_000000002089,order_000000002089,INV-2026-002089,setl_000000001620,300000001620,1635050,0,0,0,1635050,1635050,INR,netbanking,1781436600,1781609400
pay_000000002090,payment,pay_000000002090,order_000000002090,INV-2026-002090,setl_000000001621,300000001621,39559850,0,0,0,39559850,39559850,INR,wallet,1784028600,1784201400
pay_000000002091,payment,pay_000000002091,order_000000002091,INV-2026-002091,setl_000000001622,300000001622,28502799,0,0,0,28502799,28502799,INR,netbanking,1787916600,1787916600
pay_000000002092,payment,pay_000000002092,order_000000002092,INV-2026-002092,setl_000000001623,300000001623,39473500,0,0,0,39473500,39473500,INR,card,1784979000,1785065400
pay_000000002093,payment,pay_000000002093,order_000000002093,INV-2026-002093,setl_000000001624,300000001624,47211799,0,0,0,47211799,47211799,INR,wallet,1783337400,1783510200
pay_000000002094,payment,pay_000000002094,order_000000002094,INV-2026-002094,setl_000000001625,300000001625,8942425,0,0,0,8942425,8942425,INR,wallet,1785151800,1785238200
pay_000000002095,payment,pay_000000002095,order_000000002095,INV-2026-002095,setl_000000001626,300000001626,28359950,0,0,0,28359950,28359950,INR,netbanking,1781609400,1781609400
pay_000000002096,payment,pay_000000002096,order_000000002096,INV-2026-002096,setl_000000001627,300000001627,33161200,0,0,0,33161200,33161200,INR,netbanking,1784460600,1784547000
pay_000000002097,payment,pay_000000002097,order_000000002097,INV-2026-002097,setl_000000001628,300000001628,42006175,0,0,0,42006175,42006175,INR,netbanking,1783251000,1783423800
pay_000000002098,payment,pay_000000002098,order_000000002098,INV-2026-002098,setl_000000001629,300000001629,21787875,0,0,0,21787875,21787875,INR,wallet,1781782200,1781782200
pay_000000002099,payment,pay_000000002099,order_000000002099,INV-2026-002099,setl_000000001630,300000001630,45832999,0,0,0,45832999,45832999,INR,card,1782559800,1782646200
pay_000000002100,payment,pay_000000002100,order_000000002100,INV-2026-002100,setl_000000001631,300000001631,48267400,0,0,0,48267400,48267400,INR,upi,1780659000,1780831800
pay_000000002101,payment,pay_000000002101,order_000000002101,INV-2026-002101,setl_000000001632,300000001632,9155599,0,0,0,9155599,9155599,INR,netbanking,1785670200,1785843000
pay_000000002102,payment,pay_000000002102,order_000000002102,INV-2026-002102,setl_000000001633,300000001633,7345099,0,0,0,7345099,7345099,INR,wallet,1781177400,1781350200
pay_000000002103,payment,pay_000000002103,order_000000002103,INV-2026-002103,setl_000000001634,300000001634,14303000,0,0,0,14303000,14303000,INR,netbanking,1785411000,1785583800
pay_000000002104,payment,pay_000000002104,order_000000002104,INV-2026-002104,setl_000000001635,300000001635,35935999,0,0,0,35935999,35935999,INR,upi,1780745400,1780745400
pay_000000002105,payment,pay_000000002105,order_000000002105,INV-2026-002105,setl_000000001636,300000001636,40899325,0,0,0,40899325,40899325,INR,netbanking,1783596600,1783769400
pay_000000002106,payment,pay_000000002106,order_000000002106,INV-2026-002106,setl_000000001637,300000001637,7362450,0,0,0,7362450,7362450,INR,netbanking,1783855800,1783942200
pay_000000002107,payment,pay_000000002107,order_000000002107,INV-2026-002107,setl_000000001638,300000001638,31269800,0,0,0,31269800,31269800,INR,upi,1781091000,1781263800
pay_000000002108,payment,pay_000000002108,order_000000002108,INV-2026-002108,setl_000000001639,300000001639,44992625,0,0,0,44992625,44992625,INR,wallet,1782905400,1782905400
pay_000000002109,payment,pay_000000002109,order_000000002109,INV-2026-002109,setl_000000001640,300000001640,35473299,0,0,0,35473299,35473299,INR,upi,1785756600,1785843000
pay_000000002110,payment,pay_000000002110,order_000000002110,INV-2026-002110,setl_000000001641,300000001641,8668199,0,0,0,8668199,8668199,INR,wallet,1782127800,1782214200
pay_000000002111,payment,pay_000000002111,order_000000002111,INV-2026-002111,setl_000000001642,300000001642,21588800,0,0,0,21588800,21588800,INR,card,1784719800,1784892600
pay_000000002112,payment,pay_000000002112,order_000000002112,INV-2026-002112,setl_000000001643,300000001643,37512875,0,0,0,37512875,37512875,INR,card,1785065400,1785238200
pay_000000002113,payment,pay_000000002113,order_000000002113,INV-2026-002113,setl_000000001644,300000001644,21587700,0,0,0,21587700,21587700,INR,netbanking,1780918200,1781004600
pay_000000002114,payment,pay_000000002114,order_000000002114,INV-2026-002114,setl_000000001645,300000001645,5498250,0,0,0,5498250,5498250,INR,wallet,1786793400,1786879800
pay_000000002115,payment,pay_000000002115,order_000000002115,INV-2026-002115,setl_000000001646,300000001646,32157900,0,0,0,32157900,32157900,INR,card,1780918200,1780918200
pay_000000002116,payment,pay_000000002116,order_000000002116,INV-2026-002116,setl_000000001647,300000001647,39977200,0,0,0,39977200,39977200,INR,netbanking,1784460600,1784460600
pay_000000002117,payment,pay_000000002117,order_000000002117,INV-2026-002117,setl_000000001648,300000001648,37855199,0,0,0,37855199,37855199,INR,wallet,1784201400,1784201400
pay_000000002118,payment,pay_000000002118,order_000000002118,INV-2026-002118,setl_000000001649,300000001649,49722299,0,0,0,49722299,49722299,INR,wallet,1786015800,1786015800
pay_000000002119,payment,pay_000000002119,order_000000002119,INV-2026-002119,setl_000000001650,300000001650,40303575,0,0,0,40303575,40303575,INR,upi,1788003000,1788175800
pay_000000002120,payment,pay_000000002120,order_000000002120,INV-2026-002120,setl_000000001651,300000001651,6590175,0,0,0,6590175,6590175,INR,card,1787225400,1787398200
pay_000000002121,payment,pay_000000002121,order_000000002121,INV-2026-002121,setl_000000001652,300000001652,19586999,0,0,0,19586999,19586999,INR,upi,1787830200,1788003000
pay_000000002122,payment,pay_000000002122,order_000000002122,INV-2026-002122,setl_000000001653,300000001653,19375450,0,0,0,19375450,19375450,INR,card,1787657400,1787830200
pay_000000002123,payment,pay_000000002123,order_000000002123,INV-2026-002123,setl_000000001654,300000001654,10804800,0,0,0,10804800,10804800,INR,card,1781695800,1781868600
pay_000000002124,payment,pay_000000002124,order_000000002124,INV-2026-002124,setl_000000001655,300000001655,38241100,0,0,0,38241100,38241100,INR,upi,1781695800,1781782200
pay_000000002125,payment,pay_000000002125,order_000000002125,INV-2026-002125,setl_000000001656,300000001656,45756700,0,0,0,45756700,45756700,INR,wallet,1786534200,1786707000
pay_000000002126,payment,pay_000000002126,order_000000002126,INV-2026-002126,setl_000000001657,300000001657,39912950,0,0,0,39912950,39912950,INR,wallet,1782905400,1783078200
pay_000000002127,payment,pay_000000002127,order_000000002127,INV-2026-002127,setl_000000001658,300000001658,19094650,0,0,0,19094650,19094650,INR,netbanking,1787571000,1787743800
pay_000000002128,payment,pay_000000002128,order_000000002128,INV-2026-002128,setl_000000001659,300000001659,35304950,0,0,0,35304950,35304950,INR,card,1782732600,1782905400
pay_000000002129,payment,pay_000000002129,order_000000002129,INV-2026-002129,setl_000000001660,300000001660,22439175,0,0,0,22439175,22439175,INR,upi,1784633400,1784633400
pay_000000002130,payment,pay_000000002130,order_000000002130,INV-2026-002130,setl_000000001661,300000001661,25493550,0,0,0,25493550,25493550,INR,upi,1780918200,1781091000
pay_000000002131,payment,pay_000000002131,order_000000002131,INV-2026-002131,setl_000000001662,300000001662,30228199,0,0,0,30228199,30228199,INR,wallet,1783596600,1783683000
pay_000000002132,payment,pay_000000002132,order_000000002132,INV-2026-002132,setl_000000001663,300000001663,4707225,0,0,0,4707225,4707225,INR,netbanking,1782387000,1782473400
pay_000000002133,payment,pay_000000002133,order_000000002133,INV-2026-002133,setl_000000001664,300000001664,16820125,0,0,0,16820125,16820125,INR,upi,1782646200,1782819000
pay_000000002134,payment,pay_000000002134,order_000000002134,INV-2026-002134,setl_000000001665,300000001665,40707599,0,0,0,40707599,40707599,INR,netbanking,1782819000,1782905400
pay_000000002135,payment,pay_000000002135,order_000000002135,INV-2026-002135,setl_000000001666,300000001666,2459600,0,0,0,2459600,2459600,INR,wallet,1783942200,1784028600
pay_000000002136,payment,pay_000000002136,order_000000002136,INV-2026-002136,setl_000000001667,300000001667,4350000,0,0,0,4350000,4350000,INR,netbanking,1782214200,1782214200
pay_000000002137,payment,pay_000000002137,order_000000002137,INV-2026-002137,setl_000000001668,300000001668,41404999,0,0,0,41404999,41404999,INR,netbanking,1783596600,1783596600
pay_000000002138,payment,pay_000000002138,order_000000002138,INV-2026-002138,setl_000000001669,300000001669,30829600,0,0,0,30829600,30829600,INR,upi,1785583800,1785583800
pay_000000002139,payment,pay_000000002139,order_000000002139,INV-2026-002139,setl_000000001670,300000001670,31954925,0,0,0,31954925,31954925,INR,card,1786707000,1786707000
pay_000000002140,payment,pay_000000002140,order_000000002140,INV-2026-002140,setl_000000001671,300000001671,41778475,0,0,0,41778475,41778475,INR,wallet,1785756600,1785756600
pay_000000002141,payment,pay_000000002141,order_000000002141,INV-2026-002141,setl_000000001672,300000001672,25810875,0,0,0,25810875,25810875,INR,wallet,1781350200,1781523000
pay_000000002142,payment,pay_000000002142,order_000000002142,INV-2026-002142,setl_000000001673,300000001673,35553500,0,0,0,35553500,35553500,INR,netbanking,1785497400,1785583800
pay_000000002143,payment,pay_000000002143,order_000000002143,INV-2026-002143,setl_000000001674,300000001674,31133099,0,0,0,31133099,31133099,INR,wallet,1784374200,1784374200
pay_000000002144,payment,pay_000000002144,order_000000002144,INV-2026-002144,setl_000000001675,300000001675,33920299,0,0,0,33920299,33920299,INR,card,1782819000,1782991800
pay_000000002145,payment,pay_000000002145,order_000000002145,INV-2026-002145,setl_000000001676,300000001676,22669225,0,0,0,22669225,22669225,INR,upi,1787571000,1787743800
pay_000000002146,payment,pay_000000002146,order_000000002146,INV-2026-002146,setl_000000001677,300000001677,2666599,0,0,0,2666599,2666599,INR,upi,1782646200,1782732600
pay_000000002147,payment,pay_000000002147,order_000000002147,INV-2026-002147,setl_000000001678,300000001678,42275999,0,0,0,42275999,42275999,INR,netbanking,1786361400,1786361400
pay_000000002148,payment,pay_000000002148,order_000000002148,INV-2026-002148,setl_000000001679,300000001679,21803999,0,0,0,21803999,21803999,INR,wallet,1781695800,1781868600
pay_000000002149,payment,pay_000000002149,order_000000002149,INV-2026-002149,setl_000000001680,300000001680,34594200,0,0,0,34594200,34594200,INR,netbanking,1783510200,1783683000
pay_000000002150,payment,pay_000000002150,order_000000002150,INV-2026-002150,setl_000000001681,300000001681,4586625,0,0,0,4586625,4586625,INR,upi,1784115000,1784115000
pay_000000002151,payment,pay_000000002151,order_000000002151,INV-2026-002151,setl_000000001682,300000001682,41115975,0,0,0,41115975,41115975,INR,wallet,1784547000,1784547000
pay_000000002152,payment,pay_000000002152,order_000000002152,INV-2026-002152,setl_000000001683,300000001683,49447550,0,0,0,49447550,49447550,INR,wallet,1786361400,1786534200
pay_000000002153,payment,pay_000000002153,order_000000002153,INV-2026-002153,setl_000000001684,300000001684,49108150,0,0,0,49108150,49108150,INR,upi,1781695800,1781695800
pay_000000002154,payment,pay_000000002154,order_000000002154,INV-2026-002154,setl_000000001685,300000001685,9524200,0,0,0,9524200,9524200,INR,netbanking,1784287800,1784287800
pay_000000002155,payment,pay_000000002155,order_000000002155,INV-2026-002155,setl_000000001686,300000001686,32218999,0,0,0,32218999,32218999,INR,netbanking,1787139000,1787139000
pay_000000002156,payment,pay_000000002156,order_000000002156,INV-2026-002156,setl_000000001687,300000001687,36713675,0,0,0,36713675,36713675,INR,upi,1781091000,1781177400
pay_000000002157,payment,pay_000000002157,order_000000002157,INV-2026-002157,setl_000000001688,300000001688,48888125,0,0,0,48888125,48888125,INR,upi,1781868600,1781868600
pay_000000002158,payment,pay_000000002158,order_000000002158,INV-2026-002158,setl_000000001689,300000001689,21511900,0,0,0,21511900,21511900,INR,wallet,1785411000,1785583800
pay_000000002159,payment,pay_000000002159,order_000000002159,INV-2026-002159,setl_000000001690,300000001690,39368499,0,0,0,39368499,39368499,INR,card,1785756600,1785929400
pay_000000002160,payment,pay_000000002160,order_000000002160,INV-2026-002160,setl_000000001691,300000001691,2514900,0,0,0,2514900,2514900,INR,netbanking,1783078200,1783164600
pay_000000002161,payment,pay_000000002161,order_000000002161,INV-2026-002161,setl_000000001692,300000001692,28429125,0,0,0,28429125,28429125,INR,netbanking,1785756600,1785843000
pay_000000002162,payment,pay_000000002162,order_000000002162,INV-2026-002162,setl_000000001693,300000001693,6831500,0,0,0,6831500,6831500,INR,upi,1787571000,1787743800
pay_000000002163,payment,pay_000000002163,order_000000002163,INV-2026-002163,setl_000000001694,300000001694,48438000,0,0,0,48438000,48438000,INR,wallet,1784201400,1784201400
pay_000000002164,payment,pay_000000002164,order_000000002164,INV-2026-002164,setl_000000001695,300000001695,12842200,0,0,0,12842200,12842200,INR,card,1786707000,1786793400
pay_000000002165,payment,pay_000000002165,order_000000002165,INV-2026-002165,setl_000000001696,300000001696,18761799,0,0,0,18761799,18761799,INR,wallet,1786361400,1786534200
pay_000000002166,payment,pay_000000002166,order_000000002166,INV-2026-002166,setl_000000001697,300000001697,24025550,0,0,0,24025550,24025550,INR,card,1782732600,1782905400
pay_000000002167,payment,pay_000000002167,order_000000002167,INV-2026-002167,setl_000000001698,300000001698,46228450,0,0,0,46228450,46228450,INR,wallet,1780399800,1780486200
pay_000000002168,payment,pay_000000002168,order_000000002168,INV-2026-002168,setl_000000001699,300000001699,1043600,0,0,0,1043600,1043600,INR,wallet,1784719800,1784806200
pay_000000002169,payment,pay_000000002169,order_000000002169,INV-2026-002169,setl_000000001700,300000001700,43563100,0,0,0,43563100,43563100,INR,card,1785843000,1785929400
pay_000000002170,payment,pay_000000002170,order_000000002170,INV-2026-002170,setl_000000001701,300000001701,44062950,0,0,0,44062950,44062950,INR,upi,1786534200,1786534200
pay_000000002171,payment,pay_000000002171,order_000000002171,INV-2026-002171,setl_000000001702,300000001702,27418099,0,0,0,27418099,27418099,INR,upi,1783337400,1783510200
pay_000000002172,payment,pay_000000002172,order_000000002172,INV-2026-002172,setl_000000001703,300000001703,35867400,0,0,0,35867400,35867400,INR,upi,1785497400,1785670200
pay_000000002173,payment,pay_000000002173,order_000000002173,INV-2026-002173,setl_000000001704,300000001704,43105625,0,0,0,43105625,43105625,INR,netbanking,1787225400,1787398200
pay_000000002174,payment,pay_000000002174,order_000000002174,INV-2026-002174,setl_000000001705,300000001705,27345550,0,0,0,27345550,27345550,INR,netbanking,1785497400,1785583800
pay_000000002175,payment,pay_000000002175,order_000000002175,INV-2026-002175,setl_000000001706,300000001706,28816675,0,0,0,28816675,28816675,INR,card,1786275000,1786361400
pay_000000002176,payment,pay_000000002176,order_000000002176,INV-2026-002176,setl_000000001707,300000001707,4031900,0,0,0,4031900,4031900,INR,upi,1782732600,1782905400
pay_000000002177,payment,pay_000000002177,order_000000002177,INV-2026-002177,setl_000000001708,300000001708,4662900,0,0,0,4662900,4662900,INR,upi,1786102200,1786188600
pay_000000002178,payment,pay_000000002178,order_000000002178,INV-2026-002178,setl_000000001709,300000001709,47586650,0,0,0,47586650,47586650,INR,upi,1782732600,1782905400
pay_000000002179,payment,pay_000000002179,order_000000002179,INV-2026-002179,setl_000000001710,300000001710,9600350,0,0,0,9600350,9600350,INR,card,1783683000,1783683000
pay_000000002180,payment,pay_000000002180,order_000000002180,INV-2026-002180,setl_000000001711,300000001711,48072675,0,0,0,48072675,48072675,INR,card,1785151800,1785324600
pay_000000002181,payment,pay_000000002181,order_000000002181,INV-2026-002181,setl_000000001712,300000001712,30835750,0,0,0,30835750,30835750,INR,wallet,1785929400,1786015800
pay_000000002182,payment,pay_000000002182,order_000000002182,INV-2026-002182,setl_000000001713,300000001713,43578000,0,0,0,43578000,43578000,INR,wallet,1788003000,1788003000
pay_000000002183,payment,pay_000000002183,order_000000002183,INV-2026-002183,setl_000000001714,300000001714,17652025,0,0,0,17652025,17652025,INR,wallet,1785151800,1785324600
pay_000000002184,payment,pay_000000002184,order_000000002184,INV-2026-002184,setl_000000001715,300000001715,13350999,0,0,0,13350999,13350999,INR,upi,1783769400,1783942200
pay_000000002185,payment,pay_000000002185,order_000000002185,INV-2026-002185,setl_000000001716,300000001716,32802100,0,0,0,32802100,32802100,INR,card,1783942200,1783942200
pay_000000002186,payment,pay_000000002186,order_000000002186,INV-2026-002186,setl_000000001717,300000001717,9879575,0,0,0,9879575,9879575,INR,card,1786966200,1786966200
pay_000000002187,payment,pay_000000002187,order_000000002187,INV-2026-002187,setl_000000001718,300000001718,18541700,0,0,0,18541700,18541700,INR,card,1784547000,1784547000
pay_000000002188,payment,pay_000000002188,order_000000002188,INV-2026-002188,setl_000000001719,300000001719,20786750,0,0,0,20786750,20786750,INR,wallet,1783337400,1783510200
pay_000000002189,payment,pay_000000002189,order_000000002189,INV-2026-002189,setl_000000001720,300000001720,24979400,0,0,0,24979400,24979400,INR,card,1781523000,1781609400
pay_000000002190,payment,pay_000000002190,order_000000002190,INV-2026-002190,setl_000000001721,300000001721,20638400,0,0,0,20638400,20638400,INR,wallet,1786015800,1786102200
pay_000000002191,payment,pay_000000002191,order_000000002191,INV-2026-002191,setl_000000001722,300000001722,37105050,0,0,0,37105050,37105050,INR,card,1786102200,1786275000
pay_000000002192,payment,pay_000000002192,order_000000002192,INV-2026-002192,setl_000000001723,300000001723,39747550,0,0,0,39747550,39747550,INR,upi,1780918200,1781004600
pay_000000002193,payment,pay_000000002193,order_000000002193,INV-2026-002193,setl_000000001724,300000001724,35341100,0,0,0,35341100,35341100,INR,card,1788003000,1788175800
pay_000000002194,payment,pay_000000002194,order_000000002194,INV-2026-002194,setl_000000001725,300000001725,46575300,0,0,0,46575300,46575300,INR,upi,1784979000,1785065400
pay_000000002195,payment,pay_000000002195,order_000000002195,INV-2026-002195,setl_000000001726,300000001726,11270850,0,0,0,11270850,11270850,INR,netbanking,1783942200,1784115000
pay_000000002196,payment,pay_000000002196,order_000000002196,INV-2026-002196,setl_000000001727,300000001727,34871899,0,0,0,34871899,34871899,INR,card,1784547000,1784633400
pay_000000002197,payment,pay_000000002197,order_000000002197,INV-2026-002197,setl_000000001728,300000001728,10580600,0,0,0,10580600,10580600,INR,wallet,1787225400,1787225400
pay_000000002198,payment,pay_000000002198,order_000000002198,INV-2026-002198,setl_000000001729,300000001729,47229900,0,0,0,47229900,47229900,INR,wallet,1786966200,1787139000
pay_000000002199,payment,pay_000000002199,order_000000002199,INV-2026-002199,setl_000000001730,300000001730,23177425,0,0,0,23177425,23177425,INR,upi,1787398200,1787571000
pay_000000002200,payment,pay_000000002200,order_000000002200,INV-2026-002200,setl_000000001731,300000001731,48407100,0,0,0,48407100,48407100,INR,netbanking,1780313400,1780313400
pay_000000002201,payment,pay_000000002201,order_000000002201,INV-2026-002201,setl_000000001732,300000001732,27923200,0,0,0,27923200,27923200,INR,netbanking,1785238200,1785238200
pay_000000002202,payment,pay_000000002202,order_000000002202,INV-2026-002202,setl_000000001733,300000001733,43608900,0,0,0,43608900,43608900,INR,card,1784374200,1784374200
pay_000000002203,payment,pay_000000002203,order_000000002203,INV-2026-002203,setl_000000001734,300000001734,33996350,0,0,0,33996350,33996350,INR,upi,1787830200,1787916600
pay_000000002204,payment,pay_000000002204,order_000000002204,INV-2026-002204,setl_000000001735,300000001735,29166800,0,0,0,29166800,29166800,INR,upi,1786707000,1786879800
pay_000000002205,payment,pay_000000002205,order_000000002205,INV-2026-002205,setl_000000001736,300000001736,48873500,0,0,0,48873500,48873500,INR,card,1784115000,1784201400
pay_000000002206,payment,pay_000000002206,order_000000002206,INV-2026-002206,setl_000000001737,300000001737,26138950,0,0,0,26138950,26138950,INR,card,1783251000,1783337400
pay_000000002207,payment,pay_000000002207,order_000000002207,INV-2026-002207,setl_000000001738,300000001738,15043499,0,0,0,15043499,15043499,INR,netbanking,1783942200,1784028600
pay_000000002208,payment,pay_000000002208,order_000000002208,INV-2026-002208,setl_000000001739,300000001739,44426150,0,0,0,44426150,44426150,INR,netbanking,1781609400,1781609400
pay_000000002209,payment,pay_000000002209,order_000000002209,INV-2026-002209,setl_000000001740,300000001740,7834575,0,0,0,7834575,7834575,INR,netbanking,1785583800,1785670200
pay_000000002210,payment,pay_000000002210,order_000000002210,INV-2026-002210,setl_000000001741,300000001741,12717499,0,0,0,12717499,12717499,INR,netbanking,1783510200,1783596600
pay_000000002211,payment,pay_000000002211,order_000000002211,INV-2026-002211,setl_000000001742,300000001742,36766399,0,0,0,36766399,36766399,INR,upi,1784892600,1784979000
pay_000000002212,payment,pay_000000002212,order_000000002212,INV-2026-002212,setl_000000001743,300000001743,19527800,0,0,0,19527800,19527800,INR,netbanking,1787830200,1787916600
pay_000000002213,payment,pay_000000002213,order_000000002213,INV-2026-002213,setl_000000001744,300000001744,35710500,0,0,0,35710500,35710500,INR,netbanking,1781263800,1781263800
pay_000000002214,payment,pay_000000002214,order_000000002214,INV-2026-002214,setl_000000001745,300000001745,37228100,0,0,0,37228100,37228100,INR,card,1787830200,1788003000
pay_000000002215,payment,pay_000000002215,order_000000002215,INV-2026-002215,setl_000000001746,300000001746,32340400,0,0,0,32340400,32340400,INR,netbanking,1786102200,1786188600
pay_000000002216,payment,pay_000000002216,order_000000002216,INV-2026-002216,setl_000000001747,300000001747,36766500,0,0,0,36766500,36766500,INR,card,1782300600,1782387000
pay_000000002217,payment,pay_000000002217,order_000000002217,INV-2026-002217,setl_000000001748,300000001748,26047225,0,0,0,26047225,26047225,INR,card,1785065400,1785151800
pay_000000002218,payment,pay_000000002218,order_000000002218,INV-2026-002218,setl_000000001749,300000001749,34899600,0,0,0,34899600,34899600,INR,wallet,1783683000,1783769400
pay_000000002219,payment,pay_000000002219,order_000000002219,INV-2026-002219,setl_000000001750,300000001750,8100475,0,0,0,8100475,8100475,INR,upi,1784460600,1784633400
pay_000000002220,payment,pay_000000002220,order_000000002220,INV-2026-002220,setl_000000001751,300000001751,46291075,0,0,0,46291075,46291075,INR,wallet,1781782200,1781868600
pay_000000002221,payment,pay_000000002221,order_000000002221,INV-2026-002221,setl_000000001752,300000001752,48330100,0,0,0,48330100,48330100,INR,wallet,1786015800,1786102200
pay_000000002222,payment,pay_000000002222,order_000000002222,INV-2026-002222,setl_000000001753,300000001753,20304625,0,0,0,20304625,20304625,INR,upi,1787743800,1787743800
pay_000000002223,payment,pay_000000002223,order_000000002223,INV-2026-002223,setl_000000001754,300000001754,2009500,0,0,0,2009500,2009500,INR,netbanking,1784806200,1784806200
pay_000000002224,payment,pay_000000002224,order_000000002224,INV-2026-002224,setl_000000001755,300000001755,19428300,0,0,0,19428300,19428300,INR,netbanking,1780831800,1780831800
pay_000000002225,payment,pay_000000002225,order_000000002225,INV-2026-002225,setl_000000001756,300000001756,4692275,0,0,0,4692275,4692275,INR,card,1783164600,1783164600
pay_000000002226,payment,pay_000000002226,order_000000002226,INV-2026-002226,setl_000000001757,300000001757,28829200,0,0,0,28829200,28829200,INR,upi,1780313400,1780399800
pay_000000002227,payment,pay_000000002227,order_000000002227,INV-2026-002227,setl_000000001758,300000001758,31483700,0,0,0,31483700,31483700,INR,wallet,1783942200,1783942200
pay_000000002228,payment,pay_000000002228,order_000000002228,INV-2026-002228,setl_000000001759,300000001759,25474450,0,0,0,25474450,25474450,INR,card,1784287800,1784287800
pay_000000002229,payment,pay_000000002229,order_000000002229,INV-2026-002229,setl_000000001760,300000001760,43845100,0,0,0,43845100,43845100,INR,card,1780745400,1780831800
pay_000000002230,payment,pay_000000002230,order_000000002230,INV-2026-002230,setl_000000001761,300000001761,47512850,0,0,0,47512850,47512850,INR,upi,1784201400,1784287800
pay_000000002231,payment,pay_000000002231,order_000000002231,INV-2026-002231,setl_000000001762,300000001762,3111600,0,0,0,3111600,3111600,INR,netbanking,1785324600,1785497400
pay_000000002232,payment,pay_000000002232,order_000000002232,INV-2026-002232,setl_000000001763,300000001763,27496600,0,0,0,27496600,27496600,INR,card,1784547000,1784633400
pay_000000002233,payment,pay_000000002233,order_000000002233,INV-2026-002233,setl_000000001764,300000001764,4393999,0,0,0,4393999,4393999,INR,wallet,1784892600,1784979000
pay_000000002234,payment,pay_000000002234,order_000000002234,INV-2026-002234,setl_000000001765,300000001765,1909900,0,0,0,1909900,1909900,INR,upi,1781004600,1781177400
pay_000000002235,payment,pay_000000002235,order_000000002235,INV-2026-002235,setl_000000001766,300000001766,40153100,0,0,0,40153100,40153100,INR,wallet,1780313400,1780399800
pay_000000002236,payment,pay_000000002236,order_000000002236,INV-2026-002236,setl_000000001767,300000001767,34008800,0,0,0,34008800,34008800,INR,upi,1781350200,1781436600
pay_000000002237,payment,pay_000000002237,order_000000002237,INV-2026-002237,setl_000000001768,300000001768,44499325,0,0,0,44499325,44499325,INR,upi,1784374200,1784460600
pay_000000002238,payment,pay_000000002238,order_000000002238,INV-2026-002238,setl_000000001769,300000001769,40703550,0,0,0,40703550,40703550,INR,card,1786966200,1787139000
pay_000000002239,payment,pay_000000002239,order_000000002239,INV-2026-002239,setl_000000001770,300000001770,18470275,0,0,0,18470275,18470275,INR,netbanking,1787225400,1787311800
pay_000000002240,payment,pay_000000002240,order_000000002240,INV-2026-002240,setl_000000001771,300000001771,46275975,0,0,0,46275975,46275975,INR,card,1783855800,1783942200
pay_000000002241,payment,pay_000000002241,order_000000002241,INV-2026-002241,setl_000000001772,300000001772,6262400,0,0,0,6262400,6262400,INR,wallet,1786966200,1786966200
pay_000000002242,payment,pay_000000002242,order_000000002242,INV-2026-002242,setl_000000001773,300000001773,44350399,0,0,0,44350399,44350399,INR,wallet,1787657400,1787830200
pay_000000002243,payment,pay_000000002243,order_000000002243,INV-2026-002243,setl_000000001774,300000001774,29626200,0,0,0,29626200,29626200,INR,wallet,1784979000,1785151800
pay_000000002244,payment,pay_000000002244,order_000000002244,INV-2026-002244,setl_000000001775,300000001775,2035600,0,0,0,2035600,2035600,INR,netbanking,1781609400,1781609400
pay_000000002245,payment,pay_000000002245,order_000000002245,INV-2026-002245,setl_000000001776,300000001776,42592175,0,0,0,42592175,42592175,INR,wallet,1786102200,1786188600
pay_000000002246,payment,pay_000000002246,order_000000002246,INV-2026-002246,setl_000000001777,300000001777,28939300,0,0,0,28939300,28939300,INR,card,1782646200,1782819000
pay_000000002247,payment,pay_000000002247,order_000000002247,INV-2026-002247,setl_000000001778,300000001778,33676025,0,0,0,33676025,33676025,INR,wallet,1781609400,1781609400
pay_000000002248,payment,pay_000000002248,order_000000002248,INV-2026-002248,setl_000000001779,300000001779,29203950,0,0,0,29203950,29203950,INR,upi,1786447800,1786447800
pay_000000002249,payment,pay_000000002249,order_000000002249,INV-2026-002249,setl_000000001780,300000001780,7217225,0,0,0,7217225,7217225,INR,wallet,1787743800,1787830200
pay_000000002250,payment,pay_000000002250,order_000000002250,INV-2026-002250,setl_000000001781,300000001781,6786400,0,0,0,6786400,6786400,INR,upi,1786707000,1786707000
pay_000000002251,payment,pay_000000002251,order_000000002251,INV-2026-002251,setl_000000001782,300000001782,34711750,0,0,0,34711750,34711750,INR,upi,1785583800,1785756600
pay_000000002252,payment,pay_000000002252,order_000000002252,INV-2026-002252,setl_000000001783,300000001783,18540100,0,0,0,18540100,18540100,INR,wallet,1786793400,1786793400
pay_000000002253,payment,pay_000000002253,order_000000002253,INV-2026-002253,setl_000000001784,300000001784,30331300,0,0,0,30331300,30331300,INR,wallet,1784806200,1784979000
pay_000000002254,payment,pay_000000002254,order_000000002254,INV-2026-002254,setl_000000001785,300000001785,41301175,0,0,0,41301175,41301175,INR,netbanking,1781004600,1781004600
pay_000000002255,payment,pay_000000002255,order_000000002255,INV-2026-002255,setl_000000001786,300000001786,27602699,0,0,0,27602699,27602699,INR,wallet,1781091000,1781263800
pay_000000002256,payment,pay_000000002256,order_000000002256,INV-2026-002256,setl_000000001787,300000001787,17136775,0,0,0,17136775,17136775,INR,card,1785756600,1785756600
pay_000000002257,payment,pay_000000002257,order_000000002257,INV-2026-002257,setl_000000001788,300000001788,21922200,0,0,0,21922200,21922200,INR,upi,1780313400,1780313400
pay_000000002258,payment,pay_000000002258,order_000000002258,INV-2026-002258,setl_000000001789,300000001789,14580550,0,0,0,14580550,14580550,INR,netbanking,1784547000,1784547000
pay_000000002259,payment,pay_000000002259,order_000000002259,INV-2026-002259,setl_000000001790,300000001790,17784000,0,0,0,17784000,17784000,INR,upi,1781091000,1781177400
pay_000000002260,payment,pay_000000002260,order_000000002260,INV-2026-002260,setl_000000001791,300000001791,38474300,0,0,0,38474300,38474300,INR,card,1783251000,1783251000
pay_000000002261,payment,pay_000000002261,order_000000002261,INV-2026-002261,setl_000000001792,300000001792,24922025,0,0,0,24922025,24922025,INR,upi,1782127800,1782300600
pay_000000002262,payment,pay_000000002262,order_000000002262,INV-2026-002262,setl_000000001793,300000001793,5875400,0,0,0,5875400,5875400,INR,card,1780313400,1780313400
pay_000000002263,payment,pay_000000002263,order_000000002263,INV-2026-002263,setl_000000001794,300000001794,8608699,0,0,0,8608699,8608699,INR,wallet,1780572600,1780572600
pay_000000002264,payment,pay_000000002264,order_000000002264,INV-2026-002264,setl_000000001795,300000001795,19183425,0,0,0,19183425,19183425,INR,upi,1783596600,1783769400
pay_000000002265,payment,pay_000000002265,order_000000002265,INV-2026-002265,setl_000000001796,300000001796,7939875,0,0,0,7939875,7939875,INR,upi,1781523000,1781695800
pay_000000002266,payment,pay_000000002266,order_000000002266,INV-2026-002266,setl_000000001797,300000001797,37600500,0,0,0,37600500,37600500,INR,netbanking,1781695800,1781695800
pay_000000002267,payment,pay_000000002267,order_000000002267,INV-2026-002267,setl_000000001798,300000001798,12774225,0,0,0,12774225,12774225,INR,upi,1784979000,1785065400
pay_000000002268,payment,pay_000000002268,order_000000002268,INV-2026-002268,setl_000000001799,300000001799,2816225,0,0,0,2816225,2816225,INR,wallet,1788003000,1788089400
pay_000000002269,payment,pay_000000002269,order_000000002269,INV-2026-002269,setl_000000001800,300000001800,35395899,0,0,0,35395899,35395899,INR,wallet,1786879800,1787052600
pay_000000002270,payment,pay_000000002270,order_000000002270,INV-2026-002270,setl_000000001801,300000001801,22875199,0,0,0,22875199,22875199,INR,netbanking,1782819000,1782991800
pay_000000002271,payment,pay_000000002271,order_000000002271,INV-2026-002271,setl_000000001802,300000001802,38771100,0,0,0,38771100,38771100,INR,card,1783337400,1783337400
pay_000000002272,payment,pay_000000002272,order_000000002272,INV-2026-002272,setl_000000001803,300000001803,35461200,0,0,0,35461200,35461200,INR,netbanking,1787484600,1787484600
pay_000000002273,payment,pay_000000002273,order_000000002273,INV-2026-002273,setl_000000001804,300000001804,14913875,0,0,0,14913875,14913875,INR,wallet,1786620600,1786793400
pay_000000002274,payment,pay_000000002274,order_000000002274,INV-2026-002274,setl_000000001805,300000001805,14752475,0,0,0,14752475,14752475,INR,card,1784201400,1784287800
pay_000000002275,payment,pay_000000002275,order_000000002275,INV-2026-002275,setl_000000001806,300000001806,36211000,0,0,0,36211000,36211000,INR,upi,1781523000,1781695800
pay_000000002276,payment,pay_000000002276,order_000000002276,INV-2026-002276,setl_000000001807,300000001807,25854900,0,0,0,25854900,25854900,INR,card,1785756600,1785756600
pay_000000002277,payment,pay_000000002277,order_000000002277,INV-2026-002277,setl_000000001808,300000001808,4303650,0,0,0,4303650,4303650,INR,card,1781004600,1781177400
pay_000000002278,payment,pay_000000002278,order_000000002278,INV-2026-002278,setl_000000001809,300000001809,12901499,0,0,0,12901499,12901499,INR,upi,1785756600,1785756600
pay_000000002279,payment,pay_000000002279,order_000000002279,INV-2026-002279,setl_000000001810,300000001810,30585500,0,0,0,30585500,30585500,INR,upi,1787743800,1787743800
pay_000000002280,payment,pay_000000002280,order_000000002280,INV-2026-002280,setl_000000001811,300000001811,3650525,0,0,0,3650525,3650525,INR,upi,1781955000,1782041400
pay_000000002281,payment,pay_000000002281,order_000000002281,INV-2026-002281,setl_000000001812,300000001812,33252600,0,0,0,33252600,33252600,INR,netbanking,1782300600,1782300600
pay_000000002282,payment,pay_000000002282,order_000000002282,INV-2026-002282,setl_000000001813,300000001813,10844200,0,0,0,10844200,10844200,INR,upi,1783683000,1783683000
pay_000000002283,payment,pay_000000002283,order_000000002283,INV-2026-002283,setl_000000001814,300000001814,39169850,0,0,0,39169850,39169850,INR,card,1786620600,1786707000
pay_000000002284,payment,pay_000000002284,order_000000002284,INV-2026-002284,setl_000000001815,300000001815,27506399,0,0,0,27506399,27506399,INR,wallet,1786879800,1787052600
pay_000000002285,payment,pay_000000002285,order_000000002285,INV-2026-002285,setl_000000001816,300000001816,28256600,0,0,0,28256600,28256600,INR,card,1786188600,1786361400
pay_000000002286,payment,pay_000000002286,order_000000002286,INV-2026-002286,setl_000000001817,300000001817,48826925,0,0,0,48826925,48826925,INR,wallet,1781177400,1781350200
pay_000000002287,payment,pay_000000002287,order_000000002287,INV-2026-002287,setl_000000001818,300000001818,17477625,0,0,0,17477625,17477625,INR,upi,1782387000,1782559800
pay_000000002288,payment,pay_000000002288,order_000000002288,INV-2026-002288,setl_000000001819,300000001819,21626100,0,0,0,21626100,21626100,INR,wallet,1786015800,1786102200
pay_000000002289,payment,pay_000000002289,order_000000002289,INV-2026-002289,setl_000000001820,300000001820,35879575,0,0,0,35879575,35879575,INR,netbanking,1784115000,1784287800
pay_000000002290,payment,pay_000000002290,order_000000002290,INV-2026-002290,setl_000000001821,300000001821,48596000,0,0,0,48596000,48596000,INR,card,1780659000,1780745400
pay_000000002291,payment,pay_000000002291,order_000000002291,INV-2026-002291,setl_000000001822,300000001822,25883525,0,0,0,25883525,25883525,INR,netbanking,1787916600,1787916600
pay_000000002292,payment,pay_000000002292,order_000000002292,INV-2026-002292,setl_000000001823,300000001823,22822800,0,0,0,22822800,22822800,INR,wallet,1783510200,1783596600
pay_000000002293,payment,pay_000000002293,order_000000002293,INV-2026-002293,setl_000000001824,300000001824,40814000,0,0,0,40814000,40814000,INR,netbanking,1787916600,1788003000
pay_000000002294,payment,pay_000000002294,order_000000002294,INV-2026-002294,setl_000000001825,300000001825,11308775,0,0,0,11308775,11308775,INR,card,1780918200,1781004600
pay_000000002295,payment,pay_000000002295,order_000000002295,INV-2026-002295,setl_000000001826,300000001826,48811175,0,0,0,48811175,48811175,INR,upi,1782387000,1782387000
pay_000000002296,payment,pay_000000002296,order_000000002296,INV-2026-002296,setl_000000001827,300000001827,24412000,0,0,0,24412000,24412000,INR,wallet,1786879800,1786879800
pay_000000002297,payment,pay_000000002297,order_000000002297,INV-2026-002297,setl_000000001828,300000001828,16625600,0,0,0,16625600,16625600,INR,card,1787484600,1787657400
pay_000000002298,payment,pay_000000002298,order_000000002298,INV-2026-002298,setl_000000001829,300000001829,30669000,0,0,0,30669000,30669000,INR,netbanking,1780831800,1780831800
pay_000000002299,payment,pay_000000002299,order_000000002299,INV-2026-002299,setl_000000001830,300000001830,22351800,0,0,0,22351800,22351800,INR,upi,1781609400,1781695800
pay_000000002300,payment,pay_000000002300,order_000000002300,INV-2026-002300,setl_000000001831,300000001831,11091950,0,0,0,11091950,11091950,INR,card,1783769400,1783942200
pay_000000002301,payment,pay_000000002301,order_000000002301,INV-2026-002301,setl_000000001832,300000001832,1746200,0,0,0,1746200,1746200,INR,card,1782387000,1782387000
pay_000000002302,payment,pay_000000002302,order_000000002302,INV-2026-002302,setl_000000001833,300000001833,48652099,0,0,0,48652099,48652099,INR,upi,1785756600,1785843000
pay_000000002303,payment,pay_000000002303,order_000000002303,INV-2026-002303,setl_000000001834,300000001834,25719650,0,0,0,25719650,25719650,INR,netbanking,1783078200,1783164600
pay_000000002304,payment,pay_000000002304,order_000000002304,INV-2026-002304,setl_000000001835,300000001835,6701075,0,0,0,6701075,6701075,INR,netbanking,1787657400,1787743800
pay_000000002305,payment,pay_000000002305,order_000000002305,INV-2026-002305,setl_000000001836,300000001836,24625500,0,0,0,24625500,24625500,INR,netbanking,1784287800,1784374200
pay_000000002306,payment,pay_000000002306,order_000000002306,INV-2026-002306,setl_000000001837,300000001837,7234200,0,0,0,7234200,7234200,INR,wallet,1787657400,1787657400
pay_000000002307,payment,pay_000000002307,order_000000002307,INV-2026-002307,setl_000000001838,300000001838,49788600,0,0,0,49788600,49788600,INR,netbanking,1781955000,1782041400
pay_000000002308,payment,pay_000000002308,order_000000002308,INV-2026-002308,setl_000000001839,300000001839,38118000,0,0,0,38118000,38118000,INR,netbanking,1781436600,1781523000
pay_000000002309,payment,pay_000000002309,order_000000002309,INV-2026-002309,setl_000000001840,300000001840,5466750,0,0,0,5466750,5466750,INR,upi,1784806200,1784892600
pay_000000002310,payment,pay_000000002310,order_000000002310,INV-2026-002310,setl_000000001841,300000001841,6536600,0,0,0,6536600,6536600,INR,card,1784115000,1784115000
pay_000000002311,payment,pay_000000002311,order_000000002311,INV-2026-002311,setl_000000001842,300000001842,41759300,0,0,0,41759300,41759300,INR,card,1782300600,1782300600
pay_000000002312,payment,pay_000000002312,order_000000002312,INV-2026-002312,setl_000000001843,300000001843,4284499,0,0,0,4284499,4284499,INR,upi,1784115000,1784115000
pay_000000002313,payment,pay_000000002313,order_000000002313,INV-2026-002313,setl_000000001844,300000001844,45953550,0,0,0,45953550,45953550,INR,netbanking,1781004600,1781091000
pay_000000002314,payment,pay_000000002314,order_000000002314,INV-2026-002314,setl_000000001845,300000001845,44208100,0,0,0,44208100,44208100,INR,card,1785411000,1785497400
pay_000000002315,payment,pay_000000002315,order_000000002315,INV-2026-002315,setl_000000001846,300000001846,21699325,0,0,0,21699325,21699325,INR,upi,1780486200,1780486200
pay_000000002316,payment,pay_000000002316,order_000000002316,INV-2026-002316,setl_000000001847,300000001847,36783100,0,0,0,36783100,36783100,INR,upi,1786534200,1786620600
pay_000000002317,payment,pay_000000002317,order_000000002317,INV-2026-002317,setl_000000001848,300000001848,3614750,0,0,0,3614750,3614750,INR,card,1784028600,1784028600
pay_000000002318,payment,pay_000000002318,order_000000002318,INV-2026-002318,setl_000000001849,300000001849,17861825,0,0,0,17861825,17861825,INR,netbanking,1781350200,1781436600
pay_000000002319,payment,pay_000000002319,order_000000002319,INV-2026-002319,setl_000000001850,300000001850,47876800,0,0,0,47876800,47876800,INR,card,1783423800,1783596600
pay_000000002320,payment,pay_000000002320,order_000000002320,INV-2026-002320,setl_000000001851,300000001851,30193800,0,0,0,30193800,30193800,INR,wallet,1781436600,1781523000
pay_000000002321,payment,pay_000000002321,order_000000002321,INV-2026-002321,setl_000000001852,300000001852,20824675,0,0,0,20824675,20824675,INR,card,1785065400,1785151800
pay_000000002322,payment,pay_000000002322,order_000000002322,INV-2026-002322,setl_000000001853,300000001853,38925300,0,0,0,38925300,38925300,INR,card,1784201400,1784374200
pay_000000002323,payment,pay_000000002323,order_000000002323,INV-2026-002323,setl_000000001854,300000001854,3679499,0,0,0,3679499,3679499,INR,netbanking,1785929400,1786015800
pay_000000002324,payment,pay_000000002324,order_000000002324,INV-2026-002324,setl_000000001855,300000001855,26121200,0,0,0,26121200,26121200,INR,wallet,1781868600,1781955000
pay_000000002325,payment,pay_000000002325,order_000000002325,INV-2026-002325,setl_000000001856,300000001856,19362800,0,0,0,19362800,19362800,INR,netbanking,1781868600,1782041400
pay_000000002326,payment,pay_000000002326,order_000000002326,INV-2026-002326,setl_000000001857,300000001857,47384100,0,0,0,47384100,47384100,INR,wallet,1781091000,1781091000
pay_000000002327,payment,pay_000000002327,order_000000002327,INV-2026-002327,setl_000000001858,300000001858,2381150,0,0,0,2381150,2381150,INR,wallet,1780745400,1780745400
pay_000000002328,payment,pay_000000002328,order_000000002328,INV-2026-002328,setl_000000001859,300000001859,16293700,0,0,0,16293700,16293700,INR,wallet,1782473400,1782559800
pay_000000002329,payment,pay_000000002329,order_000000002329,INV-2026-002329,setl_000000001860,300000001860,425675,0,0,0,425675,425675,INR,netbanking,1783855800,1783942200
pay_000000002330,payment,pay_000000002330,order_000000002330,INV-2026-002330,setl_000000001861,300000001861,13243500,0,0,0,13243500,13243500,INR,wallet,1786966200,1787139000
pay_000000002331,payment,pay_000000002331,order_000000002331,INV-2026-002331,setl_000000001862,300000001862,29627299,0,0,0,29627299,29627299,INR,wallet,1780572600,1780572600
pay_000000002332,payment,pay_000000002332,order_000000002332,INV-2026-002332,setl_000000001863,300000001863,38587350,0,0,0,38587350,38587350,INR,wallet,1787484600,1787657400
pay_000000002333,payment,pay_000000002333,order_000000002333,INV-2026-002333,setl_000000001864,300000001864,25871399,0,0,0,25871399,25871399,INR,wallet,1787657400,1787743800
pay_000000002334,payment,pay_000000002334,order_000000002334,INV-2026-002334,setl_000000001865,300000001865,30829350,0,0,0,30829350,30829350,INR,netbanking,1783683000,1783769400
pay_000000002335,payment,pay_000000002335,order_000000002335,INV-2026-002335,setl_000000001866,300000001866,38918300,0,0,0,38918300,38918300,INR,upi,1781868600,1781868600
pay_000000002336,payment,pay_000000002336,order_000000002336,INV-2026-002336,setl_000000001867,300000001867,20017899,0,0,0,20017899,20017899,INR,netbanking,1785583800,1785583800
pay_000000002337,payment,pay_000000002337,order_000000002337,INV-2026-002337,setl_000000001868,300000001868,43131500,0,0,0,43131500,43131500,INR,upi,1782905400,1782905400
pay_000000002338,payment,pay_000000002338,order_000000002338,INV-2026-002338,setl_000000001869,300000001869,8146725,0,0,0,8146725,8146725,INR,netbanking,1784633400,1784633400
pay_000000002339,payment,pay_000000002339,order_000000002339,INV-2026-002339,setl_000000001870,300000001870,48619000,0,0,0,48619000,48619000,INR,netbanking,1787571000,1787571000
pay_000000002340,payment,pay_000000002340,order_000000002340,INV-2026-002340,setl_000000001871,300000001871,34928100,0,0,0,34928100,34928100,INR,card,1781004600,1781091000
pay_000000002341,payment,pay_000000002341,order_000000002341,INV-2026-002341,setl_000000001872,300000001872,36993100,0,0,0,36993100,36993100,INR,wallet,1786793400,1786793400
pay_000000002342,payment,pay_000000002342,order_000000002342,INV-2026-002342,setl_000000001873,300000001873,42706400,0,0,0,42706400,42706400,INR,wallet,1781695800,1781868600
pay_000000002343,payment,pay_000000002343,order_000000002343,INV-2026-002343,setl_000000001874,300000001874,40776699,0,0,0,40776699,40776699,INR,upi,1784287800,1784460600
pay_000000002344,payment,pay_000000002344,order_000000002344,INV-2026-002344,setl_000000001875,300000001875,11480575,0,0,0,11480575,11480575,INR,card,1782905400,1783078200
pay_000000002345,payment,pay_000000002345,order_000000002345,INV-2026-002345,setl_000000001876,300000001876,16556200,0,0,0,16556200,16556200,INR,netbanking,1786879800,1787052600
pay_000000002346,payment,pay_000000002346,order_000000002346,INV-2026-002346,setl_000000001877,300000001877,7425000,0,0,0,7425000,7425000,INR,netbanking,1783251000,1783251000
pay_000000002347,payment,pay_000000002347,order_000000002347,INV-2026-002347,setl_000000001878,300000001878,33815300,0,0,0,33815300,33815300,INR,netbanking,1785670200,1785756600
pay_000000002348,payment,pay_000000002348,order_000000002348,INV-2026-002348,setl_000000001879,300000001879,47764950,0,0,0,47764950,47764950,INR,upi,1784806200,1784892600
pay_000000002349,payment,pay_000000002349,order_000000002349,INV-2026-002349,setl_000000001880,300000001880,10989100,0,0,0,10989100,10989100,INR,card,1782732600,1782905400
pay_000000002350,payment,pay_000000002350,order_000000002350,INV-2026-002350,setl_000000001881,300000001881,6999425,0,0,0,6999425,6999425,INR,card,1786966200,1786966200
pay_000000002351,payment,pay_000000002351,order_000000002351,INV-2026-002351,setl_000000001882,300000001882,35402400,0,0,0,35402400,35402400,INR,wallet,1782214200,1782214200
pay_000000002352,payment,pay_000000002352,order_000000002352,INV-2026-002352,setl_000000001883,300000001883,40896825,0,0,0,40896825,40896825,INR,upi,1784892600,1785065400
pay_000000002353,payment,pay_000000002353,order_000000002353,INV-2026-002353,setl_000000001884,300000001884,44516575,0,0,0,44516575,44516575,INR,netbanking,1785843000,1785929400
pay_000000002354,payment,pay_000000002354,order_000000002354,INV-2026-002354,setl_000000001885,300000001885,7466800,0,0,0,7466800,7466800,INR,wallet,1785929400,1786102200
pay_000000002355,payment,pay_000000002355,order_000000002355,INV-2026-002355,setl_000000001886,300000001886,1558000,0,0,0,1558000,1558000,INR,wallet,1783510200,1783596600
pay_000000002356,payment,pay_000000002356,order_000000002356,INV-2026-002356,setl_000000001887,300000001887,39751700,0,0,0,39751700,39751700,INR,upi,1785929400,1786015800
pay_000000002357,payment,pay_000000002357,order_000000002357,INV-2026-002357,setl_000000001888,300000001888,40424500,0,0,0,40424500,40424500,INR,netbanking,1782732600,1782819000
pay_000000002358,payment,pay_000000002358,order_000000002358,INV-2026-002358,setl_000000001889,300000001889,18614050,0,0,0,18614050,18614050,INR,netbanking,1786793400,1786966200
pay_000000002359,payment,pay_000000002359,order_000000002359,INV-2026-002359,setl_000000001890,300000001890,28680100,0,0,0,28680100,28680100,INR,card,1782732600,1782819000
pay_000000002360,payment,pay_000000002360,order_000000002360,INV-2026-002360,setl_000000001891,300000001891,4658675,0,0,0,4658675,4658675,INR,netbanking,1787743800,1787916600
pay_000000002361,payment,pay_000000002361,order_000000002361,INV-2026-002361,setl_000000001892,300000001892,39501550,0,0,0,39501550,39501550,INR,upi,1784719800,1784806200
pay_000000002362,payment,pay_000000002362,order_000000002362,INV-2026-002362,setl_000000001893,300000001893,29725875,0,0,0,29725875,29725875,INR,wallet,1783683000,1783683000
pay_000000002363,payment,pay_000000002363,order_000000002363,INV-2026-002363,setl_000000001894,300000001894,29751999,0,0,0,29751999,29751999,INR,card,1781868600,1781868600
pay_000000002364,payment,pay_000000002364,order_000000002364,INV-2026-002364,setl_000000001895,300000001895,41044675,0,0,0,41044675,41044675,INR,netbanking,1787830200,1787830200
pay_000000002365,payment,pay_000000002365,order_000000002365,INV-2026-002365,setl_000000001896,300000001896,19940599,0,0,0,19940599,19940599,INR,card,1785929400,1786015800
pay_000000002366,payment,pay_000000002366,order_000000002366,INV-2026-002366,setl_000000001897,300000001897,4471725,0,0,0,4471725,4471725,INR,netbanking,1784979000,1785151800
pay_000000002367,payment,pay_000000002367,order_000000002367,INV-2026-002367,setl_000000001898,300000001898,30472175,0,0,0,30472175,30472175,INR,wallet,1782387000,1782473400
pay_000000002368,payment,pay_000000002368,order_000000002368,INV-2026-002368,setl_000000001899,300000001899,42032400,0,0,0,42032400,42032400,INR,card,1781091000,1781177400
pay_000000002369,payment,pay_000000002369,order_000000002369,INV-2026-002369,setl_000000001900,300000001900,39938575,0,0,0,39938575,39938575,INR,upi,1782646200,1782819000
pay_000000002370,payment,pay_000000002370,order_000000002370,INV-2026-002370,setl_000000001901,300000001901,1933199,0,0,0,1933199,1933199,INR,netbanking,1781523000,1781523000
pay_000000002371,payment,pay_000000002371,order_000000002371,INV-2026-002371,setl_000000001902,300000001902,18070199,0,0,0,18070199,18070199,INR,netbanking,1782646200,1782646200
pay_000000002372,payment,pay_000000002372,order_000000002372,INV-2026-002372,setl_000000001903,300000001903,6054150,0,0,0,6054150,6054150,INR,wallet,1787225400,1787225400
pay_000000002373,payment,pay_000000002373,order_000000002373,INV-2026-002373,setl_000000001904,300000001904,37502525,0,0,0,37502525,37502525,INR,card,1787398200,1787398200
pay_000000002374,payment,pay_000000002374,order_000000002374,INV-2026-002374,setl_000000001905,300000001905,23738450,0,0,0,23738450,23738450,INR,card,1782041400,1782127800
pay_000000002375,payment,pay_000000002375,order_000000002375,INV-2026-002375,setl_000000001906,300000001906,1493100,0,0,0,1493100,1493100,INR,wallet,1781177400,1781263800
pay_000000002376,payment,pay_000000002376,order_000000002376,INV-2026-002376,setl_000000001907,300000001907,12361099,0,0,0,12361099,12361099,INR,card,1780486200,1780486200
pay_000000002377,payment,pay_000000002377,order_000000002377,INV-2026-002377,setl_000000001908,300000001908,14833199,0,0,0,14833199,14833199,INR,netbanking,1781091000,1781091000
pay_000000002378,payment,pay_000000002378,order_000000002378,INV-2026-002378,setl_000000001909,300000001909,23802225,0,0,0,23802225,23802225,INR,upi,1785670200,1785670200
pay_000000002379,payment,pay_000000002379,order_000000002379,INV-2026-002379,setl_000000001910,300000001910,8855550,0,0,0,8855550,8855550,INR,wallet,1787398200,1787571000
pay_000000002380,payment,pay_000000002380,order_000000002380,INV-2026-002380,setl_000000001911,300000001911,22496400,0,0,0,22496400,22496400,INR,upi,1784547000,1784719800
pay_000000002381,payment,pay_000000002381,order_000000002381,INV-2026-002381,setl_000000001912,300000001912,4170575,0,0,0,4170575,4170575,INR,upi,1781263800,1781350200
pay_000000002382,payment,pay_000000002382,order_000000002382,INV-2026-002382,setl_000000001913,300000001913,3036550,0,0,0,3036550,3036550,INR,upi,1787571000,1787743800
pay_000000002383,payment,pay_000000002383,order_000000002383,INV-2026-002383,setl_000000001914,300000001914,41819075,0,0,0,41819075,41819075,INR,wallet,1784719800,1784806200
pay_000000002384,payment,pay_000000002384,order_000000002384,INV-2026-002384,setl_000000001915,300000001915,22233600,0,0,0,22233600,22233600,INR,wallet,1783942200,1783942200
pay_000000002385,payment,pay_000000002385,order_000000002385,INV-2026-002385,setl_000000001916,300000001916,34551900,0,0,0,34551900,34551900,INR,card,1783855800,1783855800
pay_000000002386,payment,pay_000000002386,order_000000002386,INV-2026-002386,setl_000000001917,300000001917,33057875,0,0,0,33057875,33057875,INR,wallet,1784028600,1784201400
pay_000000002387,payment,pay_000000002387,order_000000002387,INV-2026-002387,setl_000000001918,300000001918,28082000,0,0,0,28082000,28082000,INR,wallet,1783251000,1783251000
pay_000000002388,payment,pay_000000002388,order_000000002388,INV-2026-002388,setl_000000001919,300000001919,23901350,0,0,0,23901350,23901350,INR,wallet,1782127800,1782127800
pay_000000002389,payment,pay_000000002389,order_000000002389,INV-2026-002389,setl_000000001920,300000001920,14264699,0,0,0,14264699,14264699,INR,netbanking,1780918200,1780918200
pay_000000002390,payment,pay_000000002390,order_000000002390,INV-2026-002390,setl_000000001921,300000001921,19207050,0,0,0,19207050,19207050,INR,netbanking,1780659000,1780745400
pay_000000002391,payment,pay_000000002391,order_000000002391,INV-2026-002391,setl_000000001922,300000001922,30291800,0,0,0,30291800,30291800,INR,netbanking,1783510200,1783683000
pay_000000002392,payment,pay_000000002392,order_000000002392,INV-2026-002392,setl_000000001923,300000001923,19345900,0,0,0,19345900,19345900,INR,upi,1782041400,1782214200
pay_000000002393,payment,pay_000000002393,order_000000002393,INV-2026-002393,setl_000000001924,300000001924,13374250,0,0,0,13374250,13374250,INR,card,1782559800,1782646200
pay_000000002394,payment,pay_000000002394,order_000000002394,INV-2026-002394,setl_000000001925,300000001925,14673050,0,0,0,14673050,14673050,INR,card,1786534200,1786534200
pay_000000002395,payment,pay_000000002395,order_000000002395,INV-2026-002395,setl_000000001926,300000001926,49914800,0,0,0,49914800,49914800,INR,wallet,1785583800,1785756600
pay_000000002396,payment,pay_000000002396,order_000000002396,INV-2026-002396,setl_000000001927,300000001927,42515099,0,0,0,42515099,42515099,INR,wallet,1786879800,1787052600
pay_000000002397,payment,pay_000000002397,order_000000002397,INV-2026-002397,setl_000000001928,300000001928,4479000,0,0,0,4479000,4479000,INR,upi,1786707000,1786707000
pay_000000002398,payment,pay_000000002398,order_000000002398,INV-2026-002398,setl_000000001929,300000001929,7107800,0,0,0,7107800,7107800,INR,wallet,1782214200,1782214200
pay_000000002399,payment,pay_000000002399,order_000000002399,INV-2026-002399,setl_000000001930,300000001930,4544700,0,0,0,4544700,4544700,INR,netbanking,1783251000,1783251000
pay_000000002400,payment,pay_000000002400,order_000000002400,INV-2026-002400,setl_000000001931,300000001931,31503575,0,0,0,31503575,31503575,INR,wallet,1786879800,1786966200
pay_000000002401,payment,pay_000000002401,order_000000002401,INV-2026-002401,setl_000000001932,300000001932,31600175,0,0,0,31600175,31600175,INR,wallet,1786188600,1786188600
pay_000000002402,payment,pay_000000002402,order_000000002402,INV-2026-002402,setl_000000001933,300000001933,42488050,0,0,0,42488050,42488050,INR,netbanking,1780572600,1780572600
pay_000000002403,payment,pay_000000002403,order_000000002403,INV-2026-002403,setl_000000001934,300000001934,47640050,0,0,0,47640050,47640050,INR,card,1783855800,1783855800
pay_000000002404,payment,pay_000000002404,order_000000002404,INV-2026-002404,setl_000000001935,300000001935,15482300,0,0,0,15482300,15482300,INR,card,1785843000,1785929400
pay_000000002405,payment,pay_000000002405,order_000000002405,INV-2026-002405,setl_000000001936,300000001936,40683400,0,0,0,40683400,40683400,INR,wallet,1785324600,1785324600
pay_000000002406,payment,pay_000000002406,order_000000002406,INV-2026-002406,setl_000000001937,300000001937,24110599,0,0,0,24110599,24110599,INR,upi,1786793400,1786966200
pay_000000002407,payment,pay_000000002407,order_000000002407,INV-2026-002407,setl_000000001938,300000001938,13458675,0,0,0,13458675,13458675,INR,upi,1786707000,1786879800
pay_000000002408,payment,pay_000000002408,order_000000002408,INV-2026-002408,setl_000000001939,300000001939,21850125,0,0,0,21850125,21850125,INR,netbanking,1783769400,1783855800
pay_000000002409,payment,pay_000000002409,order_000000002409,INV-2026-002409,setl_000000001940,300000001940,3222125,0,0,0,3222125,3222125,INR,upi,1784201400,1784201400
pay_000000002410,payment,pay_000000002410,order_000000002410,INV-2026-002410,setl_000000001941,300000001941,18414825,0,0,0,18414825,18414825,INR,card,1782387000,1782559800
pay_000000002411,payment,pay_000000002411,order_000000002411,INV-2026-002411,setl_000000001942,300000001942,22101175,0,0,0,22101175,22101175,INR,card,1785065400,1785065400
pay_000000002412,payment,pay_000000002412,order_000000002412,INV-2026-002412,setl_000000001943,300000001943,38016650,0,0,0,38016650,38016650,INR,wallet,1785756600,1785843000
pay_000000002413,payment,pay_000000002413,order_000000002413,INV-2026-002413,setl_000000001944,300000001944,32258800,0,0,0,32258800,32258800,INR,card,1788003000,1788089400
pay_000000002414,payment,pay_000000002414,order_000000002414,INV-2026-002414,setl_000000001945,300000001945,32515075,0,0,0,32515075,32515075,INR,card,1781782200,1781782200
pay_000000002415,payment,pay_000000002415,order_000000002415,INV-2026-002415,setl_000000001946,300000001946,7367399,0,0,0,7367399,7367399,INR,wallet,1784979000,1784979000
pay_000000002416,payment,pay_000000002416,order_000000002416,INV-2026-002416,setl_000000001947,300000001947,13468075,0,0,0,13468075,13468075,INR,wallet,1781782200,1781868600
pay_000000002417,payment,pay_000000002417,order_000000002417,INV-2026-002417,setl_000000001948,300000001948,24327199,0,0,0,24327199,24327199,INR,netbanking,1781523000,1781523000
pay_000000002418,payment,pay_000000002418,order_000000002418,INV-2026-002418,setl_000000001949,300000001949,30633300,0,0,0,30633300,30633300,INR,netbanking,1788003000,1788175800
pay_000000002419,payment,pay_000000002419,order_000000002419,INV-2026-002419,setl_000000001950,300000001950,15994299,0,0,0,15994299,15994299,INR,wallet,1781955000,1782127800
pay_000000002420,payment,pay_000000002420,order_000000002420,INV-2026-002420,setl_000000001951,300000001951,46934175,0,0,0,46934175,46934175,INR,wallet,1783596600,1783683000
pay_000000002421,payment,pay_000000002421,order_000000002421,INV-2026-002421,setl_000000001952,300000001952,4122250,0,0,0,4122250,4122250,INR,upi,1785583800,1785756600
pay_000000002422,payment,pay_000000002422,order_000000002422,INV-2026-002422,setl_000000001953,300000001953,46512200,0,0,0,46512200,46512200,INR,netbanking,1784115000,1784201400
pay_000000002423,payment,pay_000000002423,order_000000002423,INV-2026-002423,setl_000000001954,300000001954,4834800,0,0,0,4834800,4834800,INR,wallet,1787830200,1787830200
pay_000000002424,payment,pay_000000002424,order_000000002424,INV-2026-002424,setl_000000001955,300000001955,29757500,0,0,0,29757500,29757500,INR,card,1784892600,1785065400
pay_000000002425,payment,pay_000000002425,order_000000002425,INV-2026-002425,setl_000000001956,300000001956,9923300,0,0,0,9923300,9923300,INR,upi,1783164600,1783251000
pay_000000002426,payment,pay_000000002426,order_000000002426,INV-2026-002426,setl_000000001957,300000001957,10491200,0,0,0,10491200,10491200,INR,card,1786620600,1786707000
pay_000000002427,payment,pay_000000002427,order_000000002427,INV-2026-002427,setl_000000001958,300000001958,326700,0,0,0,326700,326700,INR,netbanking,1781782200,1781868600
pay_000000002428,payment,pay_000000002428,order_000000002428,INV-2026-002428,setl_000000001959,300000001959,43975225,0,0,0,43975225,43975225,INR,netbanking,1784287800,1784460600
pay_000000002429,payment,pay_000000002429,order_000000002429,INV-2026-002429,setl_000000001960,300000001960,23943200,0,0,0,23943200,23943200,INR,netbanking,1784633400,1784806200
pay_000000002430,payment,pay_000000002430,order_000000002430,INV-2026-002430,setl_000000001961,300000001961,1068100,0,0,0,1068100,1068100,INR,card,1781695800,1781782200
pay_000000002431,payment,pay_000000002431,order_000000002431,INV-2026-002431,setl_000000001962,300000001962,12831599,0,0,0,12831599,12831599,INR,wallet,1786275000,1786275000
pay_000000002432,payment,pay_000000002432,order_000000002432,INV-2026-002432,setl_000000001963,300000001963,4221050,0,0,0,4221050,4221050,INR,upi,1785670200,1785843000
pay_000000002433,payment,pay_000000002433,order_000000002433,INV-2026-002433,setl_000000001964,300000001964,27122900,0,0,0,27122900,27122900,INR,card,1784028600,1784028600
pay_000000002434,payment,pay_000000002434,order_000000002434,INV-2026-002434,setl_000000001965,300000001965,10631300,0,0,0,10631300,10631300,INR,netbanking,1783078200,1783251000
pay_000000002435,payment,pay_000000002435,order_000000002435,INV-2026-002435,setl_000000001966,300000001966,3328950,0,0,0,3328950,3328950,INR,wallet,1781004600,1781004600
pay_000000002436,payment,pay_000000002436,order_000000002436,INV-2026-002436,setl_000000001967,300000001967,6433600,0,0,0,6433600,6433600,INR,wallet,1786793400,1786879800
pay_000000002437,payment,pay_000000002437,order_000000002437,INV-2026-002437,setl_000000001968,300000001968,44123425,0,0,0,44123425,44123425,INR,netbanking,1787484600,1787571000
pay_000000002438,payment,pay_000000002438,order_000000002438,INV-2026-002438,setl_000000001969,300000001969,25279399,0,0,0,25279399,25279399,INR,upi,1784806200,1784892600
pay_000000002439,payment,pay_000000002439,order_000000002439,INV-2026-002439,setl_000000001970,300000001970,11020225,0,0,0,11020225,11020225,INR,netbanking,1788003000,1788175800
pay_000000002440,payment,pay_000000002440,order_000000002440,INV-2026-002440,setl_000000001971,300000001971,1900275,0,0,0,1900275,1900275,INR,upi,1786102200,1786188600
pay_000000002441,payment,pay_000000002441,order_000000002441,INV-2026-002441,setl_000000001972,300000001972,20862799,0,0,0,20862799,20862799,INR,card,1785583800,1785670200
pay_000000002442,payment,pay_000000002442,order_000000002442,INV-2026-002442,setl_000000001973,300000001973,36617600,0,0,0,36617600,36617600,INR,netbanking,1784115000,1784201400
pay_000000002443,payment,pay_000000002443,order_000000002443,INV-2026-002443,setl_000000001974,300000001974,12892000,0,0,0,12892000,12892000,INR,upi,1784633400,1784719800
pay_000000002444,payment,pay_000000002444,order_000000002444,INV-2026-002444,setl_000000001975,300000001975,44655800,0,0,0,44655800,44655800,INR,upi,1783942200,1783942200
pay_000000002445,payment,pay_000000002445,order_000000002445,INV-2026-002445,setl_000000001976,300000001976,840799,0,0,0,840799,840799,INR,wallet,1781263800,1781350200
pay_000000002446,payment,pay_000000002446,order_000000002446,INV-2026-002446,setl_000000001977,300000001977,23222599,0,0,0,23222599,23222599,INR,netbanking,1782819000,1782991800
pay_000000002447,payment,pay_000000002447,order_000000002447,INV-2026-002447,setl_000000001978,300000001978,26199600,0,0,0,26199600,26199600,INR,card,1786102200,1786102200
pay_000000002448,payment,pay_000000002448,order_000000002448,INV-2026-002448,setl_000000001979,300000001979,18626925,0,0,0,18626925,18626925,INR,upi,1783596600,1783769400
pay_000000002449,payment,pay_000000002449,order_000000002449,INV-2026-002449,setl_000000001980,300000001980,22053950,0,0,0,22053950,22053950,INR,upi,1784547000,1784633400
pay_000000002450,payment,pay_000000002450,order_000000002450,INV-2026-002450,setl_000000001981,300000001981,11522525,0,0,0,11522525,11522525,INR,netbanking,1785411000,1785497400
pay_000000002451,payment,pay_000000002451,order_000000002451,INV-2026-002451,setl_000000001982,300000001982,18358300,0,0,0,18358300,18358300,INR,netbanking,1786447800,1786447800
pay_000000002452,payment,pay_000000002452,order_000000002452,INV-2026-002452,setl_000000001983,300000001983,37027999,0,0,0,37027999,37027999,INR,card,1787657400,1787830200
pay_000000002453,payment,pay_000000002453,order_000000002453,INV-2026-002453,setl_000000001984,300000001984,35729399,0,0,0,35729399,35729399,INR,wallet,1780399800,1780399800
pay_000000002454,payment,pay_000000002454,order_000000002454,INV-2026-002454,setl_000000001985,300000001985,39455650,0,0,0,39455650,39455650,INR,wallet,1781004600,1781004600
pay_000000002455,payment,pay_000000002455,order_000000002455,INV-2026-002455,setl_000000001986,300000001986,15852199,0,0,0,15852199,15852199,INR,card,1783596600,1783769400
pay_000000002456,payment,pay_000000002456,order_000000002456,INV-2026-002456,setl_000000001987,300000001987,5983400,0,0,0,5983400,5983400,INR,card,1785065400,1785151800
pay_000000002457,payment,pay_000000002457,order_000000002457,INV-2026-002457,setl_000000001988,300000001988,32003925,0,0,0,32003925,32003925,INR,card,1782473400,1782646200
pay_000000002458,payment,pay_000000002458,order_000000002458,INV-2026-002458,setl_000000001989,300000001989,36178900,0,0,0,36178900,36178900,INR,card,1782559800,1782732600
pay_000000002459,payment,pay_000000002459,order_000000002459,INV-2026-002459,setl_000000001990,300000001990,24768299,0,0,0,24768299,24768299,INR,card,1786102200,1786275000
pay_000000002460,payment,pay_000000002460,order_000000002460,INV-2026-002460,setl_000000001991,300000001991,8525575,0,0,0,8525575,8525575,INR,wallet,1787916600,1788089400
pay_000000002461,payment,pay_000000002461,order_000000002461,INV-2026-002461,setl_000000001992,300000001992,29474099,0,0,0,29474099,29474099,INR,card,1785151800,1785324600
pay_000000002462,payment,pay_000000002462,order_000000002462,INV-2026-002462,setl_000000001993,300000001993,36653700,0,0,0,36653700,36653700,INR,netbanking,1784633400,1784633400
pay_000000002463,payment,pay_000000002463,order_000000002463,INV-2026-002463,setl_000000001994,300000001994,40251100,0,0,0,40251100,40251100,INR,netbanking,1780831800,1780831800
pay_000000002464,payment,pay_000000002464,order_000000002464,INV-2026-002464,setl_000000001995,300000001995,30486299,0,0,0,30486299,30486299,INR,netbanking,1786275000,1786361400
pay_000000002465,payment,pay_000000002465,order_000000002465,INV-2026-002465,setl_000000001996,300000001996,20334000,0,0,0,20334000,20334000,INR,netbanking,1787225400,1787225400
pay_000000002466,payment,pay_000000002466,order_000000002466,INV-2026-002466,setl_000000001997,300000001997,41593475,0,0,0,41593475,41593475,INR,wallet,1787311800,1787398200
pay_000000002467,payment,pay_000000002467,order_000000002467,INV-2026-002467,setl_000000001998,300000001998,20763800,0,0,0,20763800,20763800,INR,card,1785929400,1785929400
pay_000000002468,payment,pay_000000002468,order_000000002468,INV-2026-002468,setl_000000001999,300000001999,34283475,0,0,0,34283475,34283475,INR,upi,1782732600,1782905400
pay_000000002469,payment,pay_000000002469,order_000000002469,INV-2026-002469,setl_000000002000,300000002000,14471800,0,0,0,14471800,14471800,INR,upi,1783769400,1783855800
pay_000000002470,payment,pay_000000002470,order_000000002470,INV-2026-002470,setl_000000002001,300000002001,196025,0,0,0,196025,196025,INR,wallet,1783683000,1783855800
pay_000000002471,payment,pay_000000002471,order_000000002471,INV-2026-002471,setl_000000002002,300000002002,43579775,0,0,0,43579775,43579775,INR,wallet,1787139000,1787139000
pay_000000002472,payment,pay_000000002472,order_000000002472,INV-2026-002472,setl_000000002003,300000002003,18405200,0,0,0,18405200,18405200,INR,netbanking,1782214200,1782387000
pay_000000002473,payment,pay_000000002473,order_000000002473,INV-2026-002473,setl_000000002004,300000002004,9093425,0,0,0,9093425,9093425,INR,upi,1786015800,1786102200
pay_000000002474,payment,pay_000000002474,order_000000002474,INV-2026-002474,setl_000000002005,300000002005,4324600,0,0,0,4324600,4324600,INR,netbanking,1785324600,1785497400
pay_000000002475,payment,pay_000000002475,order_000000002475,INV-2026-002475,setl_000000002006,300000002006,18792899,0,0,0,18792899,18792899,INR,upi,1787484600,1787484600
pay_000000002476,payment,pay_000000002476,order_000000002476,INV-2026-002476,setl_000000002007,300000002007,3090850,0,0,0,3090850,3090850,INR,card,1782819000,1782991800
pay_000000002477,payment,pay_000000002477,order_000000002477,INV-2026-002477,setl_000000002008,300000002008,31575850,0,0,0,31575850,31575850,INR,card,1781955000,1781955000
pay_000000002478,payment,pay_000000002478,order_000000002478,INV-2026-002478,setl_000000002009,300000002009,10117900,0,0,0,10117900,10117900,INR,wallet,1780572600,1780745400
pay_000000002479,payment,pay_000000002479,order_000000002479,INV-2026-002479,setl_000000002010,300000002010,35283425,0,0,0,35283425,35283425,INR,upi,1785756600,1785929400
pay_000000002480,payment,pay_000000002480,order_000000002480,INV-2026-002480,setl_000000002011,300000002011,15248700,0,0,0,15248700,15248700,INR,card,1785497400,1785670200
pay_000000002481,payment,pay_000000002481,order_000000002481,INV-2026-002481,setl_000000002012,300000002012,49038650,0,0,0,49038650,49038650,INR,netbanking,1782559800,1782646200
pay_000000002482,payment,pay_000000002482,order_000000002482,INV-2026-002482,setl_000000002013,300000002013,5528300,0,0,0,5528300,5528300,INR,upi,1780313400,1780486200
pay_000000002483,payment,pay_000000002483,order_000000002483,INV-2026-002483,setl_000000002014,300000002014,20857825,0,0,0,20857825,20857825,INR,wallet,1783942200,1784028600
pay_000000002484,payment,pay_000000002484,order_000000002484,INV-2026-002484,setl_000000002015,300000002015,3743650,0,0,0,3743650,3743650,INR,netbanking,1783769400,1783769400
pay_000000002485,payment,pay_000000002485,order_000000002485,INV-2026-002485,setl_000000002016,300000002016,36705099,0,0,0,36705099,36705099,INR,netbanking,1784633400,1784633400
pay_000000002486,payment,pay_000000002486,order_000000002486,INV-2026-002486,setl_000000002017,300000002017,45683075,0,0,0,45683075,45683075,INR,upi,1785238200,1785324600
pay_000000002487,payment,pay_000000002487,order_000000002487,INV-2026-002487,setl_000000002018,300000002018,32060550,0,0,0,32060550,32060550,INR,card,1781350200,1781350200
pay_000000002488,payment,pay_000000002488,order_000000002488,INV-2026-002488,setl_000000002019,300000002019,46429000,0,0,0,46429000,46429000,INR,netbanking,1784979000,1785151800
pay_000000002489,payment,pay_000000002489,order_000000002489,INV-2026-002489,setl_000000002020,300000002020,16891625,0,0,0,16891625,16891625,INR,card,1785411000,1785411000
pay_000000002490,payment,pay_000000002490,order_000000002490,INV-2026-002490,setl_000000002021,300000002021,43716300,0,0,0,43716300,43716300,INR,upi,1786361400,1786361400
pay_000000002491,payment,pay_000000002491,order_000000002491,INV-2026-002491,setl_000000002022,300000002022,27878200,0,0,0,27878200,27878200,INR,netbanking,1781350200,1781523000
pay_000000002492,payment,pay_000000002492,order_000000002492,INV-2026-002492,setl_000000002023,300000002023,21258150,0,0,0,21258150,21258150,INR,upi,1780486200,1780572600
pay_000000002493,payment,pay_000000002493,order_000000002493,INV-2026-002493,setl_000000002024,300000002024,23407800,0,0,0,23407800,23407800,INR,card,1784806200,1784806200
pay_000000002494,payment,pay_000000002494,order_000000002494,INV-2026-002494,setl_000000002025,300000002025,29555325,0,0,0,29555325,29555325,INR,netbanking,1787571000,1787657400
pay_000000002495,payment,pay_000000002495,order_000000002495,INV-2026-002495,setl_000000002026,300000002026,33186299,0,0,0,33186299,33186299,INR,wallet,1783855800,1783942200
pay_000000002496,payment,pay_000000002496,order_000000002496,INV-2026-002496,setl_000000002027,300000002027,34050775,0,0,0,34050775,34050775,INR,wallet,1786793400,1786793400
pay_000000002497,payment,pay_000000002497,order_000000002497,INV-2026-002497,setl_000000002028,300000002028,19866799,0,0,0,19866799,19866799,INR,netbanking,1780918200,1780918200
pay_000000002498,payment,pay_000000002498,order_000000002498,INV-2026-002498,setl_000000002029,300000002029,37147475,0,0,0,37147475,37147475,INR,upi,1787916600,1788003000
pay_000000002499,payment,pay_000000002499,order_000000002499,INV-2026-002499,setl_000000002030,300000002030,28818275,0,0,0,28818275,28818275,INR,wallet,1781350200,1781436600
pay_000000002500,payment,pay_000000002500,order_000000002500,INV-2026-002500,setl_000000002031,300000002031,3599300,0,0,0,3599300,3599300,INR,wallet,1785929400,1786015800
pay_000000002501,payment,pay_000000002501,order_000000002501,INV-2026-002501,setl_000000002032,300000002032,41809175,0,0,0,41809175,41809175,INR,card,1784115000,1784115000
pay_000000002502,payment,pay_000000002502,order_000000002502,INV-2026-002502,setl_000000002033,300000002033,23119050,0,0,0,23119050,23119050,INR,netbanking,1784719800,1784806200
pay_000000002503,payment,pay_000000002503,order_000000002503,INV-2026-002503,setl_000000002034,300000002034,34992900,0,0,0,34992900,34992900,INR,upi,1784287800,1784460600
pay_000000002504,payment,pay_000000002504,order_000000002504,INV-2026-002504,setl_000000002035,300000002035,17519399,0,0,0,17519399,17519399,INR,wallet,1784374200,1784374200
pay_000000002505,payment,pay_000000002505,order_000000002505,INV-2026-002505,setl_000000002036,300000002036,41929900,0,0,0,41929900,41929900,INR,card,1783510200,1783510200
pay_000000002506,payment,pay_000000002506,order_000000002506,INV-2026-002506,setl_000000002037,300000002037,1408300,0,0,0,1408300,1408300,INR,card,1784547000,1784719800
pay_000000002507,payment,pay_000000002507,order_000000002507,INV-2026-002507,setl_000000002038,300000002038,9152250,0,0,0,9152250,9152250,INR,netbanking,1782473400,1782559800
pay_000000002508,payment,pay_000000002508,order_000000002508,INV-2026-002508,setl_000000002039,300000002039,7896075,0,0,0,7896075,7896075,INR,card,1785065400,1785151800
pay_000000002509,payment,pay_000000002509,order_000000002509,INV-2026-002509,setl_000000002040,300000002040,27783775,0,0,0,27783775,27783775,INR,wallet,1781436600,1781436600
pay_000000002510,payment,pay_000000002510,order_000000002510,INV-2026-002510,setl_000000002041,300000002041,48646525,0,0,0,48646525,48646525,INR,upi,1782991800,1782991800
pay_000000002511,payment,pay_000000002511,order_000000002511,INV-2026-002511,setl_000000002042,300000002042,1847525,0,0,0,1847525,1847525,INR,upi,1781523000,1781695800
pay_000000002512,payment,pay_000000002512,order_000000002512,INV-2026-002512,setl_000000002043,300000002043,21644675,0,0,0,21644675,21644675,INR,netbanking,1784892600,1785065400
pay_000000002513,payment,pay_000000002513,order_000000002513,INV-2026-002513,setl_000000002044,300000002044,27556199,0,0,0,27556199,27556199,INR,card,1782387000,1782473400
pay_000000002514,payment,pay_000000002514,order_000000002514,INV-2026-002514,setl_000000002045,300000002045,13716675,0,0,0,13716675,13716675,INR,wallet,1785065400,1785151800
pay_000000002515,payment,pay_000000002515,order_000000002515,INV-2026-002515,setl_000000002046,300000002046,32795700,0,0,0,32795700,32795700,INR,card,1780918200,1781004600
pay_000000002516,payment,pay_000000002516,order_000000002516,INV-2026-002516,setl_000000002047,300000002047,14319575,0,0,0,14319575,14319575,INR,wallet,1786361400,1786447800
pay_000000002517,payment,pay_000000002517,order_000000002517,INV-2026-002517,setl_000000002048,300000002048,17029899,0,0,0,17029899,17029899,INR,card,1785843000,1785843000
pay_000000002518,payment,pay_000000002518,order_000000002518,INV-2026-002518,setl_000000002049,300000002049,48747425,0,0,0,48747425,48747425,INR,card,1781609400,1781782200
pay_000000002519,payment,pay_000000002519,order_000000002519,INV-2026-002519,setl_000000002050,300000002050,42368100,0,0,0,42368100,42368100,INR,card,1785497400,1785583800
pay_000000002520,payment,pay_000000002520,order_000000002520,INV-2026-002520,setl_000000002051,300000002051,4329275,0,0,0,4329275,4329275,INR,card,1780572600,1780659000
pay_000000002521,payment,pay_000000002521,order_000000002521,INV-2026-002521,setl_000000002052,300000002052,36617500,0,0,0,36617500,36617500,INR,upi,1787139000,1787139000
pay_000000002522,payment,pay_000000002522,order_000000002522,INV-2026-002522,setl_000000002053,300000002053,25374375,0,0,0,25374375,25374375,INR,upi,1787311800,1787311800
pay_000000002523,payment,pay_000000002523,order_000000002523,INV-2026-002523,setl_000000002054,300000002054,25039299,0,0,0,25039299,25039299,INR,card,1787139000,1787225400
pay_000000002524,payment,pay_000000002524,order_000000002524,INV-2026-002524,setl_000000002055,300000002055,40468200,0,0,0,40468200,40468200,INR,netbanking,1785324600,1785411000
pay_000000002525,payment,pay_000000002525,order_000000002525,INV-2026-002525,setl_000000002056,300000002056,37375550,0,0,0,37375550,37375550,INR,card,1782387000,1782559800
pay_000000002526,payment,pay_000000002526,order_000000002526,INV-2026-002526,setl_000000002057,300000002057,47297275,0,0,0,47297275,47297275,INR,card,1787225400,1787398200
pay_000000002527,payment,pay_000000002527,order_000000002527,INV-2026-002527,setl_000000002058,300000002058,21454300,0,0,0,21454300,21454300,INR,wallet,1784892600,1785065400
pay_000000002528,payment,pay_000000002528,order_000000002528,INV-2026-002528,setl_000000002059,300000002059,33508300,0,0,0,33508300,33508300,INR,upi,1786707000,1786707000
pay_000000002529,payment,pay_000000002529,order_000000002529,INV-2026-002529,setl_000000002060,300000002060,35472800,0,0,0,35472800,35472800,INR,wallet,1785843000,1786015800
pay_000000002530,payment,pay_000000002530,order_000000002530,INV-2026-002530,setl_000000002061,300000002061,39020700,0,0,0,39020700,39020700,INR,wallet,1782214200,1782387000
pay_000000002531,payment,pay_000000002531,order_000000002531,INV-2026-002531,setl_000000002062,300000002062,36762650,0,0,0,36762650,36762650,INR,upi,1785151800,1785151800
pay_000000002532,payment,pay_000000002532,order_000000002532,INV-2026-002532,setl_000000002063,300000002063,37885275,0,0,0,37885275,37885275,INR,wallet,1786793400,1786879800
pay_000000002533,payment,pay_000000002533,order_000000002533,INV-2026-002533,setl_000000002064,300000002064,9539375,0,0,0,9539375,9539375,INR,card,1782646200,1782732600
pay_000000002534,payment,pay_000000002534,order_000000002534,INV-2026-002534,setl_000000002065,300000002065,2621200,0,0,0,2621200,2621200,INR,upi,1787657400,1787657400
pay_000000002535,payment,pay_000000002535,order_000000002535,INV-2026-002535,setl_000000002066,300000002066,41439450,0,0,0,41439450,41439450,INR,upi,1781177400,1781350200
pay_000000002536,payment,pay_000000002536,order_000000002536,INV-2026-002536,setl_000000002067,300000002067,40367700,0,0,0,40367700,40367700,INR,wallet,1784374200,1784460600
pay_000000002537,payment,pay_000000002537,order_000000002537,INV-2026-002537,setl_000000002068,300000002068,23456475,0,0,0,23456475,23456475,INR,card,1784460600,1784547000
pay_000000002538,payment,pay_000000002538,order_000000002538,INV-2026-002538,setl_000000002069,300000002069,24282899,0,0,0,24282899,24282899,INR,wallet,1784547000,1784633400
pay_000000002539,payment,pay_000000002539,order_000000002539,INV-2026-002539,setl_000000002070,300000002070,36697100,0,0,0,36697100,36697100,INR,upi,1783078200,1783078200
pay_000000002540,payment,pay_000000002540,order_000000002540,INV-2026-002540,setl_000000002071,300000002071,2921500,0,0,0,2921500,2921500,INR,wallet,1787743800,1787743800
pay_000000002541,payment,pay_000000002541,order_000000002541,INV-2026-002541,setl_000000002072,300000002072,33182400,0,0,0,33182400,33182400,INR,netbanking,1786966200,1787052600
pay_000000002542,payment,pay_000000002542,order_000000002542,INV-2026-002542,setl_000000002073,300000002073,9649775,0,0,0,9649775,9649775,INR,wallet,1786793400,1786966200
pay_000000002543,payment,pay_000000002543,order_000000002543,INV-2026-002543,setl_000000002074,300000002074,20604625,0,0,0,20604625,20604625,INR,wallet,1786620600,1786620600
pay_000000002544,payment,pay_000000002544,order_000000002544,INV-2026-002544,setl_000000002075,300000002075,14041400,0,0,0,14041400,14041400,INR,netbanking,1788003000,1788175800
pay_000000002545,payment,pay_000000002545,order_000000002545,INV-2026-002545,setl_000000002076,300000002076,46389900,0,0,0,46389900,46389900,INR,netbanking,1787916600,1788089400
pay_000000002546,payment,pay_000000002546,order_000000002546,INV-2026-002546,setl_000000002077,300000002077,49934800,0,0,0,49934800,49934800,INR,wallet,1786275000,1786361400
pay_000000002547,payment,pay_000000002547,order_000000002547,INV-2026-002547,setl_000000002078,300000002078,21719500,0,0,0,21719500,21719500,INR,netbanking,1787743800,1787830200
pay_000000002548,payment,pay_000000002548,order_000000002548,INV-2026-002548,setl_000000002079,300000002079,38899100,0,0,0,38899100,38899100,INR,netbanking,1784115000,1784115000
pay_000000002549,payment,pay_000000002549,order_000000002549,INV-2026-002549,setl_000000002080,300000002080,23511325,0,0,0,23511325,23511325,INR,wallet,1786361400,1786447800
pay_000000002550,payment,pay_000000002550,order_000000002550,INV-2026-002550,setl_000000002081,300000002081,25240225,0,0,0,25240225,25240225,INR,wallet,1781868600,1781868600
pay_000000002551,payment,pay_000000002551,order_000000002551,INV-2026-002551,setl_000000002082,300000002082,8729200,0,0,0,8729200,8729200,INR,upi,1786879800,1786966200
pay_000000002552,payment,pay_000000002552,order_000000002552,INV-2026-002552,setl_000000002083,300000002083,23739900,0,0,0,23739900,23739900,INR,upi,1784806200,1784892600
pay_000000002553,payment,pay_000000002553,order_000000002553,INV-2026-002553,setl_000000002084,300000002084,27571250,0,0,0,27571250,27571250,INR,netbanking,1783596600,1783769400
pay_000000002554,payment,pay_000000002554,order_000000002554,INV-2026-002554,setl_000000002085,300000002085,44363225,0,0,0,44363225,44363225,INR,netbanking,1783769400,1783769400
pay_000000002555,payment,pay_000000002555,order_000000002555,INV-2026-002555,setl_000000002086,300000002086,47415199,0,0,0,47415199,47415199,INR,upi,1781091000,1781263800
pay_000000002556,payment,pay_000000002556,order_000000002556,INV-2026-002556,setl_000000002087,300000002087,18485775,0,0,0,18485775,18485775,INR,card,1781523000,1781609400
pay_000000002557,payment,pay_000000002557,order_000000002557,INV-2026-002557,setl_000000002088,300000002088,7163700,0,0,0,7163700,7163700,INR,card,1787052600,1787052600
pay_000000002558,payment,pay_000000002558,order_000000002558,INV-2026-002558,setl_000000002089,300000002089,20859299,0,0,0,20859299,20859299,INR,card,1782041400,1782214200
pay_000000002559,payment,pay_000000002559,order_000000002559,INV-2026-002559,setl_000000002090,300000002090,24483099,0,0,0,24483099,24483099,INR,upi,1784979000,1784979000
pay_000000002560,payment,pay_000000002560,order_000000002560,INV-2026-002560,setl_000000002091,300000002091,42589000,0,0,0,42589000,42589000,INR,upi,1783942200,1783942200
pay_000000002561,payment,pay_000000002561,order_000000002561,INV-2026-002561,setl_000000002092,300000002092,23244325,0,0,0,23244325,23244325,INR,card,1782819000,1782991800
pay_000000002562,payment,pay_000000002562,order_000000002562,INV-2026-002562,setl_000000002093,300000002093,23277500,0,0,0,23277500,23277500,INR,wallet,1782559800,1782732600
pay_000000002563,payment,pay_000000002563,order_000000002563,INV-2026-002563,setl_000000002094,300000002094,10611075,0,0,0,10611075,10611075,INR,netbanking,1786361400,1786361400
pay_000000002564,payment,pay_000000002564,order_000000002564,INV-2026-002564,setl_000000002095,300000002095,10055299,0,0,0,10055299,10055299,INR,wallet,1780745400,1780831800
pay_000000002565,payment,pay_000000002565,order_000000002565,INV-2026-002565,setl_000000002096,300000002096,23682225,0,0,0,23682225,23682225,INR,upi,1786447800,1786447800
pay_000000002566,payment,pay_000000002566,order_000000002566,INV-2026-002566,setl_000000002097,300000002097,1952899,0,0,0,1952899,1952899,INR,card,1786102200,1786188600
pay_000000002567,payment,pay_000000002567,order_000000002567,INV-2026-002567,setl_000000002098,300000002098,21793100,0,0,0,21793100,21793100,INR,wallet,1784719800,1784806200
pay_000000002568,payment,pay_000000002568,order_000000002568,INV-2026-002568,setl_000000002099,300000002099,34647400,0,0,0,34647400,34647400,INR,netbanking,1784201400,1784201400
pay_000000002569,payment,pay_000000002569,order_000000002569,INV-2026-002569,setl_000000002100,300000002100,24879475,0,0,0,24879475,24879475,INR,upi,1781955000,1781955000
pay_000000002570,payment,pay_000000002570,order_000000002570,INV-2026-002570,setl_000000002101,300000002101,35779499,0,0,0,35779499,35779499,INR,netbanking,1781523000,1781523000
pay_000000002571,payment,pay_000000002571,order_000000002571,INV-2026-002571,setl_000000002102,300000002102,29040400,0,0,0,29040400,29040400,INR,card,1780659000,1780831800
pay_000000002572,payment,pay_000000002572,order_000000002572,INV-2026-002572,setl_000000002103,300000002103,35633400,0,0,0,35633400,35633400,INR,card,1787484600,1787571000
pay_000000002573,payment,pay_000000002573,order_000000002573,INV-2026-002573,setl_000000002104,300000002104,34016375,0,0,0,34016375,34016375,INR,wallet,1787052600,1787225400
pay_000000002574,payment,pay_000000002574,order_000000002574,INV-2026-002574,setl_000000002105,300000002105,38721350,0,0,0,38721350,38721350,INR,card,1785756600,1785929400
pay_000000002575,payment,pay_000000002575,order_000000002575,INV-2026-002575,setl_000000002106,300000002106,20966650,0,0,0,20966650,20966650,INR,upi,1786188600,1786361400
pay_000000002576,payment,pay_000000002576,order_000000002576,INV-2026-002576,setl_000000002107,300000002107,48726650,0,0,0,48726650,48726650,INR,netbanking,1784547000,1784547000
pay_000000002577,payment,pay_000000002577,order_000000002577,INV-2026-002577,setl_000000002108,300000002108,39731725,0,0,0,39731725,39731725,INR,netbanking,1784201400,1784287800
pay_000000002578,payment,pay_000000002578,order_000000002578,INV-2026-002578,setl_000000002109,300000002109,26106500,0,0,0,26106500,26106500,INR,netbanking,1784979000,1784979000
pay_000000002579,payment,pay_000000002579,order_000000002579,INV-2026-002579,setl_000000002110,300000002110,14986000,0,0,0,14986000,14986000,INR,card,1787830200,1788003000
pay_000000002580,payment,pay_000000002580,order_000000002580,INV-2026-002580,setl_000000002111,300000002111,43536750,0,0,0,43536750,43536750,INR,card,1781782200,1781782200
pay_000000002581,payment,pay_000000002581,order_000000002581,INV-2026-002581,setl_000000002112,300000002112,22988200,0,0,0,22988200,22988200,INR,card,1783251000,1783251000
pay_000000002582,payment,pay_000000002582,order_000000002582,INV-2026-002582,setl_000000002113,300000002113,8092099,0,0,0,8092099,8092099,INR,netbanking,1781263800,1781263800
pay_000000002583,payment,pay_000000002583,order_000000002583,INV-2026-002583,setl_000000002114,300000002114,19382850,0,0,0,19382850,19382850,INR,upi,1786275000,1786447800
pay_000000002584,payment,pay_000000002584,order_000000002584,INV-2026-002584,setl_000000002115,300000002115,34910500,0,0,0,34910500,34910500,INR,card,1787571000,1787743800
pay_000000002585,payment,pay_000000002585,order_000000002585,INV-2026-002585,setl_000000002116,300000002116,23543875,0,0,0,23543875,23543875,INR,netbanking,1784979000,1785065400
pay_000000002586,payment,pay_000000002586,order_000000002586,INV-2026-002586,setl_000000002117,300000002117,15525725,0,0,0,15525725,15525725,INR,netbanking,1787830200,1787830200
pay_000000002587,payment,pay_000000002587,order_000000002587,INV-2026-002587,setl_000000002118,300000002118,46061800,0,0,0,46061800,46061800,INR,card,1787830200,1787916600
pay_000000002588,payment,pay_000000002588,order_000000002588,INV-2026-002588,setl_000000002119,300000002119,5725750,0,0,0,5725750,5725750,INR,upi,1785238200,1785411000
pay_000000002589,payment,pay_000000002589,order_000000002589,INV-2026-002589,setl_000000002120,300000002120,924300,0,0,0,924300,924300,INR,netbanking,1784633400,1784719800
pay_000000002590,payment,pay_000000002590,order_000000002590,INV-2026-002590,setl_000000002121,300000002121,25511500,0,0,0,25511500,25511500,INR,netbanking,1783164600,1783164600
pay_000000002591,payment,pay_000000002591,order_000000002591,INV-2026-002591,setl_000000002122,300000002122,7626200,0,0,0,7626200,7626200,INR,card,1785756600,1785929400
pay_000000002592,payment,pay_000000002592,order_000000002592,INV-2026-002592,setl_000000002123,300000002123,17038699,0,0,0,17038699,17038699,INR,wallet,1785583800,1785756600
pay_000000002593,payment,pay_000000002593,order_000000002593,INV-2026-002593,setl_000000002124,300000002124,2300550,0,0,0,2300550,2300550,INR,card,1782732600,1782819000
pay_000000002594,payment,pay_000000002594,order_000000002594,INV-2026-002594,setl_000000002125,300000002125,2828800,0,0,0,2828800,2828800,INR,card,1787657400,1787743800
pay_000000002595,payment,pay_000000002595,order_000000002595,INV-2026-002595,setl_000000002126,300000002126,27868925,0,0,0,27868925,27868925,INR,card,1782127800,1782127800
pay_000000002596,payment,pay_000000002596,order_000000002596,INV-2026-002596,setl_000000002127,300000002127,31172375,0,0,0,31172375,31172375,INR,netbanking,1787743800,1787743800
pay_000000002597,payment,pay_000000002597,order_000000002597,INV-2026-002597,setl_000000002128,300000002128,42776575,0,0,0,42776575,42776575,INR,netbanking,1786620600,1786620600
pay_000000002598,payment,pay_000000002598,order_000000002598,INV-2026-002598,setl_000000002129,300000002129,28393850,0,0,0,28393850,28393850,INR,upi,1784287800,1784287800
pay_000000002599,payment,pay_000000002599,order_000000002599,INV-2026-002599,setl_000000002130,300000002130,19109025,0,0,0,19109025,19109025,INR,netbanking,1785843000,1785843000
pay_000000002600,payment,pay_000000002600,order_000000002600,INV-2026-002600,setl_000000002131,300000002131,32505575,0,0,0,32505575,32505575,INR,netbanking,1782473400,1782473400
pay_000000002601,payment,pay_000000002601,order_000000002601,INV-2026-002601,setl_000000002132,300000002132,6232650,0,0,0,6232650,6232650,INR,upi,1781350200,1781436600
pay_000000002602,payment,pay_000000002602,order_000000002602,INV-2026-002602,setl_000000002133,300000002133,29149700,0,0,0,29149700,29149700,INR,upi,1786879800,1787052600
pay_000000002603,payment,pay_000000002603,order_000000002603,INV-2026-002603,setl_000000002134,300000002134,9648200,0,0,0,9648200,9648200,INR,upi,1781523000,1781523000
pay_000000002604,payment,pay_000000002604,order_000000002604,INV-2026-002604,setl_000000002135,300000002135,8887500,0,0,0,8887500,8887500,INR,wallet,1784287800,1784374200
pay_000000002605,payment,pay_000000002605,order_000000002605,INV-2026-002605,setl_000000002136,300000002136,32508199,0,0,0,32508199,32508199,INR,netbanking,1785756600,1785929400
pay_000000002606,payment,pay_000000002606,order_000000002606,INV-2026-002606,setl_000000002137,300000002137,6041500,0,0,0,6041500,6041500,INR,card,1781004600,1781091000
pay_000000002607,payment,pay_000000002607,order_000000002607,INV-2026-002607,setl_000000002138,300000002138,44221775,0,0,0,44221775,44221775,INR,upi,1783164600,1783164600
pay_000000002608,payment,pay_000000002608,order_000000002608,INV-2026-002608,setl_000000002139,300000002139,25943250,0,0,0,25943250,25943250,INR,upi,1781263800,1781350200
pay_000000002609,payment,pay_000000002609,order_000000002609,INV-2026-002609,setl_000000002140,300000002140,1652500,0,0,0,1652500,1652500,INR,wallet,1783769400,1783855800
pay_000000002610,payment,pay_000000002610,order_000000002610,INV-2026-002610,setl_000000002141,300000002141,43086600,0,0,0,43086600,43086600,INR,upi,1783510200,1783510200
pay_000000002611,payment,pay_000000002611,order_000000002611,INV-2026-002611,setl_000000002142,300000002142,14504899,0,0,0,14504899,14504899,INR,card,1786102200,1786102200
pay_000000002612,payment,pay_000000002612,order_000000002612,INV-2026-002612,setl_000000002143,300000002143,36888900,0,0,0,36888900,36888900,INR,card,1787052600,1787052600
pay_000000002613,payment,pay_000000002613,order_000000002613,INV-2026-002613,setl_000000002144,300000002144,49727150,0,0,0,49727150,49727150,INR,netbanking,1783251000,1783423800
pay_000000002614,payment,pay_000000002614,order_000000002614,INV-2026-002614,setl_000000002145,300000002145,46488899,0,0,0,46488899,46488899,INR,upi,1782905400,1783078200
pay_000000002615,payment,pay_000000002615,order_000000002615,INV-2026-002615,setl_000000002146,300000002146,29325299,0,0,0,29325299,29325299,INR,upi,1786102200,1786102200
pay_000000002616,payment,pay_000000002616,order_000000002616,INV-2026-002616,setl_000000002147,300000002147,34408999,0,0,0,34408999,34408999,INR,wallet,1787484600,1787657400
pay_000000002617,payment,pay_000000002617,order_000000002617,INV-2026-002617,setl_000000002148,300000002148,13422800,0,0,0,13422800,13422800,INR,wallet,1786534200,1786534200
pay_000000002618,payment,pay_000000002618,order_000000002618,INV-2026-002618,setl_000000002149,300000002149,38072099,0,0,0,38072099,38072099,INR,upi,1787571000,1787657400
pay_000000002619,payment,pay_000000002619,order_000000002619,INV-2026-002619,setl_000000002150,300000002150,46172525,0,0,0,46172525,46172525,INR,card,1786966200,1787139000
pay_000000002620,payment,pay_000000002620,order_000000002620,INV-2026-002620,setl_000000002151,300000002151,26866025,0,0,0,26866025,26866025,INR,wallet,1787484600,1787484600
pay_000000002621,payment,pay_000000002621,order_000000002621,INV-2026-002621,setl_000000002152,300000002152,20556350,0,0,0,20556350,20556350,INR,netbanking,1785756600,1785756600
pay_000000002622,payment,pay_000000002622,order_000000002622,INV-2026-002622,setl_000000002153,300000002153,10034100,0,0,0,10034100,10034100,INR,wallet,1782214200,1782300600
pay_000000002623,payment,pay_000000002623,order_000000002623,INV-2026-002623,setl_000000002154,300000002154,9806400,0,0,0,9806400,9806400,INR,card,1785151800,1785324600
pay_000000002624,payment,pay_000000002624,order_000000002624,INV-2026-002624,setl_000000002155,300000002155,44502799,0,0,0,44502799,44502799,INR,upi,1783942200,1783942200
pay_000000002625,payment,pay_000000002625,order_000000002625,INV-2026-002625,setl_000000002156,300000002156,23893800,0,0,0,23893800,23893800,INR,upi,1782732600,1782905400
pay_000000002626,payment,pay_000000002626,order_000000002626,INV-2026-002626,setl_000000002157,300000002157,2759400,0,0,0,2759400,2759400,INR,netbanking,1780572600,1780659000
pay_000000002627,payment,pay_000000002627,order_000000002627,INV-2026-002627,setl_000000002158,300000002158,44984400,0,0,0,44984400,44984400,INR,wallet,1780659000,1780831800
pay_000000002628,payment,pay_000000002628,order_000000002628,INV-2026-002628,setl_000000002159,300000002159,32499400,0,0,0,32499400,32499400,INR,upi,1781609400,1781609400
pay_000000002629,payment,pay_000000002629,order_000000002629,INV-2026-002629,setl_000000002160,300000002160,12257400,0,0,0,12257400,12257400,INR,netbanking,1785238200,1785411000
pay_000000002630,payment,pay_000000002630,order_000000002630,INV-2026-002630,setl_000000002161,300000002161,6564500,0,0,0,6564500,6564500,INR,wallet,1782732600,1782732600
pay_000000002631,payment,pay_000000002631,order_000000002631,INV-2026-002631,setl_000000002162,300000002162,16922900,0,0,0,16922900,16922900,INR,card,1784201400,1784287800
pay_000000002632,payment,pay_000000002632,order_000000002632,INV-2026-002632,setl_000000002163,300000002163,48883900,0,0,0,48883900,48883900,INR,wallet,1786188600,1786275000
pay_000000002633,payment,pay_000000002633,order_000000002633,INV-2026-002633,setl_000000002164,300000002164,16936399,0,0,0,16936399,16936399,INR,upi,1782905400,1782905400
pay_000000002634,payment,pay_000000002634,order_000000002634,INV-2026-002634,setl_000000002165,300000002165,22683675,0,0,0,22683675,22683675,INR,netbanking,1781263800,1781263800
pay_000000002635,payment,pay_000000002635,order_000000002635,INV-2026-002635,setl_000000002166,300000002166,24558600,0,0,0,24558600,24558600,INR,card,1782646200,1782732600
pay_000000002636,payment,pay_000000002636,order_000000002636,INV-2026-002636,setl_000000002167,300000002167,36421200,0,0,0,36421200,36421200,INR,wallet,1781695800,1781782200
pay_000000002637,payment,pay_000000002637,order_000000002637,INV-2026-002637,setl_000000002168,300000002168,46819600,0,0,0,46819600,46819600,INR,upi,1784547000,1784633400
pay_000000002638,payment,pay_000000002638,order_000000002638,INV-2026-002638,setl_000000002169,300000002169,28260000,0,0,0,28260000,28260000,INR,wallet,1786534200,1786707000
pay_000000002639,payment,pay_000000002639,order_000000002639,INV-2026-002639,setl_000000002170,300000002170,47505200,0,0,0,47505200,47505200,INR,netbanking,1784374200,1784547000
pay_000000002640,payment,pay_000000002640,order_000000002640,INV-2026-002640,setl_000000002171,300000002171,48583800,0,0,0,48583800,48583800,INR,netbanking,1781091000,1781091000
pay_000000002641,payment,pay_000000002641,order_000000002641,INV-2026-002641,setl_000000002172,300000002172,2670200,0,0,0,2670200,2670200,INR,upi,1780745400,1780831800
pay_000000002642,payment,pay_000000002642,order_000000002642,INV-2026-002642,setl_000000002173,300000002173,1092300,0,0,0,1092300,1092300,INR,card,1786361400,1786534200
pay_000000002643,payment,pay_000000002643,order_000000002643,INV-2026-002643,setl_000000002174,300000002174,9046375,0,0,0,9046375,9046375,INR,netbanking,1781436600,1781523000
pay_000000002644,payment,pay_000000002644,order_000000002644,INV-2026-002644,setl_000000002175,300000002175,26170600,0,0,0,26170600,26170600,INR,wallet,1781091000,1781263800
pay_000000002645,payment,pay_000000002645,order_000000002645,INV-2026-002645,setl_000000002176,300000002176,13076300,0,0,0,13076300,13076300,INR,wallet,1786707000,1786793400
pay_000000002646,payment,pay_000000002646,order_000000002646,INV-2026-002646,setl_000000002177,300000002177,31921099,0,0,0,31921099,31921099,INR,netbanking,1782300600,1782387000
pay_000000002647,payment,pay_000000002647,order_000000002647,INV-2026-002647,setl_000000002178,300000002178,4940075,0,0,0,4940075,4940075,INR,netbanking,1783251000,1783337400
pay_000000002648,payment,pay_000000002648,order_000000002648,INV-2026-002648,setl_000000002179,300000002179,1058675,0,0,0,1058675,1058675,INR,wallet,1785583800,1785583800
pay_000000002649,payment,pay_000000002649,order_000000002649,INV-2026-002649,setl_000000002180,300000002180,28307750,0,0,0,28307750,28307750,INR,card,1781609400,1781695800
pay_000000002650,payment,pay_000000002650,order_000000002650,INV-2026-002650,setl_000000002181,300000002181,19225000,0,0,0,19225000,19225000,INR,card,1784460600,1784547000
pay_000000002651,payment,pay_000000002651,order_000000002651,INV-2026-002651,setl_000000002182,300000002182,6222400,0,0,0,6222400,6222400,INR,wallet,1787225400,1787311800
pay_000000002652,payment,pay_000000002652,order_000000002652,INV-2026-002652,setl_000000002183,300000002183,1885100,0,0,0,1885100,1885100,INR,upi,1785238200,1785324600
pay_000000002653,payment,pay_000000002653,order_000000002653,INV-2026-002653,setl_000000002184,300000002184,42684800,0,0,0,42684800,42684800,INR,wallet,1781695800,1781782200
pay_000000002654,payment,pay_000000002654,order_000000002654,INV-2026-002654,setl_000000002185,300000002185,43515000,0,0,0,43515000,43515000,INR,card,1787916600,1788003000
pay_000000002655,payment,pay_000000002655,order_000000002655,INV-2026-002655,setl_000000002186,300000002186,30077900,0,0,0,30077900,30077900,INR,wallet,1787743800,1787916600
pay_000000002656,payment,pay_000000002656,order_000000002656,INV-2026-002656,setl_000000002187,300000002187,33456300,0,0,0,33456300,33456300,INR,netbanking,1785411000,1785497400
pay_000000002657,payment,pay_000000002657,order_000000002657,INV-2026-002657,setl_000000002188,300000002188,18706300,0,0,0,18706300,18706300,INR,wallet,1785583800,1785670200
pay_000000002658,payment,pay_000000002658,order_000000002658,INV-2026-002658,setl_000000002189,300000002189,43949075,0,0,0,43949075,43949075,INR,netbanking,1785497400,1785497400
pay_000000002659,payment,pay_000000002659,order_000000002659,INV-2026-002659,setl_000000002190,300000002190,27566700,0,0,0,27566700,27566700,INR,netbanking,1782473400,1782473400
pay_000000002660,payment,pay_000000002660,order_000000002660,INV-2026-002660,setl_000000002191,300000002191,32123425,0,0,0,32123425,32123425,INR,card,1781609400,1781609400
pay_000000002661,payment,pay_000000002661,order_000000002661,INV-2026-002661,setl_000000002192,300000002192,7706600,0,0,0,7706600,7706600,INR,upi,1782387000,1782387000
pay_000000002662,payment,pay_000000002662,order_000000002662,INV-2026-002662,setl_000000002193,300000002193,25353400,0,0,0,25353400,25353400,INR,netbanking,1787743800,1787916600
pay_000000002663,payment,pay_000000002663,order_000000002663,INV-2026-002663,setl_000000002194,300000002194,7263975,0,0,0,7263975,7263975,INR,card,1781177400,1781263800
pay_000000002664,payment,pay_000000002664,order_000000002664,INV-2026-002664,setl_000000002195,300000002195,29373675,0,0,0,29373675,29373675,INR,wallet,1785411000,1785583800
pay_000000002665,payment,pay_000000002665,order_000000002665,INV-2026-002665,setl_000000002196,300000002196,1044350,0,0,0,1044350,1044350,INR,card,1784460600,1784633400
pay_000000002666,payment,pay_000000002666,order_000000002666,INV-2026-002666,setl_000000002197,300000002197,7478000,0,0,0,7478000,7478000,INR,netbanking,1783423800,1783423800
pay_000000002667,payment,pay_000000002667,order_000000002667,INV-2026-002667,setl_000000002198,300000002198,19205750,0,0,0,19205750,19205750,INR,netbanking,1786102200,1786102200
pay_000000002668,payment,pay_000000002668,order_000000002668,INV-2026-002668,setl_000000002199,300000002199,23321799,0,0,0,23321799,23321799,INR,card,1782732600,1782732600
pay_000000002669,payment,pay_000000002669,order_000000002669,INV-2026-002669,setl_000000002200,300000002200,457100,0,0,0,457100,457100,INR,wallet,1781436600,1781609400
pay_000000002670,payment,pay_000000002670,order_000000002670,INV-2026-002670,setl_000000002201,300000002201,41985325,0,0,0,41985325,41985325,INR,card,1787052600,1787052600
pay_000000002671,payment,pay_000000002671,order_000000002671,INV-2026-002671,setl_000000002202,300000002202,49913300,0,0,0,49913300,49913300,INR,upi,1782991800,1783078200
pay_000000002672,payment,pay_000000002672,order_000000002672,INV-2026-002672,setl_000000002203,300000002203,5998525,0,0,0,5998525,5998525,INR,wallet,1783855800,1784028600
pay_000000002673,payment,pay_000000002673,order_000000002673,INV-2026-002673,setl_000000002204,300000002204,16710750,0,0,0,16710750,16710750,INR,netbanking,1784115000,1784115000
pay_000000002674,payment,pay_000000002674,order_000000002674,INV-2026-002674,setl_000000002205,300000002205,5651875,0,0,0,5651875,5651875,INR,wallet,1786015800,1786015800
pay_000000002675,payment,pay_000000002675,order_000000002675,INV-2026-002675,setl_000000002206,300000002206,47835850,0,0,0,47835850,47835850,INR,card,1780745400,1780918200
pay_000000002676,payment,pay_000000002676,order_000000002676,INV-2026-002676,setl_000000002207,300000002207,7303625,0,0,0,7303625,7303625,INR,wallet,1783164600,1783164600
pay_000000002677,payment,pay_000000002677,order_000000002677,INV-2026-002677,setl_000000002208,300000002208,40517700,0,0,0,40517700,40517700,INR,netbanking,1784806200,1784979000
pay_000000002678,payment,pay_000000002678,order_000000002678,INV-2026-002678,setl_000000002209,300000002209,34355900,0,0,0,34355900,34355900,INR,upi,1780745400,1780831800
pay_000000002679,payment,pay_000000002679,order_000000002679,INV-2026-002679,setl_000000002210,300000002210,4479900,0,0,0,4479900,4479900,INR,wallet,1780659000,1780659000
pay_000000002680,payment,pay_000000002680,order_000000002680,INV-2026-002680,setl_000000002211,300000002211,24036550,0,0,0,24036550,24036550,INR,wallet,1781436600,1781609400
pay_000000002681,payment,pay_000000002681,order_000000002681,INV-2026-002681,setl_000000002212,300000002212,6250900,0,0,0,6250900,6250900,INR,card,1782559800,1782559800
pay_000000002682,payment,pay_000000002682,order_000000002682,INV-2026-002682,setl_000000002213,300000002213,40489000,0,0,0,40489000,40489000,INR,netbanking,1784115000,1784287800
pay_000000002683,payment,pay_000000002683,order_000000002683,INV-2026-002683,setl_000000002214,300000002214,27998200,0,0,0,27998200,27998200,INR,upi,1784892600,1784892600
pay_000000002684,payment,pay_000000002684,order_000000002684,INV-2026-002684,setl_000000002215,300000002215,46388225,0,0,0,46388225,46388225,INR,upi,1781436600,1781523000
pay_000000002685,payment,pay_000000002685,order_000000002685,INV-2026-002685,setl_000000002216,300000002216,25694500,0,0,0,25694500,25694500,INR,card,1781868600,1781868600
pay_000000002686,payment,pay_000000002686,order_000000002686,INV-2026-002686,setl_000000002217,300000002217,44147725,0,0,0,44147725,44147725,INR,netbanking,1782473400,1782646200
pay_000000002687,payment,pay_000000002687,order_000000002687,INV-2026-002687,setl_000000002218,300000002218,1532399,0,0,0,1532399,1532399,INR,wallet,1780313400,1780399800
pay_000000002688,payment,pay_000000002688,order_000000002688,INV-2026-002688,setl_000000002219,300000002219,32806099,0,0,0,32806099,32806099,INR,netbanking,1780313400,1780399800
pay_000000002689,payment,pay_000000002689,order_000000002689,INV-2026-002689,setl_000000002220,300000002220,8478499,0,0,0,8478499,8478499,INR,netbanking,1785324600,1785411000
pay_000000002690,payment,pay_000000002690,order_000000002690,INV-2026-002690,setl_000000002221,300000002221,47438125,0,0,0,47438125,47438125,INR,netbanking,1785929400,1785929400
pay_000000002691,payment,pay_000000002691,order_000000002691,INV-2026-002691,setl_000000002222,300000002222,7441825,0,0,0,7441825,7441825,INR,netbanking,1784287800,1784287800
pay_000000002692,payment,pay_000000002692,order_000000002692,INV-2026-002692,setl_000000002223,300000002223,37825300,0,0,0,37825300,37825300,INR,upi,1781609400,1781609400
pay_000000002693,payment,pay_000000002693,order_000000002693,INV-2026-002693,setl_000000002224,300000002224,38633900,0,0,0,38633900,38633900,INR,wallet,1781004600,1781091000
pay_000000002694,payment,pay_000000002694,order_000000002694,INV-2026-002694,setl_000000002225,300000002225,49156200,0,0,0,49156200,49156200,INR,card,1787743800,1787830200
pay_000000002695,payment,pay_000000002695,order_000000002695,INV-2026-002695,setl_000000002226,300000002226,10857525,0,0,0,10857525,10857525,INR,upi,1783596600,1783769400
pay_000000002696,payment,pay_000000002696,order_000000002696,INV-2026-002696,setl_000000002227,300000002227,35646175,0,0,0,35646175,35646175,INR,netbanking,1782387000,1782387000
pay_000000002697,payment,pay_000000002697,order_000000002697,INV-2026-002697,setl_000000002228,300000002228,15490250,0,0,0,15490250,15490250,INR,upi,1788003000,1788003000
pay_000000002698,payment,pay_000000002698,order_000000002698,INV-2026-002698,setl_000000002229,300000002229,33201199,0,0,0,33201199,33201199,INR,wallet,1782905400,1782905400
pay_000000002699,payment,pay_000000002699,order_000000002699,INV-2026-002699,setl_000000002230,300000002230,15997050,0,0,0,15997050,15997050,INR,card,1780745400,1780831800
pay_000000002700,payment,pay_000000002700,order_000000002700,INV-2026-002700,setl_000000002231,300000002231,27882800,0,0,0,27882800,27882800,INR,card,1786447800,1786620600
pay_000000002701,payment,pay_000000002701,order_000000002701,INV-2026-002701,setl_000000002232,300000002232,266725,0,0,0,266725,266725,INR,wallet,1785843000,1786015800
pay_000000002702,payment,pay_000000002702,order_000000002702,INV-2026-002702,setl_000000002233,300000002233,30927700,0,0,0,30927700,30927700,INR,card,1783683000,1783855800
pay_000000002703,payment,pay_000000002703,order_000000002703,INV-2026-002703,setl_000000002234,300000002234,32062999,0,0,0,32062999,32062999,INR,wallet,1785324600,1785497400
pay_000000002704,payment,pay_000000002704,order_000000002704,INV-2026-002704,setl_000000002235,300000002235,49608425,0,0,0,49608425,49608425,INR,netbanking,1782991800,1782991800
pay_000000002705,payment,pay_000000002705,order_000000002705,INV-2026-002705,setl_000000002236,300000002236,1649350,0,0,0,1649350,1649350,INR,wallet,1784979000,1785151800
pay_000000002706,payment,pay_000000002706,order_000000002706,INV-2026-002706,setl_000000002237,300000002237,17633675,0,0,0,17633675,17633675,INR,upi,1782905400,1782991800
pay_000000002707,payment,pay_000000002707,order_000000002707,INV-2026-002707,setl_000000002238,300000002238,38582650,0,0,0,38582650,38582650,INR,upi,1782473400,1782646200
pay_000000002708,payment,pay_000000002708,order_000000002708,INV-2026-002708,setl_000000002239,300000002239,10396699,0,0,0,10396699,10396699,INR,card,1781523000,1781609400
pay_000000002709,payment,pay_000000002709,order_000000002709,INV-2026-002709,setl_000000002240,300000002240,37585650,0,0,0,37585650,37585650,INR,upi,1783078200,1783078200
pay_000000002710,payment,pay_000000002710,order_000000002710,INV-2026-002710,setl_000000002241,300000002241,22220250,0,0,0,22220250,22220250,INR,card,1785324600,1785324600
pay_000000002711,payment,pay_000000002711,order_000000002711,INV-2026-002711,setl_000000002242,300000002242,12036125,0,0,0,12036125,12036125,INR,card,1782041400,1782127800
pay_000000002712,payment,pay_000000002712,order_000000002712,INV-2026-002712,setl_000000002243,300000002243,26366475,0,0,0,26366475,26366475,INR,wallet,1784892600,1784892600
pay_000000002713,payment,pay_000000002713,order_000000002713,INV-2026-002713,setl_000000002244,300000002244,16112099,0,0,0,16112099,16112099,INR,wallet,1786707000,1786707000
pay_000000002714,payment,pay_000000002714,order_000000002714,INV-2026-002714,setl_000000002245,300000002245,42010350,0,0,0,42010350,42010350,INR,upi,1781091000,1781177400
pay_000000002715,payment,pay_000000002715,order_000000002715,INV-2026-002715,setl_000000002246,300000002246,38645299,0,0,0,38645299,38645299,INR,netbanking,1785670200,1785843000
pay_000000002716,payment,pay_000000002716,order_000000002716,INV-2026-002716,setl_000000002247,300000002247,48892899,0,0,0,48892899,48892899,INR,wallet,1782473400,1782473400
pay_000000002717,payment,pay_000000002717,order_000000002717,INV-2026-002717,setl_000000002248,300000002248,35172000,0,0,0,35172000,35172000,INR,card,1780313400,1780486200
pay_000000002718,payment,pay_000000002718,order_000000002718,INV-2026-002718,setl_000000002249,300000002249,7447850,0,0,0,7447850,7447850,INR,netbanking,1787743800,1787916600
pay_000000002719,payment,pay_000000002719,order_000000002719,INV-2026-002719,setl_000000002250,300000002250,37694099,0,0,0,37694099,37694099,INR,wallet,1786361400,1786534200
pay_000000002720,payment,pay_000000002720,order_000000002720,INV-2026-002720,setl_000000002251,300000002251,41485325,0,0,0,41485325,41485325,INR,upi,1782127800,1782127800
pay_000000002721,payment,pay_000000002721,order_000000002721,INV-2026-002721,setl_000000002252,300000002252,40769375,0,0,0,40769375,40769375,INR,netbanking,1781868600,1782041400
pay_000000002722,payment,pay_000000002722,order_000000002722,INV-2026-002722,setl_000000002253,300000002253,20722575,0,0,0,20722575,20722575,INR,wallet,1783337400,1783510200
pay_000000002723,payment,pay_000000002723,order_000000002723,INV-2026-002723,setl_000000002254,300000002254,1787725,0,0,0,1787725,1787725,INR,netbanking,1786620600,1786707000
pay_000000002724,payment,pay_000000002724,order_000000002724,INV-2026-002724,setl_000000002255,300000002255,18738225,0,0,0,18738225,18738225,INR,wallet,1784115000,1784287800
pay_000000002725,payment,pay_000000002725,order_000000002725,INV-2026-002725,setl_000000002256,300000002256,40313899,0,0,0,40313899,40313899,INR,netbanking,1786102200,1786275000
pay_000000002726,payment,pay_000000002726,order_000000002726,INV-2026-002726,setl_000000002257,300000002257,1506425,0,0,0,1506425,1506425,INR,card,1780486200,1780572600
pay_000000002727,payment,pay_000000002727,order_000000002727,INV-2026-002727,setl_000000002258,300000002258,11071875,0,0,0,11071875,11071875,INR,card,1781609400,1781609400
pay_000000002728,payment,pay_000000002728,order_000000002728,INV-2026-002728,setl_000000002259,300000002259,29125925,0,0,0,29125925,29125925,INR,wallet,1786707000,1786707000
pay_000000002729,payment,pay_000000002729,order_000000002729,INV-2026-002729,setl_000000002260,300000002260,48946500,0,0,0,48946500,48946500,INR,card,1787571000,1787571000
pay_000000002730,payment,pay_000000002730,order_000000002730,INV-2026-002730,setl_000000002261,300000002261,23217325,0,0,0,23217325,23217325,INR,wallet,1786015800,1786102200
pay_000000002731,payment,pay_000000002731,order_000000002731,INV-2026-002731,setl_000000002262,300000002262,35417500,0,0,0,35417500,35417500,INR,wallet,1785843000,1785929400
pay_000000002732,payment,pay_000000002732,order_000000002732,INV-2026-002732,setl_000000002263,300000002263,25353500,0,0,0,25353500,25353500,INR,wallet,1785238200,1785411000
pay_000000002733,payment,pay_000000002733,order_000000002733,INV-2026-002733,setl_000000002264,300000002264,33153600,0,0,0,33153600,33153600,INR,upi,1781868600,1781868600
pay_000000002734,payment,pay_000000002734,order_000000002734,INV-2026-002734,setl_000000002265,300000002265,26982175,0,0,0,26982175,26982175,INR,wallet,1780831800,1781004600
pay_000000002735,payment,pay_000000002735,order_000000002735,INV-2026-002735,setl_000000002266,300000002266,45765150,0,0,0,45765150,45765150,INR,wallet,1783423800,1783596600
pay_000000002736,payment,pay_000000002736,order_000000002736,INV-2026-002736,setl_000000002267,300000002267,31693100,0,0,0,31693100,31693100,INR,netbanking,1781350200,1781436600
pay_000000002737,payment,pay_000000002737,order_000000002737,INV-2026-002737,setl_000000002268,300000002268,33287100,0,0,0,33287100,33287100,INR,netbanking,1787657400,1787657400
pay_000000002738,payment,pay_000000002738,order_000000002738,INV-2026-002738,setl_000000002269,300000002269,17475500,0,0,0,17475500,17475500,INR,upi,1787398200,1787484600
pay_000000002739,payment,pay_000000002739,order_000000002739,INV-2026-002739,setl_000000002270,300000002270,25101300,0,0,0,25101300,25101300,INR,netbanking,1786707000,1786707000
pay_000000002740,payment,pay_000000002740,order_000000002740,INV-2026-002740,setl_000000002271,300000002271,14272400,0,0,0,14272400,14272400,INR,upi,1783251000,1783251000
pay_000000002741,payment,pay_000000002741,order_000000002741,INV-2026-002741,setl_000000002272,300000002272,39214450,0,0,0,39214450,39214450,INR,card,1782387000,1782559800
pay_000000002742,payment,pay_000000002742,order_000000002742,INV-2026-002742,setl_000000002273,300000002273,41173800,0,0,0,41173800,41173800,INR,card,1784979000,1785151800
pay_000000002743,payment,pay_000000002743,order_000000002743,INV-2026-002743,setl_000000002274,300000002274,28577825,0,0,0,28577825,28577825,INR,upi,1780313400,1780399800
pay_000000002744,payment,pay_000000002744,order_000000002744,INV-2026-002744,setl_000000002275,300000002275,20970800,0,0,0,20970800,20970800,INR,upi,1784633400,1784806200
pay_000000002745,payment,pay_000000002745,order_000000002745,INV-2026-002745,setl_000000002276,300000002276,30259900,0,0,0,30259900,30259900,INR,upi,1784806200,1784892600
pay_000000002746,payment,pay_000000002746,order_000000002746,INV-2026-002746,setl_000000002277,300000002277,16403875,0,0,0,16403875,16403875,INR,card,1785497400,1785583800
pay_000000002747,payment,pay_000000002747,order_000000002747,INV-2026-002747,setl_000000002278,300000002278,45855099,0,0,0,45855099,45855099,INR,wallet,1780659000,1780831800
pay_000000002748,payment,pay_000000002748,order_000000002748,INV-2026-002748,setl_000000002279,300000002279,43893200,0,0,0,43893200,43893200,INR,upi,1784460600,1784547000
pay_000000002749,payment,pay_000000002749,order_000000002749,INV-2026-002749,setl_000000002280,300000002280,41630200,0,0,0,41630200,41630200,INR,netbanking,1780918200,1781091000
pay_000000002750,payment,pay_000000002750,order_000000002750,INV-2026-002750,setl_000000002281,300000002281,26978075,0,0,0,26978075,26978075,INR,card,1781091000,1781263800
pay_000000002751,payment,pay_000000002751,order_000000002751,INV-2026-002751,setl_000000002282,300000002282,42326625,0,0,0,42326625,42326625,INR,upi,1781004600,1781091000
pay_000000002752,payment,pay_000000002752,order_000000002752,INV-2026-002752,setl_000000002283,300000002283,26342399,0,0,0,26342399,26342399,INR,upi,1784979000,1785151800
pay_000000002753,payment,pay_000000002753,order_000000002753,INV-2026-002753,setl_000000002284,300000002284,32045900,0,0,0,32045900,32045900,INR,wallet,1782041400,1782041400
pay_000000002754,payment,pay_000000002754,order_000000002754,INV-2026-002754,setl_000000002285,300000002285,36917100,0,0,0,36917100,36917100,INR,card,1788003000,1788089400
pay_000000002755,payment,pay_000000002755,order_000000002755,INV-2026-002755,setl_000000002286,300000002286,8086575,0,0,0,8086575,8086575,INR,netbanking,1783683000,1783855800
pay_000000002756,payment,pay_000000002756,order_000000002756,INV-2026-002756,setl_000000002287,300000002287,7245299,0,0,0,7245299,7245299,INR,card,1784719800,1784719800
pay_000000002757,payment,pay_000000002757,order_000000002757,INV-2026-002757,setl_000000002288,300000002288,26637000,0,0,0,26637000,26637000,INR,netbanking,1782905400,1783078200
pay_000000002758,payment,pay_000000002758,order_000000002758,INV-2026-002758,setl_000000002289,300000002289,14594699,0,0,0,14594699,14594699,INR,netbanking,1781350200,1781523000
pay_000000002759,payment,pay_000000002759,order_000000002759,INV-2026-002759,setl_000000002290,300000002290,24366400,0,0,0,24366400,24366400,INR,card,1782127800,1782214200
pay_000000002760,payment,pay_000000002760,order_000000002760,INV-2026-002760,setl_000000002291,300000002291,1096400,0,0,0,1096400,1096400,INR,netbanking,1784892600,1785065400
pay_000000002761,payment,pay_000000002761,order_000000002761,INV-2026-002761,setl_000000002292,300000002292,38617900,0,0,0,38617900,38617900,INR,card,1786015800,1786102200
pay_000000002762,payment,pay_000000002762,order_000000002762,INV-2026-002762,setl_000000002293,300000002293,35564800,0,0,0,35564800,35564800,INR,card,1784892600,1784892600
pay_000000002763,payment,pay_000000002763,order_000000002763,INV-2026-002763,setl_000000002294,300000002294,48589900,0,0,0,48589900,48589900,INR,wallet,1784460600,1784633400
pay_000000002764,payment,pay_000000002764,order_000000002764,INV-2026-002764,setl_000000002295,300000002295,9318875,0,0,0,9318875,9318875,INR,card,1781955000,1782127800
pay_000000002765,payment,pay_000000002765,order_000000002765,INV-2026-002765,setl_000000002296,300000002296,32934200,0,0,0,32934200,32934200,INR,card,1784547000,1784547000
pay_000000002766,payment,pay_000000002766,order_000000002766,INV-2026-002766,setl_000000002297,300000002297,38314950,0,0,0,38314950,38314950,INR,card,1786534200,1786707000
pay_000000002767,payment,pay_000000002767,order_000000002767,INV-2026-002767,setl_000000002298,300000002298,16149975,0,0,0,16149975,16149975,INR,netbanking,1782300600,1782387000
pay_000000002768,payment,pay_000000002768,order_000000002768,INV-2026-002768,setl_000000002299,300000002299,32949200,0,0,0,32949200,32949200,INR,wallet,1787830200,1788003000
pay_000000002769,payment,pay_000000002769,order_000000002769,INV-2026-002769,setl_000000002300,300000002300,5314600,0,0,0,5314600,5314600,INR,card,1786879800,1787052600
pay_000000002770,payment,pay_000000002770,order_000000002770,INV-2026-002770,setl_000000002301,300000002301,42159399,0,0,0,42159399,42159399,INR,upi,1785670200,1785670200
pay_000000002771,payment,pay_000000002771,order_000000002771,INV-2026-002771,setl_000000002302,300000002302,46861600,0,0,0,46861600,46861600,INR,upi,1788003000,1788003000
pay_000000002772,payment,pay_000000002772,order_000000002772,INV-2026-002772,setl_000000002303,300000002303,42605825,0,0,0,42605825,42605825,INR,wallet,1785497400,1785583800
pay_000000002773,payment,pay_000000002773,order_000000002773,INV-2026-002773,setl_000000002304,300000002304,3102100,0,0,0,3102100,3102100,INR,upi,1787830200,1787830200
pay_000000002774,payment,pay_000000002774,order_000000002774,INV-2026-002774,setl_000000002305,300000002305,16744325,0,0,0,16744325,16744325,INR,wallet,1782127800,1782127800
pay_000000002775,payment,pay_000000002775,order_000000002775,INV-2026-002775,setl_000000002306,300000002306,34640699,0,0,0,34640699,34640699,INR,upi,1782300600,1782387000
pay_000000002776,payment,pay_000000002776,order_000000002776,INV-2026-002776,setl_000000002307,300000002307,4019099,0,0,0,4019099,4019099,INR,wallet,1783337400,1783423800
pay_000000002777,payment,pay_000000002777,order_000000002777,INV-2026-002777,setl_000000002308,300000002308,38678299,0,0,0,38678299,38678299,INR,netbanking,1782559800,1782732600
pay_000000002778,payment,pay_000000002778,order_000000002778,INV-2026-002778,setl_000000002309,300000002309,6366150,0,0,0,6366150,6366150,INR,netbanking,1782991800,1782991800
pay_000000002779,payment,pay_000000002779,order_000000002779,INV-2026-002779,setl_000000002310,300000002310,106350,0,0,0,106350,106350,INR,card,1783683000,1783683000
pay_000000002780,payment,pay_000000002780,order_000000002780,INV-2026-002780,setl_000000002311,300000002311,14672600,0,0,0,14672600,14672600,INR,upi,1782732600,1782905400
pay_000000002781,payment,pay_000000002781,order_000000002781,INV-2026-002781,setl_000000002312,300000002312,12744175,0,0,0,12744175,12744175,INR,wallet,1781609400,1781695800
pay_000000002782,payment,pay_000000002782,order_000000002782,INV-2026-002782,setl_000000002313,300000002313,45207075,0,0,0,45207075,45207075,INR,card,1783423800,1783596600
pay_000000002783,payment,pay_000000002783,order_000000002783,INV-2026-002783,setl_000000002314,300000002314,929599,0,0,0,929599,929599,INR,wallet,1786879800,1786879800
pay_000000002784,payment,pay_000000002784,order_000000002784,INV-2026-002784,setl_000000002315,300000002315,21136600,0,0,0,21136600,21136600,INR,card,1784633400,1784806200
pay_000000002785,payment,pay_000000002785,order_000000002785,INV-2026-002785,setl_000000002316,300000002316,7554400,0,0,0,7554400,7554400,INR,wallet,1783078200,1783251000
pay_000000002786,payment,pay_000000002786,order_000000002786,INV-2026-002786,setl_000000002317,300000002317,47646525,0,0,0,47646525,47646525,INR,netbanking,1785151800,1785238200
pay_000000002787,payment,pay_000000002787,order_000000002787,INV-2026-002787,setl_000000002318,300000002318,10365500,0,0,0,10365500,10365500,INR,card,1784979000,1785065400
pay_000000002788,payment,pay_000000002788,order_000000002788,INV-2026-002788,setl_000000002319,300000002319,6204100,0,0,0,6204100,6204100,INR,netbanking,1785065400,1785238200
pay_000000002789,payment,pay_000000002789,order_000000002789,INV-2026-002789,setl_000000002320,300000002320,48112100,0,0,0,48112100,48112100,INR,upi,1787571000,1787743800
pay_000000002790,payment,pay_000000002790,order_000000002790,INV-2026-002790,setl_000000002321,300000002321,13066950,0,0,0,13066950,13066950,INR,netbanking,1787052600,1787052600
pay_000000002791,payment,pay_000000002791,order_000000002791,INV-2026-002791,setl_000000002322,300000002322,42113925,0,0,0,42113925,42113925,INR,netbanking,1784979000,1785151800
pay_000000002792,payment,pay_000000002792,order_000000002792,INV-2026-002792,setl_000000002323,300000002323,8990500,0,0,0,8990500,8990500,INR,netbanking,1780831800,1781004600
pay_000000002793,payment,pay_000000002793,order_000000002793,INV-2026-002793,setl_000000002324,300000002324,27413600,0,0,0,27413600,27413600,INR,upi,1787225400,1787311800
pay_000000002794,payment,pay_000000002794,order_000000002794,INV-2026-002794,setl_000000002325,300000002325,44098925,0,0,0,44098925,44098925,INR,netbanking,1786102200,1786102200
pay_000000002795,payment,pay_000000002795,order_000000002795,INV-2026-002795,setl_000000002326,300000002326,2883000,0,0,0,2883000,2883000,INR,netbanking,1786447800,1786620600
pay_000000002796,payment,pay_000000002796,order_000000002796,INV-2026-002796,setl_000000002327,300000002327,5424125,0,0,0,5424125,5424125,INR,netbanking,1785324600,1785324600
pay_000000002797,payment,pay_000000002797,order_000000002797,INV-2026-002797,setl_000000002328,300000002328,29056675,0,0,0,29056675,29056675,INR,upi,1783683000,1783683000
pay_000000002798,payment,pay_000000002798,order_000000002798,INV-2026-002798,setl_000000002329,300000002329,25049100,0,0,0,25049100,25049100,INR,card,1782127800,1782214200
pay_000000002799,payment,pay_000000002799,order_000000002799,INV-2026-002799,setl_000000002330,300000002330,49195100,0,0,0,49195100,49195100,INR,card,1781004600,1781177400
pay_000000002800,payment,pay_000000002800,order_000000002800,INV-2026-002800,setl_000000002331,300000002331,48995400,0,0,0,48995400,48995400,INR,upi,1787225400,1787225400
pay_000000002801,payment,pay_000000002801,order_000000002801,INV-2026-002801,setl_000000002332,300000002332,13877900,0,0,0,13877900,13877900,INR,card,1783423800,1783423800
pay_000000002802,payment,pay_000000002802,order_000000002802,INV-2026-002802,setl_000000002333,300000002333,48607200,0,0,0,48607200,48607200,INR,card,1780572600,1780659000
pay_000000002803,payment,pay_000000002803,order_000000002803,INV-2026-002803,setl_000000002334,300000002334,16107550,0,0,0,16107550,16107550,INR,upi,1782387000,1782387000
pay_000000002804,payment,pay_000000002804,order_000000002804,INV-2026-002804,setl_000000002335,300000002335,28873900,0,0,0,28873900,28873900,INR,netbanking,1780745400,1780745400
pay_000000002805,payment,pay_000000002805,order_000000002805,INV-2026-002805,setl_000000002336,300000002336,3692925,0,0,0,3692925,3692925,INR,upi,1787830200,1788003000
pay_000000002806,payment,pay_000000002806,order_000000002806,INV-2026-002806,setl_000000002337,300000002337,40160899,0,0,0,40160899,40160899,INR,upi,1785065400,1785065400
pay_000000002807,payment,pay_000000002807,order_000000002807,INV-2026-002807,setl_000000002338,300000002338,17892300,0,0,0,17892300,17892300,INR,upi,1787484600,1787484600
pay_000000002808,payment,pay_000000002808,order_000000002808,INV-2026-002808,setl_000000002339,300000002339,46121400,0,0,0,46121400,46121400,INR,card,1785497400,1785670200
pay_000000002809,payment,pay_000000002809,order_000000002809,INV-2026-002809,setl_000000002340,300000002340,48991100,0,0,0,48991100,48991100,INR,wallet,1781263800,1781263800
pay_000000002810,payment,pay_000000002810,order_000000002810,INV-2026-002810,setl_000000002341,300000002341,24850400,0,0,0,24850400,24850400,INR,netbanking,1784806200,1784979000
pay_000000002811,payment,pay_000000002811,order_000000002811,INV-2026-002811,setl_000000002342,300000002342,34080125,0,0,0,34080125,34080125,INR,card,1783942200,1784115000
pay_000000002812,payment,pay_000000002812,order_000000002812,INV-2026-002812,setl_000000002343,300000002343,27183875,0,0,0,27183875,27183875,INR,card,1781955000,1781955000
pay_000000002813,payment,pay_000000002813,order_000000002813,INV-2026-002813,setl_000000002344,300000002344,30299100,0,0,0,30299100,30299100,INR,upi,1784547000,1784633400
pay_000000002814,payment,pay_000000002814,order_000000002814,INV-2026-002814,setl_000000002345,300000002345,28857150,0,0,0,28857150,28857150,INR,netbanking,1783683000,1783855800
pay_000000002815,payment,pay_000000002815,order_000000002815,INV-2026-002815,setl_000000002346,300000002346,21911199,0,0,0,21911199,21911199,INR,netbanking,1782387000,1782559800
pay_000000002816,payment,pay_000000002816,order_000000002816,INV-2026-002816,setl_000000002347,300000002347,48936875,0,0,0,48936875,48936875,INR,card,1782991800,1783164600
pay_000000002817,payment,pay_000000002817,order_000000002817,INV-2026-002817,setl_000000002348,300000002348,27603100,0,0,0,27603100,27603100,INR,netbanking,1786534200,1786534200
pay_000000002818,payment,pay_000000002818,order_000000002818,INV-2026-002818,setl_000000002349,300000002349,14887400,0,0,0,14887400,14887400,INR,netbanking,1783251000,1783337400
pay_000000002819,payment,pay_000000002819,order_000000002819,INV-2026-002819,setl_000000002350,300000002350,43827499,0,0,0,43827499,43827499,INR,upi,1785929400,1786102200
pay_000000002820,payment,pay_000000002820,order_000000002820,INV-2026-002820,setl_000000002351,300000002351,43381225,0,0,0,43381225,43381225,INR,wallet,1785411000,1785411000
pay_000000002821,payment,pay_000000002821,order_000000002821,INV-2026-002821,setl_000000002352,300000002352,47379100,0,0,0,47379100,47379100,INR,netbanking,1781004600,1781091000
pay_000000002822,payment,pay_000000002822,order_000000002822,INV-2026-002822,setl_000000002353,300000002353,17971950,0,0,0,17971950,17971950,INR,netbanking,1780918200,1781004600
pay_000000002823,payment,pay_000000002823,order_000000002823,INV-2026-002823,setl_000000002354,300000002354,18076300,0,0,0,18076300,18076300,INR,wallet,1781177400,1781263800
pay_000000002824,payment,pay_000000002824,order_000000002824,INV-2026-002824,setl_000000002355,300000002355,32595450,0,0,0,32595450,32595450,INR,netbanking,1783942200,1784028600
pay_000000002825,payment,pay_000000002825,order_000000002825,INV-2026-002825,setl_000000002356,300000002356,31976775,0,0,0,31976775,31976775,INR,wallet,1786793400,1786879800
pay_000000002826,payment,pay_000000002826,order_000000002826,INV-2026-002826,setl_000000002357,300000002357,16133025,0,0,0,16133025,16133025,INR,netbanking,1785151800,1785238200
pay_000000002827,payment,pay_000000002827,order_000000002827,INV-2026-002827,setl_000000002358,300000002358,1254425,0,0,0,1254425,1254425,INR,netbanking,1787398200,1787571000
pay_000000002828,payment,pay_000000002828,order_000000002828,INV-2026-002828,setl_000000002359,300000002359,9827500,0,0,0,9827500,9827500,INR,wallet,1784719800,1784806200
pay_000000002829,payment,pay_000000002829,order_000000002829,INV-2026-002829,setl_000000002360,300000002360,12480750,0,0,0,12480750,12480750,INR,wallet,1785670200,1785756600
pay_000000002830,payment,pay_000000002830,order_000000002830,INV-2026-002830,setl_000000002361,300000002361,22207950,0,0,0,22207950,22207950,INR,wallet,1783769400,1783855800
pay_000000002831,payment,pay_000000002831,order_000000002831,INV-2026-002831,setl_000000002362,300000002362,48636775,0,0,0,48636775,48636775,INR,wallet,1786102200,1786102200
pay_000000002832,payment,pay_000000002832,order_000000002832,INV-2026-002832,setl_000000002363,300000002363,29714100,0,0,0,29714100,29714100,INR,card,1783596600,1783596600
pay_000000002833,payment,pay_000000002833,order_000000002833,INV-2026-002833,setl_000000002364,300000002364,23836100,0,0,0,23836100,23836100,INR,netbanking,1784287800,1784374200
pay_000000002834,payment,pay_000000002834,order_000000002834,INV-2026-002834,setl_000000002365,300000002365,16751600,0,0,0,16751600,16751600,INR,upi,1787052600,1787052600
pay_000000002835,payment,pay_000000002835,order_000000002835,INV-2026-002835,setl_000000002366,300000002366,34292775,0,0,0,34292775,34292775,INR,wallet,1784374200,1784547000
pay_000000002836,payment,pay_000000002836,order_000000002836,INV-2026-002836,setl_000000002367,300000002367,49832950,0,0,0,49832950,49832950,INR,netbanking,1787052600,1787139000
pay_000000002837,payment,pay_000000002837,order_000000002837,INV-2026-002837,setl_000000002368,300000002368,3770150,0,0,0,3770150,3770150,INR,wallet,1782819000,1782819000
pay_000000002838,payment,pay_000000002838,order_000000002838,INV-2026-002838,setl_000000002369,300000002369,21197350,0,0,0,21197350,21197350,INR,wallet,1784287800,1784374200
pay_000000002839,payment,pay_000000002839,order_000000002839,INV-2026-002839,setl_000000002370,300000002370,2637325,0,0,0,2637325,2637325,INR,upi,1787484600,1787484600
pay_000000002840,payment,pay_000000002840,order_000000002840,INV-2026-002840,setl_000000002371,300000002371,22055425,0,0,0,22055425,22055425,INR,upi,1780745400,1780745400
pay_000000002841,payment,pay_000000002841,order_000000002841,INV-2026-002841,setl_000000002372,300000002372,22285525,0,0,0,22285525,22285525,INR,card,1784892600,1784892600
pay_000000002842,payment,pay_000000002842,order_000000002842,INV-2026-002842,setl_000000002373,300000002373,5011425,0,0,0,5011425,5011425,INR,netbanking,1783251000,1783337400
pay_000000002843,payment,pay_000000002843,order_000000002843,INV-2026-002843,setl_000000002374,300000002374,33461275,0,0,0,33461275,33461275,INR,card,1785670200,1785670200
pay_000000002844,payment,pay_000000002844,order_000000002844,INV-2026-002844,setl_000000002375,300000002375,39990199,0,0,0,39990199,39990199,INR,wallet,1786275000,1786361400
pay_000000002845,payment,pay_000000002845,order_000000002845,INV-2026-002845,setl_000000002376,300000002376,46053199,0,0,0,46053199,46053199,INR,card,1787311800,1787398200
pay_000000002846,payment,pay_000000002846,order_000000002846,INV-2026-002846,setl_000000002377,300000002377,37408650,0,0,0,37408650,37408650,INR,card,1783942200,1783942200
pay_000000002847,payment,pay_000000002847,order_000000002847,INV-2026-002847,setl_000000002378,300000002378,18228175,0,0,0,18228175,18228175,INR,wallet,1783769400,1783855800
pay_000000002848,payment,pay_000000002848,order_000000002848,INV-2026-002848,setl_000000002379,300000002379,6330200,0,0,0,6330200,6330200,INR,wallet,1786188600,1786275000
pay_000000002849,payment,pay_000000002849,order_000000002849,INV-2026-002849,setl_000000002380,300000002380,47863375,0,0,0,47863375,47863375,INR,netbanking,1782559800,1782559800
pay_000000002850,payment,pay_000000002850,order_000000002850,INV-2026-002850,setl_000000002381,300000002381,17444775,0,0,0,17444775,17444775,INR,netbanking,1784287800,1784460600
pay_000000002851,payment,pay_000000002851,order_000000002851,INV-2026-002851,setl_000000002382,300000002382,11615499,0,0,0,11615499,11615499,INR,card,1782819000,1782991800
pay_000000002852,payment,pay_000000002852,order_000000002852,INV-2026-002852,setl_000000002383,300000002383,23467425,0,0,0,23467425,23467425,INR,upi,1782473400,1782473400
pay_000000002853,payment,pay_000000002853,order_000000002853,INV-2026-002853,setl_000000002384,300000002384,16844875,0,0,0,16844875,16844875,INR,wallet,1784460600,1784633400
pay_000000002854,payment,pay_000000002854,order_000000002854,INV-2026-002854,setl_000000002385,300000002385,7028800,0,0,0,7028800,7028800,INR,card,1785670200,1785756600
pay_000000002855,payment,pay_000000002855,order_000000002855,INV-2026-002855,setl_000000002386,300000002386,8894700,0,0,0,8894700,8894700,INR,netbanking,1781955000,1782041400
pay_000000002856,payment,pay_000000002856,order_000000002856,INV-2026-002856,setl_000000002387,300000002387,47798700,0,0,0,47798700,47798700,INR,upi,1787052600,1787225400
pay_000000002857,payment,pay_000000002857,order_000000002857,INV-2026-002857,setl_000000002388,300000002388,18270100,0,0,0,18270100,18270100,INR,wallet,1785151800,1785238200
pay_000000002858,payment,pay_000000002858,order_000000002858,INV-2026-002858,setl_000000002389,300000002389,9457100,0,0,0,9457100,9457100,INR,upi,1783942200,1783942200
pay_000000002859,payment,pay_000000002859,order_000000002859,INV-2026-002859,setl_000000002390,300000002390,25828600,0,0,0,25828600,25828600,INR,netbanking,1782646200,1782646200
pay_000000002860,payment,pay_000000002860,order_000000002860,INV-2026-002860,setl_000000002391,300000002391,25865850,0,0,0,25865850,25865850,INR,card,1786102200,1786275000
pay_000000002861,payment,pay_000000002861,order_000000002861,INV-2026-002861,setl_000000002392,300000002392,3295775,0,0,0,3295775,3295775,INR,netbanking,1784115000,1784201400
pay_000000002862,payment,pay_000000002862,order_000000002862,INV-2026-002862,setl_000000002393,300000002393,33047950,0,0,0,33047950,33047950,INR,netbanking,1783769400,1783942200
pay_000000002863,payment,pay_000000002863,order_000000002863,INV-2026-002863,setl_000000002394,300000002394,11488199,0,0,0,11488199,11488199,INR,upi,1780745400,1780918200
pay_000000002864,payment,pay_000000002864,order_000000002864,INV-2026-002864,setl_000000002395,300000002395,17797400,0,0,0,17797400,17797400,INR,card,1785238200,1785324600
pay_000000002865,payment,pay_000000002865,order_000000002865,INV-2026-002865,setl_000000002396,300000002396,2862800,0,0,0,2862800,2862800,INR,card,1784115000,1784287800
pay_000000002866,payment,pay_000000002866,order_000000002866,INV-2026-002866,setl_000000002397,300000002397,46710675,0,0,0,46710675,46710675,INR,wallet,1785929400,1786102200
pay_000000002867,payment,pay_000000002867,order_000000002867,INV-2026-002867,setl_000000002398,300000002398,36924350,0,0,0,36924350,36924350,INR,upi,1786015800,1786015800
pay_000000002868,payment,pay_000000002868,order_000000002868,INV-2026-002868,setl_000000002399,300000002399,34359750,0,0,0,34359750,34359750,INR,upi,1781523000,1781523000
pay_000000002869,payment,pay_000000002869,order_000000002869,INV-2026-002869,setl_000000002400,300000002400,45968225,0,0,0,45968225,45968225,INR,netbanking,1783683000,1783769400
pay_000000002870,payment,pay_000000002870,order_000000002870,INV-2026-002870,setl_000000002401,300000002401,25390899,0,0,0,25390899,25390899,INR,netbanking,1782732600,1782905400
pay_000000002871,payment,pay_000000002871,order_000000002871,INV-2026-002871,setl_000000002402,300000002402,23163199,0,0,0,23163199,23163199,INR,netbanking,1787398200,1787398200
pay_000000002872,payment,pay_000000002872,order_000000002872,INV-2026-002872,setl_000000002403,300000002403,37729825,0,0,0,37729825,37729825,INR,upi,1784892600,1784892600
pay_000000002873,payment,pay_000000002873,order_000000002873,INV-2026-002873,setl_000000002404,300000002404,47740299,0,0,0,47740299,47740299,INR,card,1780486200,1780572600
pay_000000002874,payment,pay_000000002874,order_000000002874,INV-2026-002874,setl_000000002405,300000002405,10587500,0,0,0,10587500,10587500,INR,wallet,1786534200,1786534200
pay_000000002875,payment,pay_000000002875,order_000000002875,INV-2026-002875,setl_000000002406,300000002406,20423500,0,0,0,20423500,20423500,INR,wallet,1781350200,1781523000
pay_000000002876,payment,pay_000000002876,order_000000002876,INV-2026-002876,setl_000000002407,300000002407,31768875,0,0,0,31768875,31768875,INR,netbanking,1787311800,1787311800
pay_000000002877,payment,pay_000000002877,order_000000002877,INV-2026-002877,setl_000000002408,300000002408,5142400,0,0,0,5142400,5142400,INR,wallet,1787657400,1787830200
pay_000000002878,payment,pay_000000002878,order_000000002878,INV-2026-002878,setl_000000002409,300000002409,21120599,0,0,0,21120599,21120599,INR,netbanking,1787052600,1787139000
pay_000000002879,payment,pay_000000002879,order_000000002879,INV-2026-002879,setl_000000002410,300000002410,18683299,0,0,0,18683299,18683299,INR,netbanking,1785151800,1785238200
pay_000000002880,payment,pay_000000002880,order_000000002880,INV-2026-002880,setl_000000002411,300000002411,28190099,0,0,0,28190099,28190099,INR,netbanking,1782905400,1782905400
pay_000000002881,payment,pay_000000002881,order_000000002881,INV-2026-002881,setl_000000002412,300000002412,10008900,0,0,0,10008900,10008900,INR,upi,1782991800,1783078200
pay_000000002882,payment,pay_000000002882,order_000000002882,INV-2026-002882,setl_000000002413,300000002413,11759525,0,0,0,11759525,11759525,INR,upi,1787398200,1787571000
pay_000000002883,payment,pay_000000002883,order_000000002883,INV-2026-002883,setl_000000002414,300000002414,26414100,0,0,0,26414100,26414100,INR,upi,1782387000,1782559800
pay_000000002884,payment,pay_000000002884,order_000000002884,INV-2026-002884,setl_000000002415,300000002415,5179925,0,0,0,5179925,5179925,INR,netbanking,1787139000,1787225400
pay_000000002885,payment,pay_000000002885,order_000000002885,INV-2026-002885,setl_000000002416,300000002416,46162350,0,0,0,46162350,46162350,INR,card,1783769400,1783855800
pay_000000002886,payment,pay_000000002886,order_000000002886,INV-2026-002886,setl_000000002417,300000002417,8162325,0,0,0,8162325,8162325,INR,wallet,1784633400,1784806200
pay_000000002887,payment,pay_000000002887,order_000000002887,INV-2026-002887,setl_000000002418,300000002418,8819000,0,0,0,8819000,8819000,INR,wallet,1786793400,1786879800
pay_000000002888,payment,pay_000000002888,order_000000002888,INV-2026-002888,setl_000000002419,300000002419,8837999,0,0,0,8837999,8837999,INR,netbanking,1787916600,1788089400
pay_000000002889,payment,pay_000000002889,order_000000002889,INV-2026-002889,setl_000000002420,300000002420,17076600,0,0,0,17076600,17076600,INR,upi,1786966200,1786966200
pay_000000002890,payment,pay_000000002890,order_000000002890,INV-2026-002890,setl_000000002421,300000002421,22889500,0,0,0,22889500,22889500,INR,upi,1787571000,1787743800
pay_000000002891,payment,pay_000000002891,order_000000002891,INV-2026-002891,setl_000000002422,300000002422,17283375,0,0,0,17283375,17283375,INR,upi,1787571000,1787571000
pay_000000002892,payment,pay_000000002892,order_000000002892,INV-2026-002892,setl_000000002423,300000002423,8579625,0,0,0,8579625,8579625,INR,netbanking,1783337400,1783423800
pay_000000002893,payment,pay_000000002893,order_000000002893,INV-2026-002893,setl_000000002424,300000002424,3025725,0,0,0,3025725,3025725,INR,upi,1787311800,1787484600
pay_000000002894,payment,pay_000000002894,order_000000002894,INV-2026-002894,setl_000000002425,300000002425,17410700,0,0,0,17410700,17410700,INR,wallet,1788003000,1788089400
pay_000000002895,payment,pay_000000002895,order_000000002895,INV-2026-002895,setl_000000002426,300000002426,8087200,0,0,0,8087200,8087200,INR,netbanking,1782300600,1782387000
pay_000000002896,payment,pay_000000002896,order_000000002896,INV-2026-002896,setl_000000002427,300000002427,32684100,0,0,0,32684100,32684100,INR,wallet,1785497400,1785670200
pay_000000002897,payment,pay_000000002897,order_000000002897,INV-2026-002897,setl_000000002428,300000002428,32499500,0,0,0,32499500,32499500,INR,upi,1787743800,1787743800
pay_000000002898,payment,pay_000000002898,order_000000002898,INV-2026-002898,setl_000000002429,300000002429,16669199,0,0,0,16669199,16669199,INR,netbanking,1786534200,1786620600
pay_000000002899,payment,pay_000000002899,order_000000002899,INV-2026-002899,setl_000000002430,300000002430,21785625,0,0,0,21785625,21785625,INR,netbanking,1783855800,1783942200
pay_000000002900,payment,pay_000000002900,order_000000002900,INV-2026-002900,setl_000000002431,300000002431,18104200,0,0,0,18104200,18104200,INR,netbanking,1783164600,1783251000
pay_000000002901,payment,pay_000000002901,order_000000002901,INV-2026-002901,setl_000000002432,300000002432,43000300,0,0,0,43000300,43000300,INR,netbanking,1787916600,1788089400
pay_000000002902,payment,pay_000000002902,order_000000002902,INV-2026-002902,setl_000000002433,300000002433,10471625,0,0,0,10471625,10471625,INR,netbanking,1787398200,1787484600
pay_000000002903,payment,pay_000000002903,order_000000002903,INV-2026-002903,setl_000000002434,300000002434,24231199,0,0,0,24231199,24231199,INR,upi,1785411000,1785583800
pay_000000002904,payment,pay_000000002904,order_000000002904,INV-2026-002904,setl_000000002435,300000002435,31196925,0,0,0,31196925,31196925,INR,card,1783942200,1784115000
pay_000000002905,payment,pay_000000002905,order_000000002905,INV-2026-002905,setl_000000002436,300000002436,11227275,0,0,0,11227275,11227275,INR,upi,1785843000,1785929400
pay_000000002906,payment,pay_000000002906,order_000000002906,INV-2026-002906,setl_000000002437,300000002437,4362199,0,0,0,4362199,4362199,INR,netbanking,1787139000,1787225400
pay_000000002907,payment,pay_000000002907,order_000000002907,INV-2026-002907,setl_000000002438,300000002438,19525300,0,0,0,19525300,19525300,INR,netbanking,1788003000,1788089400
pay_000000002908,payment,pay_000000002908,order_000000002908,INV-2026-002908,setl_000000002439,300000002439,21897825,0,0,0,21897825,21897825,INR,upi,1781263800,1781263800
pay_000000002909,payment,pay_000000002909,order_000000002909,INV-2026-002909,setl_000000002440,300000002440,30666075,0,0,0,30666075,30666075,INR,card,1782214200,1782214200
pay_000000002910,payment,pay_000000002910,order_000000002910,INV-2026-002910,setl_000000002441,300000002441,40546800,0,0,0,40546800,40546800,INR,netbanking,1783942200,1783942200
pay_000000002911,payment,pay_000000002911,order_000000002911,INV-2026-002911,setl_000000002442,300000002442,20040700,0,0,0,20040700,20040700,INR,wallet,1787225400,1787311800
pay_000000002912,payment,pay_000000002912,order_000000002912,INV-2026-002912,setl_000000002443,300000002443,9496725,0,0,0,9496725,9496725,INR,wallet,1786361400,1786534200
pay_000000002913,payment,pay_000000002913,order_000000002913,INV-2026-002913,setl_000000002444,300000002444,26699000,0,0,0,26699000,26699000,INR,netbanking,1780745400,1780831800
pay_000000002914,payment,pay_000000002914,order_000000002914,INV-2026-002914,setl_000000002445,300000002445,38072900,0,0,0,38072900,38072900,INR,wallet,1782905400,1782905400
pay_000000002915,payment,pay_000000002915,order_000000002915,INV-2026-002915,setl_000000002446,300000002446,1974899,0,0,0,1974899,1974899,INR,card,1784374200,1784460600
pay_000000002916,payment,pay_000000002916,order_000000002916,INV-2026-002916,setl_000000002447,300000002447,41529650,0,0,0,41529650,41529650,INR,upi,1786707000,1786879800
pay_000000002917,payment,pay_000000002917,order_000000002917,INV-2026-002917,setl_000000002448,300000002448,15248700,0,0,0,15248700,15248700,INR,wallet,1783596600,1783683000
pay_000000002918,payment,pay_000000002918,order_000000002918,INV-2026-002918,setl_000000002449,300000002449,45469099,0,0,0,45469099,45469099,INR,card,1781782200,1781782200
pay_000000002919,payment,pay_000000002919,order_000000002919,INV-2026-002919,setl_000000002450,300000002450,39882900,0,0,0,39882900,39882900,INR,upi,1784028600,1784201400
pay_000000002920,payment,pay_000000002920,order_000000002920,INV-2026-002920,setl_000000002451,300000002451,37627099,0,0,0,37627099,37627099,INR,netbanking,1781695800,1781868600
pay_000000002921,payment,pay_000000002921,order_000000002921,INV-2026-002921,setl_000000002452,300000002452,1527600,0,0,0,1527600,1527600,INR,wallet,1782387000,1782387000
pay_000000002922,payment,pay_000000002922,order_000000002922,INV-2026-002922,setl_000000002453,300000002453,17019550,0,0,0,17019550,17019550,INR,wallet,1781523000,1781695800
pay_000000002923,payment,pay_000000002923,order_000000002923,INV-2026-002923,setl_000000002454,300000002454,23918750,0,0,0,23918750,23918750,INR,card,1786707000,1786793400
pay_000000002924,payment,pay_000000002924,order_000000002924,INV-2026-002924,setl_000000002455,300000002455,9940200,0,0,0,9940200,9940200,INR,wallet,1783942200,1784028600
pay_000000002925,payment,pay_000000002925,order_000000002925,INV-2026-002925,setl_000000002456,300000002456,26442800,0,0,0,26442800,26442800,INR,wallet,1781004600,1781091000
pay_000000002926,payment,pay_000000002926,order_000000002926,INV-2026-002926,setl_000000002457,300000002457,1565250,0,0,0,1565250,1565250,INR,upi,1781868600,1781955000
pay_000000002927,payment,pay_000000002927,order_000000002927,INV-2026-002927,setl_000000002458,300000002458,42618300,0,0,0,42618300,42618300,INR,upi,1784547000,1784633400
pay_000000002928,payment,pay_000000002928,order_000000002928,INV-2026-002928,setl_000000002459,300000002459,6021100,0,0,0,6021100,6021100,INR,card,1782473400,1782559800
pay_000000002929,payment,pay_000000002929,order_000000002929,INV-2026-002929,setl_000000002460,300000002460,25382100,0,0,0,25382100,25382100,INR,upi,1786620600,1786707000
pay_000000002930,payment,pay_000000002930,order_000000002930,INV-2026-002930,setl_000000002461,300000002461,42744900,0,0,0,42744900,42744900,INR,wallet,1785843000,1785929400
pay_000000002931,payment,pay_000000002931,order_000000002931,INV-2026-002931,setl_000000002462,300000002462,7250175,0,0,0,7250175,7250175,INR,upi,1781782200,1781868600
pay_000000002932,payment,pay_000000002932,order_000000002932,INV-2026-002932,setl_000000002463,300000002463,7588650,0,0,0,7588650,7588650,INR,wallet,1787571000,1787657400
pay_000000002933,payment,pay_000000002933,order_000000002933,INV-2026-002933,setl_000000002464,300000002464,14079400,0,0,0,14079400,14079400,INR,card,1783423800,1783510200
pay_000000002934,payment,pay_000000002934,order_000000002934,INV-2026-002934,setl_000000002465,300000002465,3832700,0,0,0,3832700,3832700,INR,netbanking,1781955000,1782127800
pay_000000002935,payment,pay_000000002935,order_000000002935,INV-2026-002935,setl_000000002466,300000002466,45184099,0,0,0,45184099,45184099,INR,wallet,1784719800,1784806200
pay_000000002936,payment,pay_000000002936,order_000000002936,INV-2026-002936,setl_000000002467,300000002467,38742700,0,0,0,38742700,38742700,INR,upi,1785324600,1785497400
pay_000000002937,payment,pay_000000002937,order_000000002937,INV-2026-002937,setl_000000002468,300000002468,38839125,0,0,0,38839125,38839125,INR,upi,1785583800,1785670200
pay_000000002938,payment,pay_000000002938,order_000000002938,INV-2026-002938,setl_000000002469,300000002469,31607000,0,0,0,31607000,31607000,INR,wallet,1780486200,1780659000
pay_000000002939,payment,pay_000000002939,order_000000002939,INV-2026-002939,setl_000000002470,300000002470,19206775,0,0,0,19206775,19206775,INR,wallet,1786015800,1786188600
pay_000000002940,payment,pay_000000002940,order_000000002940,INV-2026-002940,setl_000000002471,300000002471,18511900,0,0,0,18511900,18511900,INR,card,1783251000,1783423800
pay_000000002941,payment,pay_000000002941,order_000000002941,INV-2026-002941,setl_000000002472,300000002472,45451975,0,0,0,45451975,45451975,INR,netbanking,1785497400,1785497400
pay_000000002942,payment,pay_000000002942,order_000000002942,INV-2026-002942,setl_000000002473,300000002473,49752500,0,0,0,49752500,49752500,INR,upi,1784115000,1784115000
pay_000000002943,payment,pay_000000002943,order_000000002943,INV-2026-002943,setl_000000002474,300000002474,38090375,0,0,0,38090375,38090375,INR,upi,1782214200,1782300600
pay_000000002944,payment,pay_000000002944,order_000000002944,INV-2026-002944,setl_000000002475,300000002475,45788925,0,0,0,45788925,45788925,INR,netbanking,1781350200,1781523000
pay_000000002945,payment,pay_000000002945,order_000000002945,INV-2026-002945,setl_000000002476,300000002476,4130400,0,0,0,4130400,4130400,INR,card,1786793400,1786879800
pay_000000002946,payment,pay_000000002946,order_000000002946,INV-2026-002946,setl_000000002477,300000002477,31306599,0,0,0,31306599,31306599,INR,netbanking,1784633400,1784719800
pay_000000002947,payment,pay_000000002947,order_000000002947,INV-2026-002947,setl_000000002478,300000002478,32476325,0,0,0,32476325,32476325,INR,wallet,1782819000,1782991800
pay_000000002948,payment,pay_000000002948,order_000000002948,INV-2026-002948,setl_000000002479,300000002479,37631575,0,0,0,37631575,37631575,INR,upi,1782732600,1782732600
pay_000000002949,payment,pay_000000002949,order_000000002949,INV-2026-002949,setl_000000002480,300000002480,43420100,0,0,0,43420100,43420100,INR,upi,1786793400,1786879800
pay_000000002950,payment,pay_000000002950,order_000000002950,INV-2026-002950,setl_000000002481,300000002481,35405900,0,0,0,35405900,35405900,INR,card,1787139000,1787139000
pay_000000002951,payment,pay_000000002951,order_000000002951,INV-2026-002951,setl_000000002482,300000002482,20601975,0,0,0,20601975,20601975,INR,wallet,1784719800,1784892600
pay_000000002952,payment,pay_000000002952,order_000000002952,INV-2026-002952,setl_000000002483,300000002483,21915075,0,0,0,21915075,21915075,INR,netbanking,1787139000,1787139000
pay_000000002953,payment,pay_000000002953,order_000000002953,INV-2026-002953,setl_000000002484,300000002484,22003700,0,0,0,22003700,22003700,INR,netbanking,1784633400,1784633400
pay_000000002954,payment,pay_000000002954,order_000000002954,INV-2026-002954,setl_000000002485,300000002485,47194400,0,0,0,47194400,47194400,INR,card,1787052600,1787225400
pay_000000002955,payment,pay_000000002955,order_000000002955,INV-2026-002955,setl_000000002486,300000002486,6333799,0,0,0,6333799,6333799,INR,wallet,1785583800,1785670200
pay_000000002956,payment,pay_000000002956,order_000000002956,INV-2026-002956,setl_000000002487,300000002487,33896875,0,0,0,33896875,33896875,INR,netbanking,1781695800,1781695800
pay_000000002957,payment,pay_000000002957,order_000000002957,INV-2026-002957,setl_000000002488,300000002488,19353099,0,0,0,19353099,19353099,INR,upi,1782559800,1782646200
pay_000000002958,payment,pay_000000002958,order_000000002958,INV-2026-002958,setl_000000002489,300000002489,28399600,0,0,0,28399600,28399600,INR,upi,1780313400,1780313400
pay_000000002959,payment,pay_000000002959,order_000000002959,INV-2026-002959,setl_000000002490,300000002490,46584650,0,0,0,46584650,46584650,INR,upi,1784719800,1784719800
pay_000000002960,payment,pay_000000002960,order_000000002960,INV-2026-002960,setl_000000002491,300000002491,4026550,0,0,0,4026550,4026550,INR,card,1787398200,1787398200
pay_000000002961,payment,pay_000000002961,order_000000002961,INV-2026-002961,setl_000000002492,300000002492,20104900,0,0,0,20104900,20104900,INR,netbanking,1782300600,1782473400
pay_000000002962,payment,pay_000000002962,order_000000002962,INV-2026-002962,setl_000000002493,300000002493,23681800,0,0,0,23681800,23681800,INR,upi,1784201400,1784201400
pay_000000002963,payment,pay_000000002963,order_000000002963,INV-2026-002963,setl_000000002494,300000002494,33869675,0,0,0,33869675,33869675,INR,upi,1780659000,1780831800
pay_000000002964,payment,pay_000000002964,order_000000002964,INV-2026-002964,setl_000000002495,300000002495,783000,0,0,0,783000,783000,INR,card,1783423800,1783596600
pay_000000002965,payment,pay_000000002965,order_000000002965,INV-2026-002965,setl_000000002496,300000002496,21241475,0,0,0,21241475,21241475,INR,wallet,1780313400,1780486200
pay_000000002966,payment,pay_000000002966,order_000000002966,INV-2026-002966,setl_000000002497,300000002497,6957499,0,0,0,6957499,6957499,INR,netbanking,1786620600,1786620600
pay_000000002967,payment,pay_000000002967,order_000000002967,INV-2026-002967,setl_000000002498,300000002498,46425000,0,0,0,46425000,46425000,INR,wallet,1783078200,1783164600
pay_000000002968,payment,pay_000000002968,order_000000002968,INV-2026-002968,setl_000000002499,300000002499,29244875,0,0,0,29244875,29244875,INR,netbanking,1782732600,1782732600
pay_000000002969,payment,pay_000000002969,order_000000002969,INV-2026-002969,setl_000000002500,300000002500,12617200,0,0,0,12617200,12617200,INR,card,1783769400,1783769400
pay_000000002970,payment,pay_000000002970,order_000000002970,INV-2026-002970,setl_000000002501,300000002501,47609775,0,0,0,47609775,47609775,INR,netbanking,1783683000,1783683000
pay_000000002971,payment,pay_000000002971,order_000000002971,INV-2026-002971,setl_000000002502,300000002502,40852900,0,0,0,40852900,40852900,INR,netbanking,1782387000,1782559800
pay_000000002972,payment,pay_000000002972,order_000000002972,INV-2026-002972,setl_000000002503,300000002503,9577200,0,0,0,9577200,9577200,INR,upi,1785497400,1785583800
pay_000000002973,payment,pay_000000002973,order_000000002973,INV-2026-002973,setl_000000002504,300000002504,36771400,0,0,0,36771400,36771400,INR,wallet,1787484600,1787484600
pay_000000002974,payment,pay_000000002974,order_000000002974,INV-2026-002974,setl_000000002505,300000002505,4295650,0,0,0,4295650,4295650,INR,upi,1787657400,1787743800
pay_000000002975,payment,pay_000000002975,order_000000002975,INV-2026-002975,setl_000000002506,300000002506,48377650,0,0,0,48377650,48377650,INR,card,1781695800,1781782200
pay_000000002976,payment,pay_000000002976,order_000000002976,INV-2026-002976,setl_000000002507,300000002507,14389275,0,0,0,14389275,14389275,INR,card,1780313400,1780313400
pay_000000002977,payment,pay_000000002977,order_000000002977,INV-2026-002977,setl_000000002508,300000002508,23917100,0,0,0,23917100,23917100,INR,netbanking,1783078200,1783164600
pay_000000002978,payment,pay_000000002978,order_000000002978,INV-2026-002978,setl_000000002509,300000002509,2673999,0,0,0,2673999,2673999,INR,wallet,1786707000,1786793400
pay_000000002979,payment,pay_000000002979,order_000000002979,INV-2026-002979,setl_000000002510,300000002510,45064200,0,0,0,45064200,45064200,INR,netbanking,1785929400,1786102200
pay_000000002980,payment,pay_000000002980,order_000000002980,INV-2026-002980,setl_000000002511,300000002511,16768100,0,0,0,16768100,16768100,INR,netbanking,1783251000,1783251000
pay_000000002981,payment,pay_000000002981,order_000000002981,INV-2026-002981,setl_000000002512,300000002512,37438450,0,0,0,37438450,37438450,INR,netbanking,1784719800,1784719800
pay_000000002982,payment,pay_000000002982,order_000000002982,INV-2026-002982,setl_000000002513,300000002513,46722050,0,0,0,46722050,46722050,INR,card,1781609400,1781695800
pay_000000002983,payment,pay_000000002983,order_000000002983,INV-2026-002983,setl_000000002514,300000002514,22390750,0,0,0,22390750,22390750,INR,card,1781609400,1781695800
pay_000000002984,payment,pay_000000002984,order_000000002984,INV-2026-002984,setl_000000002515,300000002515,24450125,0,0,0,24450125,24450125,INR,card,1787225400,1787398200
pay_000000002985,payment,pay_000000002985,order_000000002985,INV-2026-002985,setl_000000002516,300000002516,27300775,0,0,0,27300775,27300775,INR,wallet,1786620600,1786707000
pay_000000002986,payment,pay_000000002986,order_000000002986,INV-2026-002986,setl_000000002517,300000002517,17984400,0,0,0,17984400,17984400,INR,wallet,1781695800,1781782200
pay_000000002987,payment,pay_000000002987,order_000000002987,INV-2026-002987,setl_000000002518,300000002518,43240300,0,0,0,43240300,43240300,INR,wallet,1785065400,1785151800
pay_000000002988,payment,pay_000000002988,order_000000002988,INV-2026-002988,setl_000000002519,300000002519,46746300,0,0,0,46746300,46746300,INR,netbanking,1782041400,1782127800
pay_000000002989,payment,pay_000000002989,order_000000002989,INV-2026-002989,setl_000000002520,300000002520,30968175,0,0,0,30968175,30968175,INR,wallet,1786966200,1787052600
pay_000000002990,payment,pay_000000002990,order_000000002990,INV-2026-002990,setl_000000002521,300000002521,48479700,0,0,0,48479700,48479700,INR,netbanking,1783942200,1784028600
pay_000000002991,payment,pay_000000002991,order_000000002991,INV-2026-002991,setl_000000002522,300000002522,37814900,0,0,0,37814900,37814900,INR,upi,1786707000,1786879800
pay_000000002992,payment,pay_000000002992,order_000000002992,INV-2026-002992,setl_000000002523,300000002523,45584525,0,0,0,45584525,45584525,INR,card,1783510200,1783510200
pay_000000002993,payment,pay_000000002993,order_000000002993,INV-2026-002993,setl_000000002524,300000002524,30457675,0,0,0,30457675,30457675,INR,wallet,1782559800,1782732600
pay_000000002994,payment,pay_000000002994,order_000000002994,INV-2026-002994,setl_000000002525,300000002525,18417300,0,0,0,18417300,18417300,INR,upi,1785670200,1785756600
pay_000000002995,payment,pay_000000002995,order_000000002995,INV-2026-002995,setl_000000002526,300000002526,36642000,0,0,0,36642000,36642000,INR,upi,1784892600,1785065400
pay_000000002996,payment,pay_000000002996,order_000000002996,INV-2026-002996,setl_000000002527,300000002527,47811200,0,0,0,47811200,47811200,INR,netbanking,1783251000,1783423800
pay_000000002997,payment,pay_000000002997,order_000000002997,INV-2026-002997,setl_000000002528,300000002528,44188799,0,0,0,44188799,44188799,INR,netbanking,1784374200,1784547000
pay_000000002998,payment,pay_000000002998,order_000000002998,INV-2026-002998,setl_000000002529,300000002529,21928800,0,0,0,21928800,21928800,INR,netbanking,1787139000,1787225400
pay_000000002999,payment,pay_000000002999,order_000000002999,INV-2026-002999,setl_000000002530,300000002530,6209900,0,0,0,6209900,6209900,INR,card,1782473400,1782559800
pay_000000003000,payment,pay_000000003000,order_000000003000,INV-2026-003000,setl_000000002531,300000002531,5199675,0,0,0,5199675,5199675,INR,card,1784719800,1784892600
pay_000000003001,payment,pay_000000003001,order_000000003001,INV-2026-003001,setl_000000002532,300000002532,177000,0,0,0,177000,177000,INR,upi,1785929400,1786102200
pay_000000003002,payment,pay_000000003002,order_000000003002,INV-2026-003002,setl_000000002533,300000002533,45992075,0,0,0,45992075,45992075,INR,card,1780745400,1780831800
pay_000000003003,payment,pay_000000003003,order_000000003003,INV-2026-003003,setl_000000002534,300000002534,10152050,0,0,0,10152050,10152050,INR,wallet,1780572600,1780572600
pay_000000003004,payment,pay_000000003004,order_000000003004,INV-2026-003004,setl_000000002535,300000002535,24151925,0,0,0,24151925,24151925,INR,netbanking,1781091000,1781091000
pay_000000003005,payment,pay_000000003005,order_000000003005,INV-2026-003005,setl_000000002536,300000002536,46166000,0,0,0,46166000,46166000,INR,netbanking,1780313400,1780313400
pay_000000003006,payment,pay_000000003006,order_000000003006,INV-2026-003006,setl_000000002537,300000002537,17235200,0,0,0,17235200,17235200,INR,wallet,1788003000,1788175800
pay_000000003007,payment,pay_000000003007,order_000000003007,INV-2026-003007,setl_000000002538,300000002538,30970700,0,0,0,30970700,30970700,INR,wallet,1781436600,1781523000
pay_000000003008,payment,pay_000000003008,order_000000003008,INV-2026-003008,setl_000000002539,300000002539,20442899,0,0,0,20442899,20442899,INR,netbanking,1784806200,1784979000
pay_000000003009,payment,pay_000000003009,order_000000003009,INV-2026-003009,setl_000000002540,300000002540,19429375,0,0,0,19429375,19429375,INR,wallet,1784547000,1784719800
pay_000000003010,payment,pay_000000003010,order_000000003010,INV-2026-003010,setl_000000002541,300000002541,34831925,0,0,0,34831925,34831925,INR,netbanking,1787398200,1787398200
pay_000000003011,payment,pay_000000003011,order_000000003011,INV-2026-003011,setl_000000002542,300000002542,12233750,0,0,0,12233750,12233750,INR,wallet,1781955000,1782041400
pay_000000003012,payment,pay_000000003012,order_000000003012,INV-2026-003012,setl_000000002543,300000002543,24247199,0,0,0,24247199,24247199,INR,upi,1786620600,1786793400
pay_000000003013,payment,pay_000000003013,order_000000003013,INV-2026-003013,setl_000000002544,300000002544,7521300,0,0,0,7521300,7521300,INR,card,1786102200,1786188600
pay_000000003014,payment,pay_000000003014,order_000000003014,INV-2026-003014,setl_000000002545,300000002545,1817100,0,0,0,1817100,1817100,INR,wallet,1787225400,1787311800
pay_000000003015,payment,pay_000000003015,order_000000003015,INV-2026-003015,setl_000000002546,300000002546,897300,0,0,0,897300,897300,INR,upi,1781523000,1781523000
pay_000000003016,payment,pay_000000003016,order_000000003016,INV-2026-003016,setl_000000002547,300000002547,7080250,0,0,0,7080250,7080250,INR,card,1785497400,1785497400
pay_000000003017,payment,pay_000000003017,order_000000003017,INV-2026-003017,setl_000000002548,300000002548,3436400,0,0,0,3436400,3436400,INR,wallet,1784115000,1784115000
pay_000000003018,payment,pay_000000003018,order_000000003018,INV-2026-003018,setl_000000002549,300000002549,6034000,0,0,0,6034000,6034000,INR,wallet,1787052600,1787139000
pay_000000003019,payment,pay_000000003019,order_000000003019,INV-2026-003019,setl_000000002550,300000002550,29980175,0,0,0,29980175,29980175,INR,card,1782732600,1782732600
pay_000000003020,payment,pay_000000003020,order_000000003020,INV-2026-003020,setl_000000002551,300000002551,35657600,0,0,0,35657600,35657600,INR,wallet,1784806200,1784979000
pay_000000003021,payment,pay_000000003021,order_000000003021,INV-2026-003021,setl_000000002552,300000002552,3247200,0,0,0,3247200,3247200,INR,netbanking,1785756600,1785756600
pay_000000003022,payment,pay_000000003022,order_000000003022,INV-2026-003022,setl_000000002553,300000002553,37917500,0,0,0,37917500,37917500,INR,card,1784460600,1784633400
pay_000000003023,payment,pay_000000003023,order_000000003023,INV-2026-003023,setl_000000002554,300000002554,43046699,0,0,0,43046699,43046699,INR,netbanking,1785756600,1785929400
pay_000000003024,payment,pay_000000003024,order_000000003024,INV-2026-003024,setl_000000002555,300000002555,20533050,0,0,0,20533050,20533050,INR,netbanking,1780831800,1780918200
pay_000000003025,payment,pay_000000003025,order_000000003025,INV-2026-003025,setl_000000002556,300000002556,11647900,0,0,0,11647900,11647900,INR,netbanking,1785238200,1785324600
pay_000000003026,payment,pay_000000003026,order_000000003026,INV-2026-003026,setl_000000002557,300000002557,16753850,0,0,0,16753850,16753850,INR,netbanking,1785756600,1785843000
pay_000000003027,payment,pay_000000003027,order_000000003027,INV-2026-003027,setl_000000002558,300000002558,46941850,0,0,0,46941850,46941850,INR,netbanking,1787398200,1787398200
pay_000000003028,payment,pay_000000003028,order_000000003028,INV-2026-003028,setl_000000002559,300000002559,9296500,0,0,0,9296500,9296500,INR,netbanking,1787311800,1787311800
pay_000000003029,payment,pay_000000003029,order_000000003029,INV-2026-003029,setl_000000002560,300000002560,22700400,0,0,0,22700400,22700400,INR,wallet,1781955000,1782127800
pay_000000003030,payment,pay_000000003030,order_000000003030,INV-2026-003030,setl_000000002561,300000002561,2788900,0,0,0,2788900,2788900,INR,wallet,1781091000,1781091000
pay_000000003031,payment,pay_000000003031,order_000000003031,INV-2026-003031,setl_000000002562,300000002562,2569325,0,0,0,2569325,2569325,INR,card,1784806200,1784892600
pay_000000003032,payment,pay_000000003032,order_000000003032,INV-2026-003032,setl_000000002563,300000002563,38502400,0,0,0,38502400,38502400,INR,netbanking,1784979000,1785151800
pay_000000003033,payment,pay_000000003033,order_000000003033,INV-2026-003033,setl_000000002564,300000002564,47572975,0,0,0,47572975,47572975,INR,card,1780572600,1780572600
pay_000000003034,payment,pay_000000003034,order_000000003034,INV-2026-003034,setl_000000002565,300000002565,31677650,0,0,0,31677650,31677650,INR,card,1785497400,1785670200
pay_000000003035,payment,pay_000000003035,order_000000003035,INV-2026-003035,setl_000000002566,300000002566,4224599,0,0,0,4224599,4224599,INR,wallet,1787830200,1787830200
pay_000000003036,payment,pay_000000003036,order_000000003036,INV-2026-003036,setl_000000002567,300000002567,36325875,0,0,0,36325875,36325875,INR,wallet,1785497400,1785670200
pay_000000003037,payment,pay_000000003037,order_000000003037,INV-2026-003037,setl_000000002568,300000002568,10998725,0,0,0,10998725,10998725,INR,card,1782732600,1782819000
pay_000000003038,payment,pay_000000003038,order_000000003038,INV-2026-003038,setl_000000002569,300000002569,13225350,0,0,0,13225350,13225350,INR,upi,1780659000,1780745400
pay_000000003039,payment,pay_000000003039,order_000000003039,INV-2026-003039,setl_000000002570,300000002570,20068800,0,0,0,20068800,20068800,INR,upi,1784547000,1784719800
pay_000000003040,payment,pay_000000003040,order_000000003040,INV-2026-003040,setl_000000002571,300000002571,24475199,0,0,0,24475199,24475199,INR,wallet,1780659000,1780659000
pay_000000003041,payment,pay_000000003041,order_000000003041,INV-2026-003041,setl_000000002572,300000002572,20925900,0,0,0,20925900,20925900,INR,netbanking,1783510200,1783683000
pay_000000003042,payment,pay_000000003042,order_000000003042,INV-2026-003042,setl_000000002573,300000002573,25862725,0,0,0,25862725,25862725,INR,card,1784028600,1784028600
pay_000000003043,payment,pay_000000003043,order_000000003043,INV-2026-003043,setl_000000002574,300000002574,28740800,0,0,0,28740800,28740800,INR,wallet,1781091000,1781263800
pay_000000003044,payment,pay_000000003044,order_000000003044,INV-2026-003044,setl_000000002575,300000002575,27405099,0,0,0,27405099,27405099,INR,wallet,1786015800,1786015800
pay_000000003045,payment,pay_000000003045,order_000000003045,INV-2026-003045,setl_000000002576,300000002576,43783875,0,0,0,43783875,43783875,INR,wallet,1786620600,1786620600
pay_000000003046,payment,pay_000000003046,order_000000003046,INV-2026-003046,setl_000000002577,300000002577,9873599,0,0,0,9873599,9873599,INR,netbanking,1781868600,1781955000
pay_000000003047,payment,pay_000000003047,order_000000003047,INV-2026-003047,setl_000000002578,300000002578,4661000,0,0,0,4661000,4661000,INR,upi,1781868600,1782041400
pay_000000003048,payment,pay_000000003048,order_000000003048,INV-2026-003048,setl_000000002579,300000002579,30014700,0,0,0,30014700,30014700,INR,wallet,1783164600,1783164600
pay_000000003049,payment,pay_000000003049,order_000000003049,INV-2026-003049,setl_000000002580,300000002580,32451799,0,0,0,32451799,32451799,INR,upi,1784115000,1784287800
pay_000000003050,payment,pay_000000003050,order_000000003050,INV-2026-003050,setl_000000002581,300000002581,7785600,0,0,0,7785600,7785600,INR,card,1783596600,1783683000
pay_000000003051,payment,pay_000000003051,order_000000003051,INV-2026-003051,setl_000000002582,300000002582,7754900,0,0,0,7754900,7754900,INR,wallet,1780831800,1780831800
pay_000000003052,payment,pay_000000003052,order_000000003052,INV-2026-003052,setl_000000002583,300000002583,28759950,0,0,0,28759950,28759950,INR,netbanking,1782214200,1782300600
pay_000000003053,payment,pay_000000003053,order_000000003053,INV-2026-003053,setl_000000002584,300000002584,25208200,0,0,0,25208200,25208200,INR,upi,1787830200,1787830200
pay_000000003054,payment,pay_000000003054,order_000000003054,INV-2026-003054,setl_000000002585,300000002585,21637200,0,0,0,21637200,21637200,INR,netbanking,1785065400,1785238200
pay_000000003055,payment,pay_000000003055,order_000000003055,INV-2026-003055,setl_000000002586,300000002586,21724725,0,0,0,21724725,21724725,INR,upi,1785151800,1785238200
pay_000000003056,payment,pay_000000003056,order_000000003056,INV-2026-003056,setl_000000002587,300000002587,5530999,0,0,0,5530999,5530999,INR,wallet,1784892600,1784892600
pay_000000003057,payment,pay_000000003057,order_000000003057,INV-2026-003057,setl_000000002588,300000002588,37671499,0,0,0,37671499,37671499,INR,card,1786793400,1786879800
pay_000000003058,payment,pay_000000003058,order_000000003058,INV-2026-003058,setl_000000002589,300000002589,31081200,0,0,0,31081200,31081200,INR,netbanking,1786275000,1786275000
pay_000000003059,payment,pay_000000003059,order_000000003059,INV-2026-003059,setl_000000002590,300000002590,23142200,0,0,0,23142200,23142200,INR,upi,1786966200,1787139000
pay_000000003060,payment,pay_000000003060,order_000000003060,INV-2026-003060,setl_000000002591,300000002591,15969800,0,0,0,15969800,15969800,INR,card,1785670200,1785756600
pay_000000003061,payment,pay_000000003061,order_000000003061,INV-2026-003061,setl_000000002592,300000002592,36102300,0,0,0,36102300,36102300,INR,upi,1786534200,1786707000
pay_000000003062,payment,pay_000000003062,order_000000003062,INV-2026-003062,setl_000000002593,300000002593,48368325,0,0,0,48368325,48368325,INR,card,1785065400,1785065400
pay_000000003063,payment,pay_000000003063,order_000000003063,INV-2026-003063,setl_000000002594,300000002594,39544375,0,0,0,39544375,39544375,INR,wallet,1787916600,1787916600
pay_000000003064,payment,pay_000000003064,order_000000003064,INV-2026-003064,setl_000000002595,300000002595,40254725,0,0,0,40254725,40254725,INR,wallet,1783596600,1783596600
pay_000000003065,payment,pay_000000003065,order_000000003065,INV-2026-003065,setl_000000002596,300000002596,19866450,0,0,0,19866450,19866450,INR,wallet,1786361400,1786534200
pay_000000003066,payment,pay_000000003066,order_000000003066,INV-2026-003066,setl_000000002597,300000002597,13037400,0,0,0,13037400,13037400,INR,netbanking,1785238200,1785324600
pay_000000003067,payment,pay_000000003067,order_000000003067,INV-2026-003067,setl_000000002598,300000002598,18224350,0,0,0,18224350,18224350,INR,upi,1784892600,1785065400
pay_000000003068,payment,pay_000000003068,order_000000003068,INV-2026-003068,setl_000000002599,300000002599,33986000,0,0,0,33986000,33986000,INR,card,1782041400,1782214200
pay_000000003069,payment,pay_000000003069,order_000000003069,INV-2026-003069,setl_000000002600,300000002600,31896650,0,0,0,31896650,31896650,INR,card,1785411000,1785497400
pay_000000003070,payment,pay_000000003070,order_000000003070,INV-2026-003070,setl_000000002601,300000002601,22169050,0,0,0,22169050,22169050,INR,wallet,1782214200,1782387000
pay_000000003071,payment,pay_000000003071,order_000000003071,INV-2026-003071,setl_000000002602,300000002602,13923825,0,0,0,13923825,13923825,INR,upi,1784806200,1784806200
pay_000000003072,payment,pay_000000003072,order_000000003072,INV-2026-003072,setl_000000002603,300000002603,11599600,0,0,0,11599600,11599600,INR,upi,1783683000,1783855800
pay_000000003073,payment,pay_000000003073,order_000000003073,INV-2026-003073,setl_000000002604,300000002604,19012550,0,0,0,19012550,19012550,INR,netbanking,1783164600,1783164600
pay_000000003074,payment,pay_000000003074,order_000000003074,INV-2026-003074,setl_000000002605,300000002605,23838599,0,0,0,23838599,23838599,INR,wallet,1787571000,1787657400
pay_000000003075,payment,pay_000000003075,order_000000003075,INV-2026-003075,setl_000000002606,300000002606,2289100,0,0,0,2289100,2289100,INR,upi,1781609400,1781782200
pay_000000003076,payment,pay_000000003076,order_000000003076,INV-2026-003076,setl_000000002607,300000002607,18759200,0,0,0,18759200,18759200,INR,upi,1781004600,1781177400
pay_000000003077,payment,pay_000000003077,order_000000003077,INV-2026-003077,setl_000000002608,300000002608,32502700,0,0,0,32502700,32502700,INR,wallet,1783078200,1783251000
pay_000000003078,payment,pay_000000003078,order_000000003078,INV-2026-003078,setl_000000002609,300000002609,28623100,0,0,0,28623100,28623100,INR,upi,1784892600,1784979000
pay_000000003079,payment,pay_000000003079,order_000000003079,INV-2026-003079,setl_000000002610,300000002610,19296275,0,0,0,19296275,19296275,INR,netbanking,1786534200,1786534200
pay_000000003080,payment,pay_000000003080,order_000000003080,INV-2026-003080,setl_000000002611,300000002611,39846775,0,0,0,39846775,39846775,INR,card,1785324600,1785324600
pay_000000003081,payment,pay_000000003081,order_000000003081,INV-2026-003081,setl_000000002612,300000002612,19824150,0,0,0,19824150,19824150,INR,upi,1787311800,1787484600
pay_000000003082,payment,pay_000000003082,order_000000003082,INV-2026-003082,setl_000000002613,300000002613,31984500,0,0,0,31984500,31984500,INR,wallet,1782905400,1782991800
pay_000000003083,payment,pay_000000003083,order_000000003083,INV-2026-003083,setl_000000002614,300000002614,16151899,0,0,0,16151899,16151899,INR,card,1780486200,1780659000
pay_000000003084,payment,pay_000000003084,order_000000003084,INV-2026-003084,setl_000000002615,300000002615,31636275,0,0,0,31636275,31636275,INR,card,1780572600,1780745400
pay_000000003085,payment,pay_000000003085,order_000000003085,INV-2026-003085,setl_000000002616,300000002616,11643700,0,0,0,11643700,11643700,INR,wallet,1786015800,1786015800
pay_000000003086,payment,pay_000000003086,order_000000003086,INV-2026-003086,setl_000000002617,300000002617,3949600,0,0,0,3949600,3949600,INR,netbanking,1787830200,1787830200
pay_000000003087,payment,pay_000000003087,order_000000003087,INV-2026-003087,setl_000000002618,300000002618,24544200,0,0,0,24544200,24544200,INR,card,1782387000,1782559800
pay_000000003088,payment,pay_000000003088,order_000000003088,INV-2026-003088,setl_000000002619,300000002619,11047300,0,0,0,11047300,11047300,INR,netbanking,1780313400,1780486200
pay_000000003089,payment,pay_000000003089,order_000000003089,INV-2026-003089,setl_000000002620,300000002620,46479600,0,0,0,46479600,46479600,INR,card,1781955000,1782041400
pay_000000003090,payment,pay_000000003090,order_000000003090,INV-2026-003090,setl_000000002621,300000002621,23006499,0,0,0,23006499,23006499,INR,card,1786188600,1786361400
pay_000000003091,payment,pay_000000003091,order_000000003091,INV-2026-003091,setl_000000002622,300000002622,3451825,0,0,0,3451825,3451825,INR,netbanking,1782127800,1782300600
pay_000000003092,payment,pay_000000003092,order_000000003092,INV-2026-003092,setl_000000002623,300000002623,29231575,0,0,0,29231575,29231575,INR,wallet,1782214200,1782300600
pay_000000003093,payment,pay_000000003093,order_000000003093,INV-2026-003093,setl_000000002624,300000002624,38001400,0,0,0,38001400,38001400,INR,wallet,1783855800,1783855800
pay_000000003094,payment,pay_000000003094,order_000000003094,INV-2026-003094,setl_000000002625,300000002625,7301099,0,0,0,7301099,7301099,INR,wallet,1783942200,1784028600
pay_000000003095,payment,pay_000000003095,order_000000003095,INV-2026-003095,setl_000000002626,300000002626,33029050,0,0,0,33029050,33029050,INR,card,1782732600,1782905400
pay_000000003096,payment,pay_000000003096,order_000000003096,INV-2026-003096,setl_000000002627,300000002627,9770199,0,0,0,9770199,9770199,INR,upi,1782732600,1782905400
pay_000000003097,payment,pay_000000003097,order_000000003097,INV-2026-003097,setl_000000002628,300000002628,44821650,0,0,0,44821650,44821650,INR,netbanking,1787225400,1787225400
pay_000000003098,payment,pay_000000003098,order_000000003098,INV-2026-003098,setl_000000002629,300000002629,32034675,0,0,0,32034675,32034675,INR,upi,1786966200,1787139000
pay_000000003099,payment,pay_000000003099,order_000000003099,INV-2026-003099,setl_000000002630,300000002630,467725,0,0,0,467725,467725,INR,upi,1787916600,1787916600
pay_000000003100,payment,pay_000000003100,order_000000003100,INV-2026-003100,setl_000000002631,300000002631,32089975,0,0,0,32089975,32089975,INR,netbanking,1781350200,1781350200
pay_000000003101,payment,pay_000000003101,order_000000003101,INV-2026-003101,setl_000000002632,300000002632,38656100,0,0,0,38656100,38656100,INR,upi,1782127800,1782127800
pay_000000003102,payment,pay_000000003102,order_000000003102,INV-2026-003102,setl_000000002633,300000002633,17109500,0,0,0,17109500,17109500,INR,netbanking,1780659000,1780831800
pay_000000003103,payment,pay_000000003103,order_000000003103,INV-2026-003103,setl_000000002634,300000002634,35844050,0,0,0,35844050,35844050,INR,wallet,1781263800,1781436600
pay_000000003104,payment,pay_000000003104,order_000000003104,INV-2026-003104,setl_000000002635,300000002635,19209825,0,0,0,19209825,19209825,INR,wallet,1782041400,1782127800
pay_000000003105,payment,pay_000000003105,order_000000003105,INV-2026-003105,setl_000000002636,300000002636,664600,0,0,0,664600,664600,INR,upi,1782732600,1782819000
pay_000000003106,payment,pay_000000003106,order_000000003106,INV-2026-003106,setl_000000002637,300000002637,25090400,0,0,0,25090400,25090400,INR,netbanking,1786534200,1786707000
pay_000000003107,payment,pay_000000003107,order_000000003107,INV-2026-003107,setl_000000002638,300000002638,5015800,0,0,0,5015800,5015800,INR,netbanking,1782905400,1782905400
pay_000000003108,payment,pay_000000003108,order_000000003108,INV-2026-003108,setl_000000002639,300000002639,26978775,0,0,0,26978775,26978775,INR,card,1781004600,1781004600
pay_000000003109,payment,pay_000000003109,order_000000003109,INV-2026-003109,setl_000000002640,300000002640,25832525,0,0,0,25832525,25832525,INR,wallet,1786447800,1786447800
pay_000000003110,payment,pay_000000003110,order_000000003110,INV-2026-003110,setl_000000002641,300000002641,8701600,0,0,0,8701600,8701600,INR,wallet,1783337400,1783337400
pay_000000003111,payment,pay_000000003111,order_000000003111,INV-2026-003111,setl_000000002642,300000002642,47678100,0,0,0,47678100,47678100,INR,wallet,1784028600,1784201400
pay_000000003112,payment,pay_000000003112,order_000000003112,INV-2026-003112,setl_000000002643,300000002643,46162800,0,0,0,46162800,46162800,INR,wallet,1781955000,1782127800
pay_000000003113,payment,pay_000000003113,order_000000003113,INV-2026-003113,setl_000000002644,300000002644,49645700,0,0,0,49645700,49645700,INR,upi,1781695800,1781782200
pay_000000003114,payment,pay_000000003114,order_000000003114,INV-2026-003114,setl_000000002645,300000002645,38045200,0,0,0,38045200,38045200,INR,upi,1780745400,1780918200
pay_000000003115,payment,pay_000000003115,order_000000003115,INV-2026-003115,setl_000000002646,300000002646,35153975,0,0,0,35153975,35153975,INR,wallet,1786707000,1786793400
pay_000000003116,payment,pay_000000003116,order_000000003116,INV-2026-003116,setl_000000002647,300000002647,13581025,0,0,0,13581025,13581025,INR,wallet,1780313400,1780399800
pay_000000003117,payment,pay_000000003117,order_000000003117,INV-2026-003117,setl_000000002648,300000002648,46624325,0,0,0,46624325,46624325,INR,wallet,1785929400,1786102200
pay_000000003118,payment,pay_000000003118,order_000000003118,INV-2026-003118,setl_000000002649,300000002649,11834099,0,0,0,11834099,11834099,INR,wallet,1785065400,1785238200
pay_000000003119,payment,pay_000000003119,order_000000003119,INV-2026-003119,setl_000000002650,300000002650,6160000,0,0,0,6160000,6160000,INR,card,1783769400,1783769400
pay_000000003120,payment,pay_000000003120,order_000000003120,INV-2026-003120,setl_000000002651,300000002651,25135100,0,0,0,25135100,25135100,INR,wallet,1787743800,1787743800
pay_000000003121,payment,pay_000000003121,order_000000003121,INV-2026-003121,setl_000000002652,300000002652,4693225,0,0,0,4693225,4693225,INR,netbanking,1786966200,1787052600
pay_000000003122,payment,pay_000000003122,order_000000003122,INV-2026-003122,setl_000000002653,300000002653,46699075,0,0,0,46699075,46699075,INR,netbanking,1786447800,1786447800
pay_000000003123,payment,pay_000000003123,order_000000003123,INV-2026-003123,setl_000000002654,300000002654,5279499,0,0,0,5279499,5279499,INR,card,1786879800,1786966200
pay_000000003124,payment,pay_000000003124,order_000000003124,INV-2026-003124,setl_000000002655,300000002655,27141275,0,0,0,27141275,27141275,INR,card,1787657400,1787743800
pay_000000003125,payment,pay_000000003125,order_000000003125,INV-2026-003125,setl_000000002656,300000002656,2713500,0,0,0,2713500,2713500,INR,card,1783596600,1783596600
pay_000000003126,payment,pay_000000003126,order_000000003126,INV-2026-003126,setl_000000002657,300000002657,7615499,0,0,0,7615499,7615499,INR,upi,1786275000,1786275000
pay_000000003127,payment,pay_000000003127,order_000000003127,INV-2026-003127,setl_000000002658,300000002658,14572700,0,0,0,14572700,14572700,INR,wallet,1780486200,1780486200
pay_000000003128,payment,pay_000000003128,order_000000003128,INV-2026-003128,setl_000000002659,300000002659,28277500,0,0,0,28277500,28277500,INR,card,1785497400,1785583800
pay_000000003129,payment,pay_000000003129,order_000000003129,INV-2026-003129,setl_000000002660,300000002660,9224525,0,0,0,9224525,9224525,INR,card,1781091000,1781263800
pay_000000003130,payment,pay_000000003130,order_000000003130,INV-2026-003130,setl_000000002661,300000002661,1391200,0,0,0,1391200,1391200,INR,wallet,1780659000,1780745400
pay_000000003131,payment,pay_000000003131,order_000000003131,INV-2026-003131,setl_000000002662,300000002662,19816300,0,0,0,19816300,19816300,INR,upi,1781091000,1781177400
pay_000000003132,payment,pay_000000003132,order_000000003132,INV-2026-003132,setl_000000002663,300000002663,22337150,0,0,0,22337150,22337150,INR,card,1784547000,1784719800
pay_000000003133,payment,pay_000000003133,order_000000003133,INV-2026-003133,setl_000000002664,300000002664,2366700,0,0,0,2366700,2366700,INR,netbanking,1786879800,1786966200
pay_000000003134,payment,pay_000000003134,order_000000003134,INV-2026-003134,setl_000000002665,300000002665,5789950,0,0,0,5789950,5789950,INR,netbanking,1780745400,1780745400
pay_000000003135,payment,pay_000000003135,order_000000003135,INV-2026-003135,setl_000000002666,300000002666,42660300,0,0,0,42660300,42660300,INR,upi,1783078200,1783078200
pay_000000003136,payment,pay_000000003136,order_000000003136,INV-2026-003136,setl_000000002667,300000002667,27745875,0,0,0,27745875,27745875,INR,card,1784374200,1784460600
pay_000000003137,payment,pay_000000003137,order_000000003137,INV-2026-003137,setl_000000002668,300000002668,40399799,0,0,0,40399799,40399799,INR,wallet,1783596600,1783596600
pay_000000003138,payment,pay_000000003138,order_000000003138,INV-2026-003138,setl_000000002669,300000002669,42151150,0,0,0,42151150,42151150,INR,card,1782300600,1782387000
pay_000000003139,payment,pay_000000003139,order_000000003139,INV-2026-003139,setl_000000002670,300000002670,3823875,0,0,0,3823875,3823875,INR,card,1787398200,1787571000
pay_000000003140,payment,pay_000000003140,order_000000003140,INV-2026-003140,setl_000000002671,300000002671,19301300,0,0,0,19301300,19301300,INR,card,1782300600,1782300600
pay_000000003141,payment,pay_000000003141,order_000000003141,INV-2026-003141,setl_000000002672,300000002672,34586200,0,0,0,34586200,34586200,INR,wallet,1782646200,1782732600
pay_000000003142,payment,pay_000000003142,order_000000003142,INV-2026-003142,setl_000000002673,300000002673,13124675,0,0,0,13124675,13124675,INR,wallet,1785670200,1785670200
pay_000000003143,payment,pay_000000003143,order_000000003143,INV-2026-003143,setl_000000002674,300000002674,21918299,0,0,0,21918299,21918299,INR,wallet,1786620600,1786620600
pay_000000003144,payment,pay_000000003144,order_000000003144,INV-2026-003144,setl_000000002675,300000002675,2802000,0,0,0,2802000,2802000,INR,wallet,1786879800,1787052600
pay_000000003145,payment,pay_000000003145,order_000000003145,INV-2026-003145,setl_000000002676,300000002676,23890400,0,0,0,23890400,23890400,INR,upi,1780313400,1780399800
pay_000000003146,payment,pay_000000003146,order_000000003146,INV-2026-003146,setl_000000002677,300000002677,48476299,0,0,0,48476299,48476299,INR,upi,1781091000,1781263800
pay_000000003147,payment,pay_000000003147,order_000000003147,INV-2026-003147,setl_000000002678,300000002678,5861000,0,0,0,5861000,5861000,INR,upi,1787052600,1787139000
pay_000000003148,payment,pay_000000003148,order_000000003148,INV-2026-003148,setl_000000002679,300000002679,22782650,0,0,0,22782650,22782650,INR,upi,1781868600,1781868600
pay_000000003149,payment,pay_000000003149,order_000000003149,INV-2026-003149,setl_000000002680,300000002680,37639100,0,0,0,37639100,37639100,INR,card,1786015800,1786188600
pay_000000003150,payment,pay_000000003150,order_000000003150,INV-2026-003150,setl_000000002681,300000002681,40331200,0,0,0,40331200,40331200,INR,card,1784892600,1784892600
pay_000000003151,payment,pay_000000003151,order_000000003151,INV-2026-003151,setl_000000002682,300000002682,36286600,0,0,0,36286600,36286600,INR,card,1787052600,1787225400
pay_000000003152,payment,pay_000000003152,order_000000003152,INV-2026-003152,setl_000000002683,300000002683,43829400,0,0,0,43829400,43829400,INR,card,1787052600,1787139000
pay_000000003153,payment,pay_000000003153,order_000000003153,INV-2026-003153,setl_000000002684,300000002684,37574550,0,0,0,37574550,37574550,INR,netbanking,1781609400,1781695800
pay_000000003154,payment,pay_000000003154,order_000000003154,INV-2026-003154,setl_000000002685,300000002685,36164099,0,0,0,36164099,36164099,INR,upi,1787311800,1787398200
pay_000000003155,payment,pay_000000003155,order_000000003155,INV-2026-003155,setl_000000002686,300000002686,19898150,0,0,0,19898150,19898150,INR,netbanking,1783855800,1783942200
pay_000000003156,payment,pay_000000003156,order_000000003156,INV-2026-003156,setl_000000002687,300000002687,1563500,0,0,0,1563500,1563500,INR,netbanking,1787398200,1787398200
pay_000000003157,payment,pay_000000003157,order_000000003157,INV-2026-003157,setl_000000002688,300000002688,18403350,0,0,0,18403350,18403350,INR,card,1784892600,1785065400
pay_000000003158,payment,pay_000000003158,order_000000003158,INV-2026-003158,setl_000000002689,300000002689,36791725,0,0,0,36791725,36791725,INR,upi,1786361400,1786361400
pay_000000003159,payment,pay_000000003159,order_000000003159,INV-2026-003159,setl_000000002690,300000002690,18641700,0,0,0,18641700,18641700,INR,card,1787052600,1787139000
pay_000000003160,payment,pay_000000003160,order_000000003160,INV-2026-003160,setl_000000002691,300000002691,45804999,0,0,0,45804999,45804999,INR,upi,1784374200,1784374200
pay_000000003161,payment,pay_000000003161,order_000000003161,INV-2026-003161,setl_000000002692,300000002692,23507875,0,0,0,23507875,23507875,INR,card,1784806200,1784979000
pay_000000003162,payment,pay_000000003162,order_000000003162,INV-2026-003162,setl_000000002693,300000002693,16321200,0,0,0,16321200,16321200,INR,upi,1781177400,1781350200
pay_000000003163,payment,pay_000000003163,order_000000003163,INV-2026-003163,setl_000000002694,300000002694,11673100,0,0,0,11673100,11673100,INR,netbanking,1784460600,1784633400
pay_000000003164,payment,pay_000000003164,order_000000003164,INV-2026-003164,setl_000000002695,300000002695,16508900,0,0,0,16508900,16508900,INR,netbanking,1780831800,1780918200
pay_000000003165,payment,pay_000000003165,order_000000003165,INV-2026-003165,setl_000000002696,300000002696,9458900,0,0,0,9458900,9458900,INR,netbanking,1783423800,1783510200
pay_000000003166,payment,pay_000000003166,order_000000003166,INV-2026-003166,setl_000000002697,300000002697,11044125,0,0,0,11044125,11044125,INR,netbanking,1787484600,1787484600
pay_000000003167,payment,pay_000000003167,order_000000003167,INV-2026-003167,setl_000000002698,300000002698,48830475,0,0,0,48830475,48830475,INR,card,1780399800,1780399800
pay_000000003168,payment,pay_000000003168,order_000000003168,INV-2026-003168,setl_000000002699,300000002699,18911200,0,0,0,18911200,18911200,INR,wallet,1783683000,1783769400
pay_000000003169,payment,pay_000000003169,order_000000003169,INV-2026-003169,setl_000000002700,300000002700,15513299,0,0,0,15513299,15513299,INR,card,1786534200,1786707000
pay_000000003170,payment,pay_000000003170,order_000000003170,INV-2026-003170,setl_000000002701,300000002701,36606775,0,0,0,36606775,36606775,INR,upi,1785929400,1786102200
pay_000000003171,payment,pay_000000003171,order_000000003171,INV-2026-003171,setl_000000002702,300000002702,40928600,0,0,0,40928600,40928600,INR,upi,1781609400,1781695800
pay_000000003172,payment,pay_000000003172,order_000000003172,INV-2026-003172,setl_000000002703,300000002703,20915175,0,0,0,20915175,20915175,INR,upi,1785151800,1785151800
pay_000000003173,payment,pay_000000003173,order_000000003173,INV-2026-003173,setl_000000002704,300000002704,4227250,0,0,0,4227250,4227250,INR,card,1783423800,1783596600
pay_000000003174,payment,pay_000000003174,order_000000003174,INV-2026-003174,setl_000000002705,300000002705,36443075,0,0,0,36443075,36443075,INR,card,1780399800,1780572600
pay_000000003175,payment,pay_000000003175,order_000000003175,INV-2026-003175,setl_000000002706,300000002706,10547475,0,0,0,10547475,10547475,INR,card,1780918200,1781004600
pay_000000003176,payment,pay_000000003176,order_000000003176,INV-2026-003176,setl_000000002707,300000002707,25719450,0,0,0,25719450,25719450,INR,netbanking,1783510200,1783510200
pay_000000003177,payment,pay_000000003177,order_000000003177,INV-2026-003177,setl_000000002708,300000002708,22830500,0,0,0,22830500,22830500,INR,wallet,1780745400,1780831800
pay_000000003178,payment,pay_000000003178,order_000000003178,INV-2026-003178,setl_000000002709,300000002709,33693075,0,0,0,33693075,33693075,INR,netbanking,1784201400,1784201400
pay_000000003179,payment,pay_000000003179,order_000000003179,INV-2026-003179,setl_000000002710,300000002710,35357700,0,0,0,35357700,35357700,INR,netbanking,1780399800,1780572600
pay_000000003180,payment,pay_000000003180,order_000000003180,INV-2026-003180,setl_000000002711,300000002711,27029750,0,0,0,27029750,27029750,INR,card,1781436600,1781523000
pay_000000003181,payment,pay_000000003181,order_000000003181,INV-2026-003181,setl_000000002712,300000002712,21769600,0,0,0,21769600,21769600,INR,upi,1780313400,1780313400
pay_000000003182,payment,pay_000000003182,order_000000003182,INV-2026-003182,setl_000000002713,300000002713,21674200,0,0,0,21674200,21674200,INR,upi,1783683000,1783855800
pay_000000003183,payment,pay_000000003183,order_000000003183,INV-2026-003183,setl_000000002714,300000002714,10912200,0,0,0,10912200,10912200,INR,netbanking,1787052600,1787139000
pay_000000003184,payment,pay_000000003184,order_000000003184,INV-2026-003184,setl_000000002715,300000002715,23026799,0,0,0,23026799,23026799,INR,netbanking,1784979000,1785151800
pay_000000003185,payment,pay_000000003185,order_000000003185,INV-2026-003185,setl_000000002716,300000002716,10674100,0,0,0,10674100,10674100,INR,wallet,1784719800,1784719800
pay_000000003186,payment,pay_000000003186,order_000000003186,INV-2026-003186,setl_000000002717,300000002717,37264600,0,0,0,37264600,37264600,INR,upi,1786188600,1786188600
pay_000000003187,payment,pay_000000003187,order_000000003187,INV-2026-003187,setl_000000002718,300000002718,3514300,0,0,0,3514300,3514300,INR,netbanking,1781004600,1781004600
pay_000000003188,payment,pay_000000003188,order_000000003188,INV-2026-003188,setl_000000002719,300000002719,25230150,0,0,0,25230150,25230150,INR,netbanking,1781177400,1781177400
pay_000000003189,payment,pay_000000003189,order_000000003189,INV-2026-003189,setl_000000002720,300000002720,38390575,0,0,0,38390575,38390575,INR,wallet,1787139000,1787225400
pay_000000003190,payment,pay_000000003190,order_000000003190,INV-2026-003190,setl_000000002721,300000002721,13517700,0,0,0,13517700,13517700,INR,netbanking,1781350200,1781350200
pay_000000003191,payment,pay_000000003191,order_000000003191,INV-2026-003191,setl_000000002722,300000002722,39699325,0,0,0,39699325,39699325,INR,upi,1782300600,1782387000
pay_000000003192,payment,pay_000000003192,order_000000003192,INV-2026-003192,setl_000000002723,300000002723,49706925,0,0,0,49706925,49706925,INR,wallet,1783251000,1783337400
pay_000000003193,payment,pay_000000003193,order_000000003193,INV-2026-003193,setl_000000002724,300000002724,24117825,0,0,0,24117825,24117825,INR,upi,1783510200,1783596600
pay_000000003194,payment,pay_000000003194,order_000000003194,INV-2026-003194,setl_000000002725,300000002725,7067699,0,0,0,7067699,7067699,INR,wallet,1785756600,1785929400
pay_000000003195,payment,pay_000000003195,order_000000003195,INV-2026-003195,setl_000000002726,300000002726,2705600,0,0,0,2705600,2705600,INR,upi,1781782200,1781868600
pay_000000003196,payment,pay_000000003196,order_000000003196,INV-2026-003196,setl_000000002727,300000002727,23024100,0,0,0,23024100,23024100,INR,wallet,1782991800,1783164600
pay_000000003197,payment,pay_000000003197,order_000000003197,INV-2026-003197,setl_000000002728,300000002728,39476625,0,0,0,39476625,39476625,INR,wallet,1785238200,1785324600
pay_000000003198,payment,pay_000000003198,order_000000003198,INV-2026-003198,setl_000000002729,300000002729,26949375,0,0,0,26949375,26949375,INR,netbanking,1782387000,1782559800
pay_000000003199,payment,pay_000000003199,order_000000003199,INV-2026-003199,setl_000000002730,300000002730,23753900,0,0,0,23753900,23753900,INR,netbanking,1782646200,1782732600
pay_000000003200,payment,pay_000000003200,order_000000003200,INV-2026-003200,setl_000000002731,300000002731,26973725,0,0,0,26973725,26973725,INR,card,1785583800,1785670200
pay_000000003201,payment,pay_000000003201,order_000000003201,INV-2026-003201,setl_000000002732,300000002732,40310400,0,0,0,40310400,40310400,INR,netbanking,1781177400,1781350200
pay_000000003202,payment,pay_000000003202,order_000000003202,INV-2026-003202,setl_000000002733,300000002733,20520299,0,0,0,20520299,20520299,INR,wallet,1781177400,1781350200
pay_000000003203,payment,pay_000000003203,order_000000003203,INV-2026-003203,setl_000000002734,300000002734,26704550,0,0,0,26704550,26704550,INR,wallet,1782041400,1782041400
pay_000000003204,payment,pay_000000003204,order_000000003204,INV-2026-003204,setl_000000002735,300000002735,31822099,0,0,0,31822099,31822099,INR,wallet,1781263800,1781350200
pay_000000003205,payment,pay_000000003205,order_000000003205,INV-2026-003205,setl_000000002736,300000002736,15315900,0,0,0,15315900,15315900,INR,upi,1780313400,1780486200
pay_000000003206,payment,pay_000000003206,order_000000003206,INV-2026-003206,setl_000000002737,300000002737,9454100,0,0,0,9454100,9454100,INR,card,1782559800,1782732600
pay_000000003207,payment,pay_000000003207,order_000000003207,INV-2026-003207,setl_000000002738,300000002738,25481375,0,0,0,25481375,25481375,INR,netbanking,1787916600,1788003000
pay_000000003208,payment,pay_000000003208,order_000000003208,INV-2026-003208,setl_000000002739,300000002739,13662500,0,0,0,13662500,13662500,INR,wallet,1781782200,1781782200
pay_000000003209,payment,pay_000000003209,order_000000003209,INV-2026-003209,setl_000000002740,300000002740,40475125,0,0,0,40475125,40475125,INR,wallet,1781955000,1782127800
pay_000000003210,payment,pay_000000003210,order_000000003210,INV-2026-003210,setl_000000002741,300000002741,40602899,0,0,0,40602899,40602899,INR,wallet,1786102200,1786275000
pay_000000003211,payment,pay_000000003211,order_000000003211,INV-2026-003211,setl_000000002742,300000002742,39728499,0,0,0,39728499,39728499,INR,card,1787052600,1787052600
pay_000000003212,payment,pay_000000003212,order_000000003212,INV-2026-003212,setl_000000002743,300000002743,45741975,0,0,0,45741975,45741975,INR,upi,1785065400,1785238200
pay_000000003213,payment,pay_000000003213,order_000000003213,INV-2026-003213,setl_000000002744,300000002744,1414150,0,0,0,1414150,1414150,INR,wallet,1786015800,1786102200
pay_000000003214,payment,pay_000000003214,order_000000003214,INV-2026-003214,setl_000000002745,300000002745,33191850,0,0,0,33191850,33191850,INR,upi,1782300600,1782473400
pay_000000003215,payment,pay_000000003215,order_000000003215,INV-2026-003215,setl_000000002746,300000002746,32018800,0,0,0,32018800,32018800,INR,wallet,1784201400,1784374200
pay_000000003216,payment,pay_000000003216,order_000000003216,INV-2026-003216,setl_000000002747,300000002747,13536800,0,0,0,13536800,13536800,INR,upi,1784547000,1784547000
pay_000000003217,payment,pay_000000003217,order_000000003217,INV-2026-003217,setl_000000002748,300000002748,7504525,0,0,0,7504525,7504525,INR,wallet,1783596600,1783596600
pay_000000003218,payment,pay_000000003218,order_000000003218,INV-2026-003218,setl_000000002749,300000002749,24483300,0,0,0,24483300,24483300,INR,netbanking,1786361400,1786534200
pay_000000003219,payment,pay_000000003219,order_000000003219,INV-2026-003219,setl_000000002750,300000002750,960600,0,0,0,960600,960600,INR,upi,1781004600,1781091000
pay_000000003220,payment,pay_000000003220,order_000000003220,INV-2026-003220,setl_000000002751,300000002751,29739850,0,0,0,29739850,29739850,INR,upi,1781350200,1781523000
pay_000000003221,payment,pay_000000003221,order_000000003221,INV-2026-003221,setl_000000002752,300000002752,35487500,0,0,0,35487500,35487500,INR,card,1783855800,1783855800
pay_000000003222,payment,pay_000000003222,order_000000003222,INV-2026-003222,setl_000000002753,300000002753,29617500,0,0,0,29617500,29617500,INR,upi,1786188600,1786361400
pay_000000003223,payment,pay_000000003223,order_000000003223,INV-2026-003223,setl_000000002754,300000002754,18032799,0,0,0,18032799,18032799,INR,upi,1780313400,1780313400
pay_000000003224,payment,pay_000000003224,order_000000003224,INV-2026-003224,setl_000000002755,300000002755,45448300,0,0,0,45448300,45448300,INR,netbanking,1783164600,1783251000
pay_000000003225,payment,pay_000000003225,order_000000003225,INV-2026-003225,setl_000000002756,300000002756,19688475,0,0,0,19688475,19688475,INR,wallet,1781177400,1781263800
pay_000000003226,payment,pay_000000003226,order_000000003226,INV-2026-003226,setl_000000002757,300000002757,22716899,0,0,0,22716899,22716899,INR,upi,1782559800,1782646200
pay_000000003227,payment,pay_000000003227,order_000000003227,INV-2026-003227,setl_000000002758,300000002758,14538600,0,0,0,14538600,14538600,INR,wallet,1781695800,1781868600
pay_000000003228,payment,pay_000000003228,order_000000003228,INV-2026-003228,setl_000000002759,300000002759,49156700,0,0,0,49156700,49156700,INR,upi,1781436600,1781609400
pay_000000003229,payment,pay_000000003229,order_000000003229,INV-2026-003229,setl_000000002760,300000002760,910125,0,0,0,910125,910125,INR,wallet,1782905400,1783078200
pay_000000003230,payment,pay_000000003230,order_000000003230,INV-2026-003230,setl_000000002761,300000002761,2036300,0,0,0,2036300,2036300,INR,card,1784719800,1784806200
pay_000000003231,payment,pay_000000003231,order_000000003231,INV-2026-003231,setl_000000002762,300000002762,20795375,0,0,0,20795375,20795375,INR,wallet,1784374200,1784460600
pay_000000003232,payment,pay_000000003232,order_000000003232,INV-2026-003232,setl_000000002763,300000002763,36776300,0,0,0,36776300,36776300,INR,netbanking,1786707000,1786707000
pay_000000003233,payment,pay_000000003233,order_000000003233,INV-2026-003233,setl_000000002764,300000002764,48751050,0,0,0,48751050,48751050,INR,upi,1780486200,1780659000
pay_000000003234,payment,pay_000000003234,order_000000003234,INV-2026-003234,setl_000000002765,300000002765,33253125,0,0,0,33253125,33253125,INR,wallet,1780831800,1780831800
pay_000000003235,payment,pay_000000003235,order_000000003235,INV-2026-003235,setl_000000002766,300000002766,5224300,0,0,0,5224300,5224300,INR,card,1784374200,1784374200
pay_000000003236,payment,pay_000000003236,order_000000003236,INV-2026-003236,setl_000000002767,300000002767,19205150,0,0,0,19205150,19205150,INR,wallet,1783769400,1783855800
pay_000000003237,payment,pay_000000003237,order_000000003237,INV-2026-003237,setl_000000002768,300000002768,46263975,0,0,0,46263975,46263975,INR,upi,1782646200,1782819000
pay_000000003238,payment,pay_000000003238,order_000000003238,INV-2026-003238,setl_000000002769,300000002769,28435400,0,0,0,28435400,28435400,INR,upi,1786447800,1786620600
pay_000000003239,payment,pay_000000003239,order_000000003239,INV-2026-003239,setl_000000002770,300000002770,44142800,0,0,0,44142800,44142800,INR,wallet,1783510200,1783596600
pay_000000003240,payment,pay_000000003240,order_000000003240,INV-2026-003240,setl_000000002771,300000002771,15330299,0,0,0,15330299,15330299,INR,netbanking,1783769400,1783942200
pay_000000003241,payment,pay_000000003241,order_000000003241,INV-2026-003241,setl_000000002772,300000002772,12086900,0,0,0,12086900,12086900,INR,card,1783423800,1783423800
pay_000000003242,payment,pay_000000003242,order_000000003242,INV-2026-003242,setl_000000002773,300000002773,17671525,0,0,0,17671525,17671525,INR,netbanking,1780918200,1781091000
pay_000000003243,payment,pay_000000003243,order_000000003243,INV-2026-003243,setl_000000002774,300000002774,9938700,0,0,0,9938700,9938700,INR,card,1783683000,1783769400
pay_000000003244,payment,pay_000000003244,order_000000003244,INV-2026-003244,setl_000000002775,300000002775,27480425,0,0,0,27480425,27480425,INR,netbanking,1784028600,1784201400
pay_000000003245,payment,pay_000000003245,order_000000003245,INV-2026-003245,setl_000000002776,300000002776,30231175,0,0,0,30231175,30231175,INR,wallet,1784892600,1784892600
pay_000000003246,payment,pay_000000003246,order_000000003246,INV-2026-003246,setl_000000002777,300000002777,16680900,0,0,0,16680900,16680900,INR,upi,1783942200,1784028600
pay_000000003247,payment,pay_000000003247,order_000000003247,INV-2026-003247,setl_000000002778,300000002778,46801099,0,0,0,46801099,46801099,INR,wallet,1787484600,1787657400
pay_000000003248,payment,pay_000000003248,order_000000003248,INV-2026-003248,setl_000000002779,300000002779,32240000,0,0,0,32240000,32240000,INR,upi,1783337400,1783423800
pay_000000003249,payment,pay_000000003249,order_000000003249,INV-2026-003249,setl_000000002780,300000002780,3859275,0,0,0,3859275,3859275,INR,upi,1785670200,1785843000
pay_000000003250,payment,pay_000000003250,order_000000003250,INV-2026-003250,setl_000000002781,300000002781,28003499,0,0,0,28003499,28003499,INR,wallet,1782387000,1782559800
pay_000000003251,payment,pay_000000003251,order_000000003251,INV-2026-003251,setl_000000002782,300000002782,31269625,0,0,0,31269625,31269625,INR,upi,1780659000,1780745400
pay_000000003252,payment,pay_000000003252,order_000000003252,INV-2026-003252,setl_000000002783,300000002783,32092425,0,0,0,32092425,32092425,INR,upi,1780831800,1781004600
pay_000000003253,payment,pay_000000003253,order_000000003253,INV-2026-003253,setl_000000002784,300000002784,17085600,0,0,0,17085600,17085600,INR,card,1783164600,1783164600
pay_000000003254,payment,pay_000000003254,order_000000003254,INV-2026-003254,setl_000000002785,300000002785,19291600,0,0,0,19291600,19291600,INR,upi,1786793400,1786793400
pay_000000003255,payment,pay_000000003255,order_000000003255,INV-2026-003255,setl_000000002786,300000002786,15617700,0,0,0,15617700,15617700,INR,wallet,1784892600,1784892600
pay_000000003256,payment,pay_000000003256,order_000000003256,INV-2026-003256,setl_000000002787,300000002787,48170099,0,0,0,48170099,48170099,INR,upi,1784547000,1784633400
pay_000000003257,payment,pay_000000003257,order_000000003257,INV-2026-003257,setl_000000002788,300000002788,2235000,0,0,0,2235000,2235000,INR,card,1784806200,1784806200
pay_000000003258,payment,pay_000000003258,order_000000003258,INV-2026-003258,setl_000000002789,300000002789,33705150,0,0,0,33705150,33705150,INR,netbanking,1783337400,1783423800
pay_000000003259,payment,pay_000000003259,order_000000003259,INV-2026-003259,setl_000000002790,300000002790,10682625,0,0,0,10682625,10682625,INR,wallet,1782387000,1782473400
pay_000000003260,payment,pay_000000003260,order_000000003260,INV-2026-003260,setl_000000002791,300000002791,18787599,0,0,0,18787599,18787599,INR,netbanking,1782559800,1782732600
pay_000000003261,payment,pay_000000003261,order_000000003261,INV-2026-003261,setl_000000002792,300000002792,19585099,0,0,0,19585099,19585099,INR,upi,1783423800,1783423800
pay_000000003262,payment,pay_000000003262,order_000000003262,INV-2026-003262,setl_000000002793,300000002793,49674599,0,0,0,49674599,49674599,INR,card,1780486200,1780572600
pay_000000003263,payment,pay_000000003263,order_000000003263,INV-2026-003263,setl_000000002794,300000002794,9511500,0,0,0,9511500,9511500,INR,netbanking,1781782200,1781782200
pay_000000003264,payment,pay_000000003264,order_000000003264,INV-2026-003264,setl_000000002795,300000002795,8712650,0,0,0,8712650,8712650,INR,card,1782819000,1782991800
pay_000000003265,payment,pay_000000003265,order_000000003265,INV-2026-003265,setl_000000002796,300000002796,32494150,0,0,0,32494150,32494150,INR,wallet,1785670200,1785843000
pay_000000003266,payment,pay_000000003266,order_000000003266,INV-2026-003266,setl_000000002797,300000002797,9269475,0,0,0,9269475,9269475,INR,card,1787830200,1787916600
pay_000000003267,payment,pay_000000003267,order_000000003267,INV-2026-003267,setl_000000002798,300000002798,28841100,0,0,0,28841100,28841100,INR,netbanking,1784201400,1784287800
pay_000000003268,payment,pay_000000003268,order_000000003268,INV-2026-003268,setl_000000002799,300000002799,32184299,0,0,0,32184299,32184299,INR,wallet,1787052600,1787225400
pay_000000003269,payment,pay_000000003269,order_000000003269,INV-2026-003269,setl_000000002800,300000002800,47005075,0,0,0,47005075,47005075,INR,wallet,1786534200,1786620600
pay_000000003270,payment,pay_000000003270,order_000000003270,INV-2026-003270,setl_000000002801,300000002801,39973450,0,0,0,39973450,39973450,INR,card,1782646200,1782732600
pay_000000003271,payment,pay_000000003271,order_000000003271,INV-2026-003271,setl_000000002802,300000002802,3748900,0,0,0,3748900,3748900,INR,upi,1784547000,1784547000
pay_000000003272,payment,pay_000000003272,order_000000003272,INV-2026-003272,setl_000000002803,300000002803,10635600,0,0,0,10635600,10635600,INR,netbanking,1780486200,1780572600
pay_000000003273,payment,pay_000000003273,order_000000003273,INV-2026-003273,setl_000000002804,300000002804,40120200,0,0,0,40120200,40120200,INR,wallet,1786361400,1786447800
pay_000000003274,payment,pay_000000003274,order_000000003274,INV-2026-003274,setl_000000002805,300000002805,37177799,0,0,0,37177799,37177799,INR,upi,1786361400,1786447800
pay_000000003275,payment,pay_000000003275,order_000000003275,INV-2026-003275,setl_000000002806,300000002806,6152100,0,0,0,6152100,6152100,INR,upi,1781609400,1781695800
pay_000000003276,payment,pay_000000003276,order_000000003276,INV-2026-003276,setl_000000002807,300000002807,21839100,0,0,0,21839100,21839100,INR,card,1781091000,1781091000
pay_000000003277,payment,pay_000000003277,order_000000003277,INV-2026-003277,setl_000000002808,300000002808,13390900,0,0,0,13390900,13390900,INR,wallet,1786188600,1786188600
pay_000000003278,payment,pay_000000003278,order_000000003278,INV-2026-003278,setl_000000002809,300000002809,44986800,0,0,0,44986800,44986800,INR,upi,1780486200,1780659000
pay_000000003279,payment,pay_000000003279,order_000000003279,INV-2026-003279,setl_000000002810,300000002810,31975699,0,0,0,31975699,31975699,INR,upi,1785411000,1785583800
pay_000000003280,payment,pay_000000003280,order_000000003280,INV-2026-003280,setl_000000002811,300000002811,7192375,0,0,0,7192375,7192375,INR,card,1784115000,1784115000
pay_000000003281,payment,pay_000000003281,order_000000003281,INV-2026-003281,setl_000000002812,300000002812,24594000,0,0,0,24594000,24594000,INR,upi,1785756600,1785756600
pay_000000003282,payment,pay_000000003282,order_000000003282,INV-2026-003282,setl_000000002813,300000002813,48490200,0,0,0,48490200,48490200,INR,wallet,1784201400,1784201400
pay_000000003283,payment,pay_000000003283,order_000000003283,INV-2026-003283,setl_000000002814,300000002814,43809325,0,0,0,43809325,43809325,INR,netbanking,1780572600,1780572600
pay_000000003284,payment,pay_000000003284,order_000000003284,INV-2026-003284,setl_000000002815,300000002815,4476275,0,0,0,4476275,4476275,INR,card,1783596600,1783683000
pay_000000003285,payment,pay_000000003285,order_000000003285,INV-2026-003285,setl_000000002816,300000002816,23070450,0,0,0,23070450,23070450,INR,card,1783769400,1783942200
pay_000000003286,payment,pay_000000003286,order_000000003286,INV-2026-003286,setl_000000002817,300000002817,2244800,0,0,0,2244800,2244800,INR,wallet,1783683000,1783769400
pay_000000003287,payment,pay_000000003287,order_000000003287,INV-2026-003287,setl_000000002818,300000002818,6672950,0,0,0,6672950,6672950,INR,wallet,1786966200,1787139000
pay_000000003288,payment,pay_000000003288,order_000000003288,INV-2026-003288,setl_000000002819,300000002819,25603850,0,0,0,25603850,25603850,INR,wallet,1785929400,1786102200
pay_000000003289,payment,pay_000000003289,order_000000003289,INV-2026-003289,setl_000000002820,300000002820,32346299,0,0,0,32346299,32346299,INR,card,1786447800,1786620600
pay_000000003290,payment,pay_000000003290,order_000000003290,INV-2026-003290,setl_000000002821,300000002821,5029499,0,0,0,5029499,5029499,INR,upi,1786275000,1786361400
pay_000000003291,payment,pay_000000003291,order_000000003291,INV-2026-003291,setl_000000002822,300000002822,46272600,0,0,0,46272600,46272600,INR,wallet,1782041400,1782214200
pay_000000003292,payment,pay_000000003292,order_000000003292,INV-2026-003292,setl_000000002823,300000002823,49870750,0,0,0,49870750,49870750,INR,upi,1786102200,1786275000
pay_000000003293,payment,pay_000000003293,order_000000003293,INV-2026-003293,setl_000000002824,300000002824,9747300,0,0,0,9747300,9747300,INR,card,1781782200,1781868600
pay_000000003294,payment,pay_000000003294,order_000000003294,INV-2026-003294,setl_000000002825,300000002825,7815800,0,0,0,7815800,7815800,INR,card,1780745400,1780745400
pay_000000003295,payment,pay_000000003295,order_000000003295,INV-2026-003295,setl_000000002826,300000002826,26163699,0,0,0,26163699,26163699,INR,wallet,1785497400,1785497400
pay_000000003296,payment,pay_000000003296,order_000000003296,INV-2026-003296,setl_000000002827,300000002827,40489950,0,0,0,40489950,40489950,INR,upi,1784806200,1784892600
pay_000000003297,payment,pay_000000003297,order_000000003297,INV-2026-003297,setl_000000002828,300000002828,35554799,0,0,0,35554799,35554799,INR,netbanking,1786447800,1786620600
pay_000000003298,payment,pay_000000003298,order_000000003298,INV-2026-003298,setl_000000002829,300000002829,28920700,0,0,0,28920700,28920700,INR,wallet,1781091000,1781263800
pay_000000003299,payment,pay_000000003299,order_000000003299,INV-2026-003299,setl_000000002830,300000002830,45887200,0,0,0,45887200,45887200,INR,card,1785151800,1785151800
pay_000000003300,payment,pay_000000003300,order_000000003300,INV-2026-003300,setl_000000002831,300000002831,27689799,0,0,0,27689799,27689799,INR,wallet,1783942200,1783942200
pay_000000003301,payment,pay_000000003301,order_000000003301,INV-2026-003301,setl_000000002832,300000002832,38339800,0,0,0,38339800,38339800,INR,upi,1786879800,1786966200
pay_000000003302,payment,pay_000000003302,order_000000003302,INV-2026-003302,setl_000000002833,300000002833,22839850,0,0,0,22839850,22839850,INR,wallet,1785843000,1785929400
pay_000000003303,payment,pay_000000003303,order_000000003303,INV-2026-003303,setl_000000002834,300000002834,6432199,0,0,0,6432199,6432199,INR,netbanking,1781350200,1781523000
pay_000000003304,payment,pay_000000003304,order_000000003304,INV-2026-003304,setl_000000002835,300000002835,41235100,0,0,0,41235100,41235100,INR,upi,1780831800,1781004600
pay_000000003305,payment,pay_000000003305,order_000000003305,INV-2026-003305,setl_000000002836,300000002836,47082375,0,0,0,47082375,47082375,INR,netbanking,1786447800,1786620600
pay_000000003306,payment,pay_000000003306,order_000000003306,INV-2026-003306,setl_000000002837,300000002837,2496000,0,0,0,2496000,2496000,INR,netbanking,1781263800,1781263800
pay_000000003307,payment,pay_000000003307,order_000000003307,INV-2026-003307,setl_000000002838,300000002838,16407775,0,0,0,16407775,16407775,INR,netbanking,1781263800,1781436600
pay_000000003308,payment,pay_000000003308,order_000000003308,INV-2026-003308,setl_000000002839,300000002839,22109225,0,0,0,22109225,22109225,INR,card,1786966200,1786966200
pay_000000003309,payment,pay_000000003309,order_000000003309,INV-2026-003309,setl_000000002840,300000002840,20394875,0,0,0,20394875,20394875,INR,wallet,1781436600,1781523000
pay_000000003310,payment,pay_000000003310,order_000000003310,INV-2026-003310,setl_000000002841,300000002841,11965999,0,0,0,11965999,11965999,INR,netbanking,1783337400,1783423800
pay_000000003311,payment,pay_000000003311,order_000000003311,INV-2026-003311,setl_000000002842,300000002842,498975,0,0,0,498975,498975,INR,netbanking,1783251000,1783423800
pay_000000003312,payment,pay_000000003312,order_000000003312,INV-2026-003312,setl_000000002843,300000002843,23057200,0,0,0,23057200,23057200,INR,netbanking,1781350200,1781523000
pay_000000003313,payment,pay_000000003313,order_000000003313,INV-2026-003313,setl_000000002844,300000002844,18264550,0,0,0,18264550,18264550,INR,upi,1787916600,1788003000
pay_000000003314,payment,pay_000000003314,order_000000003314,INV-2026-003314,setl_000000002845,300000002845,27702099,0,0,0,27702099,27702099,INR,netbanking,1786534200,1786534200
pay_000000003315,payment,pay_000000003315,order_000000003315,INV-2026-003315,setl_000000002846,300000002846,37448699,0,0,0,37448699,37448699,INR,netbanking,1782905400,1782905400
pay_000000003316,payment,pay_000000003316,order_000000003316,INV-2026-003316,setl_000000002847,300000002847,31710199,0,0,0,31710199,31710199,INR,netbanking,1787657400,1787743800
pay_000000003317,payment,pay_000000003317,order_000000003317,INV-2026-003317,setl_000000002848,300000002848,29153100,0,0,0,29153100,29153100,INR,upi,1787571000,1787743800
pay_000000003318,payment,pay_000000003318,order_000000003318,INV-2026-003318,setl_000000002849,300000002849,17134425,0,0,0,17134425,17134425,INR,wallet,1780918200,1780918200
pay_000000003319,payment,pay_000000003319,order_000000003319,INV-2026-003319,setl_000000002850,300000002850,36824900,0,0,0,36824900,36824900,INR,wallet,1784547000,1784633400
pay_000000003320,payment,pay_000000003320,order_000000003320,INV-2026-003320,setl_000000002851,300000002851,28404625,0,0,0,28404625,28404625,INR,netbanking,1781263800,1781436600
pay_000000003321,payment,pay_000000003321,order_000000003321,INV-2026-003321,setl_000000002852,300000002852,8647800,0,0,0,8647800,8647800,INR,upi,1783510200,1783683000
pay_000000003322,payment,pay_000000003322,order_000000003322,INV-2026-003322,setl_000000002853,300000002853,46010300,0,0,0,46010300,46010300,INR,card,1780486200,1780486200
pay_000000003323,payment,pay_000000003323,order_000000003323,INV-2026-003323,setl_000000002854,300000002854,36135775,0,0,0,36135775,36135775,INR,wallet,1782473400,1782559800
pay_000000003324,payment,pay_000000003324,order_000000003324,INV-2026-003324,setl_000000002855,300000002855,47437400,0,0,0,47437400,47437400,INR,upi,1782214200,1782214200
pay_000000003325,payment,pay_000000003325,order_000000003325,INV-2026-003325,setl_000000002856,300000002856,45732575,0,0,0,45732575,45732575,INR,netbanking,1786620600,1786793400
pay_000000003326,payment,pay_000000003326,order_000000003326,INV-2026-003326,setl_000000002857,300000002857,25393675,0,0,0,25393675,25393675,INR,upi,1784633400,1784633400
pay_000000003327,payment,pay_000000003327,order_000000003327,INV-2026-003327,setl_000000002858,300000002858,3963900,0,0,0,3963900,3963900,INR,card,1784979000,1785065400
pay_000000003328,payment,pay_000000003328,order_000000003328,INV-2026-003328,setl_000000002859,300000002859,48389625,0,0,0,48389625,48389625,INR,upi,1782646200,1782819000
pay_000000003329,payment,pay_000000003329,order_000000003329,INV-2026-003329,setl_000000002860,300000002860,46816175,0,0,0,46816175,46816175,INR,card,1783337400,1783510200
pay_000000003330,payment,pay_000000003330,order_000000003330,INV-2026-003330,setl_000000002861,300000002861,9864100,0,0,0,9864100,9864100,INR,netbanking,1781523000,1781609400
pay_000000003331,payment,pay_000000003331,order_000000003331,INV-2026-003331,setl_000000002862,300000002862,39412050,0,0,0,39412050,39412050,INR,wallet,1786361400,1786447800
pay_000000003332,payment,pay_000000003332,order_000000003332,INV-2026-003332,setl_000000002863,300000002863,29433500,0,0,0,29433500,29433500,INR,netbanking,1781263800,1781350200
pay_000000003333,payment,pay_000000003333,order_000000003333,INV-2026-003333,setl_000000002864,300000002864,29449050,0,0,0,29449050,29449050,INR,wallet,1787657400,1787743800
pay_000000003334,payment,pay_000000003334,order_000000003334,INV-2026-003334,setl_000000002865,300000002865,25604099,0,0,0,25604099,25604099,INR,upi,1786534200,1786620600
pay_000000003335,payment,pay_000000003335,order_000000003335,INV-2026-003335,setl_000000002866,300000002866,15620450,0,0,0,15620450,15620450,INR,upi,1782214200,1782214200
pay_000000003336,payment,pay_000000003336,order_000000003336,INV-2026-003336,setl_000000002867,300000002867,45118100,0,0,0,45118100,45118100,INR,wallet,1786015800,1786015800
pay_000000003337,payment,pay_000000003337,order_000000003337,INV-2026-003337,setl_000000002868,300000002868,838099,0,0,0,838099,838099,INR,card,1784115000,1784287800
pay_000000003338,payment,pay_000000003338,order_000000003338,INV-2026-003338,setl_000000002869,300000002869,47314900,0,0,0,47314900,47314900,INR,netbanking,1783942200,1783942200
pay_000000003339,payment,pay_000000003339,order_000000003339,INV-2026-003339,setl_000000002870,300000002870,46427950,0,0,0,46427950,46427950,INR,card,1781609400,1781609400
pay_000000003340,payment,pay_000000003340,order_000000003340,INV-2026-003340,setl_000000002871,300000002871,23517275,0,0,0,23517275,23517275,INR,netbanking,1785670200,1785670200
pay_000000003341,payment,pay_000000003341,order_000000003341,INV-2026-003341,setl_000000002872,300000002872,30908325,0,0,0,30908325,30908325,INR,netbanking,1787398200,1787398200
pay_000000003342,payment,pay_000000003342,order_000000003342,INV-2026-003342,setl_000000002873,300000002873,34063900,0,0,0,34063900,34063900,INR,card,1785411000,1785411000
pay_000000003343,payment,pay_000000003343,order_000000003343,INV-2026-003343,setl_000000002874,300000002874,2965599,0,0,0,2965599,2965599,INR,wallet,1784892600,1784892600
pay_000000003344,payment,pay_000000003344,order_000000003344,INV-2026-003344,setl_000000002875,300000002875,7561075,0,0,0,7561075,7561075,INR,netbanking,1786102200,1786275000
pay_000000003345,payment,pay_000000003345,order_000000003345,INV-2026-003345,setl_000000002876,300000002876,39520800,0,0,0,39520800,39520800,INR,upi,1784028600,1784201400
pay_000000003346,payment,pay_000000003346,order_000000003346,INV-2026-003346,setl_000000002877,300000002877,164199,0,0,0,164199,164199,INR,wallet,1786188600,1786275000
pay_000000003347,payment,pay_000000003347,order_000000003347,INV-2026-003347,setl_000000002878,300000002878,15143600,0,0,0,15143600,15143600,INR,wallet,1782041400,1782127800
pay_000000003348,payment,pay_000000003348,order_000000003348,INV-2026-003348,setl_000000002879,300000002879,34913299,0,0,0,34913299,34913299,INR,card,1784201400,1784287800
pay_000000003349,payment,pay_000000003349,order_000000003349,INV-2026-003349,setl_000000002880,300000002880,17992725,0,0,0,17992725,17992725,INR,card,1787052600,1787139000
pay_000000003350,payment,pay_000000003350,order_000000003350,INV-2026-003350,setl_000000002881,300000002881,6790299,0,0,0,6790299,6790299,INR,upi,1783942200,1784028600
pay_000000003351,payment,pay_000000003351,order_000000003351,INV-2026-003351,setl_000000002882,300000002882,34392925,0,0,0,34392925,34392925,INR,upi,1785151800,1785151800
pay_000000003352,payment,pay_000000003352,order_000000003352,INV-2026-003352,setl_000000002883,300000002883,31629975,0,0,0,31629975,31629975,INR,netbanking,1784979000,1784979000
pay_000000003353,payment,pay_000000003353,order_000000003353,INV-2026-003353,setl_000000002884,300000002884,19918700,0,0,0,19918700,19918700,INR,wallet,1787830200,1787830200
pay_000000003354,payment,pay_000000003354,order_000000003354,INV-2026-003354,setl_000000002885,300000002885,8613099,0,0,0,8613099,8613099,INR,upi,1786015800,1786188600
pay_000000003355,payment,pay_000000003355,order_000000003355,INV-2026-003355,setl_000000002886,300000002886,38579575,0,0,0,38579575,38579575,INR,wallet,1787225400,1787225400
pay_000000003356,payment,pay_000000003356,order_000000003356,INV-2026-003356,setl_000000002887,300000002887,316200,0,0,0,316200,316200,INR,card,1786188600,1786188600
pay_000000003357,payment,pay_000000003357,order_000000003357,INV-2026-003357,setl_000000002888,300000002888,3816399,0,0,0,3816399,3816399,INR,upi,1785238200,1785238200
pay_000000003358,payment,pay_000000003358,order_000000003358,INV-2026-003358,setl_000000002889,300000002889,38699050,0,0,0,38699050,38699050,INR,netbanking,1785929400,1786102200
pay_000000003359,payment,pay_000000003359,order_000000003359,INV-2026-003359,setl_000000002890,300000002890,20752799,0,0,0,20752799,20752799,INR,wallet,1782473400,1782473400
pay_000000003360,payment,pay_000000003360,order_000000003360,INV-2026-003360,setl_000000002891,300000002891,21893750,0,0,0,21893750,21893750,INR,netbanking,1785411000,1785497400
pay_000000003361,payment,pay_000000003361,order_000000003361,INV-2026-003361,setl_000000002892,300000002892,10133050,0,0,0,10133050,10133050,INR,wallet,1785929400,1786015800
pay_000000003362,payment,pay_000000003362,order_000000003362,INV-2026-003362,setl_000000002893,300000002893,22513299,0,0,0,22513299,22513299,INR,card,1782127800,1782300600
pay_000000003363,payment,pay_000000003363,order_000000003363,INV-2026-003363,setl_000000002894,300000002894,36711775,0,0,0,36711775,36711775,INR,upi,1780831800,1780831800
pay_000000003364,payment,pay_000000003364,order_000000003364,INV-2026-003364,setl_000000002895,300000002895,30398400,0,0,0,30398400,30398400,INR,card,1783423800,1783423800
pay_000000003365,payment,pay_000000003365,order_000000003365,INV-2026-003365,setl_000000002896,300000002896,19526850,0,0,0,19526850,19526850,INR,netbanking,1784028600,1784115000
pay_000000003366,payment,pay_000000003366,order_000000003366,INV-2026-003366,setl_000000002897,300000002897,49006875,0,0,0,49006875,49006875,INR,upi,1783769400,1783769400
pay_000000003367,payment,pay_000000003367,order_000000003367,INV-2026-003367,setl_000000002898,300000002898,24738199,0,0,0,24738199,24738199,INR,card,1785238200,1785238200
pay_000000003368,payment,pay_000000003368,order_000000003368,INV-2026-003368,setl_000000002899,300000002899,12313500,0,0,0,12313500,12313500,INR,card,1787225400,1787225400
pay_000000003369,payment,pay_000000003369,order_000000003369,INV-2026-003369,setl_000000002900,300000002900,18943950,0,0,0,18943950,18943950,INR,upi,1784719800,1784719800
pay_000000003370,payment,pay_000000003370,order_000000003370,INV-2026-003370,setl_000000002901,300000002901,30779250,0,0,0,30779250,30779250,INR,card,1783855800,1783855800
pay_000000003371,payment,pay_000000003371,order_000000003371,INV-2026-003371,setl_000000002902,300000002902,20793225,0,0,0,20793225,20793225,INR,netbanking,1785065400,1785065400
pay_000000003372,payment,pay_000000003372,order_000000003372,INV-2026-003372,setl_000000002903,300000002903,40669300,0,0,0,40669300,40669300,INR,card,1780831800,1780831800
pay_000000003373,payment,pay_000000003373,order_000000003373,INV-2026-003373,setl_000000002904,300000002904,27244100,0,0,0,27244100,27244100,INR,card,1782819000,1782905400
pay_000000003374,payment,pay_000000003374,order_000000003374,INV-2026-003374,setl_000000002905,300000002905,43894775,0,0,0,43894775,43894775,INR,card,1787225400,1787225400
pay_000000003375,payment,pay_000000003375,order_000000003375,INV-2026-003375,setl_000000002906,300000002906,48146050,0,0,0,48146050,48146050,INR,upi,1782732600,1782819000
pay_000000003376,payment,pay_000000003376,order_000000003376,INV-2026-003376,setl_000000002907,300000002907,3192299,0,0,0,3192299,3192299,INR,card,1787830200,1788003000
pay_000000003377,payment,pay_000000003377,order_000000003377,INV-2026-003377,setl_000000002908,300000002908,7964050,0,0,0,7964050,7964050,INR,netbanking,1785670200,1785670200
pay_000000003378,payment,pay_000000003378,order_000000003378,INV-2026-003378,setl_000000002909,300000002909,39125499,0,0,0,39125499,39125499,INR,wallet,1782473400,1782473400
pay_000000003379,payment,pay_000000003379,order_000000003379,INV-2026-003379,setl_000000002910,300000002910,35400325,0,0,0,35400325,35400325,INR,card,1780399800,1780572600
pay_000000003380,payment,pay_000000003380,order_000000003380,INV-2026-003380,setl_000000002911,300000002911,46599600,0,0,0,46599600,46599600,INR,wallet,1781782200,1781868600
pay_000000003381,payment,pay_000000003381,order_000000003381,INV-2026-003381,setl_000000002912,300000002912,36592099,0,0,0,36592099,36592099,INR,wallet,1784460600,1784547000
pay_000000003382,payment,pay_000000003382,order_000000003382,INV-2026-003382,setl_000000002913,300000002913,42343075,0,0,0,42343075,42343075,INR,upi,1785843000,1785843000
pay_000000003383,payment,pay_000000003383,order_000000003383,INV-2026-003383,setl_000000002914,300000002914,9312350,0,0,0,9312350,9312350,INR,wallet,1785756600,1785929400
pay_000000003384,payment,pay_000000003384,order_000000003384,INV-2026-003384,setl_000000002915,300000002915,49322900,0,0,0,49322900,49322900,INR,card,1781782200,1781782200
pay_000000003385,payment,pay_000000003385,order_000000003385,INV-2026-003385,setl_000000002916,300000002916,40848699,0,0,0,40848699,40848699,INR,card,1785756600,1785843000
pay_000000003386,payment,pay_000000003386,order_000000003386,INV-2026-003386,setl_000000002917,300000002917,16172600,0,0,0,16172600,16172600,INR,wallet,1787139000,1787139000
pay_000000003387,payment,pay_000000003387,order_000000003387,INV-2026-003387,setl_000000002918,300000002918,27805075,0,0,0,27805075,27805075,INR,wallet,1783769400,1783942200
pay_000000003388,payment,pay_000000003388,order_000000003388,INV-2026-003388,setl_000000002919,300000002919,668125,0,0,0,668125,668125,INR,card,1786966200,1787052600
pay_000000003389,payment,pay_000000003389,order_000000003389,INV-2026-003389,setl_000000002920,300000002920,5930000,0,0,0,5930000,5930000,INR,card,1783251000,1783337400
pay_000000003390,payment,pay_000000003390,order_000000003390,INV-2026-003390,setl_000000002921,300000002921,1932200,0,0,0,1932200,1932200,INR,upi,1783683000,1783769400
pay_000000003391,payment,pay_000000003391,order_000000003391,INV-2026-003391,setl_000000002922,300000002922,13066999,0,0,0,13066999,13066999,INR,netbanking,1782559800,1782646200
pay_000000003392,payment,pay_000000003392,order_000000003392,INV-2026-003392,setl_000000002923,300000002923,2957650,0,0,0,2957650,2957650,INR,card,1783510200,1783596600
pay_000000003393,payment,pay_000000003393,order_000000003393,INV-2026-003393,setl_000000002924,300000002924,22487299,0,0,0,22487299,22487299,INR,wallet,1787225400,1787398200
pay_000000003394,payment,pay_000000003394,order_000000003394,INV-2026-003394,setl_000000002925,300000002925,30717300,0,0,0,30717300,30717300,INR,card,1787830200,1787916600
pay_000000003395,payment,pay_000000003395,order_000000003395,INV-2026-003395,setl_000000002926,300000002926,11039925,0,0,0,11039925,11039925,INR,netbanking,1781955000,1782127800
pay_000000003396,payment,pay_000000003396,order_000000003396,INV-2026-003396,setl_000000002927,300000002927,47504699,0,0,0,47504699,47504699,INR,netbanking,1783337400,1783337400
pay_000000003397,payment,pay_000000003397,order_000000003397,INV-2026-003397,setl_000000002928,300000002928,29803475,0,0,0,29803475,29803475,INR,card,1781955000,1782127800
pay_000000003398,payment,pay_000000003398,order_000000003398,INV-2026-003398,setl_000000002929,300000002929,5769700,0,0,0,5769700,5769700,INR,card,1785929400,1786102200
pay_000000003399,payment,pay_000000003399,order_000000003399,INV-2026-003399,setl_000000002930,300000002930,37602325,0,0,0,37602325,37602325,INR,wallet,1785065400,1785065400
pay_000000003400,payment,pay_000000003400,order_000000003400,INV-2026-003400,setl_000000002931,300000002931,19673800,0,0,0,19673800,19673800,INR,card,1784201400,1784287800
pay_000000003401,payment,pay_000000003401,order_000000003401,INV-2026-003401,setl_000000002932,300000002932,4821699,0,0,0,4821699,4821699,INR,card,1784979000,1785151800
pay_000000003402,payment,pay_000000003402,order_000000003402,INV-2026-003402,setl_000000002933,300000002933,45534275,0,0,0,45534275,45534275,INR,wallet,1787571000,1787743800
pay_000000003403,payment,pay_000000003403,order_000000003403,INV-2026-003403,setl_000000002934,300000002934,13279200,0,0,0,13279200,13279200,INR,card,1783510200,1783596600
pay_000000003404,payment,pay_000000003404,order_000000003404,INV-2026-003404,setl_000000002935,300000002935,14417700,0,0,0,14417700,14417700,INR,netbanking,1781091000,1781091000
pay_000000003405,payment,pay_000000003405,order_000000003405,INV-2026-003405,setl_000000002936,300000002936,14183475,0,0,0,14183475,14183475,INR,netbanking,1786188600,1786188600
pay_000000003406,payment,pay_000000003406,order_000000003406,INV-2026-003406,setl_000000002937,300000002937,23717500,0,0,0,23717500,23717500,INR,card,1784979000,1785065400
pay_000000003407,payment,pay_000000003407,order_000000003407,INV-2026-003407,setl_000000002938,300000002938,48650450,0,0,0,48650450,48650450,INR,netbanking,1782127800,1782214200
pay_000000003408,payment,pay_000000003408,order_000000003408,INV-2026-003408,setl_000000002939,300000002939,33726125,0,0,0,33726125,33726125,INR,card,1780313400,1780486200
pay_000000003409,payment,pay_000000003409,order_000000003409,INV-2026-003409,setl_000000002940,300000002940,4399100,0,0,0,4399100,4399100,INR,card,1780831800,1781004600
pay_000000003410,payment,pay_000000003410,order_000000003410,INV-2026-003410,setl_000000002941,300000002941,48570099,0,0,0,48570099,48570099,INR,wallet,1781782200,1781868600
pay_000000003411,payment,pay_000000003411,order_000000003411,INV-2026-003411,setl_000000002942,300000002942,1783400,0,0,0,1783400,1783400,INR,upi,1782819000,1782905400
pay_000000003412,payment,pay_000000003412,order_000000003412,INV-2026-003412,setl_000000002943,300000002943,30293900,0,0,0,30293900,30293900,INR,netbanking,1787743800,1787743800
pay_000000003413,payment,pay_000000003413,order_000000003413,INV-2026-003413,setl_000000002944,300000002944,14814600,0,0,0,14814600,14814600,INR,upi,1781436600,1781523000
pay_000000003414,payment,pay_000000003414,order_000000003414,INV-2026-003414,setl_000000002945,300000002945,1221499,0,0,0,1221499,1221499,INR,netbanking,1781436600,1781436600
pay_000000003415,payment,pay_000000003415,order_000000003415,INV-2026-003415,setl_000000002946,300000002946,9753899,0,0,0,9753899,9753899,INR,netbanking,1786534200,1786707000
pay_000000003416,payment,pay_000000003416,order_000000003416,INV-2026-003416,setl_000000002947,300000002947,39136900,0,0,0,39136900,39136900,INR,card,1782819000,1782905400
pay_000000003417,payment,pay_000000003417,order_000000003417,INV-2026-003417,setl_000000002948,300000002948,42988100,0,0,0,42988100,42988100,INR,netbanking,1787571000,1787743800
pay_000000003418,payment,pay_000000003418,order_000000003418,INV-2026-003418,setl_000000002949,300000002949,13563125,0,0,0,13563125,13563125,INR,card,1781523000,1781695800
pay_000000003419,payment,pay_000000003419,order_000000003419,INV-2026-003419,setl_000000002950,300000002950,23721800,0,0,0,23721800,23721800,INR,upi,1780486200,1780659000
pay_000000003420,payment,pay_000000003420,order_000000003420,INV-2026-003420,setl_000000002951,300000002951,18310299,0,0,0,18310299,18310299,INR,netbanking,1783164600,1783337400
pay_000000003421,payment,pay_000000003421,order_000000003421,INV-2026-003421,setl_000000002952,300000002952,12601050,0,0,0,12601050,12601050,INR,upi,1786707000,1786879800
pay_000000003422,payment,pay_000000003422,order_000000003422,INV-2026-003422,setl_000000002953,300000002953,17185050,0,0,0,17185050,17185050,INR,upi,1787052600,1787225400
pay_000000003423,payment,pay_000000003423,order_000000003423,INV-2026-003423,setl_000000002954,300000002954,43022025,0,0,0,43022025,43022025,INR,wallet,1786534200,1786534200
pay_000000003424,payment,pay_000000003424,order_000000003424,INV-2026-003424,setl_000000002955,300000002955,43597799,0,0,0,43597799,43597799,INR,wallet,1780572600,1780745400
pay_000000003425,payment,pay_000000003425,order_000000003425,INV-2026-003425,setl_000000002956,300000002956,12985100,0,0,0,12985100,12985100,INR,upi,1785411000,1785583800
pay_000000003426,payment,pay_000000003426,order_000000003426,INV-2026-003426,setl_000000002957,300000002957,32998599,0,0,0,32998599,32998599,INR,wallet,1786102200,1786102200
pay_000000003427,payment,pay_000000003427,order_000000003427,INV-2026-003427,setl_000000002958,300000002958,5100125,0,0,0,5100125,5100125,INR,netbanking,1780572600,1780659000
pay_000000003428,payment,pay_000000003428,order_000000003428,INV-2026-003428,setl_000000002959,300000002959,4947700,0,0,0,4947700,4947700,INR,netbanking,1784028600,1784115000
pay_000000003429,payment,pay_000000003429,order_000000003429,INV-2026-003429,setl_000000002960,300000002960,44405400,0,0,0,44405400,44405400,INR,netbanking,1787571000,1787743800
pay_000000003430,payment,pay_000000003430,order_000000003430,INV-2026-003430,setl_000000002961,300000002961,29022699,0,0,0,29022699,29022699,INR,card,1787052600,1787139000
pay_000000003431,payment,pay_000000003431,order_000000003431,INV-2026-003431,setl_000000002962,300000002962,40278900,0,0,0,40278900,40278900,INR,wallet,1785583800,1785756600
pay_000000003432,payment,pay_000000003432,order_000000003432,INV-2026-003432,setl_000000002963,300000002963,32812350,0,0,0,32812350,32812350,INR,upi,1785929400,1785929400
pay_000000003433,payment,pay_000000003433,order_000000003433,INV-2026-003433,setl_000000002964,300000002964,4549450,0,0,0,4549450,4549450,INR,card,1787225400,1787311800
pay_000000003434,payment,pay_000000003434,order_000000003434,INV-2026-003434,setl_000000002965,300000002965,35306799,0,0,0,35306799,35306799,INR,card,1786361400,1786361400
pay_000000003435,payment,pay_000000003435,order_000000003435,INV-2026-003435,setl_000000002966,300000002966,23858800,0,0,0,23858800,23858800,INR,netbanking,1786275000,1786447800
pay_000000003436,payment,pay_000000003436,order_000000003436,INV-2026-003436,setl_000000002967,300000002967,26789100,0,0,0,26789100,26789100,INR,card,1786275000,1786275000
pay_000000003437,payment,pay_000000003437,order_000000003437,INV-2026-003437,setl_000000002968,300000002968,37778300,0,0,0,37778300,37778300,INR,card,1782559800,1782559800
pay_000000003438,payment,pay_000000003438,order_000000003438,INV-2026-003438,setl_000000002969,300000002969,25756400,0,0,0,25756400,25756400,INR,card,1787743800,1787743800
pay_000000003439,payment,pay_000000003439,order_000000003439,INV-2026-003439,setl_000000002970,300000002970,36660875,0,0,0,36660875,36660875,INR,netbanking,1784028600,1784201400
pay_000000003440,payment,pay_000000003440,order_000000003440,INV-2026-003440,setl_000000002971,300000002971,12061800,0,0,0,12061800,12061800,INR,wallet,1784287800,1784460600
pay_000000003441,payment,pay_000000003441,order_000000003441,INV-2026-003441,setl_000000002972,300000002972,23698300,0,0,0,23698300,23698300,INR,netbanking,1784719800,1784806200
pay_000000003442,payment,pay_000000003442,order_000000003442,INV-2026-003442,setl_000000002973,300000002973,39524299,0,0,0,39524299,39524299,INR,card,1780399800,1780572600
pay_000000003443,payment,pay_000000003443,order_000000003443,INV-2026-003443,setl_000000002974,300000002974,2619299,0,0,0,2619299,2619299,INR,upi,1783942200,1783942200
pay_000000003444,payment,pay_000000003444,order_000000003444,INV-2026-003444,setl_000000002975,300000002975,24855675,0,0,0,24855675,24855675,INR,card,1787311800,1787311800
pay_000000003445,payment,pay_000000003445,order_000000003445,INV-2026-003445,setl_000000002976,300000002976,28641899,0,0,0,28641899,28641899,INR,wallet,1780486200,1780572600
pay_000000003446,payment,pay_000000003446,order_000000003446,INV-2026-003446,setl_000000002977,300000002977,15589800,0,0,0,15589800,15589800,INR,netbanking,1787830200,1787830200
pay_000000003447,payment,pay_000000003447,order_000000003447,INV-2026-003447,setl_000000002978,300000002978,30140599,0,0,0,30140599,30140599,INR,wallet,1783510200,1783596600
pay_000000003448,payment,pay_000000003448,order_000000003448,INV-2026-003448,setl_000000002979,300000002979,24399100,0,0,0,24399100,24399100,INR,upi,1787139000,1787311800
pay_000000003449,payment,pay_000000003449,order_000000003449,INV-2026-003449,setl_000000002980,300000002980,38549125,0,0,0,38549125,38549125,INR,netbanking,1784201400,1784287800
pay_000000003450,payment,pay_000000003450,order_000000003450,INV-2026-003450,setl_000000002981,300000002981,35080800,0,0,0,35080800,35080800,INR,wallet,1780918200,1781091000
pay_000000003451,payment,pay_000000003451,order_000000003451,INV-2026-003451,setl_000000002982,300000002982,49112975,0,0,0,49112975,49112975,INR,card,1786534200,1786534200
pay_000000003452,payment,pay_000000003452,order_000000003452,INV-2026-003452,setl_000000002983,300000002983,35997300,0,0,0,35997300,35997300,INR,card,1783164600,1783251000
pay_000000003453,payment,pay_000000003453,order_000000003453,INV-2026-003453,setl_000000002984,300000002984,12160999,0,0,0,12160999,12160999,INR,netbanking,1785843000,1785843000
pay_000000003454,payment,pay_000000003454,order_000000003454,INV-2026-003454,setl_000000002985,300000002985,39400200,0,0,0,39400200,39400200,INR,netbanking,1782991800,1783164600
pay_000000003455,payment,pay_000000003455,order_000000003455,INV-2026-003455,setl_000000002986,300000002986,3031425,0,0,0,3031425,3031425,INR,card,1786620600,1786793400
pay_000000003456,payment,pay_000000003456,order_000000003456,INV-2026-003456,setl_000000002987,300000002987,41976099,0,0,0,41976099,41976099,INR,card,1787830200,1787916600
pay_000000003457,payment,pay_000000003457,order_000000003457,INV-2026-003457,setl_000000002988,300000002988,19254775,0,0,0,19254775,19254775,INR,upi,1786879800,1786966200
pay_000000003458,payment,pay_000000003458,order_000000003458,INV-2026-003458,setl_000000002989,300000002989,30586600,0,0,0,30586600,30586600,INR,wallet,1785411000,1785411000
pay_000000003459,payment,pay_000000003459,order_000000003459,INV-2026-003459,setl_000000002990,300000002990,42151100,0,0,0,42151100,42151100,INR,card,1788003000,1788089400
pay_000000003460,payment,pay_000000003460,order_000000003460,INV-2026-003460,setl_000000002991,300000002991,141800,0,0,0,141800,141800,INR,netbanking,1784547000,1784719800
pay_000000003461,payment,pay_000000003461,order_000000003461,INV-2026-003461,setl_000000002992,300000002992,37380575,0,0,0,37380575,37380575,INR,upi,1784806200,1784892600
pay_000000003462,payment,pay_000000003462,order_000000003462,INV-2026-003462,setl_000000002993,300000002993,49831800,0,0,0,49831800,49831800,INR,card,1781350200,1781436600
pay_000000003463,payment,pay_000000003463,order_000000003463,INV-2026-003463,setl_000000002994,300000002994,32633900,0,0,0,32633900,32633900,INR,card,1780313400,1780399800
pay_000000003464,payment,pay_000000003464,order_000000003464,INV-2026-003464,setl_000000002995,300000002995,14006000,0,0,0,14006000,14006000,INR,wallet,1783510200,1783683000
pay_000000003465,payment,pay_000000003465,order_000000003465,INV-2026-003465,setl_000000002996,300000002996,25683299,0,0,0,25683299,25683299,INR,upi,1786620600,1786707000
pay_000000003466,payment,pay_000000003466,order_000000003466,INV-2026-003466,setl_000000002997,300000002997,27546400,0,0,0,27546400,27546400,INR,netbanking,1787743800,1787743800
pay_000000003467,payment,pay_000000003467,order_000000003467,INV-2026-003467,setl_000000002998,300000002998,7365950,0,0,0,7365950,7365950,INR,wallet,1784460600,1784547000
pay_000000003468,payment,pay_000000003468,order_000000003468,INV-2026-003468,setl_000000002999,300000002999,12502250,0,0,0,12502250,12502250,INR,upi,1781004600,1781177400
pay_000000003469,payment,pay_000000003469,order_000000003469,INV-2026-003469,setl_000000003000,300000003000,21426475,0,0,0,21426475,21426475,INR,card,1782991800,1783078200
pay_000000003470,payment,pay_000000003470,order_000000003470,INV-2026-003470,setl_000000003001,300000003001,16117250,0,0,0,16117250,16117250,INR,upi,1783164600,1783337400
pay_000000003471,payment,pay_000000003471,order_000000003471,INV-2026-003471,setl_000000003002,300000003002,16988099,0,0,0,16988099,16988099,INR,card,1787916600,1788089400
pay_000000003472,payment,pay_000000003472,order_000000003472,INV-2026-003472,setl_000000003003,300000003003,36481400,0,0,0,36481400,36481400,INR,netbanking,1782041400,1782127800
pay_000000003473,payment,pay_000000003473,order_000000003473,INV-2026-003473,setl_000000003004,300000003004,40737775,0,0,0,40737775,40737775,INR,wallet,1782214200,1782387000
pay_000000003474,payment,pay_000000003474,order_000000003474,INV-2026-003474,setl_000000003005,300000003005,38524400,0,0,0,38524400,38524400,INR,wallet,1784115000,1784115000
pay_000000003475,payment,pay_000000003475,order_000000003475,INV-2026-003475,setl_000000003006,300000003006,14701500,0,0,0,14701500,14701500,INR,card,1781955000,1782041400
pay_000000003476,payment,pay_000000003476,order_000000003476,INV-2026-003476,setl_000000003007,300000003007,13939800,0,0,0,13939800,13939800,INR,upi,1785324600,1785411000
pay_000000003477,payment,pay_000000003477,order_000000003477,INV-2026-003477,setl_000000003008,300000003008,33470100,0,0,0,33470100,33470100,INR,upi,1786879800,1786966200
pay_000000003478,payment,pay_000000003478,order_000000003478,INV-2026-003478,setl_000000003009,300000003009,9014900,0,0,0,9014900,9014900,INR,upi,1781695800,1781868600
pay_000000003479,payment,pay_000000003479,order_000000003479,INV-2026-003479,setl_000000003010,300000003010,14146800,0,0,0,14146800,14146800,INR,card,1784633400,1784633400
pay_000000003480,payment,pay_000000003480,order_000000003480,INV-2026-003480,setl_000000003011,300000003011,30702825,0,0,0,30702825,30702825,INR,upi,1785151800,1785151800
pay_000000003481,payment,pay_000000003481,order_000000003481,INV-2026-003481,setl_000000003012,300000003012,40949500,0,0,0,40949500,40949500,INR,netbanking,1784115000,1784287800
pay_000000003482,payment,pay_000000003482,order_000000003482,INV-2026-003482,setl_000000003013,300000003013,1769400,0,0,0,1769400,1769400,INR,netbanking,1785670200,1785756600
pay_000000003483,payment,pay_000000003483,order_000000003483,INV-2026-003483,setl_000000003014,300000003014,49955050,0,0,0,49955050,49955050,INR,wallet,1785670200,1785670200
pay_000000003484,payment,pay_000000003484,order_000000003484,INV-2026-003484,setl_000000003015,300000003015,12295500,0,0,0,12295500,12295500,INR,card,1782732600,1782905400
pay_000000003485,payment,pay_000000003485,order_000000003485,INV-2026-003485,setl_000000003016,300000003016,40053900,0,0,0,40053900,40053900,INR,wallet,1787052600,1787052600
pay_000000003486,payment,pay_000000003486,order_000000003486,INV-2026-003486,setl_000000003017,300000003017,6173499,0,0,0,6173499,6173499,INR,card,1785238200,1785411000
pay_000000003487,payment,pay_000000003487,order_000000003487,INV-2026-003487,setl_000000003018,300000003018,45844000,0,0,0,45844000,45844000,INR,netbanking,1785583800,1785583800
pay_000000003488,payment,pay_000000003488,order_000000003488,INV-2026-003488,setl_000000003019,300000003019,42572200,0,0,0,42572200,42572200,INR,card,1783423800,1783596600
pay_000000003489,payment,pay_000000003489,order_000000003489,INV-2026-003489,setl_000000003020,300000003020,10374625,0,0,0,10374625,10374625,INR,upi,1787225400,1787225400
pay_000000003490,payment,pay_000000003490,order_000000003490,INV-2026-003490,setl_000000003021,300000003021,40728100,0,0,0,40728100,40728100,INR,upi,1786361400,1786534200
pay_000000003491,payment,pay_000000003491,order_000000003491,INV-2026-003491,setl_000000003022,300000003022,32707325,0,0,0,32707325,32707325,INR,card,1781868600,1782041400
pay_000000003492,payment,pay_000000003492,order_000000003492,INV-2026-003492,setl_000000003023,300000003023,44748450,0,0,0,44748450,44748450,INR,netbanking,1786707000,1786707000
pay_000000003493,payment,pay_000000003493,order_000000003493,INV-2026-003493,setl_000000003024,300000003024,2316500,0,0,0,2316500,2316500,INR,card,1784028600,1784115000
pay_000000003494,payment,pay_000000003494,order_000000003494,INV-2026-003494,setl_000000003025,300000003025,15903300,0,0,0,15903300,15903300,INR,card,1782732600,1782732600
pay_000000003495,payment,pay_000000003495,order_000000003495,INV-2026-003495,setl_000000003026,300000003026,45465600,0,0,0,45465600,45465600,INR,card,1788003000,1788089400
pay_000000003496,payment,pay_000000003496,order_000000003496,INV-2026-003496,setl_000000003027,300000003027,5846175,0,0,0,5846175,5846175,INR,netbanking,1786620600,1786793400
pay_000000003497,payment,pay_000000003497,order_000000003497,INV-2026-003497,setl_000000003028,300000003028,36310875,0,0,0,36310875,36310875,INR,wallet,1786188600,1786275000
pay_000000003498,payment,pay_000000003498,order_000000003498,INV-2026-003498,setl_000000003029,300000003029,48316825,0,0,0,48316825,48316825,INR,upi,1781004600,1781004600
pay_000000003499,payment,pay_000000003499,order_000000003499,INV-2026-003499,setl_000000003030,300000003030,39165100,0,0,0,39165100,39165100,INR,card,1782559800,1782559800
pay_000000003500,payment,pay_000000003500,order_000000003500,INV-2026-003500,setl_000000003031,300000003031,14947750,0,0,0,14947750,14947750,INR,wallet,1782041400,1782127800
pay_000000003501,payment,pay_000000003501,order_000000003501,INV-2026-003501,setl_000000003032,300000003032,45571700,0,0,0,45571700,45571700,INR,upi,1787830200,1787916600
pay_000000003502,payment,pay_000000003502,order_000000003502,INV-2026-003502,setl_000000003033,300000003033,1658325,0,0,0,1658325,1658325,INR,wallet,1785756600,1785929400
pay_000000003503,payment,pay_000000003503,order_000000003503,INV-2026-003503,setl_000000003034,300000003034,22871250,0,0,0,22871250,22871250,INR,card,1781091000,1781091000
pay_000000003504,payment,pay_000000003504,order_000000003504,INV-2026-003504,setl_000000003035,300000003035,35355600,0,0,0,35355600,35355600,INR,netbanking,1786275000,1786275000
pay_000000003505,payment,pay_000000003505,order_000000003505,INV-2026-003505,setl_000000003036,300000003036,40046575,0,0,0,40046575,40046575,INR,netbanking,1781609400,1781609400
pay_000000003506,payment,pay_000000003506,order_000000003506,INV-2026-003506,setl_000000003037,300000003037,32345325,0,0,0,32345325,32345325,INR,netbanking,1782646200,1782732600
pay_000000003507,payment,pay_000000003507,order_000000003507,INV-2026-003507,setl_000000003038,300000003038,8140600,0,0,0,8140600,8140600,INR,netbanking,1785929400,1786102200
pay_000000003508,payment,pay_000000003508,order_000000003508,INV-2026-003508,setl_000000003039,300000003039,11325275,0,0,0,11325275,11325275,INR,upi,1783078200,1783078200
pay_000000003509,payment,pay_000000003509,order_000000003509,INV-2026-003509,setl_000000003040,300000003040,6850700,0,0,0,6850700,6850700,INR,card,1784028600,1784201400
pay_000000003510,payment,pay_000000003510,order_000000003510,INV-2026-003510,setl_000000003041,300000003041,800450,0,0,0,800450,800450,INR,card,1786620600,1786707000
pay_000000003511,payment,pay_000000003511,order_000000003511,INV-2026-003511,setl_000000003042,300000003042,46968000,0,0,0,46968000,46968000,INR,upi,1784806200,1784806200
pay_000000003512,payment,pay_000000003512,order_000000003512,INV-2026-003512,setl_000000003043,300000003043,20556100,0,0,0,20556100,20556100,INR,card,1786188600,1786188600
pay_000000003513,payment,pay_000000003513,order_000000003513,INV-2026-003513,setl_000000003044,300000003044,29481300,0,0,0,29481300,29481300,INR,netbanking,1781091000,1781263800
pay_000000003514,payment,pay_000000003514,order_000000003514,INV-2026-003514,setl_000000003045,300000003045,40641700,0,0,0,40641700,40641700,INR,wallet,1785929400,1786102200
pay_000000003515,payment,pay_000000003515,order_000000003515,INV-2026-003515,setl_000000003046,300000003046,19738825,0,0,0,19738825,19738825,INR,wallet,1782387000,1782387000
pay_000000003516,payment,pay_000000003516,order_000000003516,INV-2026-003516,setl_000000003047,300000003047,9513450,0,0,0,9513450,9513450,INR,wallet,1783942200,1783942200
pay_000000003517,payment,pay_000000003517,order_000000003517,INV-2026-003517,setl_000000003048,300000003048,5599125,0,0,0,5599125,5599125,INR,wallet,1786361400,1786534200
pay_000000003518,payment,pay_000000003518,order_000000003518,INV-2026-003518,setl_000000003049,300000003049,35842350,0,0,0,35842350,35842350,INR,upi,1780486200,1780572600
pay_000000003519,payment,pay_000000003519,order_000000003519,INV-2026-003519,setl_000000003050,300000003050,4414900,0,0,0,4414900,4414900,INR,netbanking,1783855800,1783942200
pay_000000003520,payment,pay_000000003520,order_000000003520,INV-2026-003520,setl_000000003051,300000003051,19365100,0,0,0,19365100,19365100,INR,card,1785238200,1785411000
pay_000000003521,payment,pay_000000003521,order_000000003521,INV-2026-003521,setl_000000003052,300000003052,17649500,0,0,0,17649500,17649500,INR,card,1787916600,1788089400
pay_000000003522,payment,pay_000000003522,order_000000003522,INV-2026-003522,setl_000000003053,300000003053,42103875,0,0,0,42103875,42103875,INR,upi,1782214200,1782387000
pay_000000003523,payment,pay_000000003523,order_000000003523,INV-2026-003523,setl_000000003054,300000003054,22022250,0,0,0,22022250,22022250,INR,wallet,1784806200,1784806200
pay_000000003524,payment,pay_000000003524,order_000000003524,INV-2026-003524,setl_000000003055,300000003055,45377875,0,0,0,45377875,45377875,INR,card,1786966200,1787052600
pay_000000003525,payment,pay_000000003525,order_000000003525,INV-2026-003525,setl_000000003056,300000003056,25326000,0,0,0,25326000,25326000,INR,wallet,1786793400,1786879800
pay_000000003526,payment,pay_000000003526,order_000000003526,INV-2026-003526,setl_000000003057,300000003057,35864400,0,0,0,35864400,35864400,INR,wallet,1781523000,1781609400
pay_000000003527,payment,pay_000000003527,order_000000003527,INV-2026-003527,setl_000000003058,300000003058,48787900,0,0,0,48787900,48787900,INR,upi,1782559800,1782559800
pay_000000003528,payment,pay_000000003528,order_000000003528,INV-2026-003528,setl_000000003059,300000003059,23825700,0,0,0,23825700,23825700,INR,upi,1781436600,1781523000
pay_000000003529,payment,pay_000000003529,order_000000003529,INV-2026-003529,setl_000000003060,300000003060,34062200,0,0,0,34062200,34062200,INR,wallet,1785151800,1785324600
pay_000000003530,payment,pay_000000003530,order_000000003530,INV-2026-003530,setl_000000003061,300000003061,35268899,0,0,0,35268899,35268899,INR,netbanking,1786534200,1786534200
pay_000000003531,payment,pay_000000003531,order_000000003531,INV-2026-003531,setl_000000003062,300000003062,17754699,0,0,0,17754699,17754699,INR,netbanking,1787139000,1787225400
pay_000000003532,payment,pay_000000003532,order_000000003532,INV-2026-003532,setl_000000003063,300000003063,25073300,0,0,0,25073300,25073300,INR,upi,1787225400,1787311800
pay_000000003533,payment,pay_000000003533,order_000000003533,INV-2026-003533,setl_000000003064,300000003064,4339400,0,0,0,4339400,4339400,INR,netbanking,1780918200,1781091000
pay_000000003534,payment,pay_000000003534,order_000000003534,INV-2026-003534,setl_000000003065,300000003065,42400300,0,0,0,42400300,42400300,INR,wallet,1783423800,1783423800
pay_000000003535,payment,pay_000000003535,order_000000003535,INV-2026-003535,setl_000000003066,300000003066,35727125,0,0,0,35727125,35727125,INR,card,1787398200,1787484600
pay_000000003536,payment,pay_000000003536,order_000000003536,INV-2026-003536,setl_000000003067,300000003067,2187800,0,0,0,2187800,2187800,INR,upi,1786015800,1786015800
pay_000000003537,payment,pay_000000003537,order_000000003537,INV-2026-003537,setl_000000003068,300000003068,12380300,0,0,0,12380300,12380300,INR,card,1788003000,1788089400
pay_000000003538,payment,pay_000000003538,order_000000003538,INV-2026-003538,setl_000000003069,300000003069,248900,0,0,0,248900,248900,INR,netbanking,1783164600,1783251000
pay_000000003539,payment,pay_000000003539,order_000000003539,INV-2026-003539,setl_000000003070,300000003070,11219725,0,0,0,11219725,11219725,INR,upi,1785756600,1785756600
pay_000000003540,payment,pay_000000003540,order_000000003540,INV-2026-003540,setl_000000003071,300000003071,30503499,0,0,0,30503499,30503499,INR,upi,1784806200,1784979000
pay_000000003541,payment,pay_000000003541,order_000000003541,INV-2026-003541,setl_000000003072,300000003072,44639550,0,0,0,44639550,44639550,INR,netbanking,1785151800,1785238200
pay_000000003542,payment,pay_000000003542,order_000000003542,INV-2026-003542,setl_000000003073,300000003073,42238100,0,0,0,42238100,42238100,INR,wallet,1781695800,1781868600
pay_000000003543,payment,pay_000000003543,order_000000003543,INV-2026-003543,setl_000000003074,300000003074,28805150,0,0,0,28805150,28805150,INR,netbanking,1781091000,1781263800
pay_000000003544,payment,pay_000000003544,order_000000003544,INV-2026-003544,setl_000000003075,300000003075,11274850,0,0,0,11274850,11274850,INR,upi,1781868600,1781868600
pay_000000003545,payment,pay_000000003545,order_000000003545,INV-2026-003545,setl_000000003076,300000003076,28218100,0,0,0,28218100,28218100,INR,wallet,1785929400,1785929400
pay_000000003546,payment,pay_000000003546,order_000000003546,INV-2026-003546,setl_000000003077,300000003077,16913725,0,0,0,16913725,16913725,INR,netbanking,1781436600,1781523000
pay_000000003547,payment,pay_000000003547,order_000000003547,INV-2026-003547,setl_000000003078,300000003078,5298075,0,0,0,5298075,5298075,INR,netbanking,1784115000,1784201400
pay_000000003548,payment,pay_000000003548,order_000000003548,INV-2026-003548,setl_000000003079,300000003079,3870175,0,0,0,3870175,3870175,INR,card,1785843000,1785929400
pay_000000003549,payment,pay_000000003549,order_000000003549,INV-2026-003549,setl_000000003080,300000003080,20565400,0,0,0,20565400,20565400,INR,upi,1784374200,1784547000
pay_000000003550,payment,pay_000000003550,order_000000003550,INV-2026-003550,setl_000000003081,300000003081,43075100,0,0,0,43075100,43075100,INR,upi,1785238200,1785238200
pay_000000003551,payment,pay_000000003551,order_000000003551,INV-2026-003551,setl_000000003082,300000003082,9586500,0,0,0,9586500,9586500,INR,netbanking,1780659000,1780659000
pay_000000003552,payment,pay_000000003552,order_000000003552,INV-2026-003552,setl_000000003083,300000003083,40515399,0,0,0,40515399,40515399,INR,wallet,1781004600,1781004600
pay_000000003553,payment,pay_000000003553,order_000000003553,INV-2026-003553,setl_000000003084,300000003084,10038200,0,0,0,10038200,10038200,INR,card,1786361400,1786361400
pay_000000003554,payment,pay_000000003554,order_000000003554,INV-2026-003554,setl_000000003085,300000003085,44885650,0,0,0,44885650,44885650,INR,upi,1783078200,1783164600
pay_000000003555,payment,pay_000000003555,order_000000003555,INV-2026-003555,setl_000000003086,300000003086,34181900,0,0,0,34181900,34181900,INR,upi,1785411000,1785411000
pay_000000003556,payment,pay_000000003556,order_000000003556,INV-2026-003556,setl_000000003087,300000003087,25447550,0,0,0,25447550,25447550,INR,card,1787830200,1787830200
pay_000000003557,payment,pay_000000003557,order_000000003557,INV-2026-003557,setl_000000003088,300000003088,49323200,0,0,0,49323200,49323200,INR,wallet,1786793400,1786793400
pay_000000003558,payment,pay_000000003558,order_000000003558,INV-2026-003558,setl_000000003089,300000003089,1116675,0,0,0,1116675,1116675,INR,netbanking,1787657400,1787830200
pay_000000003559,payment,pay_000000003559,order_000000003559,INV-2026-003559,setl_000000003090,300000003090,16431225,0,0,0,16431225,16431225,INR,card,1784892600,1785065400
pay_000000003560,payment,pay_000000003560,order_000000003560,INV-2026-003560,setl_000000003091,300000003091,27248800,0,0,0,27248800,27248800,INR,card,1785670200,1785670200
pay_000000003561,payment,pay_000000003561,order_000000003561,INV-2026-003561,setl_000000003092,300000003092,8496875,0,0,0,8496875,8496875,INR,netbanking,1780745400,1780745400
pay_000000003562,payment,pay_000000003562,order_000000003562,INV-2026-003562,setl_000000003093,300000003093,48299199,0,0,0,48299199,48299199,INR,upi,1782559800,1782646200
pay_000000003563,payment,pay_000000003563,order_000000003563,INV-2026-003563,setl_000000003094,300000003094,25246525,0,0,0,25246525,25246525,INR,upi,1787916600,1788003000
pay_000000003564,payment,pay_000000003564,order_000000003564,INV-2026-003564,setl_000000003095,300000003095,16628025,0,0,0,16628025,16628025,INR,card,1783683000,1783683000
pay_000000003565,payment,pay_000000003565,order_000000003565,INV-2026-003565,setl_000000003096,300000003096,4384100,0,0,0,4384100,4384100,INR,upi,1784028600,1784115000
pay_000000003566,payment,pay_000000003566,order_000000003566,INV-2026-003566,setl_000000003097,300000003097,1757199,0,0,0,1757199,1757199,INR,netbanking,1784979000,1785065400
pay_000000003567,payment,pay_000000003567,order_000000003567,INV-2026-003567,setl_000000003098,300000003098,49174800,0,0,0,49174800,49174800,INR,card,1784806200,1784806200
pay_000000003568,payment,pay_000000003568,order_000000003568,INV-2026-003568,setl_000000003099,300000003099,2005500,0,0,0,2005500,2005500,INR,wallet,1786534200,1786620600
pay_000000003569,payment,pay_000000003569,order_000000003569,INV-2026-003569,setl_000000003100,300000003100,5218200,0,0,0,5218200,5218200,INR,wallet,1784460600,1784547000
pay_000000003570,payment,pay_000000003570,order_000000003570,INV-2026-003570,setl_000000003101,300000003101,49088200,0,0,0,49088200,49088200,INR,upi,1781177400,1781350200
pay_000000003571,payment,pay_000000003571,order_000000003571,INV-2026-003571,setl_000000003102,300000003102,3419225,0,0,0,3419225,3419225,INR,wallet,1781263800,1781263800
pay_000000003572,payment,pay_000000003572,order_000000003572,INV-2026-003572,setl_000000003103,300000003103,12068675,0,0,0,12068675,12068675,INR,wallet,1786620600,1786793400
pay_000000003573,payment,pay_000000003573,order_000000003573,INV-2026-003573,setl_000000003104,300000003104,6464099,0,0,0,6464099,6464099,INR,netbanking,1781609400,1781695800
pay_000000003574,payment,pay_000000003574,order_000000003574,INV-2026-003574,setl_000000003105,300000003105,6143500,0,0,0,6143500,6143500,INR,wallet,1782905400,1782991800
pay_000000003575,payment,pay_000000003575,order_000000003575,INV-2026-003575,setl_000000003106,300000003106,32956700,0,0,0,32956700,32956700,INR,wallet,1783164600,1783337400
pay_000000003576,payment,pay_000000003576,order_000000003576,INV-2026-003576,setl_000000003107,300000003107,30411400,0,0,0,30411400,30411400,INR,upi,1787830200,1787916600
pay_000000003577,payment,pay_000000003577,order_000000003577,INV-2026-003577,setl_000000003108,300000003108,32762875,0,0,0,32762875,32762875,INR,wallet,1781177400,1781350200
pay_000000003578,payment,pay_000000003578,order_000000003578,INV-2026-003578,setl_000000003109,300000003109,47023375,0,0,0,47023375,47023375,INR,upi,1782559800,1782646200
pay_000000003579,payment,pay_000000003579,order_000000003579,INV-2026-003579,setl_000000003110,300000003110,46464625,0,0,0,46464625,46464625,INR,netbanking,1785497400,1785497400
pay_000000003580,payment,pay_000000003580,order_000000003580,INV-2026-003580,setl_000000003111,300000003111,13467950,0,0,0,13467950,13467950,INR,wallet,1781609400,1781695800
pay_000000003581,payment,pay_000000003581,order_000000003581,INV-2026-003581,setl_000000003112,300000003112,41261350,0,0,0,41261350,41261350,INR,netbanking,1786102200,1786275000
pay_000000003582,payment,pay_000000003582,order_000000003582,INV-2026-003582,setl_000000003113,300000003113,38453000,0,0,0,38453000,38453000,INR,wallet,1782991800,1783164600
pay_000000003583,payment,pay_000000003583,order_000000003583,INV-2026-003583,setl_000000003114,300000003114,21241899,0,0,0,21241899,21241899,INR,card,1781523000,1781695800
pay_000000003584,payment,pay_000000003584,order_000000003584,INV-2026-003584,setl_000000003115,300000003115,32554000,0,0,0,32554000,32554000,INR,card,1787571000,1787571000
pay_000000003585,payment,pay_000000003585,order_000000003585,INV-2026-003585,setl_000000003116,300000003116,28260050,0,0,0,28260050,28260050,INR,card,1786534200,1786707000
pay_000000003586,payment,pay_000000003586,order_000000003586,INV-2026-003586,setl_000000003117,300000003117,26016675,0,0,0,26016675,26016675,INR,netbanking,1785497400,1785670200
pay_000000003587,payment,pay_000000003587,order_000000003587,INV-2026-003587,setl_000000003118,300000003118,46704600,0,0,0,46704600,46704600,INR,wallet,1780831800,1781004600
pay_000000003588,payment,pay_000000003588,order_000000003588,INV-2026-003588,setl_000000003119,300000003119,28727899,0,0,0,28727899,28727899,INR,card,1781868600,1781955000
pay_000000003589,payment,pay_000000003589,order_000000003589,INV-2026-003589,setl_000000003120,300000003120,36956750,0,0,0,36956750,36956750,INR,upi,1781004600,1781091000
pay_000000003590,payment,pay_000000003590,order_000000003590,INV-2026-003590,setl_000000003121,300000003121,8023499,0,0,0,8023499,8023499,INR,card,1786707000,1786707000
pay_000000003591,payment,pay_000000003591,order_000000003591,INV-2026-003591,setl_000000003122,300000003122,12141500,0,0,0,12141500,12141500,INR,wallet,1781868600,1782041400
pay_000000003592,payment,pay_000000003592,order_000000003592,INV-2026-003592,setl_000000003123,300000003123,8041400,0,0,0,8041400,8041400,INR,netbanking,1782991800,1783078200
pay_000000003593,payment,pay_000000003593,order_000000003593,INV-2026-003593,setl_000000003124,300000003124,31714100,0,0,0,31714100,31714100,INR,upi,1784374200,1784460600
pay_000000003594,payment,pay_000000003594,order_000000003594,INV-2026-003594,setl_000000003125,300000003125,18355500,0,0,0,18355500,18355500,INR,wallet,1783855800,1784028600
pay_000000003595,payment,pay_000000003595,order_000000003595,INV-2026-003595,setl_000000003126,300000003126,24690650,0,0,0,24690650,24690650,INR,wallet,1787311800,1787484600
pay_000000003596,payment,pay_000000003596,order_000000003596,INV-2026-003596,setl_000000003127,300000003127,46795200,0,0,0,46795200,46795200,INR,upi,1781004600,1781004600
pay_000000003597,payment,pay_000000003597,order_000000003597,INV-2026-003597,setl_000000003128,300000003128,47780050,0,0,0,47780050,47780050,INR,netbanking,1780572600,1780659000
pay_000000003598,payment,pay_000000003598,order_000000003598,INV-2026-003598,setl_000000003129,300000003129,14927950,0,0,0,14927950,14927950,INR,wallet,1782559800,1782559800
pay_000000003599,payment,pay_000000003599,order_000000003599,INV-2026-003599,setl_000000003130,300000003130,2957299,0,0,0,2957299,2957299,INR,upi,1782214200,1782387000
pay_000000003600,payment,pay_000000003600,order_000000003600,INV-2026-003600,setl_000000003131,300000003131,2894125,0,0,0,2894125,2894125,INR,card,1786102200,1786102200
pay_000000003601,payment,pay_000000003601,order_000000003601,INV-2026-003601,setl_000000003132,300000003132,26471625,0,0,0,26471625,26471625,INR,netbanking,1781955000,1782041400
pay_000000003602,payment,pay_000000003602,order_000000003602,INV-2026-003602,setl_000000003133,300000003133,44268975,0,0,0,44268975,44268975,INR,upi,1784028600,1784201400
pay_000000003603,payment,pay_000000003603,order_000000003603,INV-2026-003603,setl_000000003134,300000003134,3403525,0,0,0,3403525,3403525,INR,card,1787484600,1787571000
pay_000000003604,payment,pay_000000003604,order_000000003604,INV-2026-003604,setl_000000003135,300000003135,33575125,0,0,0,33575125,33575125,INR,card,1780486200,1780572600
pay_000000003605,payment,pay_000000003605,order_000000003605,INV-2026-003605,setl_000000003136,300000003136,17154700,0,0,0,17154700,17154700,INR,netbanking,1786275000,1786275000
pay_000000003606,payment,pay_000000003606,order_000000003606,INV-2026-003606,setl_000000003137,300000003137,36142175,0,0,0,36142175,36142175,INR,upi,1784892600,1785065400
pay_000000003607,payment,pay_000000003607,order_000000003607,INV-2026-003607,setl_000000003138,300000003138,9280300,0,0,0,9280300,9280300,INR,card,1784374200,1784460600
pay_000000003608,payment,pay_000000003608,order_000000003608,INV-2026-003608,setl_000000003139,300000003139,1307175,0,0,0,1307175,1307175,INR,upi,1787657400,1787657400
pay_000000003609,payment,pay_000000003609,order_000000003609,INV-2026-003609,setl_000000003140,300000003140,35278425,0,0,0,35278425,35278425,INR,netbanking,1786793400,1786879800
pay_000000003610,payment,pay_000000003610,order_000000003610,INV-2026-003610,setl_000000003141,300000003141,9602500,0,0,0,9602500,9602500,INR,card,1787311800,1787398200
pay_000000003611,payment,pay_000000003611,order_000000003611,INV-2026-003611,setl_000000003142,300000003142,35318299,0,0,0,35318299,35318299,INR,netbanking,1781955000,1781955000
pay_000000003612,payment,pay_000000003612,order_000000003612,INV-2026-003612,setl_000000003143,300000003143,11588000,0,0,0,11588000,11588000,INR,upi,1787139000,1787225400
pay_000000003613,payment,pay_000000003613,order_000000003613,INV-2026-003613,setl_000000003144,300000003144,13897175,0,0,0,13897175,13897175,INR,upi,1780399800,1780399800
pay_000000003614,payment,pay_000000003614,order_000000003614,INV-2026-003614,setl_000000003145,300000003145,41657450,0,0,0,41657450,41657450,INR,wallet,1782127800,1782127800
pay_000000003615,payment,pay_000000003615,order_000000003615,INV-2026-003615,setl_000000003146,300000003146,27089200,0,0,0,27089200,27089200,INR,card,1782819000,1782991800
pay_000000003616,payment,pay_000000003616,order_000000003616,INV-2026-003616,setl_000000003147,300000003147,28098900,0,0,0,28098900,28098900,INR,wallet,1785065400,1785238200
pay_000000003617,payment,pay_000000003617,order_000000003617,INV-2026-003617,setl_000000003148,300000003148,16467525,0,0,0,16467525,16467525,INR,card,1783164600,1783164600
pay_000000003618,payment,pay_000000003618,order_000000003618,INV-2026-003618,setl_000000003149,300000003149,1627225,0,0,0,1627225,1627225,INR,netbanking,1781350200,1781523000
pay_000000003619,payment,pay_000000003619,order_000000003619,INV-2026-003619,setl_000000003150,300000003150,33432699,0,0,0,33432699,33432699,INR,upi,1783251000,1783423800
pay_000000003620,payment,pay_000000003620,order_000000003620,INV-2026-003620,setl_000000003151,300000003151,21549000,0,0,0,21549000,21549000,INR,netbanking,1782819000,1782819000
pay_000000003621,payment,pay_000000003621,order_000000003621,INV-2026-003621,setl_000000003152,300000003152,46159975,0,0,0,46159975,46159975,INR,wallet,1784201400,1784287800
pay_000000003622,payment,pay_000000003622,order_000000003622,INV-2026-003622,setl_000000003153,300000003153,7262925,0,0,0,7262925,7262925,INR,upi,1787311800,1787398200
pay_000000003623,payment,pay_000000003623,order_000000003623,INV-2026-003623,setl_000000003154,300000003154,46751325,0,0,0,46751325,46751325,INR,card,1787484600,1787657400
pay_000000003624,payment,pay_000000003624,order_000000003624,INV-2026-003624,setl_000000003155,300000003155,9577100,0,0,0,9577100,9577100,INR,card,1783510200,1783596600
pay_000000003625,payment,pay_000000003625,order_000000003625,INV-2026-003625,setl_000000003156,300000003156,21259900,0,0,0,21259900,21259900,INR,wallet,1787916600,1788003000
pay_000000003626,payment,pay_000000003626,order_000000003626,INV-2026-003626,setl_000000003157,300000003157,8854999,0,0,0,8854999,8854999,INR,wallet,1785843000,1786015800
pay_000000003627,payment,pay_000000003627,order_000000003627,INV-2026-003627,setl_000000003158,300000003158,20524200,0,0,0,20524200,20524200,INR,netbanking,1781436600,1781609400
pay_000000003628,payment,pay_000000003628,order_000000003628,INV-2026-003628,setl_000000003159,300000003159,20412350,0,0,0,20412350,20412350,INR,card,1782732600,1782732600
pay_000000003629,payment,pay_000000003629,order_000000003629,INV-2026-003629,setl_000000003160,300000003160,46858900,0,0,0,46858900,46858900,INR,wallet,1785151800,1785324600
pay_000000003630,payment,pay_000000003630,order_000000003630,INV-2026-003630,setl_000000003161,300000003161,2124550,0,0,0,2124550,2124550,INR,card,1786793400,1786966200
pay_000000003631,payment,pay_000000003631,order_000000003631,INV-2026-003631,setl_000000003162,300000003162,32716600,0,0,0,32716600,32716600,INR,wallet,1781091000,1781091000
pay_000000003632,payment,pay_000000003632,order_000000003632,INV-2026-003632,setl_000000003163,300000003163,15770100,0,0,0,15770100,15770100,INR,netbanking,1784806200,1784979000
pay_000000003633,payment,pay_000000003633,order_000000003633,INV-2026-003633,setl_000000003164,300000003164,21678699,0,0,0,21678699,21678699,INR,upi,1781955000,1782127800
pay_000000003634,payment,pay_000000003634,order_000000003634,INV-2026-003634,setl_000000003165,300000003165,32789850,0,0,0,32789850,32789850,INR,netbanking,1784547000,1784547000
pay_000000003635,payment,pay_000000003635,order_000000003635,INV-2026-003635,setl_000000003166,300000003166,26340925,0,0,0,26340925,26340925,INR,upi,1780831800,1780831800
pay_000000003636,payment,pay_000000003636,order_000000003636,INV-2026-003636,setl_000000003167,300000003167,21175800,0,0,0,21175800,21175800,INR,netbanking,1786015800,1786015800
pay_000000003637,payment,pay_000000003637,order_000000003637,INV-2026-003637,setl_000000003168,300000003168,4472375,0,0,0,4472375,4472375,INR,upi,1784806200,1784892600
pay_000000003638,payment,pay_000000003638,order_000000003638,INV-2026-003638,setl_000000003169,300000003169,27883400,0,0,0,27883400,27883400,INR,card,1782473400,1782646200
pay_000000003639,payment,pay_000000003639,order_000000003639,INV-2026-003639,setl_000000003170,300000003170,29345500,0,0,0,29345500,29345500,INR,netbanking,1785238200,1785324600
pay_000000003640,payment,pay_000000003640,order_000000003640,INV-2026-003640,setl_000000003171,300000003171,44564499,0,0,0,44564499,44564499,INR,netbanking,1784547000,1784719800
pay_000000003641,payment,pay_000000003641,order_000000003641,INV-2026-003641,setl_000000003172,300000003172,48578400,0,0,0,48578400,48578400,INR,wallet,1785238200,1785411000
pay_000000003642,payment,pay_000000003642,order_000000003642,INV-2026-003642,setl_000000003173,300000003173,16854900,0,0,0,16854900,16854900,INR,netbanking,1781868600,1781868600
pay_000000003643,payment,pay_000000003643,order_000000003643,INV-2026-003643,setl_000000003174,300000003174,13341700,0,0,0,13341700,13341700,INR,wallet,1781177400,1781177400
pay_000000003644,payment,pay_000000003644,order_000000003644,INV-2026-003644,setl_000000003175,300000003175,31660500,0,0,0,31660500,31660500,INR,card,1780572600,1780745400
pay_000000003645,payment,pay_000000003645,order_000000003645,INV-2026-003645,setl_000000003176,300000003176,42657700,0,0,0,42657700,42657700,INR,netbanking,1785929400,1786102200
pay_000000003646,payment,pay_000000003646,order_000000003646,INV-2026-003646,setl_000000003177,300000003177,34538500,0,0,0,34538500,34538500,INR,wallet,1782732600,1782905400
pay_000000003647,payment,pay_000000003647,order_000000003647,INV-2026-003647,setl_000000003178,300000003178,2049400,0,0,0,2049400,2049400,INR,wallet,1782387000,1782559800
pay_000000003648,payment,pay_000000003648,order_000000003648,INV-2026-003648,setl_000000003179,300000003179,12264625,0,0,0,12264625,12264625,INR,netbanking,1780313400,1780313400
pay_000000003649,payment,pay_000000003649,order_000000003649,INV-2026-003649,setl_000000003180,300000003180,36618399,0,0,0,36618399,36618399,INR,wallet,1787830200,1788003000
pay_000000003650,payment,pay_000000003650,order_000000003650,INV-2026-003650,setl_000000003181,300000003181,8867100,0,0,0,8867100,8867100,INR,wallet,1781004600,1781091000
pay_000000003651,payment,pay_000000003651,order_000000003651,INV-2026-003651,setl_000000003182,300000003182,24028300,0,0,0,24028300,24028300,INR,netbanking,1781263800,1781263800
pay_000000003652,payment,pay_000000003652,order_000000003652,INV-2026-003652,setl_000000003183,300000003183,17515450,0,0,0,17515450,17515450,INR,upi,1786015800,1786102200
pay_000000003653,payment,pay_000000003653,order_000000003653,INV-2026-003653,setl_000000003184,300000003184,44867499,0,0,0,44867499,44867499,INR,netbanking,1787657400,1787657400
pay_000000003654,payment,pay_000000003654,order_000000003654,INV-2026-003654,setl_000000003185,300000003185,24460900,0,0,0,24460900,24460900,INR,netbanking,1783078200,1783251000
pay_000000003655,payment,pay_000000003655,order_000000003655,INV-2026-003655,setl_000000003186,300000003186,7346725,0,0,0,7346725,7346725,INR,wallet,1784374200,1784374200
pay_000000003656,payment,pay_000000003656,order_000000003656,INV-2026-003656,setl_000000003187,300000003187,38362975,0,0,0,38362975,38362975,INR,wallet,1783510200,1783683000
pay_000000003657,payment,pay_000000003657,order_000000003657,INV-2026-003657,setl_000000003188,300000003188,1967075,0,0,0,1967075,1967075,INR,card,1786879800,1786966200
pay_000000003658,payment,pay_000000003658,order_000000003658,INV-2026-003658,setl_000000003189,300000003189,7828375,0,0,0,7828375,7828375,INR,upi,1786188600,1786361400
pay_000000003659,payment,pay_000000003659,order_000000003659,INV-2026-003659,setl_000000003190,300000003190,26379000,0,0,0,26379000,26379000,INR,netbanking,1783855800,1783942200
pay_000000003660,payment,pay_000000003660,order_000000003660,INV-2026-003660,setl_000000003191,300000003191,33430800,0,0,0,33430800,33430800,INR,upi,1786879800,1786966200
pay_000000003661,payment,pay_000000003661,order_000000003661,INV-2026-003661,setl_000000003192,300000003192,47070225,0,0,0,47070225,47070225,INR,card,1781263800,1781350200
pay_000000003662,payment,pay_000000003662,order_000000003662,INV-2026-003662,setl_000000003193,300000003193,40905300,0,0,0,40905300,40905300,INR,upi,1788003000,1788089400
pay_000000003663,payment,pay_000000003663,order_000000003663,INV-2026-003663,setl_000000003194,300000003194,6846975,0,0,0,6846975,6846975,INR,netbanking,1781523000,1781523000
pay_000000003664,payment,pay_000000003664,order_000000003664,INV-2026-003664,setl_000000003195,300000003195,28099600,0,0,0,28099600,28099600,INR,upi,1780313400,1780399800
pay_000000003665,payment,pay_000000003665,order_000000003665,INV-2026-003665,setl_000000003196,300000003196,25969200,0,0,0,25969200,25969200,INR,upi,1780918200,1781004600
pay_000000003666,payment,pay_000000003666,order_000000003666,INV-2026-003666,setl_000000003197,300000003197,37204275,0,0,0,37204275,37204275,INR,netbanking,1782559800,1782732600
pay_000000003667,payment,pay_000000003667,order_000000003667,INV-2026-003667,setl_000000003198,300000003198,23096800,0,0,0,23096800,23096800,INR,wallet,1784547000,1784633400
pay_000000003668,payment,pay_000000003668,order_000000003668,INV-2026-003668,setl_000000003199,300000003199,39745400,0,0,0,39745400,39745400,INR,wallet,1784460600,1784460600
pay_000000003669,payment,pay_000000003669,order_000000003669,INV-2026-003669,setl_000000003200,300000003200,8367500,0,0,0,8367500,8367500,INR,card,1780572600,1780745400
pay_000000003670,payment,pay_000000003670,order_000000003670,INV-2026-003670,setl_000000003201,300000003201,8787175,0,0,0,8787175,8787175,INR,card,1781263800,1781263800
pay_000000003671,payment,pay_000000003671,order_000000003671,INV-2026-003671,setl_000000003202,300000003202,19546600,0,0,0,19546600,19546600,INR,wallet,1784287800,1784460600
pay_000000003672,payment,pay_000000003672,order_000000003672,INV-2026-003672,setl_000000003203,300000003203,17871625,0,0,0,17871625,17871625,INR,netbanking,1780831800,1780831800
pay_000000003673,payment,pay_000000003673,order_000000003673,INV-2026-003673,setl_000000003204,300000003204,19771600,0,0,0,19771600,19771600,INR,wallet,1784979000,1784979000
pay_000000003674,payment,pay_000000003674,order_000000003674,INV-2026-003674,setl_000000003205,300000003205,11517925,0,0,0,11517925,11517925,INR,card,1785583800,1785756600
pay_000000003675,payment,pay_000000003675,order_000000003675,INV-2026-003675,setl_000000003206,300000003206,41130475,0,0,0,41130475,41130475,INR,wallet,1781091000,1781091000
pay_000000003676,payment,pay_000000003676,order_000000003676,INV-2026-003676,setl_000000003207,300000003207,23603525,0,0,0,23603525,23603525,INR,netbanking,1786534200,1786707000
pay_000000003677,payment,pay_000000003677,order_000000003677,INV-2026-003677,setl_000000003208,300000003208,43786700,0,0,0,43786700,43786700,INR,wallet,1781868600,1781955000
pay_000000003678,payment,pay_000000003678,order_000000003678,INV-2026-003678,setl_000000003209,300000003209,22086500,0,0,0,22086500,22086500,INR,upi,1781004600,1781004600
pay_000000003679,payment,pay_000000003679,order_000000003679,INV-2026-003679,setl_000000003210,300000003210,7361800,0,0,0,7361800,7361800,INR,card,1781955000,1782127800
pay_000000003680,payment,pay_000000003680,order_000000003680,INV-2026-003680,setl_000000003211,300000003211,34166600,0,0,0,34166600,34166600,INR,upi,1782041400,1782214200
pay_000000003681,payment,pay_000000003681,order_000000003681,INV-2026-003681,setl_000000003212,300000003212,41754900,0,0,0,41754900,41754900,INR,wallet,1784719800,1784892600
pay_000000003682,payment,pay_000000003682,order_000000003682,INV-2026-003682,setl_000000003213,300000003213,25743600,0,0,0,25743600,25743600,INR,upi,1782127800,1782127800
pay_000000003683,payment,pay_000000003683,order_000000003683,INV-2026-003683,setl_000000003214,300000003214,34800399,0,0,0,34800399,34800399,INR,wallet,1781350200,1781523000
pay_000000003684,payment,pay_000000003684,order_000000003684,INV-2026-003684,setl_000000003215,300000003215,10413800,0,0,0,10413800,10413800,INR,netbanking,1785411000,1785583800
pay_000000003685,payment,pay_000000003685,order_000000003685,INV-2026-003685,setl_000000003216,300000003216,33924800,0,0,0,33924800,33924800,INR,wallet,1784806200,1784806200
pay_000000003686,payment,pay_000000003686,order_000000003686,INV-2026-003686,setl_000000003217,300000003217,33043750,0,0,0,33043750,33043750,INR,wallet,1782819000,1782819000
pay_000000003687,payment,pay_000000003687,order_000000003687,INV-2026-003687,setl_000000003218,300000003218,41519299,0,0,0,41519299,41519299,INR,wallet,1786707000,1786793400
pay_000000003688,payment,pay_000000003688,order_000000003688,INV-2026-003688,setl_000000003219,300000003219,29092150,0,0,0,29092150,29092150,INR,netbanking,1786447800,1786534200
pay_000000003689,payment,pay_000000003689,order_000000003689,INV-2026-003689,setl_000000003220,300000003220,45434300,0,0,0,45434300,45434300,INR,wallet,1784028600,1784201400
pay_000000003690,payment,pay_000000003690,order_000000003690,INV-2026-003690,setl_000000003221,300000003221,21213300,0,0,0,21213300,21213300,INR,wallet,1786879800,1786879800
pay_000000003691,payment,pay_000000003691,order_000000003691,INV-2026-003691,setl_000000003222,300000003222,41533099,0,0,0,41533099,41533099,INR,wallet,1781177400,1781350200
pay_000000003692,payment,pay_000000003692,order_000000003692,INV-2026-003692,setl_000000003223,300000003223,14745300,0,0,0,14745300,14745300,INR,card,1784806200,1784806200
pay_000000003693,payment,pay_000000003693,order_000000003693,INV-2026-003693,setl_000000003224,300000003224,42548399,0,0,0,42548399,42548399,INR,card,1782214200,1782300600
pay_000000003694,payment,pay_000000003694,order_000000003694,INV-2026-003694,setl_000000003225,300000003225,22230350,0,0,0,22230350,22230350,INR,wallet,1781609400,1781695800
pay_000000003695,payment,pay_000000003695,order_000000003695,INV-2026-003695,setl_000000003226,300000003226,25657475,0,0,0,25657475,25657475,INR,upi,1781436600,1781523000
pay_000000003696,payment,pay_000000003696,order_000000003696,INV-2026-003696,setl_000000003227,300000003227,42065300,0,0,0,42065300,42065300,INR,card,1787139000,1787139000
pay_000000003697,payment,pay_000000003697,order_000000003697,INV-2026-003697,setl_000000003228,300000003228,33577600,0,0,0,33577600,33577600,INR,upi,1781177400,1781350200
pay_000000003698,payment,pay_000000003698,order_000000003698,INV-2026-003698,setl_000000003229,300000003229,1543175,0,0,0,1543175,1543175,INR,upi,1787657400,1787830200
pay_000000003699,payment,pay_000000003699,order_000000003699,INV-2026-003699,setl_000000003230,300000003230,20927099,0,0,0,20927099,20927099,INR,upi,1784287800,1784460600
pay_000000003700,payment,pay_000000003700,order_000000003700,INV-2026-003700,setl_000000003231,300000003231,3400975,0,0,0,3400975,3400975,INR,upi,1780572600,1780572600
pay_000000003701,payment,pay_000000003701,order_000000003701,INV-2026-003701,setl_000000003232,300000003232,430599,0,0,0,430599,430599,INR,card,1787743800,1787916600
pay_000000003702,payment,pay_000000003702,order_000000003702,INV-2026-003702,setl_000000003233,300000003233,22604799,0,0,0,22604799,22604799,INR,wallet,1784547000,1784547000
pay_000000003703,payment,pay_000000003703,order_000000003703,INV-2026-003703,setl_000000003234,300000003234,17908799,0,0,0,17908799,17908799,INR,upi,1785843000,1786015800
pay_000000003704,payment,pay_000000003704,order_000000003704,INV-2026-003704,setl_000000003235,300000003235,14286500,0,0,0,14286500,14286500,INR,upi,1787225400,1787398200
pay_000000003705,payment,pay_000000003705,order_000000003705,INV-2026-003705,setl_000000003236,300000003236,25167700,0,0,0,25167700,25167700,INR,wallet,1781523000,1781523000
pay_000000003706,payment,pay_000000003706,order_000000003706,INV-2026-003706,setl_000000003237,300000003237,2963100,0,0,0,2963100,2963100,INR,netbanking,1787743800,1787916600
pay_000000003707,payment,pay_000000003707,order_000000003707,INV-2026-003707,setl_000000003238,300000003238,33106500,0,0,0,33106500,33106500,INR,card,1787916600,1787916600
pay_000000003708,payment,pay_000000003708,order_000000003708,INV-2026-003708,setl_000000003239,300000003239,6096175,0,0,0,6096175,6096175,INR,netbanking,1785583800,1785583800
pay_000000003709,payment,pay_000000003709,order_000000003709,INV-2026-003709,setl_000000003240,300000003240,11841925,0,0,0,11841925,11841925,INR,card,1783683000,1783769400
pay_000000003710,payment,pay_000000003710,order_000000003710,INV-2026-003710,setl_000000003241,300000003241,9896899,0,0,0,9896899,9896899,INR,card,1785583800,1785756600
pay_000000003711,payment,pay_000000003711,order_000000003711,INV-2026-003711,setl_000000003242,300000003242,20175750,0,0,0,20175750,20175750,INR,wallet,1781263800,1781350200
pay_000000003712,payment,pay_000000003712,order_000000003712,INV-2026-003712,setl_000000003243,300000003243,9885500,0,0,0,9885500,9885500,INR,netbanking,1786707000,1786707000
pay_000000003713,payment,pay_000000003713,order_000000003713,INV-2026-003713,setl_000000003244,300000003244,25358199,0,0,0,25358199,25358199,INR,card,1782819000,1782819000
pay_000000003714,payment,pay_000000003714,order_000000003714,INV-2026-003714,setl_000000003245,300000003245,30902100,0,0,0,30902100,30902100,INR,wallet,1780399800,1780572600
pay_000000003715,payment,pay_000000003715,order_000000003715,INV-2026-003715,setl_000000003246,300000003246,9968425,0,0,0,9968425,9968425,INR,upi,1783855800,1783942200
pay_000000003716,payment,pay_000000003716,order_000000003716,INV-2026-003716,setl_000000003247,300000003247,2273100,0,0,0,2273100,2273100,INR,netbanking,1784374200,1784547000
pay_000000003717,payment,pay_000000003717,order_000000003717,INV-2026-003717,setl_000000003248,300000003248,4304400,0,0,0,4304400,4304400,INR,wallet,1786966200,1787139000
pay_000000003718,payment,pay_000000003718,order_000000003718,INV-2026-003718,setl_000000003249,300000003249,23690199,0,0,0,23690199,23690199,INR,card,1785065400,1785238200
pay_000000003719,payment,pay_000000003719,order_000000003719,INV-2026-003719,setl_000000003250,300000003250,15040150,0,0,0,15040150,15040150,INR,upi,1786707000,1786707000
pay_000000003720,payment,pay_000000003720,order_000000003720,INV-2026-003720,setl_000000003251,300000003251,14303500,0,0,0,14303500,14303500,INR,wallet,1784028600,1784028600
pay_000000003721,payment,pay_000000003721,order_000000003721,INV-2026-003721,setl_000000003252,300000003252,45551800,0,0,0,45551800,45551800,INR,card,1782041400,1782127800
pay_000000003722,payment,pay_000000003722,order_000000003722,INV-2026-003722,setl_000000003253,300000003253,30510400,0,0,0,30510400,30510400,INR,netbanking,1786102200,1786188600
pay_000000003723,payment,pay_000000003723,order_000000003723,INV-2026-003723,setl_000000003254,300000003254,3727075,0,0,0,3727075,3727075,INR,netbanking,1784806200,1784979000
pay_000000003724,payment,pay_000000003724,order_000000003724,INV-2026-003724,setl_000000003255,300000003255,26145699,0,0,0,26145699,26145699,INR,card,1785497400,1785583800
pay_000000003725,payment,pay_000000003725,order_000000003725,INV-2026-003725,setl_000000003256,300000003256,48816300,0,0,0,48816300,48816300,INR,card,1784287800,1784460600
pay_000000003726,payment,pay_000000003726,order_000000003726,INV-2026-003726,setl_000000003257,300000003257,20707525,0,0,0,20707525,20707525,INR,netbanking,1786879800,1787052600
pay_000000003727,payment,pay_000000003727,order_000000003727,INV-2026-003727,setl_000000003258,300000003258,10050725,0,0,0,10050725,10050725,INR,card,1786275000,1786447800
pay_000000003728,payment,pay_000000003728,order_000000003728,INV-2026-003728,setl_000000003259,300000003259,22624600,0,0,0,22624600,22624600,INR,card,1786707000,1786707000
pay_000000003729,payment,pay_000000003729,order_000000003729,INV-2026-003729,setl_000000003260,300000003260,47722450,0,0,0,47722450,47722450,INR,upi,1782905400,1782991800
pay_000000003730,payment,pay_000000003730,order_000000003730,INV-2026-003730,setl_000000003261,300000003261,48503600,0,0,0,48503600,48503600,INR,wallet,1782819000,1782905400
pay_000000003731,payment,pay_000000003731,order_000000003731,INV-2026-003731,setl_000000003262,300000003262,28127025,0,0,0,28127025,28127025,INR,upi,1781004600,1781004600
pay_000000003732,payment,pay_000000003732,order_000000003732,INV-2026-003732,setl_000000003263,300000003263,12851000,0,0,0,12851000,12851000,INR,netbanking,1780659000,1780831800
pay_000000003733,payment,pay_000000003733,order_000000003733,INV-2026-003733,setl_000000003264,300000003264,8257225,0,0,0,8257225,8257225,INR,wallet,1783855800,1783942200
pay_000000003734,payment,pay_000000003734,order_000000003734,INV-2026-003734,setl_000000003265,300000003265,34292900,0,0,0,34292900,34292900,INR,upi,1784287800,1784287800
pay_000000003735,payment,pay_000000003735,order_000000003735,INV-2026-003735,setl_000000003266,300000003266,26455100,0,0,0,26455100,26455100,INR,netbanking,1786188600,1786275000
pay_000000003736,payment,pay_000000003736,order_000000003736,INV-2026-003736,setl_000000003267,300000003267,19361100,0,0,0,19361100,19361100,INR,netbanking,1783078200,1783078200
pay_000000003737,payment,pay_000000003737,order_000000003737,INV-2026-003737,setl_000000003268,300000003268,30275300,0,0,0,30275300,30275300,INR,wallet,1787398200,1787398200
pay_000000003738,payment,pay_000000003738,order_000000003738,INV-2026-003738,setl_000000003269,300000003269,29044700,0,0,0,29044700,29044700,INR,netbanking,1784547000,1784719800
pay_000000003739,payment,pay_000000003739,order_000000003739,INV-2026-003739,setl_000000003270,300000003270,2480200,0,0,0,2480200,2480200,INR,card,1788003000,1788089400
pay_000000003740,payment,pay_000000003740,order_000000003740,INV-2026-003740,setl_000000003271,300000003271,5826650,0,0,0,5826650,5826650,INR,upi,1781782200,1781782200
pay_000000003741,payment,pay_000000003741,order_000000003741,INV-2026-003741,setl_000000003272,300000003272,37599200,0,0,0,37599200,37599200,INR,card,1785238200,1785238200
pay_000000003742,payment,pay_000000003742,order_000000003742,INV-2026-003742,setl_000000003273,300000003273,44472225,0,0,0,44472225,44472225,INR,netbanking,1784287800,1784287800
pay_000000003743,payment,pay_000000003743,order_000000003743,INV-2026-003743,setl_000000003274,300000003274,28810150,0,0,0,28810150,28810150,INR,card,1781695800,1781782200
pay_000000003744,payment,pay_000000003744,order_000000003744,INV-2026-003744,setl_000000003275,300000003275,19120675,0,0,0,19120675,19120675,INR,wallet,1787916600,1787916600
pay_000000003745,payment,pay_000000003745,order_000000003745,INV-2026-003745,setl_000000003276,300000003276,17523000,0,0,0,17523000,17523000,INR,netbanking,1784115000,1784115000
pay_000000003746,payment,pay_000000003746,order_000000003746,INV-2026-003746,setl_000000003277,300000003277,47801900,0,0,0,47801900,47801900,INR,upi,1780831800,1780918200
pay_000000003747,payment,pay_000000003747,order_000000003747,INV-2026-003747,setl_000000003278,300000003278,20065425,0,0,0,20065425,20065425,INR,upi,1782732600,1782819000
pay_000000003748,payment,pay_000000003748,order_000000003748,INV-2026-003748,setl_000000003279,300000003279,22276650,0,0,0,22276650,22276650,INR,netbanking,1785065400,1785065400
pay_000000003749,payment,pay_000000003749,order_000000003749,INV-2026-003749,setl_000000003280,300000003280,32967799,0,0,0,32967799,32967799,INR,card,1782646200,1782646200
pay_000000003750,payment,pay_000000003750,order_000000003750,INV-2026-003750,setl_000000003281,300000003281,41125525,0,0,0,41125525,41125525,INR,upi,1786879800,1787052600
pay_000000003751,payment,pay_000000003751,order_000000003751,INV-2026-003751,setl_000000003282,300000003282,25810000,0,0,0,25810000,25810000,INR,upi,1783510200,1783683000
pay_000000003752,payment,pay_000000003752,order_000000003752,INV-2026-003752,setl_000000003283,300000003283,16696899,0,0,0,16696899,16696899,INR,card,1782646200,1782732600
pay_000000003753,payment,pay_000000003753,order_000000003753,INV-2026-003753,setl_000000003284,300000003284,9667799,0,0,0,9667799,9667799,INR,card,1782732600,1782732600
pay_000000003754,payment,pay_000000003754,order_000000003754,INV-2026-003754,setl_000000003285,300000003285,5088975,0,0,0,5088975,5088975,INR,wallet,1786275000,1786275000
pay_000000003755,payment,pay_000000003755,order_000000003755,INV-2026-003755,setl_000000003286,300000003286,36751400,0,0,0,36751400,36751400,INR,upi,1781263800,1781263800
pay_000000003756,payment,pay_000000003756,order_000000003756,INV-2026-003756,setl_000000003287,300000003287,7422000,0,0,0,7422000,7422000,INR,netbanking,1781955000,1782041400
pay_000000003757,payment,pay_000000003757,order_000000003757,INV-2026-003757,setl_000000003288,300000003288,13592200,0,0,0,13592200,13592200,INR,upi,1783683000,1783855800
pay_000000003758,payment,pay_000000003758,order_000000003758,INV-2026-003758,setl_000000003289,300000003289,19522499,0,0,0,19522499,19522499,INR,wallet,1785497400,1785670200
pay_000000003759,payment,pay_000000003759,order_000000003759,INV-2026-003759,setl_000000003290,300000003290,37313925,0,0,0,37313925,37313925,INR,netbanking,1783078200,1783078200
pay_000000003760,payment,pay_000000003760,order_000000003760,INV-2026-003760,setl_000000003291,300000003291,44618725,0,0,0,44618725,44618725,INR,upi,1787225400,1787398200
pay_000000003761,payment,pay_000000003761,order_000000003761,INV-2026-003761,setl_000000003292,300000003292,48456425,0,0,0,48456425,48456425,INR,card,1785583800,1785583800
pay_000000003762,payment,pay_000000003762,order_000000003762,INV-2026-003762,setl_000000003293,300000003293,16134099,0,0,0,16134099,16134099,INR,netbanking,1784547000,1784547000
pay_000000003763,payment,pay_000000003763,order_000000003763,INV-2026-003763,setl_000000003294,300000003294,45391775,0,0,0,45391775,45391775,INR,netbanking,1786102200,1786102200
pay_000000003764,payment,pay_000000003764,order_000000003764,INV-2026-003764,setl_000000003295,300000003295,49317100,0,0,0,49317100,49317100,INR,card,1781350200,1781350200
pay_000000003765,payment,pay_000000003765,order_000000003765,INV-2026-003765,setl_000000003296,300000003296,3032099,0,0,0,3032099,3032099,INR,card,1781263800,1781436600
pay_000000003766,payment,pay_000000003766,order_000000003766,INV-2026-003766,setl_000000003297,300000003297,35784000,0,0,0,35784000,35784000,INR,upi,1784374200,1784547000
pay_000000003767,payment,pay_000000003767,order_000000003767,INV-2026-003767,setl_000000003298,300000003298,43843900,0,0,0,43843900,43843900,INR,wallet,1786534200,1786534200
pay_000000003768,payment,pay_000000003768,order_000000003768,INV-2026-003768,setl_000000003299,300000003299,46795000,0,0,0,46795000,46795000,INR,netbanking,1785583800,1785583800
pay_000000003769,payment,pay_000000003769,order_000000003769,INV-2026-003769,setl_000000003300,300000003300,41652900,0,0,0,41652900,41652900,INR,upi,1781350200,1781523000
pay_000000003770,payment,pay_000000003770,order_000000003770,INV-2026-003770,setl_000000003301,300000003301,36444900,0,0,0,36444900,36444900,INR,upi,1788003000,1788175800
pay_000000003771,payment,pay_000000003771,order_000000003771,INV-2026-003771,setl_000000003302,300000003302,27327475,0,0,0,27327475,27327475,INR,wallet,1781091000,1781177400
pay_000000003772,payment,pay_000000003772,order_000000003772,INV-2026-003772,setl_000000003303,300000003303,42675999,0,0,0,42675999,42675999,INR,netbanking,1786275000,1786447800
pay_000000003773,payment,pay_000000003773,order_000000003773,INV-2026-003773,setl_000000003304,300000003304,35042600,0,0,0,35042600,35042600,INR,netbanking,1780486200,1780572600
pay_000000003774,payment,pay_000000003774,order_000000003774,INV-2026-003774,setl_000000003305,300000003305,19734950,0,0,0,19734950,19734950,INR,wallet,1787571000,1787571000
pay_000000003775,payment,pay_000000003775,order_000000003775,INV-2026-003775,setl_000000003306,300000003306,2482100,0,0,0,2482100,2482100,INR,netbanking,1784979000,1785151800
pay_000000003776,payment,pay_000000003776,order_000000003776,INV-2026-003776,setl_000000003307,300000003307,10014200,0,0,0,10014200,10014200,INR,upi,1782473400,1782646200
pay_000000003777,payment,pay_000000003777,order_000000003777,INV-2026-003777,setl_000000003308,300000003308,49867525,0,0,0,49867525,49867525,INR,wallet,1784201400,1784201400
pay_000000003778,payment,pay_000000003778,order_000000003778,INV-2026-003778,setl_000000003309,300000003309,19425300,0,0,0,19425300,19425300,INR,upi,1786707000,1786879800
pay_000000003779,payment,pay_000000003779,order_000000003779,INV-2026-003779,setl_000000003310,300000003310,36971825,0,0,0,36971825,36971825,INR,wallet,1782559800,1782559800
pay_000000003780,payment,pay_000000003780,order_000000003780,INV-2026-003780,setl_000000003311,300000003311,36474125,0,0,0,36474125,36474125,INR,upi,1786015800,1786015800
pay_000000003781,payment,pay_000000003781,order_000000003781,INV-2026-003781,setl_000000003312,300000003312,14123900,0,0,0,14123900,14123900,INR,upi,1782991800,1782991800
pay_000000003782,payment,pay_000000003782,order_000000003782,INV-2026-003782,setl_000000003313,300000003313,1355999,0,0,0,1355999,1355999,INR,card,1786793400,1786966200
pay_000000003783,payment,pay_000000003783,order_000000003783,INV-2026-003783,setl_000000003314,300000003314,41510599,0,0,0,41510599,41510599,INR,wallet,1786361400,1786361400
pay_000000003784,payment,pay_000000003784,order_000000003784,INV-2026-003784,setl_000000003315,300000003315,23134100,0,0,0,23134100,23134100,INR,card,1786275000,1786275000
pay_000000003785,payment,pay_000000003785,order_000000003785,INV-2026-003785,setl_000000003316,300000003316,20381700,0,0,0,20381700,20381700,INR,netbanking,1786275000,1786447800
pay_000000003786,payment,pay_000000003786,order_000000003786,INV-2026-003786,setl_000000003317,300000003317,6113299,0,0,0,6113299,6113299,INR,upi,1786361400,1786361400
pay_000000003787,payment,pay_000000003787,order_000000003787,INV-2026-003787,setl_000000003318,300000003318,38433000,0,0,0,38433000,38433000,INR,wallet,1782041400,1782041400
pay_000000003788,payment,pay_000000003788,order_000000003788,INV-2026-003788,setl_000000003319,300000003319,20577100,0,0,0,20577100,20577100,INR,wallet,1781868600,1782041400
pay_000000003789,payment,pay_000000003789,order_000000003789,INV-2026-003789,setl_000000003320,300000003320,48043200,0,0,0,48043200,48043200,INR,wallet,1783683000,1783769400
pay_000000003790,payment,pay_000000003790,order_000000003790,INV-2026-003790,setl_000000003321,300000003321,13429900,0,0,0,13429900,13429900,INR,netbanking,1781263800,1781263800
pay_000000003791,payment,pay_000000003791,order_000000003791,INV-2026-003791,setl_000000003322,300000003322,27237999,0,0,0,27237999,27237999,INR,netbanking,1782732600,1782905400
pay_000000003792,payment,pay_000000003792,order_000000003792,INV-2026-003792,setl_000000003323,300000003323,6801200,0,0,0,6801200,6801200,INR,upi,1787916600,1788003000
pay_000000003793,payment,pay_000000003793,order_000000003793,INV-2026-003793,setl_000000003324,300000003324,21503650,0,0,0,21503650,21503650,INR,wallet,1782646200,1782819000
pay_000000003794,payment,pay_000000003794,order_000000003794,INV-2026-003794,setl_000000003325,300000003325,31432350,0,0,0,31432350,31432350,INR,wallet,1783769400,1783855800
pay_000000003795,payment,pay_000000003795,order_000000003795,INV-2026-003795,setl_000000003326,300000003326,48171425,0,0,0,48171425,48171425,INR,card,1783337400,1783337400
pay_000000003796,payment,pay_000000003796,order_000000003796,INV-2026-003796,setl_000000003327,300000003327,43964000,0,0,0,43964000,43964000,INR,upi,1783942200,1784115000
pay_000000003797,payment,pay_000000003797,order_000000003797,INV-2026-003797,setl_000000003328,300000003328,1838800,0,0,0,1838800,1838800,INR,card,1783855800,1783942200
pay_000000003798,payment,pay_000000003798,order_000000003798,INV-2026-003798,setl_000000003329,300000003329,38125275,0,0,0,38125275,38125275,INR,card,1786966200,1787052600
pay_000000003799,payment,pay_000000003799,order_000000003799,INV-2026-003799,setl_000000003330,300000003330,47832525,0,0,0,47832525,47832525,INR,netbanking,1784201400,1784374200
pay_000000003800,payment,pay_000000003800,order_000000003800,INV-2026-003800,setl_000000003331,300000003331,2418975,0,0,0,2418975,2418975,INR,netbanking,1782991800,1782991800
pay_000000003801,payment,pay_000000003801,order_000000003801,INV-2026-003801,setl_000000003332,300000003332,45959600,0,0,0,45959600,45959600,INR,wallet,1781350200,1781436600
pay_000000003802,payment,pay_000000003802,order_000000003802,INV-2026-003802,setl_000000003333,300000003333,45441900,0,0,0,45441900,45441900,INR,wallet,1784287800,1784374200
pay_000000003803,payment,pay_000000003803,order_000000003803,INV-2026-003803,setl_000000003334,300000003334,6818099,0,0,0,6818099,6818099,INR,card,1786966200,1786966200
pay_000000003804,payment,pay_000000003804,order_000000003804,INV-2026-003804,setl_000000003335,300000003335,6016675,0,0,0,6016675,6016675,INR,netbanking,1781695800,1781695800
pay_000000003805,payment,pay_000000003805,order_000000003805,INV-2026-003805,setl_000000003336,300000003336,19470900,0,0,0,19470900,19470900,INR,card,1782646200,1782819000
pay_000000003806,payment,pay_000000003806,order_000000003806,INV-2026-003806,setl_000000003337,300000003337,17292300,0,0,0,17292300,17292300,INR,card,1785929400,1786102200
pay_000000003807,payment,pay_000000003807,order_000000003807,INV-2026-003807,setl_000000003338,300000003338,10886200,0,0,0,10886200,10886200,INR,upi,1788003000,1788175800
pay_000000003808,payment,pay_000000003808,order_000000003808,INV-2026-003808,setl_000000003339,300000003339,21301975,0,0,0,21301975,21301975,INR,wallet,1782214200,1782387000
pay_000000003809,payment,pay_000000003809,order_000000003809,INV-2026-003809,setl_000000003340,300000003340,8550650,0,0,0,8550650,8550650,INR,card,1782127800,1782300600
pay_000000003810,payment,pay_000000003810,order_000000003810,INV-2026-003810,setl_000000003341,300000003341,48039200,0,0,0,48039200,48039200,INR,upi,1784547000,1784633400
pay_000000003811,payment,pay_000000003811,order_000000003811,INV-2026-003811,setl_000000003342,300000003342,16472000,0,0,0,16472000,16472000,INR,card,1786793400,1786793400
pay_000000003812,payment,pay_000000003812,order_000000003812,INV-2026-003812,setl_000000003343,300000003343,6485275,0,0,0,6485275,6485275,INR,wallet,1787311800,1787484600
pay_000000003813,payment,pay_000000003813,order_000000003813,INV-2026-003813,setl_000000003344,300000003344,47779800,0,0,0,47779800,47779800,INR,wallet,1786015800,1786015800
pay_000000003814,payment,pay_000000003814,order_000000003814,INV-2026-003814,setl_000000003345,300000003345,30427200,0,0,0,30427200,30427200,INR,netbanking,1781609400,1781782200
pay_000000003815,payment,pay_000000003815,order_000000003815,INV-2026-003815,setl_000000003346,300000003346,44974725,0,0,0,44974725,44974725,INR,netbanking,1781782200,1781955000
pay_000000003816,payment,pay_000000003816,order_000000003816,INV-2026-003816,setl_000000003347,300000003347,19633500,0,0,0,19633500,19633500,INR,wallet,1782041400,1782041400
pay_000000003817,payment,pay_000000003817,order_000000003817,INV-2026-003817,setl_000000003348,300000003348,41180999,0,0,0,41180999,41180999,INR,netbanking,1785497400,1785497400
pay_000000003818,payment,pay_000000003818,order_000000003818,INV-2026-003818,setl_000000003349,300000003349,48816300,0,0,0,48816300,48816300,INR,upi,1784374200,1784547000
pay_000000003819,payment,pay_000000003819,order_000000003819,INV-2026-003819,setl_000000003350,300000003350,1740800,0,0,0,1740800,1740800,INR,wallet,1784287800,1784460600
pay_000000003820,payment,pay_000000003820,order_000000003820,INV-2026-003820,setl_000000003351,300000003351,30785899,0,0,0,30785899,30785899,INR,netbanking,1786361400,1786447800
pay_000000003821,payment,pay_000000003821,order_000000003821,INV-2026-003821,setl_000000003352,300000003352,35894825,0,0,0,35894825,35894825,INR,card,1784719800,1784806200
pay_000000003822,payment,pay_000000003822,order_000000003822,INV-2026-003822,setl_000000003353,300000003353,45162475,0,0,0,45162475,45162475,INR,wallet,1784201400,1784287800
pay_000000003823,payment,pay_000000003823,order_000000003823,INV-2026-003823,setl_000000003354,300000003354,14919799,0,0,0,14919799,14919799,INR,card,1785670200,1785670200
pay_000000003824,payment,pay_000000003824,order_000000003824,INV-2026-003824,setl_000000003355,300000003355,26452900,0,0,0,26452900,26452900,INR,card,1780486200,1780572600
pay_000000003825,payment,pay_000000003825,order_000000003825,INV-2026-003825,setl_000000003356,300000003356,46111300,0,0,0,46111300,46111300,INR,netbanking,1781263800,1781263800
pay_000000003826,payment,pay_000000003826,order_000000003826,INV-2026-003826,setl_000000003357,300000003357,891399,0,0,0,891399,891399,INR,wallet,1780486200,1780659000
pay_000000003827,payment,pay_000000003827,order_000000003827,INV-2026-003827,setl_000000003358,300000003358,1678199,0,0,0,1678199,1678199,INR,card,1781782200,1781868600
pay_000000003828,payment,pay_000000003828,order_000000003828,INV-2026-003828,setl_000000003359,300000003359,46496999,0,0,0,46496999,46496999,INR,netbanking,1782559800,1782646200
pay_000000003829,payment,pay_000000003829,order_000000003829,INV-2026-003829,setl_000000003360,300000003360,2878600,0,0,0,2878600,2878600,INR,wallet,1780918200,1781091000
pay_000000003830,payment,pay_000000003830,order_000000003830,INV-2026-003830,setl_000000003361,300000003361,32621500,0,0,0,32621500,32621500,INR,card,1783251000,1783251000
pay_000000003831,payment,pay_000000003831,order_000000003831,INV-2026-003831,setl_000000003362,300000003362,48939800,0,0,0,48939800,48939800,INR,upi,1781177400,1781263800
pay_000000003832,payment,pay_000000003832,order_000000003832,INV-2026-003832,setl_000000003363,300000003363,48644350,0,0,0,48644350,48644350,INR,netbanking,1787052600,1787139000
pay_000000003833,payment,pay_000000003833,order_000000003833,INV-2026-003833,setl_000000003364,300000003364,33242300,0,0,0,33242300,33242300,INR,netbanking,1786879800,1787052600
pay_000000003834,payment,pay_000000003834,order_000000003834,INV-2026-003834,setl_000000003365,300000003365,13230625,0,0,0,13230625,13230625,INR,upi,1787484600,1787657400
pay_000000003835,payment,pay_000000003835,order_000000003835,INV-2026-003835,setl_000000003366,300000003366,41261425,0,0,0,41261425,41261425,INR,upi,1786879800,1787052600
pay_000000003836,payment,pay_000000003836,order_000000003836,INV-2026-003836,setl_000000003367,300000003367,18403650,0,0,0,18403650,18403650,INR,upi,1785497400,1785497400
pay_000000003837,payment,pay_000000003837,order_000000003837,INV-2026-003837,setl_000000003368,300000003368,18801400,0,0,0,18801400,18801400,INR,card,1783596600,1783683000
pay_000000003838,payment,pay_000000003838,order_000000003838,INV-2026-003838,setl_000000003369,300000003369,9471725,0,0,0,9471725,9471725,INR,wallet,1784374200,1784460600
pay_000000003839,payment,pay_000000003839,order_000000003839,INV-2026-003839,setl_000000003370,300000003370,31950675,0,0,0,31950675,31950675,INR,wallet,1780745400,1780745400
pay_000000003840,payment,pay_000000003840,order_000000003840,INV-2026-003840,setl_000000003371,300000003371,17411825,0,0,0,17411825,17411825,INR,netbanking,1783769400,1783769400
pay_000000003841,payment,pay_000000003841,order_000000003841,INV-2026-003841,setl_000000003372,300000003372,26569800,0,0,0,26569800,26569800,INR,upi,1781350200,1781523000
pay_000000003842,payment,pay_000000003842,order_000000003842,INV-2026-003842,setl_000000003373,300000003373,21410850,0,0,0,21410850,21410850,INR,netbanking,1782991800,1782991800
pay_000000003843,payment,pay_000000003843,order_000000003843,INV-2026-003843,setl_000000003374,300000003374,8271000,0,0,0,8271000,8271000,INR,wallet,1784719800,1784892600
pay_000000003844,payment,pay_000000003844,order_000000003844,INV-2026-003844,setl_000000003375,300000003375,20915125,0,0,0,20915125,20915125,INR,netbanking,1783855800,1784028600
pay_000000003845,payment,pay_000000003845,order_000000003845,INV-2026-003845,setl_000000003376,300000003376,1754700,0,0,0,1754700,1754700,INR,upi,1783596600,1783596600
pay_000000003846,payment,pay_000000003846,order_000000003846,INV-2026-003846,setl_000000003377,300000003377,13637500,272750,49095,0,13315655,13315655,INR,netbanking,1783683000,1783855800
pay_000000003847,payment,pay_000000003847,order_000000003847,INV-2026-003847,setl_000000003378,300000003377,6654600,133092,23957,0,6497551,6497551,INR,upi,1781695800,1781868600
pay_000000003848,payment,pay_000000003848,order_000000003848,INV-2026-003848,setl_000000003379,300000003378,32989950,659799,118764,0,32211387,32211387,INR,upi,1780831800,1781004600
pay_000000003849,payment,pay_000000003849,order_000000003849,INV-2026-003849,setl_000000003380,300000003378,19982699,399654,71938,0,19511107,19511107,INR,wallet,1786879800,1786966200
pay_000000003850,payment,pay_000000003850,order_000000003850,INV-2026-003850,setl_000000003381,300000003379,3634075,72682,13083,0,3548310,3548310,INR,wallet,1783510200,1783683000
pay_000000003851,payment,pay_000000003851,order_000000003851,INV-2026-003851,setl_000000003382,300000003379,3252375,65048,11709,0,3175618,3175618,INR,card,1786707000,1786793400
pay_000000003852,payment,pay_000000003852,order_000000003852,INV-2026-003852,setl_000000003383,300000003380,4902475,98050,17649,0,4786776,4786776,INR,wallet,1786707000,1786879800
pay_000000003853,payment,pay_000000003853,order_000000003853,INV-2026-003853,setl_000000003384,300000003380,39289875,785798,141444,0,38362633,38362633,INR,card,1786966200,1787139000
pay_000000003854,payment,pay_000000003854,order_000000003854,INV-2026-003854,setl_000000003385,300000003381,36088575,721772,129919,0,35236884,35236884,INR,netbanking,1781004600,1781177400
pay_000000003855,payment,pay_000000003855,order_000000003855,INV-2026-003855,setl_000000003386,300000003381,3860225,77205,13897,0,3769123,3769123,INR,netbanking,1785583800,1785756600
pay_000000003856,payment,pay_000000003856,order_000000003856,INV-2026-003856,setl_000000003387,300000003382,3422700,68454,12322,0,3341924,3341924,INR,card,1782041400,1782041400
pay_000000003857,payment,pay_000000003857,order_000000003857,INV-2026-003857,setl_000000003388,300000003382,24273300,485466,87384,0,23700450,23700450,INR,wallet,1785411000,1785583800
pay_000000003858,payment,pay_000000003858,order_000000003858,INV-2026-003858,setl_000000003389,300000003383,40606400,812128,146183,0,39648089,39648089,INR,upi,1786966200,1787052600
pay_000000003859,payment,pay_000000003859,order_000000003859,INV-2026-003859,setl_000000003390,300000003383,19733300,394666,71040,0,19267594,19267594,INR,netbanking,1783510200,1783683000
pay_000000003860,payment,pay_000000003860,order_000000003860,INV-2026-003860,setl_000000003391,300000003384,38610200,772204,138997,0,37698999,37698999,INR,upi,1787484600,1787484600
pay_000000003861,payment,pay_000000003861,order_000000003861,INV-2026-003861,setl_000000003392,300000003384,36180325,723607,130249,0,35326469,35326469,INR,card,1780831800,1781004600
pay_000000003862,payment,pay_000000003862,order_000000003862,INV-2026-003862,setl_000000003393,300000003385,25374225,507485,91347,0,24775393,24775393,INR,card,1786534200,1786534200
pay_000000003863,payment,pay_000000003863,order_000000003863,INV-2026-003863,setl_000000003394,300000003385,6349700,126994,22859,0,6199847,6199847,INR,netbanking,1782905400,1782905400
pay_000000003864,payment,pay_000000003864,order_000000003864,INV-2026-003864,setl_000000003395,300000003386,29925000,598500,107730,0,29218770,29218770,INR,netbanking,1782214200,1782300600
pay_000000003865,payment,pay_000000003865,order_000000003865,INV-2026-003865,setl_000000003396,300000003386,46274500,925490,166588,0,45182422,45182422,INR,wallet,1786620600,1786620600
pay_000000003866,payment,pay_000000003866,order_000000003866,INV-2026-003866,setl_000000003397,300000003387,21158600,423172,76171,0,20659257,20659257,INR,upi,1787398200,1787571000
pay_000000003867,payment,pay_000000003867,order_000000003867,INV-2026-003867,setl_000000003398,300000003387,14634000,292680,52682,0,14288638,14288638,INR,wallet,1782905400,1782991800
pay_000000003868,payment,pay_000000003868,order_000000003868,INV-2026-003868,setl_000000003399,300000003388,46397825,927957,167032,0,45302836,45302836,INR,upi,1784460600,1784547000
pay_000000003869,payment,pay_000000003869,order_000000003869,INV-2026-003869,setl_000000003400,300000003388,45651600,913032,164346,0,44574222,44574222,INR,card,1782214200,1782214200
pay_000000003870,payment,pay_000000003870,order_000000003870,INV-2026-003870,setl_000000003401,300000003389,42182000,843640,151855,0,41186505,41186505,INR,netbanking,1780486200,1780659000
pay_000000003871,payment,pay_000000003871,order_000000003871,INV-2026-003871,setl_000000003402,300000003389,39315000,786300,141534,0,38387166,38387166,INR,card,1785151800,1785238200
pay_000000003872,payment,pay_000000003872,order_000000003872,INV-2026-003872,setl_000000003403,300000003390,45216999,904340,162781,0,44149878,44149878,INR,wallet,1780659000,1780745400
pay_000000003873,payment,pay_000000003873,order_000000003873,INV-2026-003873,setl_000000003404,300000003390,10307299,206146,37106,0,10064047,10064047,INR,upi,1783510200,1783510200
pay_000000003874,payment,pay_000000003874,order_000000003874,INV-2026-003874,setl_000000003405,300000003391,40113200,802264,144408,0,39166528,39166528,INR,upi,1784633400,1784633400
pay_000000003875,payment,pay_000000003875,order_000000003875,INV-2026-003875,setl_000000003406,300000003391,24937925,498759,89777,0,24349389,24349389,INR,netbanking,1787916600,1788089400
pay_000000003876,payment,pay_000000003876,order_000000003876,INV-2026-003876,setl_000000003407,300000003392,21034200,420684,75723,0,20537793,20537793,INR,upi,1783596600,1783596600
pay_000000003877,payment,pay_000000003877,order_000000003877,INV-2026-003877,setl_000000003408,300000003392,10248299,204966,36894,0,10006439,10006439,INR,netbanking,1781523000,1781695800
pay_000000003878,payment,pay_000000003878,order_000000003878,INV-2026-003878,setl_000000003409,300000003393,24873300,497466,89544,0,24286290,24286290,INR,netbanking,1785411000,1785497400
pay_000000003879,payment,pay_000000003879,order_000000003879,INV-2026-003879,setl_000000003410,300000003393,5507175,110144,19826,0,5377205,5377205,INR,upi,1781868600,1782041400
pay_000000003880,payment,pay_000000003880,order_000000003880,INV-2026-003880,setl_000000003411,300000003394,36839300,736786,132621,0,35969893,35969893,INR,wallet,1786275000,1786447800
pay_000000003881,payment,pay_000000003881,order_000000003881,INV-2026-003881,setl_000000003412,300000003394,13733275,274666,49440,0,13409169,13409169,INR,upi,1785843000,1785929400
pay_000000003882,payment,pay_000000003882,order_000000003882,INV-2026-003882,setl_000000003413,300000003395,34677650,693553,124840,0,33859257,33859257,INR,card,1787830200,1787916600
pay_000000003883,payment,pay_000000003883,order_000000003883,INV-2026-003883,setl_000000003414,300000003395,35755525,715111,128720,0,34911694,34911694,INR,card,1786879800,1787052600
pay_000000003884,payment,pay_000000003884,order_000000003884,INV-2026-003884,setl_000000003415,300000003396,17626999,352540,63457,0,17211002,17211002,INR,wallet,1787830200,1787830200
pay_000000003885,payment,pay_000000003885,order_000000003885,INV-2026-003885,setl_000000003416,300000003396,24535075,490702,88326,0,23956047,23956047,INR,netbanking,1786015800,1786188600
pay_000000003886,payment,pay_000000003886,order_000000003886,INV-2026-003886,setl_000000003417,300000003397,16026799,320536,57696,0,15648567,15648567,INR,wallet,1782732600,1782905400
pay_000000003887,payment,pay_000000003887,order_000000003887,INV-2026-003887,setl_000000003418,300000003397,8326725,166535,29976,0,8130214,8130214,INR,upi,1786361400,1786447800
pay_000000003888,payment,pay_000000003888,order_000000003888,INV-2026-003888,setl_000000003419,300000003398,8017800,160356,28864,0,7828580,7828580,INR,upi,1785670200,1785670200
pay_000000003889,payment,pay_000000003889,order_000000003889,INV-2026-003889,setl_000000003420,300000003398,8947775,178956,32212,0,8736607,8736607,INR,card,1787916600,1787916600
pay_000000003890,payment,pay_000000003890,order_000000003890,INV-2026-003890,setl_000000003421,300000003399,44716500,894330,160979,0,43661191,43661191,INR,upi,1783855800,1783942200
pay_000000003891,payment,pay_000000003891,order_000000003891,INV-2026-003891,setl_000000003422,300000003399,11631000,232620,41872,0,11356508,11356508,INR,upi,1787225400,1787311800
pay_000000003892,payment,pay_000000003892,order_000000003892,INV-2026-003892,setl_000000003423,300000003400,19741299,394826,71069,0,19275404,19275404,INR,card,1781436600,1781436600
pay_000000003893,payment,pay_000000003893,order_000000003893,INV-2026-003893,setl_000000003424,300000003400,29936625,598733,107772,0,29230120,29230120,INR,card,1787311800,1787484600
pay_000000003894,payment,pay_000000003894,order_000000003894,INV-2026-003894,setl_000000003425,300000003401,49200599,984012,177122,0,48039465,48039465,INR,wallet,1787139000,1787139000
pay_000000003895,payment,pay_000000003895,order_000000003895,INV-2026-003895,setl_000000003426,300000003401,15477275,309546,55718,0,15112011,15112011,INR,netbanking,1782991800,1783164600
pay_000000003896,payment,pay_000000003896,order_000000003896,INV-2026-003896,setl_000000003427,300000003402,14589199,291784,52521,0,14244894,14244894,INR,upi,1782559800,1782732600
pay_000000003897,payment,pay_000000003897,order_000000003897,INV-2026-003897,setl_000000003428,300000003402,34939900,698798,125784,0,34115318,34115318,INR,upi,1784460600,1784460600
pay_000000003898,payment,pay_000000003898,order_000000003898,INV-2026-003898,setl_000000003429,300000003403,33554175,671084,120795,0,32762296,32762296,INR,upi,1788003000,1788003000
pay_000000003899,payment,pay_000000003899,order_000000003899,INV-2026-003899,setl_000000003430,300000003403,12068400,241368,43446,0,11783586,11783586,INR,wallet,1784115000,1784287800
pay_000000003900,payment,pay_000000003900,order_000000003900,INV-2026-003900,setl_000000003431,300000003404,46731000,934620,168232,0,45628148,45628148,INR,netbanking,1787916600,1787916600
pay_000000003901,payment,pay_000000003901,order_000000003901,INV-2026-003901,setl_000000003432,300000003404,34308600,686172,123511,0,33498917,33498917,INR,netbanking,1782127800,1782214200
pay_000000003902,payment,pay_000000003902,order_000000003902,INV-2026-003902,setl_000000003433,300000003405,40776050,815521,146794,0,39813735,39813735,INR,wallet,1787743800,1787743800
pay_000000003903,payment,pay_000000003903,order_000000003903,INV-2026-003903,setl_000000003434,300000003405,32157975,643160,115769,0,31399046,31399046,INR,wallet,1781782200,1781868600
pay_000000003904,payment,pay_000000003904,order_000000003904,INV-2026-003904,setl_000000003435,300000003406,2815700,56314,10137,0,2749249,2749249,INR,wallet,1786188600,1786275000
pay_000000003905,payment,pay_000000003905,order_000000003905,INV-2026-003905,setl_000000003436,300000003406,45735775,914716,164649,0,44656410,44656410,INR,card,1788003000,1788175800
pay_000000003906,payment,pay_000000003906,order_000000003906,INV-2026-003906,setl_000000003437,300000003407,27030500,540610,97310,0,26392580,26392580,INR,netbanking,1781868600,1782041400
pay_000000003907,payment,pay_000000003907,order_000000003907,INV-2026-003907,setl_000000003438,300000003407,1318525,26371,4747,0,1287407,1287407,INR,wallet,1783596600,1783683000
pay_000000003908,payment,pay_000000003908,order_000000003908,INV-2026-003908,setl_000000003439,300000003408,5462900,109258,19666,0,5333976,5333976,INR,netbanking,1781436600,1781436600
pay_000000003909,payment,pay_000000003909,order_000000003909,INV-2026-003909,setl_000000003440,300000003408,35709599,714192,128555,0,34866852,34866852,INR,netbanking,1782387000,1782387000
pay_000000003910,payment,pay_000000003910,order_000000003910,INV-2026-003910,setl_000000003441,300000003409,7894200,157884,28419,0,7707897,7707897,INR,netbanking,1785497400,1785583800
pay_000000003911,payment,pay_000000003911,order_000000003911,INV-2026-003911,setl_000000003442,300000003409,12872450,257449,46341,0,12568660,12568660,INR,wallet,1784201400,1784287800
pay_000000003912,payment,pay_000000003912,order_000000003912,INV-2026-003912,setl_000000003443,300000003410,10630450,212609,38270,0,10379571,10379571,INR,netbanking,1786879800,1786879800
pay_000000003913,payment,pay_000000003913,order_000000003913,INV-2026-003913,setl_000000003444,300000003410,2890350,57807,10405,0,2822138,2822138,INR,wallet,1786188600,1786275000
pay_000000003914,payment,pay_000000003914,order_000000003914,INV-2026-003914,setl_000000003445,300000003411,19107700,382154,68788,0,18656758,18656758,INR,upi,1787052600,1787225400
pay_000000003915,payment,pay_000000003915,order_000000003915,INV-2026-003915,setl_000000003446,300000003411,19804400,396088,71296,0,19337016,19337016,INR,netbanking,1787571000,1787571000
pay_000000003916,payment,pay_000000003916,order_000000003916,INV-2026-003916,setl_000000003447,300000003412,12245825,244917,44085,0,11956823,11956823,INR,upi,1780918200,1781004600
pay_000000003917,payment,pay_000000003917,order_000000003917,INV-2026-003917,setl_000000003448,300000003412,36711450,734229,132161,0,35845060,35845060,INR,wallet,1784806200,1784892600
pay_000000003918,payment,pay_000000003918,order_000000003918,INV-2026-003918,setl_000000003449,300000003413,14302125,286043,51488,0,13964594,13964594,INR,upi,1782300600,1782387000
pay_000000003919,payment,pay_000000003919,order_000000003919,INV-2026-003919,setl_000000003450,300000003413,12630675,252614,45471,0,12332590,12332590,INR,wallet,1781523000,1781609400
pay_000000003920,payment,pay_000000003920,order_000000003920,INV-2026-003920,setl_000000003451,300000003414,20930825,418617,75351,0,20436857,20436857,INR,card,1784719800,1784892600
pay_000000003921,payment,pay_000000003921,order_000000003921,INV-2026-003921,setl_000000003452,300000003414,45959700,919194,165455,0,44875051,44875051,INR,card,1786102200,1786188600
pay_000000003922,payment,pay_000000003922,order_000000003922,INV-2026-003922,setl_000000003453,300000003415,287350,5747,1034,0,280569,280569,INR,netbanking,1782473400,1782559800
pay_000000003923,payment,pay_000000003923,order_000000003923,INV-2026-003923,setl_000000003454,300000003415,13839099,276782,49821,0,13512496,13512496,INR,wallet,1787830200,1788003000
pay_000000003924,payment,pay_000000003924,order_000000003924,INV-2026-003924,setl_000000003455,300000003416,29883675,597674,107581,0,29178420,29178420,INR,netbanking,1782819000,1782905400
pay_000000003925,payment,pay_000000003925,order_000000003925,INV-2026-003925,setl_000000003456,300000003416,31580700,631614,113691,0,30835395,30835395,INR,upi,1781695800,1781782200
pay_000000003926,payment,pay_000000003926,order_000000003926,INV-2026-003926,setl_000000003457,300000003417,18906900,378138,68065,0,18460697,18460697,INR,upi,1781782200,1781955000
pay_000000003927,payment,pay_000000003927,order_000000003927,INV-2026-003927,setl_000000003458,300000003417,13201450,264029,47525,0,12889896,12889896,INR,netbanking,1786620600,1786793400
pay_000000003928,payment,pay_000000003928,order_000000003928,INV-2026-003928,setl_000000003459,300000003418,16967950,339359,61085,0,16567506,16567506,INR,card,1782300600,1782300600
pay_000000003929,payment,pay_000000003929,order_000000003929,INV-2026-003929,setl_000000003460,300000003418,33650925,673019,121143,0,32856763,32856763,INR,wallet,1784979000,1784979000
pay_000000003930,payment,pay_000000003930,order_000000003930,INV-2026-003930,setl_000000003461,300000003419,6349175,126984,22857,0,6199334,6199334,INR,wallet,1780831800,1780918200
pay_000000003931,payment,pay_000000003931,order_000000003931,INV-2026-003931,setl_000000003462,300000003419,19182675,383654,69058,0,18729963,18729963,INR,wallet,1785756600,1785756600
pay_000000003932,payment,pay_000000003932,order_000000003932,INV-2026-003932,setl_000000003463,300000003420,12818075,256362,46145,0,12515568,12515568,INR,upi,1782041400,1782041400
pay_000000003933,payment,pay_000000003933,order_000000003933,INV-2026-003933,setl_000000003464,300000003420,18064300,361286,65031,0,17637983,17637983,INR,netbanking,1782559800,1782732600
pay_000000003934,payment,pay_000000003934,order_000000003934,INV-2026-003934,setl_000000003465,300000003421,27646175,552924,99526,0,26993725,26993725,INR,card,1786447800,1786620600
pay_000000003935,payment,pay_000000003935,order_000000003935,INV-2026-003935,setl_000000003466,300000003421,19945850,398917,71805,0,19475128,19475128,INR,wallet,1784979000,1785151800
pay_000000003936,payment,pay_000000003936,order_000000003936,INV-2026-003936,setl_000000003467,300000003422,34895700,697914,125625,0,34072161,34072161,INR,card,1780486200,1780659000
pay_000000003937,payment,pay_000000003937,order_000000003937,INV-2026-003937,setl_000000003468,300000003422,9115200,182304,32815,0,8900081,8900081,INR,netbanking,1780831800,1781004600
pay_000000003938,payment,pay_000000003938,order_000000003938,INV-2026-003938,setl_000000003469,300000003423,36965575,739312,133076,0,36093187,36093187,INR,netbanking,1786793400,1786966200
pay_000000003939,payment,pay_000000003939,order_000000003939,INV-2026-003939,setl_000000003470,300000003423,39433400,788668,141960,0,38502772,38502772,INR,netbanking,1783510200,1783683000
pay_000000003940,payment,pay_000000003940,order_000000003940,INV-2026-003940,setl_000000003471,300000003424,2235100,44702,8046,0,2182352,2182352,INR,upi,1785151800,1785324600
pay_000000003941,payment,pay_000000003941,order_000000003941,INV-2026-003941,setl_000000003472,300000003424,448925,8979,1616,0,438330,438330,INR,netbanking,1785238200,1785324600
pay_000000003942,payment,pay_000000003942,order_000000003942,INV-2026-003942,setl_000000003473,300000003425,49037100,980742,176534,0,47879824,47879824,INR,netbanking,1781177400,1781263800
pay_000000003943,payment,pay_000000003943,order_000000003943,INV-2026-003943,setl_000000003474,300000003425,9445299,188906,34003,0,9222390,9222390,INR,card,1783337400,1783423800
pay_000000003944,payment,pay_000000003944,order_000000003944,INV-2026-003944,setl_000000003475,300000003426,47365400,947308,170515,0,46247577,46247577,INR,card,1784979000,1784979000
pay_000000003945,payment,pay_000000003945,order_000000003945,INV-2026-003945,setl_000000003476,300000003426,35666900,713338,128401,0,34825161,34825161,INR,wallet,1781004600,1781177400
pay_000000003946,payment,pay_000000003946,order_000000003946,INV-2026-003946,setl_000000003477,300000003427,8719500,174390,31390,0,8513720,8513720,INR,upi,1782732600,1782905400
pay_000000003947,payment,pay_000000003947,order_000000003947,INV-2026-003947,setl_000000003478,300000003427,7124200,142484,25647,0,6956069,6956069,INR,wallet,1786620600,1786707000
pay_000000003948,payment,pay_000000003948,order_000000003948,INV-2026-003948,setl_000000003479,300000003428,2745125,54903,9883,0,2680339,2680339,INR,wallet,1784719800,1784719800
pay_000000003949,payment,pay_000000003949,order_000000003949,INV-2026-003949,setl_000000003480,300000003428,44000800,880016,158403,0,42962381,42962381,INR,upi,1785065400,1785238200
pay_000000003950,payment,pay_000000003950,order_000000003950,INV-2026-003950,setl_000000003481,300000003429,48961025,979221,176260,0,47805544,47805544,INR,upi,1783510200,1783510200
pay_000000003951,payment,pay_000000003951,order_000000003951,INV-2026-003951,setl_000000003482,300000003429,27401250,548025,98645,0,26754580,26754580,INR,upi,1784806200,1784979000
pay_000000003952,payment,pay_000000003952,order_000000003952,INV-2026-003952,setl_000000003483,300000003430,9961899,199238,35863,0,9726798,9726798,INR,netbanking,1782214200,1782300600
pay_000000003953,payment,pay_000000003953,order_000000003953,INV-2026-003953,setl_000000003484,300000003430,30590300,611806,110125,0,29868369,29868369,INR,upi,1786620600,1786620600
pay_000000003954,payment,pay_000000003954,order_000000003954,INV-2026-003954,setl_000000003485,300000003431,46521925,930439,167479,0,45424007,45424007,INR,upi,1785238200,1785238200
pay_000000003955,payment,pay_000000003955,order_000000003955,INV-2026-003955,setl_000000003486,300000003431,8151900,163038,29347,0,7959515,7959515,INR,wallet,1783510200,1783510200
pay_000000003956,payment,pay_000000003956,order_000000003956,INV-2026-003956,setl_000000003487,300000003432,41128350,822567,148062,0,40157721,40157721,INR,wallet,1780831800,1780831800
pay_000000003957,payment,pay_000000003957,order_000000003957,INV-2026-003957,setl_000000003488,300000003433,5490950,109819,19767,0,5361364,5361364,INR,netbanking,1787398200,1787398200
pay_000000003958,payment,pay_000000003958,order_000000003958,INV-2026-003958,setl_000000003489,300000003434,41435600,828712,149168,0,40457720,40457720,INR,wallet,1786102200,1786275000
pay_000000003959,payment,pay_000000003959,order_000000003959,INV-2026-003959,setl_000000003490,300000003435,2661399,53228,9581,0,2598590,2598590,INR,wallet,1780486200,1780572600
pay_000000003960,payment,pay_000000003960,order_000000003960,INV-2026-003960,setl_000000003491,300000003436,316725,6335,1140,0,309250,309250,INR,netbanking,1784892600,1784892600
pay_000000003961,payment,pay_000000003961,order_000000003961,INV-2026-003961,setl_000000003492,300000003437,47356100,947122,170482,0,46238496,46238496,INR,netbanking,1781523000,1781695800
pay_000000003962,payment,pay_000000003962,order_000000003962,INV-2026-003962,setl_000000003493,300000003438,8612800,172256,31006,0,8409538,8409538,INR,upi,1784547000,1784547000
pay_000000003963,payment,pay_000000003963,order_000000003963,INV-2026-003963,setl_000000003494,300000003439,28987200,579744,104354,0,28303102,28303102,INR,wallet,1782473400,1782473400
pay_000000003964,payment,pay_000000003964,order_000000003964,INV-2026-003964,setl_000000003495,300000003440,36805825,736117,132501,0,35937207,35937207,INR,netbanking,1781868600,1781955000
pay_000000003965,payment,pay_000000003965,order_000000003965,INV-2026-003965,setl_000000003496,300000003441,4958899,99178,17852,0,4841869,4841869,INR,wallet,1782559800,1782732600
pay_000000003966,payment,pay_000000003966,order_000000003966,INV-2026-003966,setl_000000003497,300000003442,44651500,893030,160745,0,43597725,43597725,INR,upi,1787398200,1787484600
pay_000000003967,payment,pay_000000003967,order_000000003967,INV-2026-003967,setl_000000003498,300000003443,14567999,291360,52445,0,14224194,14224194,INR,netbanking,1783769400,1783855800
pay_000000003968,payment,pay_000000003968,order_000000003968,INV-2026-003968,setl_000000003499,300000003444,18202800,364056,65530,0,17773214,17773214,INR,netbanking,1785238200,1785238200
pay_000000003969,payment,pay_000000003969,order_000000003969,INV-2026-003969,setl_000000003500,300000003445,30497700,609954,109792,0,29777954,29777954,INR,netbanking,1781868600,1781955000
pay_000000003970,payment,pay_000000003970,order_000000003970,INV-2026-003970,setl_000000003501,300000003446,13730200,274604,49429,0,13406167,13406167,INR,wallet,1781091000,1781091000
pay_000000003971,payment,pay_000000003971,order_000000003971,INV-2026-003971,setl_000000003502,300000003447,31544275,630886,113559,0,30799830,30799830,INR,upi,1782991800,1782991800
pay_000000003972,payment,pay_000000003972,order_000000003972,INV-2026-003972,setl_000000003503,300000003448,17406550,348131,62664,0,16995755,16995755,INR,wallet,1787311800,1787311800
pay_000000003973,payment,pay_000000003973,order_000000003973,INV-2026-003973,setl_000000003504,300000003449,46572200,931444,167660,0,45473096,45473096,INR,netbanking,1785411000,1785497400
pay_000000003974,payment,pay_000000003974,order_000000003974,INV-2026-003974,setl_000000003505,300000003450,49617675,992354,178624,0,48446697,48446697,INR,netbanking,1781004600,1781091000
pay_000000003975,payment,pay_000000003975,order_000000003975,INV-2026-003975,setl_000000003506,300000003451,41258700,825174,148531,0,40284995,40284995,INR,wallet,1786361400,1786534200
pay_000000003976,payment,pay_000000003976,order_000000003976,INV-2026-003976,setl_000000003507,300000003452,48579200,971584,174885,0,47432731,47432731,INR,wallet,1785497400,1785670200
pay_000000003977,payment,pay_000000003977,order_000000003977,INV-2026-003977,setl_000000003508,300000003453,9427500,188550,33939,0,9205011,9205011,INR,wallet,1784892600,1785065400
pay_000000003978,payment,pay_000000003978,order_000000003978,INV-2026-003978,setl_000000003509,300000003454,21245200,424904,76483,0,20743813,20743813,INR,upi,1785929400,1786102200
pay_000000003979,payment,pay_000000003979,order_000000003979,INV-2026-003979,setl_000000003510,300000003455,23255750,465115,83721,0,22706914,22706914,INR,card,1782214200,1782387000
pay_000000003980,payment,pay_000000003980,order_000000003980,INV-2026-003980,setl_000000003511,300000003456,22414400,448288,80692,0,21885420,21885420,INR,upi,1780745400,1780745400
pay_000000003981,payment,pay_000000003981,order_000000003981,INV-2026-003981,setl_000000003512,300000003457,10523675,210474,37885,0,10275316,10275316,INR,netbanking,1787830200,1787916600
pay_000000003982,payment,pay_000000003982,order_000000003982,INV-2026-003982,setl_000000003513,300000003458,38045450,760909,136964,0,37147577,37147577,INR,upi,1781523000,1781609400
pay_000000003983,payment,pay_000000003983,order_000000003983,INV-2026-003983,setl_000000003514,300000003459,4074600,81492,14669,0,3978439,3978439,INR,wallet,1782127800,1782300600
pay_000000003984,payment,pay_000000003984,order_000000003984,INV-2026-003984,setl_000000003515,300000003460,31827200,636544,114578,0,31076078,31076078,INR,upi,1785756600,1785756600
pay_000000003985,payment,pay_000000003985,order_000000003985,INV-2026-003985,setl_000000003516,300000003461,15610825,312217,56199,0,15242409,15242409,INR,upi,1782905400,1782991800
pay_000000003986,payment,pay_000000003986,order_000000003986,INV-2026-003986,setl_000000003517,300000003462,808199,16164,2910,0,789125,789125,INR,wallet,1786620600,1786620600
pay_000000003987,payment,pay_000000003987,order_000000003987,INV-2026-003987,setl_000000003518,300000003463,23300199,466004,83881,0,22750314,22750314,INR,wallet,1785238200,1785324600
pay_000000003988,payment,pay_000000003988,order_000000003988,INV-2026-003988,setl_000000003519,300000003464,24886700,497734,89592,0,24299374,24299374,INR,wallet,1784115000,1784115000
pay_000000003989,payment,pay_000000003989,order_000000003989,INV-2026-003989,setl_000000003520,300000003465,27400700,548014,98643,0,26754043,26754043,INR,wallet,1782991800,1783078200
pay_000000003990,payment,pay_000000003990,order_000000003990,INV-2026-003990,setl_000000003521,300000003466,21065550,421311,75836,0,20568403,20568403,INR,card,1782214200,1782300600
pay_000000003991,payment,pay_000000003991,order_000000003991,INV-2026-003991,setl_000000003522,300000003467,24330050,486601,87588,0,23755861,23755861,INR,wallet,1785497400,1785670200
pay_000000003992,payment,pay_000000003992,order_000000003992,INV-2026-003992,setl_000000003523,300000003468,49559125,991183,178413,0,48389529,48389529,INR,wallet,1785497400,1785670200
pay_000000003993,payment,pay_000000003993,order_000000003993,INV-2026-003993,setl_000000003524,300000003469,17463100,349262,62867,0,17050971,17050971,INR,wallet,1786707000,1786793400
pay_000000003994,payment,pay_000000003994,order_000000003994,INV-2026-003994,setl_000000003525,300000003470,39449525,788991,142018,0,38518516,38518516,INR,wallet,1785324600,1785324600
pay_000000003995,payment,pay_000000003995,order_000000003995,INV-2026-003995,setl_000000003526,300000003471,49654450,993089,178756,0,48482605,48482605,INR,wallet,1786534200,1786707000
pay_000000003996,payment,pay_000000003996,order_000000003996,INV-2026-003996,setl_000000003527,300000003472,19640975,392820,70708,0,19177447,19177447,INR,card,1783769400,1783769400
pay_000000003997,payment,pay_000000003997,order_000000003997,INV-2026-003997,setl_000000003528,300000003473,17059275,341186,61413,0,16656676,16656676,INR,wallet,1780572600,1780572600
pay_000000003998,payment,pay_000000003998,order_000000003998,INV-2026-003998,setl_000000003529,300000003474,16809499,336190,60514,0,16412795,16412795,INR,card,1781868600,1781955000
pay_000000003999,payment,pay_000000003999,order_000000003999,INV-2026-003999,setl_000000003530,300000003475,19361400,387228,69701,0,18904471,18904471,INR,wallet,1780572600,1780659000
pay_000000004000,payment,pay_000000004000,order_000000004000,INV-2026-004000,setl_000000003531,300000003476,46056775,921136,165804,0,44969835,44969835,INR,wallet,1786447800,1786447800
pay_000000004001,payment,pay_000000004001,order_000000004001,INV-2026-004001,setl_000000003532,300000003477,26842699,536854,96634,0,26209211,26209211,INR,wallet,1782905400,1782991800
pay_000000004002,payment,pay_000000004002,order_000000004002,INV-2026-004002,setl_000000003533,300000003478,28181100,563622,101452,0,27516026,27516026,INR,upi,1784892600,1784979000
pay_000000004003,payment,pay_000000004003,order_000000004003,INV-2026-004003,setl_000000003534,300000003479,16552699,331054,59590,0,16162055,16162055,INR,card,1785065400,1785151800
pay_000000004004,payment,pay_000000004004,order_000000004004,INV-2026-004004,setl_000000003535,300000003480,38582075,771642,138896,0,37671537,37671537,INR,netbanking,1784633400,1784719800
pay_000000004005,payment,pay_000000004005,order_000000004005,INV-2026-004005,setl_000000003536,300000003481,28146850,562937,101329,0,27482584,27482584,INR,wallet,1785497400,1785670200
pay_000000004006,payment,pay_000000004006,order_000000004006,INV-2026-004006,setl_000000003537,300000003482,9555599,191112,34400,0,9330087,9330087,INR,upi,1785324600,1785324600
pay_000000004007,payment,pay_000000004007,order_000000004007,INV-2026-004007,setl_000000003538,300000003483,33892200,677844,122012,0,33092344,33092344,INR,netbanking,1782646200,1782732600
pay_000000004008,payment,pay_000000004008,order_000000004008,INV-2026-004008,setl_000000003539,300000003484,46852200,937044,168668,0,45746488,45746488,INR,netbanking,1781091000,1781177400
pay_000000004009,payment,pay_000000004009,order_000000004009,INV-2026-004009,setl_000000003540,300000003485,48204800,964096,173537,0,47067167,47067167,INR,upi,1786793400,1786966200
pay_000000004010,payment,pay_000000004010,order_000000004010,INV-2026-004010,setl_000000003541,300000003486,49735000,994700,179046,0,48561254,48561254,INR,card,1780572600,1780745400
pay_000000004011,payment,pay_000000004011,order_000000004011,INV-2026-004011,setl_000000003542,300000003487,8971400,179428,32297,0,8759675,8759675,INR,upi,1783942200,1784028600
pay_000000004012,payment,pay_000000004012,order_000000004012,INV-2026-004012,setl_000000003543,300000003488,28592700,571854,102934,0,27917912,27917912,INR,upi,1785583800,1785670200
pay_000000004013,payment,pay_000000004013,order_000000004013,INV-2026-004013,setl_000000003544,300000003489,19576500,391530,70475,0,19114495,19114495,INR,upi,1783251000,1783337400
pay_000000004014,payment,pay_000000004014,order_000000004014,INV-2026-004014,setl_000000003545,300000003490,23056150,461123,83002,0,22512025,22512025,INR,netbanking,1787916600,1788003000
pay_000000004015,payment,pay_000000004015,order_000000004015,INV-2026-004015,setl_000000003546,300000003491,21985699,439714,79149,0,21466836,21466836,INR,upi,1783510200,1783683000
pay_000000004016,payment,pay_000000004016,order_000000004016,INV-2026-004016,setl_000000003547,300000003492,12606125,252123,45382,0,12308620,12308620,INR,wallet,1781091000,1781091000
pay_000000004017,payment,pay_000000004017,order_000000004017,INV-2026-004017,setl_000000003548,300000003493,18118500,362370,65227,0,17690903,17690903,INR,netbanking,1784547000,1784633400
pay_000000004018,payment,pay_000000004018,order_000000004018,INV-2026-004018,setl_000000003549,300000003494,23687425,473749,85275,0,23128401,23128401,INR,upi,1781523000,1781609400
pay_000000004019,payment,pay_000000004019,order_000000004019,INV-2026-004019,setl_000000003550,300000003495,8178699,163574,29443,0,7985682,7985682,INR,upi,1782905400,1783078200
pay_000000004020,payment,pay_000000004020,order_000000004020,INV-2026-004020,setl_000000003551,300000003496,11827575,236552,42579,0,11548444,11548444,INR,upi,1785670200,1785756600
pay_000000004021,payment,pay_000000004021,order_000000004021,INV-2026-004021,setl_000000003552,300000003497,45414000,908280,163490,0,44342230,44342230,INR,card,1787398200,1787398200
pay_000000004022,payment,pay_000000004022,order_000000004022,INV-2026-004022,setl_000000003553,300000003498,46742300,934846,168272,0,45639182,45639182,INR,netbanking,1786102200,1786102200
pay_000000004023,payment,pay_000000004023,order_000000004023,INV-2026-004023,setl_000000003554,300000003499,38455299,769106,138439,0,37547754,37547754,INR,netbanking,1787571000,1787571000
pay_000000004024,payment,pay_000000004024,order_000000004024,INV-2026-004024,setl_000000003555,300000003500,32584100,651682,117303,0,31815115,31815115,INR,netbanking,1786793400,1786879800
pay_000000004025,payment,pay_000000004025,order_000000004025,INV-2026-004025,setl_000000003556,300000003501,14236699,284734,51252,0,13900713,13900713,INR,netbanking,1786879800,1786966200
pay_000000004026,payment,pay_000000004026,order_000000004026,INV-2026-004026,setl_000000003557,300000003502,11277700,225554,40600,0,11011546,11011546,INR,netbanking,1785670200,1785843000
pay_000000004027,payment,pay_000000004027,order_000000004027,INV-2026-004027,setl_000000003558,300000003503,11402700,228054,41050,0,11133596,11133596,INR,netbanking,1781868600,1781955000
pay_000000004028,payment,pay_000000004028,order_000000004028,INV-2026-004028,setl_000000003559,300000003504,19063125,381263,68627,0,18613235,18613235,INR,card,1787398200,1787398200
pay_000000004029,payment,pay_000000004029,order_000000004029,INV-2026-004029,setl_000000003560,300000003505,40717600,814352,146583,0,39756665,39756665,INR,netbanking,1782991800,1783164600
pay_000000004030,payment,pay_000000004030,order_000000004030,INV-2026-004030,setl_000000003561,300000003506,42005450,840109,151220,0,41014121,41014121,INR,wallet,1786188600,1786275000
pay_000000004031,payment,pay_000000004031,order_000000004031,INV-2026-004031,setl_000000003562,300000003507,22602625,452053,81370,0,22069202,22069202,INR,card,1781350200,1781523000
pay_000000004032,payment,pay_000000004032,order_000000004032,INV-2026-004032,setl_000000003563,300000003508,49050250,981005,176581,0,47892664,47892664,INR,card,1784374200,1784374200
pay_000000004033,payment,pay_000000004033,order_000000004033,INV-2026-004033,setl_000000003564,300000003509,20879099,417582,75165,0,20386352,20386352,INR,card,1783855800,1783855800
pay_000000004034,payment,pay_000000004034,order_000000004034,INV-2026-004034,setl_000000003565,300000003510,39357350,787147,141686,0,38428517,38428517,INR,netbanking,1783510200,1783683000
pay_000000004035,payment,pay_000000004035,order_000000004035,INV-2026-004035,setl_000000003566,300000003511,23972000,479440,86299,0,23406261,23406261,INR,card,1782473400,1782473400
pay_000000004036,payment,pay_000000004036,order_000000004036,INV-2026-004036,setl_000000003567,300000003512,19243400,384868,69276,0,18789256,18789256,INR,card,1786447800,1786620600
pay_000000004037,payment,pay_000000004037,order_000000004037,INV-2026-004037,setl_000000003568,300000003513,32684350,653687,117664,0,31912999,31912999,INR,card,1781868600,1782041400
pay_000000004038,payment,pay_000000004038,order_000000004038,INV-2026-004038,setl_000000003569,300000003514,44957350,899147,161846,0,43896357,43896357,INR,wallet,1787743800,1787830200
pay_000000004039,payment,pay_000000004039,order_000000004039,INV-2026-004039,setl_000000003570,300000003515,24890500,497810,89606,0,24303084,24303084,INR,card,1783164600,1783251000
pay_000000004040,payment,pay_000000004040,order_000000004040,INV-2026-004040,setl_000000003571,300000003516,39264925,785299,141354,0,38338272,38338272,INR,upi,1782646200,1782732600
pay_000000004041,payment,pay_000000004041,order_000000004041,INV-2026-004041,setl_000000003572,300000003517,19613125,392263,70607,0,19150255,19150255,INR,card,1783164600,1783337400
pay_000000004042,payment,pay_000000004042,order_000000004042,INV-2026-004042,setl_000000003573,300000003518,11040500,220810,39746,0,10779944,10779944,INR,wallet,1787743800,1787830200
pay_000000004043,payment,pay_000000004043,order_000000004043,INV-2026-004043,setl_000000003574,300000003519,42053900,841078,151394,0,41061428,41061428,INR,netbanking,1782387000,1782387000
pay_000000004044,payment,pay_000000004044,order_000000004044,INV-2026-004044,setl_000000003575,300000003520,13630900,272618,49071,0,13309211,13309211,INR,upi,1783596600,1783596600
pay_000000004045,payment,pay_000000004045,order_000000004045,INV-2026-004045,setl_000000003576,300000003521,27210000,544200,97956,0,26567844,26567844,INR,wallet,1781955000,1782041400
pay_000000004046,payment,pay_000000004046,order_000000004046,INV-2026-004046,setl_000000003577,300000003522,33766825,675337,121561,0,32969927,32969927,INR,wallet,1783855800,1784028600
pay_000000004047,payment,pay_000000004047,order_000000004047,INV-2026-004047,setl_000000003578,300000003523,32318599,646372,116347,0,31555880,31555880,INR,card,1783337400,1783510200
pay_000000004048,payment,pay_000000004048,order_000000004048,INV-2026-004048,setl_000000003579,300000003524,20357225,407145,73286,0,19876794,19876794,INR,card,1782991800,1783078200
pay_000000004049,payment,pay_000000004049,order_000000004049,INV-2026-004049,setl_000000003580,300000003525,42557599,851152,153207,0,41553240,41553240,INR,wallet,1785497400,1785497400
pay_000000004050,payment,pay_000000004050,order_000000004050,INV-2026-004050,setl_000000003581,300000003526,44138100,882762,158897,0,43096441,43096441,INR,upi,1780572600,1780745400
pay_000000004051,payment,pay_000000004051,order_000000004051,INV-2026-004051,setl_000000003582,300000003527,8558750,171175,30812,0,8356763,8356763,INR,upi,1781609400,1781782200
pay_000000004052,payment,pay_000000004052,order_000000004052,INV-2026-004052,setl_000000003583,300000003528,32188999,643780,115880,0,31429339,31429339,INR,wallet,1787830200,1787830200
pay_000000004053,payment,pay_000000004053,order_000000004053,INV-2026-004053,setl_000000003584,300000003529,41308100,826162,148709,0,40333229,40333229,INR,card,1781609400,1781695800
pay_000000004054,payment,pay_000000004054,order_000000004054,INV-2026-004054,setl_000000003585,300000003530,33502325,670047,120608,0,32711670,32711670,INR,wallet,1782559800,1782646200
pay_000000004055,payment,pay_000000004055,order_000000004055,INV-2026-004055,setl_000000003586,300000003531,399200,7984,1437,0,389779,389779,INR,upi,1785756600,1785843000
pay_000000004056,payment,pay_000000004056,order_000000004056,INV-2026-004056,setl_000000003587,300000003532,23632175,472644,85076,0,23074455,23074455,INR,netbanking,1786966200,1786966200
pay_000000004057,payment,pay_000000004057,order_000000004057,INV-2026-004057,setl_000000003588,300000003533,32250875,645018,116103,0,31489754,31489754,INR,wallet,1786966200,1786966200
pay_000000004058,payment,pay_000000004058,order_000000004058,INV-2026-004058,setl_000000003589,300000003534,18177575,363552,65439,0,17748584,17748584,INR,upi,1780745400,1780918200
pay_000000004059,payment,pay_000000004059,order_000000004059,INV-2026-004059,setl_000000003590,300000003535,19901900,398038,71647,0,19432215,19432215,INR,card,1783510200,1783596600
pay_000000004060,payment,pay_000000004060,order_000000004060,INV-2026-004060,setl_000000003591,300000003536,5129799,102596,18467,0,5008736,5008736,INR,wallet,1783942200,1783942200
pay_000000004061,payment,pay_000000004061,order_000000004061,INV-2026-004061,setl_000000003592,300000003537,35185975,703720,126670,0,34355585,34355585,INR,card,1786275000,1786275000
pay_000000004062,payment,pay_000000004062,order_000000004062,INV-2026-004062,setl_000000003593,300000003538,32014150,640283,115251,0,31258616,31258616,INR,upi,1783942200,1783942200
pay_000000004063,payment,pay_000000004063,order_000000004063,INV-2026-004063,setl_000000003594,300000003539,17993050,359861,64775,0,17568414,17568414,INR,netbanking,1781004600,1781004600
pay_000000004064,payment,pay_000000004064,order_000000004064,INV-2026-004064,setl_000000003595,300000003540,42273199,845464,152184,0,41275551,41275551,INR,card,1783337400,1783337400
pay_000000004065,payment,pay_000000004065,order_000000004065,INV-2026-004065,setl_000000003596,300000003541,33725900,674518,121413,0,32929969,32929969,INR,wallet,1783251000,1783423800
pay_000000004066,payment,pay_000000004066,order_000000004066,INV-2026-004066,setl_000000003597,300000003542,9566325,191327,34439,0,9340559,9340559,INR,netbanking,1780745400,1780831800
pay_000000004067,payment,pay_000000004067,order_000000004067,INV-2026-004067,setl_000000003598,300000003543,24539225,490785,88341,0,23960099,23960099,INR,card,1781004600,1781177400
pay_000000004068,payment,pay_000000004068,order_000000004068,INV-2026-004068,setl_000000003599,300000003544,49120300,982406,176833,0,47961061,47961061,INR,upi,1782732600,1782732600
pay_000000004069,payment,pay_000000004069,order_000000004069,INV-2026-004069,setl_000000003600,300000003545,26845875,536918,96645,0,26212312,26212312,INR,card,1782819000,1782819000
pay_000000004070,payment,pay_000000004070,order_000000004070,INV-2026-004070,setl_000000003601,300000003546,24117575,482352,86823,0,23548400,23548400,INR,netbanking,1786015800,1786188600
pay_000000004071,payment,pay_000000004071,order_000000004071,INV-2026-004071,setl_000000003602,300000003547,8848300,176966,31854,0,8639480,8639480,INR,wallet,1781350200,1781523000
pay_000000004072,payment,pay_000000004072,order_000000004072,INV-2026-004072,setl_000000003603,300000003548,21882625,437653,78778,0,21366194,21366194,INR,card,1780659000,1780745400
pay_000000004073,payment,pay_000000004073,order_000000004073,INV-2026-004073,setl_000000003604,300000003549,47156500,943130,169763,0,46043607,46043607,INR,netbanking,1787398200,1787398200
pay_000000004074,payment,pay_000000004074,order_000000004074,INV-2026-004074,setl_000000003605,300000003550,24078450,481569,86682,0,23510199,23510199,INR,netbanking,1783769400,1783769400
pay_000000004075,payment,pay_000000004075,order_000000004075,INV-2026-004075,setl_000000003606,300000003551,14728199,294564,53022,0,14380613,14380613,INR,upi,1782214200,1782387000
pay_000000004076,payment,pay_000000004076,order_000000004076,INV-2026-004076,setl_000000003607,300000003552,24645350,492907,88723,0,24063720,24063720,INR,wallet,1787225400,1787225400
pay_000000004077,payment,pay_000000004077,order_000000004077,INV-2026-004077,setl_000000003608,300000003553,23331625,466633,83994,0,22780998,22780998,INR,wallet,1788003000,1788089400
pay_000000004078,payment,pay_000000004078,order_000000004078,INV-2026-004078,setl_000000003609,300000003554,28747450,574949,103491,0,28069010,28069010,INR,wallet,1783769400,1783769400
pay_000000004079,payment,pay_000000004079,order_000000004079,INV-2026-004079,setl_000000003610,300000003555,49508200,990164,178230,0,48339806,48339806,INR,card,1784115000,1784287800
pay_000000004080,payment,pay_000000004080,order_000000004080,INV-2026-004080,setl_000000003611,300000003556,48684850,973697,175265,0,47535888,47535888,INR,upi,1781350200,1781350200
pay_000000004081,payment,pay_000000004081,order_000000004081,INV-2026-004081,setl_000000003612,300000003557,34566700,691334,124440,0,33750926,33750926,INR,netbanking,1783855800,1783855800
pay_000000004082,payment,pay_000000004082,order_000000004082,INV-2026-004082,setl_000000003613,300000003558,10410050,208201,37476,0,10164373,10164373,INR,wallet,1787830200,1787916600
pay_000000004083,payment,pay_000000004083,order_000000004083,INV-2026-004083,setl_000000003614,300000003559,3445100,68902,12402,0,3363796,3363796,INR,netbanking,1787916600,1788089400
pay_000000004084,payment,pay_000000004084,order_000000004084,INV-2026-004084,setl_000000003615,300000003560,49265800,985316,177357,0,48103127,48103127,INR,wallet,1785497400,1785583800
pay_000000004085,payment,pay_000000004085,order_000000004085,INV-2026-004085,setl_000000003616,300000003561,13286100,265722,47830,0,12972548,12972548,INR,netbanking,1781004600,1781177400
pay_000000004086,payment,pay_000000004086,order_000000004086,INV-2026-004086,setl_000000003617,300000003562,27873800,557476,100346,0,27215978,27215978,INR,upi,1781955000,1782041400
pay_000000004087,payment,pay_000000004087,order_000000004087,INV-2026-004087,setl_000000003618,300000003563,16279675,325594,58607,0,15895474,15895474,INR,upi,1781695800,1781868600
pay_000000004088,payment,pay_000000004088,order_000000004088,INV-2026-004088,setl_000000003619,300000003564,42190300,843806,151885,0,41194609,41194609,INR,upi,1783510200,1783683000
pay_000000004089,payment,pay_000000004089,order_000000004089,INV-2026-004089,setl_000000003620,300000003565,31913600,638272,114889,0,31160439,31160439,INR,wallet,1780313400,1780486200
pay_000000004090,payment,pay_000000004090,order_000000004090,INV-2026-004090,setl_000000003621,300000003566,44567450,891349,160443,0,43515658,43515658,INR,wallet,1783510200,1783510200
pay_000000004091,payment,pay_000000004091,order_000000004091,INV-2026-004091,setl_000000003622,300000003567,29546350,590927,106367,0,28849056,28849056,INR,netbanking,1785497400,1785583800
pay_000000004092,payment,pay_000000004092,order_000000004092,INV-2026-004092,setl_000000003623,300000003568,22117125,442343,79622,0,21595160,21595160,INR,card,1782300600,1782300600
pay_000000004093,payment,pay_000000004093,order_000000004093,INV-2026-004093,setl_000000003624,300000003569,37626600,752532,135456,0,36738612,36738612,INR,wallet,1785929400,1786015800
pay_000000004094,payment,pay_000000004094,order_000000004094,INV-2026-004094,setl_000000003625,300000003570,38628000,772560,139061,0,37716379,37716379,INR,upi,1785756600,1785843000
pay_000000004095,payment,pay_000000004095,order_000000004095,INV-2026-004095,setl_000000003626,300000003571,13202699,264054,47530,0,12891115,12891115,INR,card,1782041400,1782041400
pay_000000004096,payment,pay_000000004096,order_000000004096,INV-2026-004096,setl_000000003627,300000003572,41941999,838840,150991,0,40952168,40952168,INR,wallet,1786879800,1787052600
pay_000000004097,payment,pay_000000004097,order_000000004097,INV-2026-004097,setl_000000003628,300000003573,22831099,456622,82192,0,22292285,22292285,INR,wallet,1786275000,1786275000
pay_000000004098,payment,pay_000000004098,order_000000004098,INV-2026-004098,setl_000000003629,300000003574,40625925,812519,146253,0,39667153,39667153,INR,upi,1785151800,1785324600
pay_000000004099,payment,pay_000000004099,order_000000004099,INV-2026-004099,setl_000000003630,300000003575,25696325,513927,92507,0,25089891,25089891,INR,upi,1784892600,1785065400
pay_000000004100,payment,pay_000000004100,order_000000004100,INV-2026-004100,setl_000000003631,300000003576,25066600,501332,90240,0,24475028,24475028,INR,upi,1785497400,1785497400
pay_000000004101,payment,pay_000000004101,order_000000004101,INV-2026-004101,setl_000000003632,300000003577,37748125,754963,135893,0,36857269,36857269,INR,upi,1787830200,1788003000
pay_000000004102,payment,pay_000000004102,order_000000004102,INV-2026-004102,setl_000000003633,300000003578,42357350,847147,152486,0,41357717,41357717,INR,upi,1781004600,1781004600
pay_000000004103,payment,pay_000000004103,order_000000004103,INV-2026-004103,setl_000000003634,300000003579,32945175,658904,118603,0,32167668,32167668,INR,card,1785411000,1785411000
pay_000000004104,payment,pay_000000004104,order_000000004104,INV-2026-004104,setl_000000003635,300000003580,10697900,213958,38512,0,10445430,10445430,INR,wallet,1787571000,1787571000
pay_000000004105,payment,pay_000000004105,order_000000004105,INV-2026-004105,setl_000000003636,300000003581,22867300,457346,82322,0,22327632,22327632,INR,wallet,1787398200,1787484600
pay_000000004106,payment,pay_000000004106,order_000000004106,INV-2026-004106,setl_000000003637,300000003582,16022400,320448,57681,0,15644271,15644271,INR,netbanking,1781609400,1781609400
pay_000000004107,payment,pay_000000004107,order_000000004107,INV-2026-004107,setl_000000003638,300000003583,166500,3330,599,0,162571,162571,INR,card,1787398200,1787484600
pay_000000004108,payment,pay_000000004108,order_000000004108,INV-2026-004108,setl_000000003639,300000003584,3015750,60315,10857,0,2944578,2944578,INR,card,1787916600,1788089400
pay_000000004109,payment,pay_000000004109,order_000000004109,INV-2026-004109,setl_000000003640,300000003585,17311850,346237,62323,0,16903290,16903290,INR,upi,1783683000,1783683000
pay_000000004110,payment,pay_000000004110,order_000000004110,INV-2026-004110,setl_000000003641,300000003586,5320700,106414,19155,0,5195131,5195131,INR,netbanking,1787484600,1787657400
pay_000000004111,payment,pay_000000004111,order_000000004111,INV-2026-004111,setl_000000003642,300000003587,20770800,415416,74775,0,20280609,20280609,INR,upi,1782127800,1782214200
pay_000000004112,payment,pay_000000004112,order_000000004112,INV-2026-004112,setl_000000003643,300000003588,35817900,716358,128944,0,34972598,34972598,INR,card,1784979000,1785065400
pay_000000004113,payment,pay_000000004113,order_000000004113,INV-2026-004113,setl_000000003644,300000003589,37054650,741093,133397,0,36180160,36180160,INR,wallet,1784287800,1784460600
pay_000000004114,payment,pay_000000004114,order_000000004114,INV-2026-004114,setl_000000003645,300000003590,9206275,184126,33143,0,8989006,8989006,INR,wallet,1785929400,1786015800
pay_000000004115,payment,pay_000000004115,order_000000004115,INV-2026-004115,setl_000000003646,300000003591,21481800,429636,77334,0,20974830,20974830,INR,card,1786015800,1786188600
pay_000000004116,payment,pay_000000004116,order_000000004116,INV-2026-004116,setl_000000003647,300000003592,37066300,741326,133439,0,36191535,36191535,INR,netbanking,1781955000,1782041400
pay_000000004117,payment,pay_000000004117,order_000000004117,INV-2026-004117,setl_000000003648,300000003593,39867999,797360,143525,0,38927114,38927114,INR,upi,1780745400,1780918200
pay_000000004118,payment,pay_000000004118,order_000000004118,INV-2026-004118,setl_000000003649,300000003594,45847799,916956,165052,0,44765791,44765791,INR,card,1783078200,1783251000
pay_000000004119,payment,pay_000000004119,order_000000004119,INV-2026-004119,setl_000000003650,300000003595,21400800,428016,77043,0,20895741,20895741,INR,upi,1785065400,1785238200
pay_000000004120,payment,pay_000000004120,order_000000004120,INV-2026-004120,setl_000000003651,300000003596,15474275,309486,55707,0,15109082,15109082,INR,upi,1784547000,1784633400
pay_000000004121,payment,pay_000000004121,order_000000004121,INV-2026-004121,setl_000000003652,300000003597,22290625,445813,80246,0,21764566,21764566,INR,netbanking,1780659000,1780659000
pay_000000004122,payment,pay_000000004122,order_000000004122,INV-2026-004122,setl_000000003653,300000003598,27561475,551230,99221,0,26911024,26911024,INR,card,1783510200,1783596600
pay_000000004123,payment,pay_000000004123,order_000000004123,INV-2026-004123,setl_000000003654,300000003599,38058000,761160,137009,0,37159831,37159831,INR,upi,1787311800,1787398200
pay_000000004124,payment,pay_000000004124,order_000000004124,INV-2026-004124,setl_000000003655,300000003600,36464875,729298,131274,0,35604303,35604303,INR,netbanking,1785756600,1785843000
pay_000000004125,payment,pay_000000004125,order_000000004125,INV-2026-004125,setl_000000003656,300000003601,37007025,740141,133225,0,36133659,36133659,INR,netbanking,1781004600,1781177400
pay_000000004126,payment,pay_000000004126,order_000000004126,INV-2026-004126,setl_000000003657,300000003602,40615000,812300,146214,0,39656486,39656486,INR,upi,1784201400,1784287800
pay_000000004127,payment,pay_000000004127,order_000000004127,INV-2026-004127,setl_000000003658,300000003603,26795850,535917,96465,0,26163468,26163468,INR,card,1780659000,1780659000
pay_000000004128,payment,pay_000000004128,order_000000004128,INV-2026-004128,setl_000000003659,300000003604,34480800,689616,124131,0,33667053,33667053,INR,wallet,1786534200,1786707000
pay_000000004129,payment,pay_000000004129,order_000000004129,INV-2026-004129,setl_000000003660,300000003605,23120799,462416,83235,0,22575148,22575148,INR,upi,1781091000,1781263800
pay_000000004130,payment,pay_000000004130,order_000000004130,INV-2026-004130,setl_000000003661,300000003606,19754200,395084,71115,0,19288001,19288001,INR,wallet,1784979000,1784979000
pay_000000004131,payment,pay_000000004131,order_000000004131,INV-2026-004131,setl_000000003662,300000003607,14204399,284088,51136,0,13869175,13869175,INR,wallet,1781350200,1781523000
pay_000000004132,payment,pay_000000004132,order_000000004132,INV-2026-004132,setl_000000003663,300000003608,19485900,389718,70149,0,19026033,19026033,INR,card,1783337400,1783510200
pay_000000004133,payment,pay_000000004133,order_000000004133,INV-2026-004133,setl_000000003664,300000003609,45259099,905182,162933,0,44190984,44190984,INR,wallet,1781091000,1781091000
pay_000000004134,payment,pay_000000004134,order_000000004134,INV-2026-004134,setl_000000003665,300000003610,5458099,109162,19649,0,5329288,5329288,INR,card,1787916600,1788089400
pay_000000004135,payment,pay_000000004135,order_000000004135,INV-2026-004135,setl_000000003666,300000003611,5013000,100260,18047,0,4894693,4894693,INR,wallet,1782905400,1783078200
pay_000000004136,payment,pay_000000004136,order_000000004136,INV-2026-004136,setl_000000003667,300000003612,13394600,267892,48221,0,13078487,13078487,INR,wallet,1781782200,1781868600
pay_000000004137,payment,pay_000000004137,order_000000004137,INV-2026-004137,setl_000000003668,300000003613,17478699,349574,62923,0,17066202,17066202,INR,card,1783337400,1783337400
pay_000000004138,payment,pay_000000004138,order_000000004138,INV-2026-004138,setl_000000003669,300000003614,32800200,656004,118081,0,32026115,32026115,INR,wallet,1787225400,1787225400
pay_000000004139,payment,pay_000000004139,order_000000004139,INV-2026-004139,setl_000000003670,300000003615,39825600,796512,143372,0,38885716,38885716,INR,upi,1786620600,1786793400
pay_000000004140,payment,pay_000000004140,order_000000004140,INV-2026-004140,setl_000000003671,300000003616,49953200,999064,179832,0,48774304,48774304,INR,netbanking,1787916600,1787916600
pay_000000004141,payment,pay_000000004141,order_000000004141,INV-2026-004141,setl_000000003672,300000003617,8664575,173292,31193,0,8460090,8460090,INR,card,1784892600,1784979000
pay_000000004142,payment,pay_000000004142,order_000000004142,INV-2026-004142,setl_000000003673,300000003618,32706125,654123,117742,0,31934260,31934260,INR,card,1783855800,1783855800
pay_000000004143,payment,pay_000000004143,order_000000004143,INV-2026-004143,setl_000000003674,300000003619,39935300,798706,143767,0,38992827,38992827,INR,netbanking,1781609400,1781695800
pay_000000004144,payment,pay_000000004144,order_000000004144,INV-2026-004144,setl_000000003675,300000003620,5247675,104954,18892,0,5123829,5123829,INR,upi,1787311800,1787484600
pay_000000004145,payment,pay_000000004145,order_000000004145,INV-2026-004145,setl_000000003676,300000003621,45380899,907618,163371,0,44309910,44309910,INR,upi,1781004600,1781004600
pay_000000004146,payment,pay_000000004146,order_000000004146,INV-2026-004146,setl_000000003677,300000003622,35692100,713842,128492,0,34849766,34849766,INR,card,1787311800,1787311800
pay_000000004147,payment,pay_000000004147,order_000000004147,INV-2026-004147,setl_000000003678,300000003623,47270700,945414,170175,0,46155111,46155111,INR,netbanking,1784201400,1784287800
pay_000000004148,payment,pay_000000004148,order_000000004148,INV-2026-004148,setl_000000003679,300000003624,13109050,262181,47193,0,12799676,12799676,INR,card,1781955000,1781955000
pay_000000004149,payment,pay_000000004149,order_000000004149,INV-2026-004149,setl_000000003680,300000003625,15859725,317195,57095,0,15485435,15485435,INR,netbanking,1786447800,1786620600
pay_000000004150,payment,pay_000000004150,order_000000004150,INV-2026-004150,setl_000000003681,300000003626,31872600,637452,114741,0,31120407,31120407,INR,card,1784287800,1784287800
pay_000000004151,payment,pay_000000004151,order_000000004151,INV-2026-004151,setl_000000003682,300000003627,49215925,984319,177177,0,48054429,48054429,INR,card,1785929400,1785929400
pay_000000004152,payment,pay_000000004152,order_000000004152,INV-2026-004152,setl_000000003683,300000003628,14418800,288376,51908,0,14078516,14078516,INR,wallet,1784115000,1784115000
pay_000000004153,payment,pay_000000004153,order_000000004153,INV-2026-004153,setl_000000003684,300000003629,7522825,150457,27082,0,7345286,7345286,INR,wallet,1780745400,1780745400
pay_000000004154,payment,pay_000000004154,order_000000004154,INV-2026-004154,setl_000000003685,300000003630,27692800,553856,99694,0,27039250,27039250,INR,netbanking,1782214200,1782214200
pay_000000004155,payment,pay_000000004155,order_000000004155,INV-2026-004155,setl_000000003686,300000003631,3939900,78798,14184,0,3846918,3846918,INR,wallet,1786188600,1786275000
pay_000000004156,payment,pay_000000004156,order_000000004156,INV-2026-004156,setl_000000003687,300000003632,27573875,551478,99266,0,26923131,26923131,INR,card,1780918200,1781091000
pay_000000004157,payment,pay_000000004157,order_000000004157,INV-2026-004157,setl_000000003688,300000003633,40160100,803202,144576,0,39212322,39212322,INR,netbanking,1783855800,1783855800
pay_000000004158,payment,pay_000000004158,order_000000004158,INV-2026-004158,setl_000000003689,300000003634,10529299,210586,37905,0,10280808,10280808,INR,upi,1782991800,1782991800
pay_000000004159,payment,pay_000000004159,order_000000004159,INV-2026-004159,setl_000000003690,300000003635,45466050,909321,163678,0,44393051,44393051,INR,card,1785411000,1785497400
pay_000000004160,payment,pay_000000004160,order_000000004160,INV-2026-004160,setl_000000003691,300000003636,31054500,621090,111796,0,30321614,30321614,INR,upi,1785411000,1785411000
pay_000000004161,payment,pay_000000004161,order_000000004161,INV-2026-004161,setl_000000003692,300000003637,13358850,267177,48092,0,13043581,13043581,INR,wallet,1786361400,1786534200
pay_000000004162,payment,pay_000000004162,order_000000004162,INV-2026-004162,setl_000000003693,300000003638,22359100,447182,80493,0,21831425,21831425,INR,card,1783769400,1783942200
pay_000000004163,payment,pay_000000004163,order_000000004163,INV-2026-004163,setl_000000003694,300000003639,44495200,889904,160183,0,43445113,43445113,INR,card,1782905400,1782905400
pay_000000004164,payment,pay_000000004164,order_000000004164,INV-2026-004164,setl_000000003695,300000003640,32157200,643144,115766,0,31398290,31398290,INR,upi,1781263800,1781263800
pay_000000004165,payment,pay_000000004165,order_000000004165,INV-2026-004165,setl_000000003696,300000003641,45466499,909330,163679,0,44393490,44393490,INR,card,1780659000,1780831800
pay_000000004166,payment,pay_000000004166,order_000000004166,INV-2026-004166,setl_000000003697,300000003642,38236125,764723,137650,0,37333752,37333752,INR,wallet,1783337400,1783510200
pay_000000004167,payment,pay_000000004167,order_000000004167,INV-2026-004167,setl_000000003698,300000003643,28377475,567550,102159,0,27707766,27707766,INR,card,1787052600,1787225400
pay_000000004168,payment,pay_000000004168,order_000000004168,INV-2026-004168,setl_000000003699,300000003644,24164299,483286,86991,0,23594022,23594022,INR,wallet,1784806200,1784806200
pay_000000004169,payment,pay_000000004169,order_000000004169,INV-2026-004169,setl_000000003700,300000003645,38546500,770930,138767,0,37636803,37636803,INR,upi,1787657400,1787830200
pay_000000004170,payment,pay_000000004170,order_000000004170,INV-2026-004170,setl_000000003701,300000003646,43687200,873744,157274,0,42656182,42656182,INR,card,1785583800,1785670200
pay_000000004171,payment,pay_000000004171,order_000000004171,INV-2026-004171,setl_000000003702,300000003647,13916100,278322,50098,0,13587680,13587680,INR,wallet,1780745400,1780918200
pay_000000004172,payment,pay_000000004172,order_000000004172,INV-2026-004172,setl_000000003703,300000003648,21467400,429348,77283,0,20960769,20960769,INR,upi,1782991800,1783078200
pay_000000004173,payment,pay_000000004173,order_000000004173,INV-2026-004173,setl_000000003704,300000003649,1386125,27723,4990,0,1353412,1353412,INR,netbanking,1786361400,1786534200
pay_000000004174,payment,pay_000000004174,order_000000004174,INV-2026-004174,setl_000000003705,300000003650,6430900,128618,23151,0,6279131,6279131,INR,card,1784374200,1784460600
pay_000000004175,payment,pay_000000004175,order_000000004175,INV-2026-004175,setl_000000003706,300000003651,1500400,30008,5401,0,1464991,1464991,INR,card,1781004600,1781004600
pay_000000004176,payment,pay_000000004176,order_000000004176,INV-2026-004176,setl_000000003707,300000003652,49400850,988017,177843,0,48234990,48234990,INR,wallet,1786879800,1786966200
pay_000000004177,payment,pay_000000004177,order_000000004177,INV-2026-004177,setl_000000003708,300000003653,15815750,316315,56937,0,15442498,15442498,INR,wallet,1781177400,1781263800
pay_000000004178,payment,pay_000000004178,order_000000004178,INV-2026-004178,setl_000000003709,300000003654,28042625,560853,100954,0,27380818,27380818,INR,upi,1787052600,1787139000
pay_000000004179,payment,pay_000000004179,order_000000004179,INV-2026-004179,setl_000000003710,300000003655,1146900,22938,4129,0,1119833,1119833,INR,upi,1784115000,1784115000
pay_000000004180,payment,pay_000000004180,order_000000004180,INV-2026-004180,setl_000000003711,300000003656,49832899,996658,179398,0,48656843,48656843,INR,wallet,1786707000,1786879800
pay_000000004181,payment,pay_000000004181,order_000000004181,INV-2026-004181,setl_000000003712,300000003657,24062000,481240,86623,0,23494137,23494137,INR,upi,1783510200,1783510200
pay_000000004182,payment,pay_000000004182,order_000000004182,INV-2026-004182,setl_000000003713,300000003658,28933199,578664,104160,0,28250375,28250375,INR,upi,1786879800,1786966200
pay_000000004183,payment,pay_000000004183,order_000000004183,INV-2026-004183,setl_000000003714,300000003659,36528700,730574,131503,0,35666623,35666623,INR,upi,1784892600,1785065400
pay_000000004184,payment,pay_000000004184,order_000000004184,INV-2026-004184,setl_000000003715,300000003660,45959299,919186,165453,0,44874660,44874660,INR,netbanking,1786620600,1786707000
pay_000000004185,payment,pay_000000004185,order_000000004185,INV-2026-004185,setl_000000003716,300000003661,42228799,844576,152024,0,41232199,41232199,INR,card,1781955000,1782041400
pay_000000004186,payment,pay_000000004186,order_000000004186,INV-2026-004186,setl_000000003717,300000003662,46983700,939674,169141,0,45874885,45874885,INR,netbanking,1781782200,1781868600
pay_000000004187,payment,pay_000000004187,order_000000004187,INV-2026-004187,setl_000000003718,300000003663,16695300,333906,60103,0,16301291,16301291,INR,netbanking,1782991800,1782991800
pay_000000004188,payment,pay_000000004188,order_000000004188,INV-2026-004188,setl_000000003719,300000003664,34358899,687178,123692,0,33548029,33548029,INR,card,1782214200,1782300600
pay_000000004189,payment,pay_000000004189,order_000000004189,INV-2026-004189,setl_000000003720,300000003665,42307000,846140,152305,0,41308555,41308555,INR,card,1786275000,1786361400
pay_000000004190,payment,pay_000000004190,order_000000004190,INV-2026-004190,setl_000000003721,300000003666,43856025,877121,157882,0,42821022,42821022,INR,card,1783423800,1783423800
pay_000000004191,payment,pay_000000004191,order_000000004191,INV-2026-004191,setl_000000003722,300000003667,34275950,685519,123393,0,33467038,33467038,INR,card,1782732600,1782732600
pay_000000004192,payment,pay_000000004192,order_000000004192,INV-2026-004192,setl_000000003723,300000003668,10406100,208122,37462,0,10160516,10160516,INR,wallet,1785238200,1785411000
pay_000000004193,payment,pay_000000004193,order_000000004193,INV-2026-004193,setl_000000003724,300000003669,32346100,646922,116446,0,31582732,31582732,INR,netbanking,1781004600,1781091000
pay_000000004194,payment,pay_000000004194,order_000000004194,INV-2026-004194,setl_000000003725,300000003670,42291925,845839,152251,0,41293835,41293835,INR,netbanking,1785583800,1785583800
pay_000000004195,payment,pay_000000004195,order_000000004195,INV-2026-004195,setl_000000003726,300000003671,44143100,882862,158915,0,43101323,43101323,INR,wallet,1782473400,1782559800
pay_000000004196,payment,pay_000000004196,order_000000004196,INV-2026-004196,setl_000000003727,300000003672,5326800,106536,19176,0,5201088,5201088,INR,card,1785843000,1785843000
pay_000000004197,payment,pay_000000004197,order_000000004197,INV-2026-004197,setl_000000003728,300000003673,13165700,263314,47397,0,12854989,12854989,INR,upi,1781695800,1781695800
pay_000000004198,payment,pay_000000004198,order_000000004198,INV-2026-004198,setl_000000003729,300000003674,39611425,792229,142601,0,38676595,38676595,INR,card,1783855800,1783942200
pay_000000004199,payment,pay_000000004199,order_000000004199,INV-2026-004199,setl_000000003730,300000003675,2132900,42658,7678,0,2082564,2082564,INR,netbanking,1782473400,1782646200
pay_000000004200,payment,pay_000000004200,order_000000004200,INV-2026-004200,setl_000000003731,300000003676,21393200,427864,77016,0,20888320,20888320,INR,upi,1781091000,1781091000
pay_000000004201,payment,pay_000000004201,order_000000004201,INV-2026-004201,setl_000000003732,300000003677,29724400,594488,107008,0,29022904,29022904,INR,upi,1785151800,1785324600
pay_000000004202,payment,pay_000000004202,order_000000004202,INV-2026-004202,setl_000000003733,300000003678,49117750,982355,176824,0,47958571,47958571,INR,upi,1781523000,1781609400
pay_000000004203,payment,pay_000000004203,order_000000004203,INV-2026-004203,setl_000000003734,300000003679,16564350,331287,59632,0,16173431,16173431,INR,card,1787398200,1787571000
pay_000000004204,payment,pay_000000004204,order_000000004204,INV-2026-004204,setl_000000003735,300000003680,29931650,598633,107754,0,29225263,29225263,INR,netbanking,1786966200,1787139000
pay_000000004205,payment,pay_000000004205,order_000000004205,INV-2026-004205,setl_000000003736,300000003681,43483800,869676,156542,0,42457582,42457582,INR,upi,1780399800,1780399800
pay_000000004206,payment,pay_000000004206,order_000000004206,INV-2026-004206,setl_000000003737,300000003682,47323199,946464,170364,0,46206371,46206371,INR,card,1780399800,1780486200
pay_000000004207,payment,pay_000000004207,order_000000004207,INV-2026-004207,setl_000000003738,300000003683,2900599,58012,10442,0,2832145,2832145,INR,netbanking,1780486200,1780659000
pay_000000004208,payment,pay_000000004208,order_000000004208,INV-2026-004208,setl_000000003739,300000003684,6185575,123712,22268,0,6039595,6039595,INR,wallet,1781782200,1781782200
pay_000000004209,payment,pay_000000004209,order_000000004209,INV-2026-004209,setl_000000003740,300000003685,24063325,481267,86628,0,23495430,23495430,INR,card,1786620600,1786707000
pay_000000004210,payment,pay_000000004210,order_000000004210,INV-2026-004210,setl_000000003741,300000003686,5097350,101947,18350,0,4977053,4977053,INR,netbanking,1785583800,1785670200
pay_000000004211,payment,pay_000000004211,order_000000004211,INV-2026-004211,setl_000000003742,300000003687,38787950,775759,139637,0,37872554,37872554,INR,upi,1786447800,1786447800
pay_000000004212,payment,pay_000000004212,order_000000004212,INV-2026-004212,setl_000000003743,300000003688,45927300,918546,165338,0,44843416,44843416,INR,netbanking,1780659000,1780831800
pay_000000004213,payment,pay_000000004213,order_000000004213,INV-2026-004213,setl_000000003744,300000003689,40478050,809561,145721,0,39522768,39522768,INR,netbanking,1780486200,1780659000
pay_000000004214,payment,pay_000000004214,order_000000004214,INV-2026-004214,setl_000000003745,300000003690,46304975,926100,166698,0,45212177,45212177,INR,card,1785670200,1785756600
pay_000000004215,payment,pay_000000004215,order_000000004215,INV-2026-004215,setl_000000003746,300000003691,23572100,471442,84860,0,23015798,23015798,INR,card,1783769400,1783769400
pay_000000004216,payment,pay_000000004216,order_000000004216,INV-2026-004216,setl_000000003747,300000003692,7028975,140580,25304,0,6863091,6863091,INR,card,1780313400,1780313400
pay_000000004217,payment,pay_000000004217,order_000000004217,INV-2026-004217,setl_000000003748,300000003693,35493875,709878,127778,0,34656219,34656219,INR,upi,1785065400,1785065400
pay_000000004218,payment,pay_000000004218,order_000000004218,INV-2026-004218,setl_000000003749,300000003694,33799350,675987,121678,0,33001685,33001685,INR,card,1784028600,1784028600
pay_000000004219,payment,pay_000000004219,order_000000004219,INV-2026-004219,setl_000000003750,300000003695,8974925,179499,32310,0,8763116,8763116,INR,netbanking,1787657400,1787657400
pay_000000004220,payment,pay_000000004220,order_000000004220,INV-2026-004220,setl_000000003751,300000003696,17355175,347104,62479,0,16945592,16945592,INR,wallet,1781695800,1781868600
pay_000000004221,payment,pay_000000004221,order_000000004221,INV-2026-004221,setl_000000003752,300000003697,19929200,398584,71745,0,19458871,19458871,INR,wallet,1781177400,1781177400
pay_000000004222,payment,pay_000000004222,order_000000004222,INV-2026-004222,setl_000000003753,300000003698,17263650,345273,62149,0,16856228,16856228,INR,wallet,1781091000,1781177400
pay_000000004223,payment,pay_000000004223,order_000000004223,INV-2026-004223,setl_000000003754,300000003699,27154150,543083,97755,0,26513312,26513312,INR,upi,1780486200,1780486200
pay_000000004224,payment,pay_000000004224,order_000000004224,INV-2026-004224,setl_000000003755,300000003700,20892900,417858,75214,0,20399828,20399828,INR,netbanking,1782473400,1782473400
pay_000000004225,payment,pay_000000004225,order_000000004225,INV-2026-004225,setl_000000003756,300000003701,49968875,999378,179888,0,48789609,48789609,INR,wallet,1787484600,1787484600
pay_000000004226,payment,pay_000000004226,order_000000004226,INV-2026-004226,setl_000000003757,300000003702,43755199,875104,157519,0,42722576,42722576,INR,card,1782473400,1782559800
pay_000000004227,payment,pay_000000004227,order_000000004227,INV-2026-004227,setl_000000003758,300000003703,19527600,390552,70299,0,19066749,19066749,INR,wallet,1784028600,1784201400
pay_000000004228,payment,pay_000000004228,order_000000004228,INV-2026-004228,setl_000000003759,300000003704,17844975,356900,64242,0,17423833,17423833,INR,wallet,1787916600,1788089400
pay_000000004229,payment,pay_000000004229,order_000000004229,INV-2026-004229,setl_000000003760,300000003705,15473899,309478,55706,0,15108715,15108715,INR,card,1781955000,1781955000
pay_000000004230,payment,pay_000000004230,order_000000004230,INV-2026-004230,setl_000000003761,300000003706,45037350,900747,162134,0,43974469,43974469,INR,card,1784460600,1784633400
pay_000000004231,payment,pay_000000004231,order_000000004231,INV-2026-004231,setl_000000003762,300000003707,21598150,431963,77753,0,21088434,21088434,INR,upi,1787398200,1787484600
pay_000000004232,payment,pay_000000004232,order_000000004232,INV-2026-004232,setl_000000003763,300000003708,22582400,451648,81297,0,22049455,22049455,INR,card,1782214200,1782387000
pay_000000004233,payment,pay_000000004233,order_000000004233,INV-2026-004233,setl_000000003764,300000003709,12510125,250203,45037,0,12214885,12214885,INR,upi,1784028600,1784201400
pay_000000004234,payment,pay_000000004234,order_000000004234,INV-2026-004234,setl_000000003765,300000003710,44123725,882475,158846,0,43082404,43082404,INR,netbanking,1785238200,1785411000
pay_000000004235,payment,pay_000000004235,order_000000004235,INV-2026-004235,setl_000000003766,300000003711,12446850,248937,44809,0,12153104,12153104,INR,wallet,1787398200,1787484600
pay_000000004236,payment,pay_000000004236,order_000000004236,INV-2026-004236,setl_000000003767,300000003712,3357300,67146,12086,0,3278068,3278068,INR,card,1781868600,1781868600
pay_000000004237,payment,pay_000000004237,order_000000004237,INV-2026-004237,setl_000000003768,300000003713,23996100,479922,86386,0,23429792,23429792,INR,upi,1782559800,1782559800
pay_000000004238,payment,pay_000000004238,order_000000004238,INV-2026-004238,setl_000000003769,300000003714,12463925,249279,44870,0,12169776,12169776,INR,upi,1784806200,1784892600
pay_000000004239,payment,pay_000000004239,order_000000004239,INV-2026-004239,setl_000000003770,300000003715,47400100,948002,170640,0,46281458,46281458,INR,upi,1781091000,1781091000
pay_000000004240,payment,pay_000000004240,order_000000004240,INV-2026-004240,setl_000000003771,300000003716,41386875,827738,148993,0,40410144,40410144,INR,wallet,1786015800,1786015800
pay_000000004241,payment,pay_000000004241,order_000000004241,INV-2026-004241,setl_000000003772,300000003717,18089699,361794,65123,0,17662782,17662782,INR,card,1787743800,1787916600
pay_000000004242,payment,pay_000000004242,order_000000004242,INV-2026-004242,setl_000000003773,300000003718,20263100,405262,72947,0,19784891,19784891,INR,upi,1786275000,1786361400
pay_000000004243,payment,pay_000000004243,order_000000004243,INV-2026-004243,setl_000000003774,300000003719,17011850,340237,61243,0,16610370,16610370,INR,netbanking,1784892600,1785065400
pay_000000004244,payment,pay_000000004244,order_000000004244,INV-2026-004244,setl_000000003775,300000003720,5299325,105987,19078,0,5174260,5174260,INR,card,1787484600,1787657400
pay_000000004245,payment,pay_000000004245,order_000000004245,INV-2026-004245,setl_000000003776,300000003721,43981125,879623,158332,0,42943170,42943170,INR,upi,1784287800,1784374200
pay_000000004246,payment,pay_000000004246,order_000000004246,INV-2026-004246,setl_000000003777,300000003722,29066399,581328,104639,0,28380432,28380432,INR,netbanking,1784460600,1784633400
pay_000000004247,payment,pay_000000004247,order_000000004247,INV-2026-004247,setl_000000003778,300000003723,12646400,252928,45527,0,12347945,12347945,INR,wallet,1786707000,1786793400
pay_000000004248,payment,pay_000000004248,order_000000004248,INV-2026-004248,setl_000000003779,300000003724,19297300,385946,69470,0,18841884,18841884,INR,wallet,1787139000,1787139000
pay_000000004249,payment,pay_000000004249,order_000000004249,INV-2026-004249,setl_000000003780,300000003725,38653700,773074,139153,0,37741473,37741473,INR,card,1785065400,1785151800
pay_000000004250,payment,pay_000000004250,order_000000004250,INV-2026-004250,setl_000000003781,300000003726,24436500,488730,87971,0,23859799,23859799,INR,wallet,1782214200,1782214200
pay_000000004251,payment,pay_000000004251,order_000000004251,INV-2026-004251,setl_000000003782,300000003727,17689225,353785,63681,0,17271759,17271759,INR,netbanking,1784633400,1784633400
pay_000000004252,payment,pay_000000004252,order_000000004252,INV-2026-004252,setl_000000003783,300000003728,11789725,235795,42443,0,11511487,11511487,INR,netbanking,1780486200,1780572600
pay_000000004253,payment,pay_000000004253,order_000000004253,INV-2026-004253,setl_000000003784,300000003729,33253499,665070,119713,0,32468716,32468716,INR,wallet,1787743800,1787916600
pay_000000004254,payment,pay_000000004254,order_000000004254,INV-2026-004254,setl_000000003785,300000003730,30966300,619326,111479,0,30235495,30235495,INR,upi,1782473400,1782646200
pay_000000004255,payment,pay_000000004255,order_000000004255,INV-2026-004255,setl_000000003786,300000003731,17995525,359911,64784,0,17570830,17570830,INR,card,1786620600,1786707000
pay_000000004256,payment,pay_000000004256,order_000000004256,INV-2026-004256,setl_000000003787,300000003732,12673500,253470,45625,0,12374405,12374405,INR,netbanking,1784633400,1784719800
pay_000000004257,payment,pay_000000004257,order_000000004257,INV-2026-004257,setl_000000003788,300000003733,27772700,555454,99982,0,27117264,27117264,INR,card,1785843000,1785929400
pay_000000004258,payment,pay_000000004258,order_000000004258,INV-2026-004258,setl_000000003789,300000003734,21509125,430183,77433,0,21001509,21001509,INR,upi,1780745400,1780831800
pay_000000004259,payment,pay_000000004259,order_000000004259,INV-2026-004259,setl_000000003790,300000003735,28750775,575016,103503,0,28072256,28072256,INR,card,1785151800,1785238200
pay_000000004260,payment,pay_000000004260,order_000000004260,INV-2026-004260,setl_000000003791,300000003736,43362675,867254,156106,0,42339315,42339315,INR,card,1783596600,1783769400
pay_000000004261,payment,pay_000000004261,order_000000004261,INV-2026-004261,setl_000000003792,300000003737,37571200,751424,135256,0,36684520,36684520,INR,upi,1781782200,1781955000
pay_000000004262,payment,pay_000000004262,order_000000004262,INV-2026-004262,setl_000000003793,300000003738,49458199,989164,178050,0,48290985,48290985,INR,upi,1787743800,1787916600
pay_000000004263,payment,pay_000000004263,order_000000004263,INV-2026-004263,setl_000000003794,300000003739,213600,4272,769,0,208559,208559,INR,netbanking,1781350200,1781523000
pay_000000004264,payment,pay_000000004264,order_000000004264,INV-2026-004264,setl_000000003795,300000003740,12925799,258516,46533,0,12620750,12620750,INR,upi,1783942200,1784028600
pay_000000004265,payment,pay_000000004265,order_000000004265,INV-2026-004265,setl_000000003796,300000003741,5128925,102579,18464,0,5007882,5007882,INR,netbanking,1786707000,1786879800
pay_000000004266,payment,pay_000000004266,order_000000004266,INV-2026-004266,setl_000000003797,300000003742,20857700,417154,75088,0,20365458,20365458,INR,netbanking,1782559800,1782559800
pay_000000004267,payment,pay_000000004267,order_000000004267,INV-2026-004267,setl_000000003798,300000003743,7310625,146213,26318,0,7138094,7138094,INR,card,1780399800,1780572600
pay_000000004268,payment,pay_000000004268,order_000000004268,INV-2026-004268,setl_000000003799,300000003744,8577975,171560,30881,0,8375534,8375534,INR,upi,1784892600,1785065400
pay_000000004269,payment,pay_000000004269,order_000000004269,INV-2026-004269,setl_000000003800,300000003745,20186900,403738,72673,0,19710489,19710489,INR,card,1782991800,1782991800
pay_000000004270,payment,pay_000000004270,order_000000004270,INV-2026-004270,setl_000000003801,300000003746,46211500,924230,166361,0,45120909,45120909,INR,netbanking,1782819000,1782991800
pay_000000004271,payment,pay_000000004271,order_000000004271,INV-2026-004271,setl_000000003802,300000003747,43263900,865278,155750,0,42242872,42242872,INR,netbanking,1785151800,1785151800
pay_000000004272,payment,pay_000000004272,order_000000004272,INV-2026-004272,setl_000000003803,300000003748,47165599,943312,169796,0,46052491,46052491,INR,upi,1786275000,1786275000
pay_000000004273,payment,pay_000000004273,order_000000004273,INV-2026-004273,setl_000000003804,300000003749,24550250,491005,88381,0,23970864,23970864,INR,netbanking,1785929400,1786102200
pay_000000004274,payment,pay_000000004274,order_000000004274,INV-2026-004274,setl_000000003805,300000003750,15531700,310634,55914,0,15165152,15165152,INR,card,1781436600,1781609400
pay_000000004275,payment,pay_000000004275,order_000000004275,INV-2026-004275,setl_000000003806,300000003751,35265700,705314,126957,0,34433429,34433429,INR,card,1786102200,1786275000
pay_000000004276,payment,pay_000000004276,order_000000004276,INV-2026-004276,setl_000000003807,300000003752,19348199,386964,69654,0,18891581,18891581,INR,card,1786361400,1786361400
pay_000000004277,payment,pay_000000004277,order_000000004277,INV-2026-004277,setl_000000003808,300000003753,41975650,839513,151112,0,40985025,40985025,INR,upi,1784806200,1784979000
pay_000000004278,payment,pay_000000004278,order_000000004278,INV-2026-004278,setl_000000003809,300000003754,8025200,160504,28891,0,7835805,7835805,INR,wallet,1782646200,1782819000
pay_000000004279,payment,pay_000000004279,order_000000004279,INV-2026-004279,setl_000000003810,300000003755,5588525,111771,20119,0,5456635,5456635,INR,card,1783423800,1783596600
pay_000000004280,payment,pay_000000004280,order_000000004280,INV-2026-004280,setl_000000003811,300000003756,43457600,869152,156447,0,42432001,42432001,INR,netbanking,1786620600,1786707000
pay_000000004281,payment,pay_000000004281,order_000000004281,INV-2026-004281,setl_000000003812,300000003757,20045600,400912,72164,0,19572524,19572524,INR,card,1780572600,1780659000
pay_000000004282,payment,pay_000000004282,order_000000004282,INV-2026-004282,setl_000000003813,300000003758,26843450,536869,96636,0,26209945,26209945,INR,card,1783337400,1783423800
pay_000000004283,payment,pay_000000004283,order_000000004283,INV-2026-004283,setl_000000003814,300000003759,37293025,745861,134255,0,36412909,36412909,INR,upi,1781350200,1781523000
pay_000000004284,payment,pay_000000004284,order_000000004284,INV-2026-004284,setl_000000003815,300000003760,34327800,686556,123580,0,33517664,33517664,INR,wallet,1780572600,1780659000
pay_000000004285,payment,pay_000000004285,order_000000004285,INV-2026-004285,setl_000000003816,300000003761,39769999,795400,143172,0,38831427,38831427,INR,upi,1784806200,1784806200
pay_000000004286,payment,pay_000000004286,order_000000004286,INV-2026-004286,setl_000000003817,300000003762,46209950,924199,166356,0,45119395,45119395,INR,upi,1785843000,1785843000
pay_000000004287,payment,pay_000000004287,order_000000004287,INV-2026-004287,setl_000000003818,300000003763,33714799,674296,121373,0,32919130,32919130,INR,wallet,1783164600,1783164600
pay_000000004288,payment,pay_000000004288,order_000000004288,INV-2026-004288,setl_000000003819,300000003764,19485400,389708,70147,0,19025545,19025545,INR,netbanking,1781436600,1781523000
pay_000000004289,payment,pay_000000004289,order_000000004289,INV-2026-004289,setl_000000003820,300000003765,33428300,668566,120342,0,32639392,32639392,INR,card,1784115000,1784201400
pay_000000004290,payment,pay_000000004290,order_000000004290,INV-2026-004290,setl_000000003821,300000003766,29915475,598310,107696,0,29209469,29209469,INR,netbanking,1785583800,1785670200
pay_000000004291,payment,pay_000000004291,order_000000004291,INV-2026-004291,setl_000000003822,300000003767,35529399,710588,127906,0,34690905,34690905,INR,upi,1781868600,1781868600
pay_000000004292,payment,pay_000000004292,order_000000004292,INV-2026-004292,setl_000000003823,300000003768,19908750,398175,71672,0,19438903,19438903,INR,card,1782991800,1783164600
pay_000000004293,payment,pay_000000004293,order_000000004293,INV-2026-004293,setl_000000003824,300000003769,23051500,461030,82985,0,22507485,22507485,INR,card,1787311800,1787311800
pay_000000004294,payment,pay_000000004294,order_000000004294,INV-2026-004294,setl_000000003825,300000003770,49145500,982910,176924,0,47985666,47985666,INR,upi,1783596600,1783683000
pay_000000004295,payment,pay_000000004295,order_000000004295,INV-2026-004295,setl_000000003826,300000003771,17461075,349222,62860,0,17048993,17048993,INR,card,1785843000,1785843000
pay_000000004296,payment,pay_000000004296,order_000000004296,INV-2026-004296,setl_000000003827,300000003772,5982325,119647,21536,0,5841142,5841142,INR,card,1783596600,1783769400
pay_000000004297,payment,pay_000000004297,order_000000004297,INV-2026-004297,setl_000000003828,300000003773,5521450,110429,19877,0,5391144,5391144,INR,netbanking,1788003000,1788089400
pay_000000004298,payment,pay_000000004298,order_000000004298,INV-2026-004298,setl_000000003829,300000003774,16923800,338476,60926,0,16524398,16524398,INR,netbanking,1787225400,1787225400
pay_000000004299,payment,pay_000000004299,order_000000004299,INV-2026-004299,setl_000000003830,300000003775,28378500,567570,102163,0,27708767,27708767,INR,upi,1783251000,1783337400
pay_000000004300,payment,pay_000000004300,order_000000004300,INV-2026-004300,setl_000000003831,300000003776,27315275,546306,98335,0,26670634,26670634,INR,wallet,1783596600,1783683000
pay_000000004301,payment,pay_000000004301,order_000000004301,INV-2026-004301,setl_000000003832,300000003777,13274475,265490,47788,0,12961197,12961197,INR,netbanking,1785497400,1785583800
pay_000000004302,payment,pay_000000004302,order_000000004302,INV-2026-004302,setl_000000003833,300000003778,33069499,661390,119050,0,32289059,32289059,INR,card,1783510200,1783683000
pay_000000004303,payment,pay_000000004303,order_000000004303,INV-2026-004303,setl_000000003834,300000003779,23946800,478936,86208,0,23381656,23381656,INR,wallet,1780918200,1781004600
pay_000000004304,payment,pay_000000004304,order_000000004304,INV-2026-004304,setl_000000003835,300000003780,26920425,538409,96914,0,26285102,26285102,INR,upi,1782473400,1782473400
pay_000000004305,payment,pay_000000004305,order_000000004305,INV-2026-004305,setl_000000003836,300000003781,12581300,251626,45293,0,12284381,12284381,INR,wallet,1784028600,1784201400
pay_000000004306,payment,pay_000000004306,order_000000004306,INV-2026-004306,setl_000000003837,300000003782,41163199,823264,148188,0,40191747,40191747,INR,wallet,1786879800,1786966200
pay_000000004307,payment,pay_000000004307,order_000000004307,INV-2026-004307,setl_000000003838,300000003783,30824475,616490,110968,0,30097017,30097017,INR,card,1782732600,1782819000
pay_000000004308,payment,pay_000000004308,order_000000004308,INV-2026-004308,setl_000000003839,300000003784,47719600,954392,171791,0,46593417,46593417,INR,wallet,1786188600,1786361400
pay_000000004309,payment,pay_000000004309,order_000000004309,INV-2026-004309,setl_000000003840,300000003785,15917525,318351,57303,0,15541871,15541871,INR,netbanking,1786879800,1786879800
pay_000000004310,payment,pay_000000004310,order_000000004310,INV-2026-004310,setl_000000003841,300000003786,5493900,109878,19778,0,5364244,5364244,INR,upi,1784979000,1785065400
pay_000000004311,payment,pay_000000004311,order_000000004311,INV-2026-004311,setl_000000003842,300000003787,23643075,472862,85115,0,23085098,23085098,INR,card,1784633400,1784719800
pay_000000004312,payment,pay_000000004312,order_000000004312,INV-2026-004312,setl_000000003843,300000003788,9850899,197018,35463,0,9618418,9618418,INR,upi,1782127800,1782214200
pay_000000004313,payment,pay_000000004313,order_000000004313,INV-2026-004313,setl_000000003844,300000003789,49726475,994530,179015,0,48552930,48552930,INR,card,1781091000,1781263800
pay_000000004314,payment,pay_000000004314,order_000000004314,INV-2026-004314,setl_000000003845,300000003790,3680100,73602,13248,0,3593250,3593250,INR,netbanking,1783855800,1783855800
pay_000000004315,payment,pay_000000004315,order_000000004315,INV-2026-004315,setl_000000003846,300000003791,14367975,287360,51725,0,14028890,14028890,INR,card,1785151800,1785238200
pay_000000004316,payment,pay_000000004316,order_000000004316,INV-2026-004316,setl_000000003847,300000003792,30125675,602514,108453,0,29414708,29414708,INR,wallet,1787743800,1787916600
pay_000000004317,payment,pay_000000004317,order_000000004317,INV-2026-004317,setl_000000003848,300000003793,48018200,960364,172866,0,46884970,46884970,INR,netbanking,1782905400,1782991800
pay_000000004318,payment,pay_000000004318,order_000000004318,INV-2026-004318,setl_000000003849,300000003794,34620899,692418,124635,0,33803846,33803846,INR,upi,1782300600,1782473400
pay_000000004319,payment,pay_000000004319,order_000000004319,INV-2026-004319,setl_000000003850,300000003795,7332099,146642,26396,0,7159061,7159061,INR,upi,1782991800,1783078200
pay_000000004320,payment,pay_000000004320,order_000000004320,INV-2026-004320,setl_000000003851,300000003796,22067225,441345,79442,0,21546438,21546438,INR,netbanking,1780745400,1780745400
pay_000000004321,payment,pay_000000004321,order_000000004321,INV-2026-004321,setl_000000003852,300000003797,2858375,57168,10290,0,2790917,2790917,INR,netbanking,1784115000,1784201400
pay_000000004322,payment,pay_000000004322,order_000000004322,INV-2026-004322,setl_000000003853,300000003798,18249375,364988,65698,0,17818689,17818689,INR,card,1783164600,1783164600
pay_000000004323,payment,pay_000000004323,order_000000004323,INV-2026-004323,setl_000000003854,300000003799,33456300,669126,120443,0,32666731,32666731,INR,upi,1782991800,1783164600
pay_000000004324,payment,pay_000000004324,order_000000004324,INV-2026-004324,setl_000000003855,300000003800,26130775,522616,94071,0,25514088,25514088,INR,upi,1782819000,1782819000
pay_000000004325,payment,pay_000000004325,order_000000004325,INV-2026-004325,setl_000000003856,300000003801,33546175,670924,120766,0,32754485,32754485,INR,card,1782387000,1782559800
pay_000000004326,payment,pay_000000004326,order_000000004326,INV-2026-004326,setl_000000003857,300000003802,4478200,89564,16122,0,4372514,4372514,INR,wallet,1784633400,1784633400
pay_000000004327,payment,pay_000000004327,order_000000004327,INV-2026-004327,setl_000000003858,300000003803,47201199,944024,169924,0,46087251,46087251,INR,wallet,1783423800,1783510200
pay_000000004328,payment,pay_000000004328,order_000000004328,INV-2026-004328,setl_000000003859,300000003804,6830650,136613,24590,0,6669447,6669447,INR,card,1787052600,1787225400
pay_000000004329,payment,pay_000000004329,order_000000004329,INV-2026-004329,setl_000000003860,300000003805,40938300,818766,147378,0,39972156,39972156,INR,netbanking,1786534200,1786534200
pay_000000004330,payment,pay_000000004330,order_000000004330,INV-2026-004330,setl_000000003861,300000003806,43702550,874051,157329,0,42671170,42671170,INR,upi,1781004600,1781004600
pay_000000004331,payment,pay_000000004331,order_000000004331,INV-2026-004331,setl_000000003862,300000003807,12833499,256670,46201,0,12530628,12530628,INR,upi,1782819000,1782819000
pay_000000004332,payment,pay_000000004332,order_000000004332,INV-2026-004332,setl_000000003863,300000003808,1353899,27078,4874,0,1321947,1321947,INR,card,1785238200,1785324600
pay_000000004333,payment,pay_000000004333,order_000000004333,INV-2026-004333,setl_000000003864,300000003809,12776625,255533,45996,0,12475096,12475096,INR,netbanking,1785583800,1785670200
pay_000000004334,payment,pay_000000004334,order_000000004334,INV-2026-004334,setl_000000003865,300000003810,12124399,242488,43648,0,11838263,11838263,INR,netbanking,1787311800,1787311800
pay_000000004335,payment,pay_000000004335,order_000000004335,INV-2026-004335,setl_000000003866,300000003811,26258400,525168,94530,0,25638702,25638702,INR,netbanking,1784633400,1784806200
pay_000000004336,payment,pay_000000004336,order_000000004336,INV-2026-004336,setl_000000003867,300000003812,41045300,820906,147763,0,40076631,40076631,INR,netbanking,1785411000,1785411000
pay_000000004337,payment,pay_000000004337,order_000000004337,INV-2026-004337,setl_000000003868,300000003813,2777800,55556,10000,0,2712244,2712244,INR,upi,1783423800,1783596600
pay_000000004338,payment,pay_000000004338,order_000000004338,INV-2026-004338,setl_000000003869,300000003814,6447425,128949,23211,0,6295265,6295265,INR,card,1785411000,1785411000
pay_000000004339,payment,pay_000000004339,order_000000004339,INV-2026-004339,setl_000000003870,300000003815,30259725,605195,108935,0,29545595,29545595,INR,wallet,1787916600,1787916600
pay_000000004340,payment,pay_000000004340,order_000000004340,INV-2026-004340,setl_000000003871,300000003816,19173250,383465,69024,0,18720761,18720761,INR,wallet,1781609400,1781695800
pay_000000004341,payment,pay_000000004341,order_000000004341,INV-2026-004341,setl_000000003872,300000003817,9834550,196691,35404,0,9602455,9602455,INR,netbanking,1780745400,1780831800
pay_000000004342,payment,pay_000000004342,order_000000004342,INV-2026-004342,setl_000000003873,300000003818,348725,6975,1256,0,340494,340494,INR,card,1781004600,1781177400
pay_000000004343,payment,pay_000000004343,order_000000004343,INV-2026-004343,setl_000000003874,300000003819,39640825,792817,142707,0,38705301,38705301,INR,upi,1784633400,1784806200
pay_000000004344,payment,pay_000000004344,order_000000004344,INV-2026-004344,setl_000000003875,300000003820,37664300,753286,135591,0,36775423,36775423,INR,wallet,1781868600,1782041400
pay_000000004345,payment,pay_000000004345,order_000000004345,INV-2026-004345,setl_000000003876,300000003821,4160625,83213,14978,0,4062434,4062434,INR,wallet,1784806200,1784892600
pay_000000004346,payment,pay_000000004346,order_000000004346,INV-2026-004346,setl_000000003877,300000003822,31019775,620396,111671,0,30287708,30287708,INR,upi,1785151800,1785151800
pay_000000004347,payment,pay_000000004347,order_000000004347,INV-2026-004347,setl_000000003878,300000003823,49944450,998889,179800,0,48765761,48765761,INR,wallet,1781955000,1782127800
pay_000000004348,payment,pay_000000004348,order_000000004348,INV-2026-004348,setl_000000003879,300000003824,2584550,51691,9304,0,2523555,2523555,INR,card,1787916600,1788003000
pay_000000004349,payment,pay_000000004349,order_000000004349,INV-2026-004349,setl_000000003880,300000003825,12993999,259880,46778,0,12687341,12687341,INR,netbanking,1781868600,1781955000
pay_000000004350,payment,pay_000000004350,order_000000004350,INV-2026-004350,setl_000000003881,300000003826,40935175,818704,147367,0,39969104,39969104,INR,card,1781609400,1781695800
pay_000000004351,payment,pay_000000004351,order_000000004351,INV-2026-004351,setl_000000003882,300000003827,39522025,790441,142279,0,38589305,38589305,INR,card,1787571000,1787571000
pay_000000004352,payment,pay_000000004352,order_000000004352,INV-2026-004352,setl_000000003883,300000003828,14519925,290399,52272,0,14177254,14177254,INR,netbanking,1785583800,1785670200
pay_000000004353,payment,pay_000000004353,order_000000004353,INV-2026-004353,setl_000000003884,300000003829,37546799,750936,135168,0,36660695,36660695,INR,upi,1781955000,1782127800
pay_000000004354,payment,pay_000000004354,order_000000004354,INV-2026-004354,setl_000000003885,300000003830,9013999,180280,32450,0,8801269,8801269,INR,netbanking,1780659000,1780831800
pay_000000004355,payment,pay_000000004355,order_000000004355,INV-2026-004355,setl_000000003886,300000003831,27516699,550334,99060,0,26867305,26867305,INR,card,1784892600,1785065400
pay_000000004356,payment,pay_000000004356,order_000000004356,INV-2026-004356,setl_000000003887,300000003832,33420575,668412,120314,0,32631849,32631849,INR,upi,1784028600,1784201400
pay_000000004357,payment,pay_000000004357,order_000000004357,INV-2026-004357,setl_000000003888,300000003833,9024525,180491,32488,0,8811546,8811546,INR,wallet,1787225400,1787225400
pay_000000004358,payment,pay_000000004358,order_000000004358,INV-2026-004358,setl_000000003889,300000003834,36107850,722157,129988,0,35255705,35255705,INR,netbanking,1780831800,1780918200
pay_000000004359,payment,pay_000000004359,order_000000004359,INV-2026-004359,setl_000000003890,300000003835,43551050,871021,156784,0,42523245,42523245,INR,upi,1786793400,1786966200
pay_000000004360,payment,pay_000000004360,order_000000004360,INV-2026-004360,setl_000000003891,300000003836,39927500,798550,143739,0,38985211,38985211,INR,wallet,1788003000,1788089400
pay_000000004361,payment,pay_000000004361,order_000000004361,INV-2026-004361,setl_000000003892,300000003837,18326750,366535,65976,0,17894239,17894239,INR,netbanking,1783337400,1783337400
pay_000000004362,payment,pay_000000004362,order_000000004362,INV-2026-004362,setl_000000003893,300000003838,10880500,217610,39170,0,10623720,10623720,INR,wallet,1786188600,1786188600
pay_000000004363,payment,pay_000000004363,order_000000004363,INV-2026-004363,setl_000000003894,300000003839,24299299,485986,87477,0,23725836,23725836,INR,netbanking,1784719800,1784719800
pay_000000004364,payment,pay_000000004364,order_000000004364,INV-2026-004364,setl_000000003895,300000003840,9628000,192560,34661,0,9400779,9400779,INR,upi,1780745400,1780918200
pay_000000004365,payment,pay_000000004365,order_000000004365,INV-2026-004365,setl_000000003896,300000003841,20283400,405668,73020,0,19804712,19804712,INR,upi,1784633400,1784806200
pay_000000004366,payment,pay_000000004366,order_000000004366,INV-2026-004366,setl_000000003897,300000003842,8793300,175866,31656,0,8585778,8585778,INR,card,1782905400,1782991800
pay_000000004367,payment,pay_000000004367,order_000000004367,INV-2026-004367,setl_000000003898,300000003843,28163850,563277,101390,0,27499183,27499183,INR,wallet,1781955000,1781955000
pay_000000004368,payment,pay_000000004368,order_000000004368,INV-2026-004368,setl_000000003899,300000003844,31712750,634255,114166,0,30964329,30964329,INR,upi,1781695800,1781695800
pay_000000004369,payment,pay_000000004369,order_000000004369,INV-2026-004369,setl_000000003900,300000003845,24497499,489950,88191,0,23919358,23919358,INR,wallet,1787311800,1787311800
pay_000000004370,payment,pay_000000004370,order_000000004370,INV-2026-004370,setl_000000003901,300000003846,29373125,587463,105743,0,28679919,28679919,INR,netbanking,1780313400,1780313400
pay_000000004371,payment,pay_000000004371,order_000000004371,INV-2026-004371,setl_000000003902,300000003847,9744200,194884,35079,0,9514237,9514237,INR,upi,1783942200,1784028600
pay_000000004372,payment,pay_000000004372,order_000000004372,INV-2026-004372,setl_000000003903,300000003848,10493200,209864,37776,0,10245560,10245560,INR,upi,1784201400,1784287800
pay_000000004373,payment,pay_000000004373,order_000000004373,INV-2026-004373,setl_000000003904,300000003849,39774575,795492,143189,0,38835894,38835894,INR,netbanking,1784979000,1784979000
pay_000000004374,payment,pay_000000004374,order_000000004374,INV-2026-004374,setl_000000003905,300000003850,39209525,784191,141154,0,38284180,38284180,INR,card,1783510200,1783510200
pay_000000004375,payment,pay_000000004375,order_000000004375,INV-2026-004375,setl_000000003906,300000003851,8367000,167340,30121,0,8169539,8169539,INR,netbanking,1786447800,1786534200
pay_000000004376,payment,pay_000000004376,order_000000004376,INV-2026-004376,setl_000000003907,300000003852,35929300,718586,129345,0,35081369,35081369,INR,wallet,1780745400,1780918200
pay_000000004377,payment,pay_000000004377,order_000000004377,INV-2026-004377,setl_000000003908,300000003853,7610400,152208,27397,0,7430795,7430795,INR,upi,1783337400,1783337400
pay_000000004378,payment,pay_000000004378,order_000000004378,INV-2026-004378,setl_000000003909,300000003854,28598300,571966,102954,0,27923380,27923380,INR,card,1784201400,1784201400
pay_000000004379,payment,pay_000000004379,order_000000004379,INV-2026-004379,setl_000000003910,300000003855,44163800,883276,158990,0,43121534,43121534,INR,upi,1785411000,1785411000
pay_000000004380,payment,pay_000000004380,order_000000004380,INV-2026-004380,setl_000000003911,300000003856,24832150,496643,89396,0,24246111,24246111,INR,netbanking,1782473400,1782559800
pay_000000004381,payment,pay_000000004381,order_000000004381,INV-2026-004381,setl_000000003912,300000003857,1286400,25728,4631,0,1256041,1256041,INR,netbanking,1782127800,1782214200
pay_000000004382,payment,pay_000000004382,order_000000004382,INV-2026-004382,setl_000000003913,300000003858,33114300,662286,119211,0,32332803,32332803,INR,netbanking,1783596600,1783596600
pay_000000004383,payment,pay_000000004383,order_000000004383,INV-2026-004383,setl_000000003914,300000003859,26287600,525752,94635,0,25667213,25667213,INR,wallet,1787139000,1787311800
pay_000000004384,payment,pay_000000004384,order_000000004384,INV-2026-004384,setl_000000003915,300000003860,9191299,183826,33089,0,8974384,8974384,INR,wallet,1782127800,1782127800
pay_000000004385,payment,pay_000000004385,order_000000004385,INV-2026-004385,setl_000000003916,300000003861,7461700,149234,26862,0,7285604,7285604,INR,wallet,1780745400,1780745400
pay_000000004386,payment,pay_000000004386,order_000000004386,INV-2026-004386,setl_000000003917,300000003862,38191299,763826,137489,0,37289984,37289984,INR,wallet,1787225400,1787225400
pay_000000004387,payment,pay_000000004387,order_000000004387,INV-2026-004387,setl_000000003918,300000003863,44451800,889036,160026,0,43402738,43402738,INR,card,1786793400,1786966200
pay_000000004388,payment,pay_000000004388,order_000000004388,INV-2026-004388,setl_000000003919,300000003864,20850625,417013,75062,0,20358550,20358550,INR,card,1784806200,1784806200
pay_000000004389,payment,pay_000000004389,order_000000004389,INV-2026-004389,setl_000000003920,300000003865,33450900,669018,120423,0,32661459,32661459,INR,card,1782905400,1783078200
pay_000000004390,payment,pay_000000004390,order_000000004390,INV-2026-004390,setl_000000003921,300000003866,6974775,139496,25109,0,6810170,6810170,INR,netbanking,1785756600,1785929400
pay_000000004391,payment,pay_000000004391,order_000000004391,INV-2026-004391,setl_000000003922,300000003867,16941100,338822,60988,0,16541290,16541290,INR,netbanking,1785929400,1786015800
pay_000000004392,payment,pay_000000004392,order_000000004392,INV-2026-004392,setl_000000003923,300000003868,8251400,165028,29705,0,8056667,8056667,INR,wallet,1781609400,1781782200
pay_000000004393,payment,pay_000000004393,order_000000004393,INV-2026-004393,setl_000000003924,300000003869,9143825,182877,32918,0,8928030,8928030,INR,wallet,1783596600,1783596600
pay_000000004394,payment,pay_000000004394,order_000000004394,INV-2026-004394,setl_000000003925,300000003870,25528100,510562,91901,0,24925637,24925637,INR,wallet,1781955000,1781955000
pay_000000004395,payment,pay_000000004395,order_000000004395,INV-2026-004395,setl_000000003926,300000003871,39047099,780942,140570,0,38125587,38125587,INR,card,1781868600,1782041400
pay_000000004396,payment,pay_000000004396,order_000000004396,INV-2026-004396,setl_000000003927,300000003872,42554300,851086,153195,0,41550019,41550019,INR,upi,1780399800,1780486200
pay_000000004397,payment,pay_000000004397,order_000000004397,INV-2026-004397,setl_000000003928,300000003873,32574799,651496,117269,0,31806034,31806034,INR,netbanking,1782041400,1782214200
pay_000000004398,payment,pay_000000004398,order_000000004398,INV-2026-004398,setl_000000003929,300000003874,25849200,516984,93057,0,25239159,25239159,INR,upi,1787830200,1788003000
pay_000000004399,payment,pay_000000004399,order_000000004399,INV-2026-004399,setl_000000003930,300000003875,680100,13602,2448,0,664050,664050,INR,card,1783596600,1783683000
pay_000000004400,payment,pay_000000004400,order_000000004400,INV-2026-004400,setl_000000003931,300000003876,26893000,537860,96815,0,26258325,26258325,INR,wallet,1782387000,1782387000
pay_000000004401,payment,pay_000000004401,order_000000004401,INV-2026-004401,setl_000000003932,300000003877,12297100,245942,44270,0,12006888,12006888,INR,card,1782991800,1783164600
pay_000000004402,payment,pay_000000004402,order_000000004402,INV-2026-004402,setl_000000003933,300000003878,45299250,905985,163077,0,44230188,44230188,INR,card,1787830200,1787830200
pay_000000004403,payment,pay_000000004403,order_000000004403,INV-2026-004403,setl_000000003934,300000003879,39976600,799532,143916,0,39033152,39033152,INR,card,1782041400,1782127800
pay_000000004404,payment,pay_000000004404,order_000000004404,INV-2026-004404,setl_000000003935,300000003880,36913599,738272,132889,0,36042438,36042438,INR,card,1786361400,1786361400
pay_000000004405,payment,pay_000000004405,order_000000004405,INV-2026-004405,setl_000000003936,300000003881,17718650,354373,63787,0,17300490,17300490,INR,netbanking,1785756600,1785929400
pay_000000004406,payment,pay_000000004406,order_000000004406,INV-2026-004406,setl_000000003937,300000003882,46981500,939630,169133,0,45872737,45872737,INR,card,1786879800,1787052600
pay_000000004407,payment,pay_000000004407,order_000000004407,INV-2026-004407,setl_000000003938,300000003883,14400175,288004,51841,0,14060330,14060330,INR,wallet,1783337400,1783423800
pay_000000004408,payment,pay_000000004408,order_000000004408,INV-2026-004408,setl_000000003939,300000003884,38292600,765852,137853,0,37388895,37388895,INR,netbanking,1784201400,1784287800
pay_000000004409,payment,pay_000000004409,order_000000004409,INV-2026-004409,setl_000000003940,300000003885,30137925,602759,108497,0,29426669,29426669,INR,card,1781695800,1781782200
pay_000000004410,payment,pay_000000004410,order_000000004410,INV-2026-004410,setl_000000003941,300000003886,29093400,581868,104736,0,28406796,28406796,INR,upi,1781955000,1782041400
pay_000000004411,payment,pay_000000004411,order_000000004411,INV-2026-004411,setl_000000003942,300000003887,25400800,508016,91443,0,24801341,24801341,INR,card,1785670200,1785670200
pay_000000004412,payment,pay_000000004412,order_000000004412,INV-2026-004412,setl_000000003943,300000003888,33574699,671494,120869,0,32782336,32782336,INR,netbanking,1785151800,1785324600
pay_000000004413,payment,pay_000000004413,order_000000004413,INV-2026-004413,setl_000000003944,300000003889,8125150,162503,29251,0,7933396,7933396,INR,netbanking,1781004600,1781091000
pay_000000004414,payment,pay_000000004414,order_000000004414,INV-2026-004414,setl_000000003945,300000003890,4400400,88008,15841,0,4296551,4296551,INR,wallet,1781436600,1781436600
pay_000000004415,payment,pay_000000004415,order_000000004415,INV-2026-004415,setl_000000003946,300000003891,2537550,50751,9135,0,2477664,2477664,INR,wallet,1782905400,1783078200
pay_000000004416,payment,pay_000000004416,order_000000004416,INV-2026-004416,setl_000000003947,300000003892,20839475,416790,75022,0,20347663,20347663,INR,wallet,1785756600,1785843000
pay_000000004417,payment,pay_000000004417,order_000000004417,INV-2026-004417,setl_000000003948,300000003893,3153300,63066,11352,0,3078882,3078882,INR,wallet,1787052600,1787225400
pay_000000004418,payment,pay_000000004418,order_000000004418,INV-2026-004418,setl_000000003949,300000003894,49798550,995971,179275,0,48623304,48623304,INR,netbanking,1782905400,1782905400
pay_000000004419,payment,pay_000000004419,order_000000004419,INV-2026-004419,setl_000000003950,300000003895,21719225,434385,78189,0,21206651,21206651,INR,wallet,1784374200,1784374200
pay_000000004420,payment,pay_000000004420,order_000000004420,INV-2026-004420,setl_000000003951,300000003896,36735400,734708,132247,0,35868445,35868445,INR,netbanking,1783596600,1783596600
pay_000000004421,payment,pay_000000004421,order_000000004421,INV-2026-004421,setl_000000003952,300000003897,44831800,896636,161394,0,43773770,43773770,INR,wallet,1783855800,1784028600
pay_000000004422,payment,pay_000000004422,order_000000004422,INV-2026-004422,setl_000000003953,300000003898,6223899,124478,22406,0,6077015,6077015,INR,wallet,1782127800,1782127800
pay_000000004423,payment,pay_000000004423,order_000000004423,INV-2026-004423,setl_000000003954,300000003899,8250625,165013,29702,0,8055910,8055910,INR,wallet,1787916600,1788089400
pay_000000004424,payment,pay_000000004424,order_000000004424,INV-2026-004424,setl_000000003955,300000003900,22810700,456214,82119,0,22272367,22272367,INR,netbanking,1786447800,1786447800
pay_000000004425,payment,pay_000000004425,order_000000004425,INV-2026-004425,setl_000000003956,300000003901,35276300,705526,126995,0,34443779,34443779,INR,netbanking,1785497400,1785670200
pay_000000004426,payment,pay_000000004426,order_000000004426,INV-2026-004426,setl_000000003957,300000003902,23577250,471545,84878,0,23020827,23020827,INR,netbanking,1786361400,1786534200
pay_000000004427,payment,pay_000000004427,order_000000004427,INV-2026-004427,setl_000000003958,300000003903,32319250,646385,116349,0,31556516,31556516,INR,upi,1781955000,1782127800
pay_000000004428,payment,pay_000000004428,order_000000004428,INV-2026-004428,setl_000000003959,300000003904,5862725,117255,21106,0,5724364,5724364,INR,wallet,1786102200,1786188600
pay_000000004429,payment,pay_000000004429,order_000000004429,INV-2026-004429,setl_000000003960,300000003905,40657675,813154,146368,0,39698153,39698153,INR,netbanking,1787484600,1787657400
pay_000000004430,payment,pay_000000004430,order_000000004430,INV-2026-004430,setl_000000003961,300000003906,9970200,199404,35893,0,9734903,9734903,INR,wallet,1786447800,1786447800
pay_000000004431,payment,pay_000000004431,order_000000004431,INV-2026-004431,setl_000000003962,300000003907,12105400,242108,43579,0,11819713,11819713,INR,upi,1785411000,1785411000
pay_000000004432,payment,pay_000000004432,order_000000004432,INV-2026-004432,setl_000000003963,300000003908,20077075,401542,72278,0,19603255,19603255,INR,upi,1788003000,1788175800
pay_000000004433,payment,pay_000000004433,order_000000004433,INV-2026-004433,setl_000000003964,300000003909,15572799,311456,56062,0,15205281,15205281,INR,upi,1785756600,1785843000
pay_000000004434,payment,pay_000000004434,order_000000004434,INV-2026-004434,setl_000000003965,300000003910,18475599,369512,66512,0,18039575,18039575,INR,netbanking,1784460600,1784547000
pay_000000004435,payment,pay_000000004435,order_000000004435,INV-2026-004435,setl_000000003966,300000003911,20554200,411084,73995,0,20069121,20069121,INR,wallet,1782473400,1782473400
pay_000000004436,payment,pay_000000004436,order_000000004436,INV-2026-004436,setl_000000003967,300000003912,44317200,886344,159542,0,43271314,43271314,INR,card,1786275000,1786447800
pay_000000004437,payment,pay_000000004437,order_000000004437,INV-2026-004437,setl_000000003968,300000003913,18780200,375604,67609,0,18336987,18336987,INR,wallet,1786879800,1786879800
pay_000000004438,payment,pay_000000004438,order_000000004438,INV-2026-004438,setl_000000003969,300000003914,40609399,812188,146194,0,39651017,39651017,INR,upi,1781955000,1782041400
pay_000000004439,payment,pay_000000004439,order_000000004439,INV-2026-004439,setl_000000003970,300000003915,27592100,551842,99332,0,26940926,26940926,INR,netbanking,1786102200,1786188600
pay_000000004440,payment,pay_000000004440,order_000000004440,INV-2026-004440,setl_000000003971,300000003916,40394100,807882,145419,0,39440799,39440799,INR,wallet,1784719800,1784719800
pay_000000004441,payment,pay_000000004441,order_000000004441,INV-2026-004441,setl_000000003972,300000003917,22057675,441154,79408,0,21537113,21537113,INR,upi,1786447800,1786447800
pay_000000004442,payment,pay_000000004442,order_000000004442,INV-2026-004442,setl_000000003973,300000003918,49336100,986722,177610,0,48171768,48171768,INR,wallet,1781868600,1781955000
pay_000000004443,payment,pay_000000004443,order_000000004443,INV-2026-004443,setl_000000003974,300000003919,47013300,940266,169248,0,45903786,45903786,INR,card,1784806200,1784979000
pay_000000004444,payment,pay_000000004444,order_000000004444,INV-2026-004444,setl_000000003975,300000003920,11660399,233208,41977,0,11385214,11385214,INR,wallet,1781609400,1781695800
pay_000000004445,payment,pay_000000004445,order_000000004445,INV-2026-004445,setl_000000003976,300000003921,18139399,362788,65302,0,17711309,17711309,INR,upi,1781955000,1782127800
pay_000000004446,payment,pay_000000004446,order_000000004446,INV-2026-004446,setl_000000003977,300000003922,18456500,369130,66443,0,18020927,18020927,INR,wallet,1781091000,1781091000
pay_000000004447,payment,pay_000000004447,order_000000004447,INV-2026-004447,setl_000000003978,300000003923,22015050,440301,79254,0,21495495,21495495,INR,card,1787139000,1787311800
pay_000000004448,payment,pay_000000004448,order_000000004448,INV-2026-004448,setl_000000003979,300000003924,3340100,66802,12024,0,3261274,3261274,INR,upi,1786275000,1786275000
pay_000000004449,payment,pay_000000004449,order_000000004449,INV-2026-004449,setl_000000003980,300000003925,30236700,604734,108852,0,29523114,29523114,INR,card,1782646200,1782732600
pay_000000004450,payment,pay_000000004450,order_000000004450,INV-2026-004450,setl_000000003981,300000003926,36900200,738004,132841,0,36029355,36029355,INR,upi,1780313400,1780313400
pay_000000004451,payment,pay_000000004451,order_000000004451,INV-2026-004451,setl_000000003982,300000003927,44284625,885693,159425,0,43239507,43239507,INR,upi,1786793400,1786793400
pay_000000004452,payment,pay_000000004452,order_000000004452,INV-2026-004452,setl_000000003983,300000003928,27789600,555792,100043,0,27133765,27133765,INR,wallet,1780486200,1780486200
pay_000000004453,payment,pay_000000004453,order_000000004453,INV-2026-004453,setl_000000003984,300000003929,12088300,241766,43518,0,11803016,11803016,INR,netbanking,1782732600,1782732600
pay_000000004454,payment,pay_000000004454,order_000000004454,INV-2026-004454,setl_000000003985,300000003930,32062299,641246,115424,0,31305629,31305629,INR,netbanking,1784719800,1784719800
pay_000000004455,payment,pay_000000004455,order_000000004455,INV-2026-004455,setl_000000003986,300000003931,46862300,937246,168704,0,45756350,45756350,INR,wallet,1785151800,1785324600
pay_000000004456,payment,pay_000000004456,order_000000004456,INV-2026-004456,setl_000000003987,300000003932,22722875,454458,81802,0,22186615,22186615,INR,wallet,1783251000,1783423800
pay_000000004457,payment,pay_000000004457,order_000000004457,INV-2026-004457,setl_000000003988,300000003933,38678600,773572,139243,0,37765785,37765785,INR,netbanking,1785065400,1785151800
pay_000000004458,payment,pay_000000004458,order_000000004458,INV-2026-004458,setl_000000003989,300000003934,14351800,287036,51666,0,14013098,14013098,INR,wallet,1784374200,1784460600
pay_000000004459,payment,pay_000000004459,order_000000004459,INV-2026-004459,setl_000000003990,300000003935,19436000,388720,69970,0,18977310,18977310,INR,upi,1783942200,1784028600
pay_000000004460,payment,pay_000000004460,order_000000004460,INV-2026-004460,setl_000000003991,300000003936,42360300,847206,152497,0,41360597,41360597,INR,upi,1783942200,1784028600
pay_000000004461,payment,pay_000000004461,order_000000004461,INV-2026-004461,setl_000000003992,300000003937,632000,12640,2275,0,617085,617085,INR,wallet,1780313400,1780399800
pay_000000004462,payment,pay_000000004462,order_000000004462,INV-2026-004462,setl_000000003993,300000003938,21217725,424355,76384,0,20716986,20716986,INR,card,1784806200,1784979000
pay_000000004463,payment,pay_000000004463,order_000000004463,INV-2026-004463,setl_000000003994,300000003939,40652675,813054,146350,0,39693271,39693271,INR,netbanking,1784719800,1784719800
pay_000000004464,payment,pay_000000004464,order_000000004464,INV-2026-004464,setl_000000003995,300000003940,3428800,68576,12344,0,3347880,3347880,INR,wallet,1783164600,1783251000
pay_000000004465,payment,pay_000000004465,order_000000004465,INV-2026-004465,setl_000000003996,300000003941,27490299,549806,98965,0,26841528,26841528,INR,upi,1786620600,1786707000
pay_000000004466,payment,pay_000000004466,order_000000004466,INV-2026-004466,setl_000000003997,300000003942,43219400,864388,155590,0,42199422,42199422,INR,card,1785238200,1785238200
pay_000000004467,payment,pay_000000004467,order_000000004467,INV-2026-004467,setl_000000003998,300000003943,3264625,65293,11753,0,3187579,3187579,INR,upi,1786620600,1786793400
pay_000000004468,payment,pay_000000004468,order_000000004468,INV-2026-004468,setl_000000003999,300000003944,23086725,461735,83112,0,22541878,22541878,INR,card,1784115000,1784201400
pay_000000004469,payment,pay_000000004469,order_000000004469,INV-2026-004469,setl_000000004000,300000003945,30985075,619702,111546,0,30253827,30253827,INR,card,1780831800,1781004600
pay_000000004470,payment,pay_000000004470,order_000000004470,INV-2026-004470,setl_000000004001,300000003946,14156700,283134,50964,0,13822602,13822602,INR,upi,1783164600,1783164600
pay_000000004471,payment,pay_000000004471,order_000000004471,INV-2026-004471,setl_000000004002,300000003947,17962325,359247,64664,0,17538414,17538414,INR,upi,1786447800,1786447800
pay_000000004472,payment,pay_000000004472,order_000000004472,INV-2026-004472,setl_000000004003,300000003948,509875,10198,1836,0,497841,497841,INR,card,1782732600,1782732600
pay_000000004473,payment,pay_000000004473,order_000000004473,INV-2026-004473,setl_000000004004,300000003949,33440650,668813,120386,0,32651451,32651451,INR,upi,1783510200,1783510200
pay_000000004474,payment,pay_000000004474,order_000000004474,INV-2026-004474,setl_000000004005,300000003950,12295175,245904,44263,0,12005008,12005008,INR,card,1780313400,1780313400
pay_000000004475,payment,pay_000000004475,order_000000004475,INV-2026-004475,setl_000000004006,300000003951,7309250,146185,26313,0,7136752,7136752,INR,netbanking,1785497400,1785670200
pay_000000004476,payment,pay_000000004476,order_000000004476,INV-2026-004476,setl_000000004007,300000003952,49744725,994895,179081,0,48570749,48570749,INR,wallet,1783164600,1783164600
pay_000000004477,payment,pay_000000004477,order_000000004477,INV-2026-004477,setl_000000004008,300000003953,3233125,64663,11639,0,3156823,3156823,INR,netbanking,1781091000,1781177400
pay_000000004478,payment,pay_000000004478,order_000000004478,INV-2026-004478,setl_000000004009,300000003954,8007175,160144,28826,0,7818205,7818205,INR,netbanking,1783337400,1783510200
pay_000000004479,payment,pay_000000004479,order_000000004479,INV-2026-004479,setl_000000004010,300000003955,24042899,480858,86554,0,23475487,23475487,INR,card,1786793400,1786966200
pay_000000004480,payment,pay_000000004480,order_000000004480,INV-2026-004480,setl_000000004011,300000003956,37347350,746947,134450,0,36465953,36465953,INR,card,1784460600,1784633400
pay_000000004481,payment,pay_000000004481,order_000000004481,INV-2026-004481,setl_000000004012,300000003957,4418799,88376,15908,0,4314515,4314515,INR,wallet,1782041400,1782127800
pay_000000004482,payment,pay_000000004482,order_000000004482,INV-2026-004482,setl_000000004013,300000003958,1112300,22246,4004,0,1086050,1086050,INR,wallet,1781695800,1781868600
pay_000000004483,payment,pay_000000004483,order_000000004483,INV-2026-004483,setl_000000004014,300000003959,34956775,699136,125844,0,34131795,34131795,INR,upi,1787052600,1787139000
pay_000000004484,payment,pay_000000004484,order_000000004484,INV-2026-004484,setl_000000004015,300000003960,49653399,993068,178752,0,48481579,48481579,INR,netbanking,1784979000,1785065400
pay_000000004485,payment,pay_000000004485,order_000000004485,INV-2026-004485,setl_000000004016,300000003961,31788000,635760,114437,0,31037803,31037803,INR,card,1781609400,1781695800
pay_000000004486,payment,pay_000000004486,order_000000004486,INV-2026-004486,setl_000000004017,300000003962,32653199,653064,117552,0,31882583,31882583,INR,card,1782732600,1782732600
pay_000000004487,payment,pay_000000004487,order_000000004487,INV-2026-004487,setl_000000004018,300000003963,33997199,679944,122390,0,33194865,33194865,INR,wallet,1781782200,1781955000
pay_000000004488,payment,pay_000000004488,order_000000004488,INV-2026-004488,setl_000000004019,300000003964,6556425,131129,23603,0,6401693,6401693,INR,netbanking,1781436600,1781523000
pay_000000004489,payment,pay_000000004489,order_000000004489,INV-2026-004489,setl_000000004020,300000003965,26759600,535192,96335,0,26128073,26128073,INR,wallet,1780399800,1780572600
pay_000000004490,payment,pay_000000004490,order_000000004490,INV-2026-004490,setl_000000004021,300000003966,46675625,933513,168032,0,45574080,45574080,INR,wallet,1782905400,1782991800
pay_000000004491,payment,pay_000000004491,order_000000004491,INV-2026-004491,setl_000000004022,300000003967,13089000,261780,47120,0,12780100,12780100,INR,wallet,1783855800,1783855800
pay_000000004492,payment,pay_000000004492,order_000000004492,INV-2026-004492,setl_000000004023,300000003968,28604700,572094,102977,0,27929629,27929629,INR,netbanking,1784633400,1784719800
pay_000000004493,payment,pay_000000004493,order_000000004493,INV-2026-004493,setl_000000004024,300000003969,5097000,101940,18349,0,4976711,4976711,INR,card,1786102200,1786275000
pay_000000004494,payment,pay_000000004494,order_000000004494,INV-2026-004494,setl_000000004025,300000003970,43979500,879590,158326,0,42941584,42941584,INR,wallet,1782214200,1782214200
pay_000000004495,payment,pay_000000004495,order_000000004495,INV-2026-004495,setl_000000004026,300000003971,581300,11626,2093,0,567581,567581,INR,upi,1787657400,1787657400
pay_000000004496,payment,pay_000000004496,order_000000004496,INV-2026-004496,setl_000000004027,300000003972,1899575,37992,6839,0,1854744,1854744,INR,card,1784633400,1784806200
pay_000000004497,payment,pay_000000004497,order_000000004497,INV-2026-004497,setl_000000004028,300000003973,26004750,520095,93617,0,25391038,25391038,INR,netbanking,1786447800,1786447800
pay_000000004498,payment,pay_000000004498,order_000000004498,INV-2026-004498,setl_000000004029,300000003974,46127450,922549,166059,0,45038842,45038842,INR,upi,1785065400,1785238200
pay_000000004499,payment,pay_000000004499,order_000000004499,INV-2026-004499,setl_000000004030,300000003975,4931800,98636,17754,0,4815410,4815410,INR,netbanking,1784719800,1784719800
pay_000000004500,payment,pay_000000004500,order_000000004500,INV-2026-004500,setl_000000004031,300000003976,31888999,637780,114800,0,31136419,31136419,INR,wallet,1782991800,1783164600
pay_000000004501,payment,pay_000000004501,order_000000004501,INV-2026-004501,setl_000000004032,300000003977,24527875,490558,88300,0,23949017,23949017,INR,netbanking,1786361400,1786447800
pay_000000004502,payment,pay_000000004502,order_000000004502,INV-2026-004502,setl_000000004033,300000003978,30161450,603229,108581,0,29449640,29449640,INR,card,1785324600,1785497400
pay_000000004503,payment,pay_000000004503,order_000000004503,INV-2026-004503,setl_000000004034,300000003979,25287825,505757,91036,0,24691032,24691032,INR,upi,1785238200,1785411000
pay_000000004504,payment,pay_000000004504,order_000000004504,INV-2026-004504,setl_000000004035,300000003980,14984850,299697,53945,0,14631208,14631208,INR,wallet,1781177400,1781263800
pay_000000004505,payment,pay_000000004505,order_000000004505,INV-2026-004505,setl_000000004036,300000004036,22026400,0,0,0,22026400,22026400,INR,netbanking,1786188600,1786361400
pay_000000004506,payment,pay_000000004506,order_000000004506,INV-2026-004506,setl_000000004037,300000004037,15639663,0,0,0,15639663,15639663,INR,upi,1784115000,1784115000
pay_000000004507,payment,pay_000000004507,order_000000004507,INV-2026-004507,setl_000000004038,300000004038,3484635,0,0,0,3484635,3484635,INR,card,1781436600,1781523000
pay_000000004508,payment,pay_000000004508,order_000000004508,INV-2026-004508,setl_000000004039,300000004039,7683440,0,0,0,7683440,7683440,INR,wallet,1781695800,1781782200
pay_000000004509,payment,pay_000000004509,order_000000004509,INV-2026-004509,setl_000000004040,300000004040,9405480,0,0,0,9405480,9405480,INR,upi,1781004600,1781177400
pay_000000004510,payment,pay_000000004510,order_000000004510,INV-2026-004510,setl_000000004041,300000004041,14345863,0,0,0,14345863,14345863,INR,netbanking,1785497400,1785670200
pay_000000004511,payment,pay_000000004511,order_000000004511,INV-2026-004511,setl_000000004042,300000004042,1122600,0,0,0,1122600,1122600,INR,upi,1781263800,1781350200
pay_000000004512,payment,pay_000000004512,order_000000004512,INV-2026-004512,setl_000000004043,300000004043,17528030,0,0,0,17528030,17528030,INR,netbanking,1784719800,1784806200
pay_000000004513,payment,pay_000000004513,order_000000004513,INV-2026-004513,setl_000000004044,300000004044,8416000,0,0,0,8416000,8416000,INR,upi,1780918200,1780918200
pay_000000004514,payment,pay_000000004514,order_000000004514,INV-2026-004514,setl_000000004045,300000004045,22207080,0,0,0,22207080,22207080,INR,netbanking,1784115000,1784201400
pay_000000004515,payment,pay_000000004515,order_000000004515,INV-2026-004515,setl_000000004046,300000004046,6019463,0,0,0,6019463,6019463,INR,upi,1787398200,1787484600
pay_000000004516,payment,pay_000000004516,order_000000004516,INV-2026-004516,setl_000000004047,300000004047,26044830,0,0,0,26044830,26044830,INR,wallet,1780745400,1780745400
pay_000000004517,payment,pay_000000004517,order_000000004517,INV-2026-004517,setl_000000004048,300000004048,28870165,0,0,0,28870165,28870165,INR,card,1784979000,1785151800
pay_000000004518,payment,pay_000000004518,order_000000004518,INV-2026-004518,setl_000000004049,300000004049,20779440,0,0,0,20779440,20779440,INR,netbanking,1781263800,1781436600
pay_000000004519,payment,pay_000000004519,order_000000004519,INV-2026-004519,setl_000000004050,300000004050,16453625,0,0,0,16453625,16453625,INR,upi,1788003000,1788003000
pay_000000004520,payment,pay_000000004520,order_000000004520,INV-2026-004520,setl_000000004051,300000004051,5389020,0,0,0,5389020,5389020,INR,card,1787916600,1787916600
pay_000000004521,payment,pay_000000004521,order_000000004521,INV-2026-004521,setl_000000004052,300000004052,25032776,0,0,0,25032776,25032776,INR,card,1781955000,1782127800
pay_000000004522,payment,pay_000000004522,order_000000004522,INV-2026-004522,setl_000000004053,300000004053,36723315,0,0,0,36723315,36723315,INR,card,1781523000,1781695800
pay_000000004523,payment,pay_000000004523,order_000000004523,INV-2026-004523,setl_000000004054,300000004054,9850140,0,0,0,9850140,9850140,INR,wallet,1783510200,1783596600
pay_000000004524,payment,pay_000000004524,order_000000004524,INV-2026-004524,setl_000000004055,300000004055,19829231,0,0,0,19829231,19829231,INR,netbanking,1786534200,1786620600
pay_000000004525,payment,pay_000000004525,order_000000004525,INV-2026-004525,setl_000000004056,300000004056,18152115,0,0,0,18152115,18152115,INR,upi,1781004600,1781004600
pay_000000004526,payment,pay_000000004526,order_000000004526,INV-2026-004526,setl_000000004057,300000004057,14840469,0,0,0,14840469,14840469,INR,upi,1785843000,1785929400
pay_000000004527,payment,pay_000000004527,order_000000004527,INV-2026-004527,setl_000000004058,300000004058,8256800,0,0,0,8256800,8256800,INR,netbanking,1781609400,1781695800
pay_000000004528,payment,pay_000000004528,order_000000004528,INV-2026-004528,setl_000000004059,300000004059,18023870,0,0,0,18023870,18023870,INR,wallet,1785497400,1785583800
pay_000000004529,payment,pay_000000004529,order_000000004529,INV-2026-004529,setl_000000004060,300000004060,10611440,0,0,0,10611440,10611440,INR,wallet,1783510200,1783596600
pay_000000004530,payment,pay_000000004530,order_000000004530,INV-2026-004530,setl_000000004061,300000004061,19409601,0,0,0,19409601,19409601,INR,netbanking,1784460600,1784547000
pay_000000004531,payment,pay_000000004531,order_000000004531,INV-2026-004531,setl_000000004062,300000004062,21845100,0,0,0,21845100,21845100,INR,netbanking,1785411000,1785411000
pay_000000004532,payment,pay_000000004532,order_000000004532,INV-2026-004532,setl_000000004063,300000004063,3455080,0,0,0,3455080,3455080,INR,netbanking,1780918200,1781091000
pay_000000004533,payment,pay_000000004533,order_000000004533,INV-2026-004533,setl_000000004064,300000004064,20452563,0,0,0,20452563,20452563,INR,wallet,1782214200,1782300600
pay_000000004534,payment,pay_000000004534,order_000000004534,INV-2026-004534,setl_000000004065,300000004065,29107060,0,0,0,29107060,29107060,INR,card,1782646200,1782819000
pay_000000004535,payment,pay_000000004535,order_000000004535,INV-2026-004535,setl_000000004066,300000004066,33884999,0,0,0,33884999,33884999,INR,wallet,1785238200,1785411000
pay_000000004536,payment,pay_000000004536,order_000000004536,INV-2026-004536,setl_000000004067,300000004067,17272635,0,0,0,17272635,17272635,INR,upi,1786707000,1786879800
pay_000000004537,payment,pay_000000004537,order_000000004537,INV-2026-004537,setl_000000004068,300000004068,14216940,0,0,0,14216940,14216940,INR,wallet,1785929400,1786102200
pay_000000004538,payment,pay_000000004538,order_000000004538,INV-2026-004538,setl_000000004069,300000004069,10637100,0,0,0,10637100,10637100,INR,upi,1785843000,1785843000
pay_000000004539,payment,pay_000000004539,order_000000004539,INV-2026-004539,setl_000000004070,300000004070,8109419,0,0,0,8109419,8109419,INR,card,1782127800,1782214200
pay_000000004540,payment,pay_000000004540,order_000000004540,INV-2026-004540,setl_000000004071,300000004071,14465173,0,0,0,14465173,14465173,INR,wallet,1786879800,1786966200
pay_000000004541,payment,pay_000000004541,order_000000004541,INV-2026-004541,setl_000000004072,300000004072,19377025,0,0,0,19377025,19377025,INR,wallet,1780659000,1780659000
pay_000000004542,payment,pay_000000004542,order_000000004542,INV-2026-004542,setl_000000004073,300000004073,23537950,0,0,0,23537950,23537950,INR,upi,1787571000,1787657400
pay_000000004543,payment,pay_000000004543,order_000000004543,INV-2026-004543,setl_000000004074,300000004074,18936258,0,0,0,18936258,18936258,INR,upi,1782905400,1782905400
pay_000000004544,payment,pay_000000004544,order_000000004544,INV-2026-004544,setl_000000004075,300000004075,19762550,0,0,0,19762550,19762550,INR,upi,1781609400,1781782200
pay_000000004545,payment,pay_000000004545,order_000000004545,INV-2026-004545,setl_000000004076,300000004076,12832833,0,0,0,12832833,12832833,INR,wallet,1784719800,1784806200
pay_000000004546,payment,pay_000000004546,order_000000004546,INV-2026-004546,setl_000000004077,300000004077,2187220,0,0,0,2187220,2187220,INR,netbanking,1787571000,1787571000
pay_000000004547,payment,pay_000000004547,order_000000004547,INV-2026-004547,setl_000000004078,300000004078,27846120,0,0,0,27846120,27846120,INR,netbanking,1785583800,1785583800
pay_000000004548,payment,pay_000000004548,order_000000004548,INV-2026-004548,setl_000000004079,300000004079,11466925,0,0,0,11466925,11466925,INR,wallet,1783251000,1783337400
pay_000000004549,payment,pay_000000004549,order_000000004549,INV-2026-004549,setl_000000004080,300000004080,10446070,0,0,0,10446070,10446070,INR,netbanking,1783769400,1783769400
pay_000000004550,payment,pay_000000004550,order_000000004550,INV-2026-004550,setl_000000004081,300000004081,2187105,0,0,0,2187105,2187105,INR,card,1787225400,1787225400
pay_000000004551,payment,pay_000000004551,order_000000004551,INV-2026-004551,setl_000000004082,300000004082,17025074,0,0,0,17025074,17025074,INR,netbanking,1787571000,1787571000
pay_000000004552,payment,pay_000000004552,order_000000004552,INV-2026-004552,setl_000000004083,300000004083,9294300,0,0,0,9294300,9294300,INR,upi,1782732600,1782732600
pay_000000004553,payment,pay_000000004553,order_000000004553,INV-2026-004553,setl_000000004084,300000004084,13080431,0,0,0,13080431,13080431,INR,card,1786275000,1786275000
pay_000000004554,payment,pay_000000004554,order_000000004554,INV-2026-004554,setl_000000004085,300000004085,20721619,0,0,0,20721619,20721619,INR,upi,1780918200,1780918200
pay_000000004555,payment,pay_000000004555,order_000000004555,INV-2026-004555,setl_000000004086,300000004086,41395510,0,0,0,41395510,41395510,INR,card,1780572600,1780745400
pay_000000004556,payment,pay_000000004556,order_000000004556,INV-2026-004556,setl_000000004087,300000004087,11396280,0,0,0,11396280,11396280,INR,netbanking,1784201400,1784287800
pay_000000004557,payment,pay_000000004557,order_000000004557,INV-2026-004557,setl_000000004088,300000004088,6999810,0,0,0,6999810,6999810,INR,card,1781523000,1781695800
pay_000000004558,payment,pay_000000004558,order_000000004558,INV-2026-004558,setl_000000004089,300000004089,1671165,0,0,0,1671165,1671165,INR,wallet,1782387000,1782387000
pay_000000004559,payment,pay_000000004559,order_000000004559,INV-2026-004559,setl_000000004090,300000004090,16929863,0,0,0,16929863,16929863,INR,upi,1782559800,1782732600
pay_000000004560,payment,pay_000000004560,order_000000004560,INV-2026-004560,setl_000000004091,300000004091,8320990,0,0,0,8320990,8320990,INR,netbanking,1785843000,1785929400
pay_000000004561,payment,pay_000000004561,order_000000004561,INV-2026-004561,setl_000000004092,300000004092,8511390,0,0,0,8511390,8511390,INR,netbanking,1784979000,1784979000
pay_000000004562,payment,pay_000000004562,order_000000004562,INV-2026-004562,setl_000000004093,300000004093,33586256,0,0,0,33586256,33586256,INR,wallet,1780399800,1780399800
pay_000000004563,payment,pay_000000004563,order_000000004563,INV-2026-004563,setl_000000004094,300000004094,7436700,0,0,0,7436700,7436700,INR,upi,1782041400,1782214200
pay_000000004564,payment,pay_000000004564,order_000000004564,INV-2026-004564,setl_000000004095,300000004095,4324736,0,0,0,4324736,4324736,INR,upi,1781695800,1781782200
pay_000000004565,payment,pay_000000004565,order_000000004565,INV-2026-004565,setl_000000004096,300000004096,20360715,0,0,0,20360715,20360715,INR,wallet,1780486200,1780486200
pay_000000004566,payment,pay_000000004566,order_000000004566,INV-2026-004566,setl_000000004097,300000004097,3372900,0,0,0,3372900,3372900,INR,wallet,1781091000,1781177400
pay_000000004567,payment,pay_000000004567,order_000000004567,INV-2026-004567,setl_000000004098,300000004098,7543730,0,0,0,7543730,7543730,INR,card,1786015800,1786015800
pay_000000004568,payment,pay_000000004568,order_000000004568,INV-2026-004568,setl_000000004099,300000004099,27968868,0,0,0,27968868,27968868,INR,netbanking,1783423800,1783510200
pay_000000004569,payment,pay_000000004569,order_000000004569,INV-2026-004569,setl_000000004100,300000004100,21809760,0,0,0,21809760,21809760,INR,upi,1785238200,1785324600
pay_000000004570,payment,pay_000000004570,order_000000004570,INV-2026-004570,setl_000000004101,300000004101,5979239,0,0,0,5979239,5979239,INR,upi,1782214200,1782387000
pay_000000004571,payment,pay_000000004571,order_000000004571,INV-2026-004571,setl_000000004102,300000004102,1025675,0,0,0,1025675,1025675,INR,wallet,1781609400,1781782200
pay_000000004572,payment,pay_000000004572,order_000000004572,INV-2026-004572,setl_000000004103,300000004103,39324273,0,0,0,39324273,39324273,INR,card,1787484600,1787657400
pay_000000004573,payment,pay_000000004573,order_000000004573,INV-2026-004573,setl_000000004104,300000004104,20196885,0,0,0,20196885,20196885,INR,card,1785151800,1785324600
pay_000000004574,payment,pay_000000004574,order_000000004574,INV-2026-004574,setl_000000004105,300000004105,9164549,0,0,0,9164549,9164549,INR,netbanking,1784460600,1784460600
pay_000000004575,payment,pay_000000004575,order_000000004575,INV-2026-004575,setl_000000004106,300000004106,28380690,0,0,0,28380690,28380690,INR,card,1780745400,1780745400
pay_000000004576,payment,pay_000000004576,order_000000004576,INV-2026-004576,setl_000000004107,300000004107,28257591,0,0,0,28257591,28257591,INR,card,1781782200,1781782200
pay_000000004577,payment,pay_000000004577,order_000000004577,INV-2026-004577,setl_000000004108,300000004108,18275000,0,0,0,18275000,18275000,INR,netbanking,1782041400,1782041400
pay_000000004578,payment,pay_000000004578,order_000000004578,INV-2026-004578,setl_000000004109,300000004109,18158975,0,0,0,18158975,18158975,INR,upi,1786966200,1786966200
pay_000000004579,payment,pay_000000004579,order_000000004579,INV-2026-004579,setl_000000004110,300000004110,38976516,0,0,0,38976516,38976516,INR,card,1781695800,1781782200
pay_000000004580,payment,pay_000000004580,order_000000004580,INV-2026-004580,setl_000000004111,300000004111,11968084,0,0,0,11968084,11968084,INR,netbanking,1787052600,1787052600
pay_000000004581,payment,pay_000000004581,order_000000004581,INV-2026-004581,setl_000000004112,300000004112,12340485,0,0,0,12340485,12340485,INR,wallet,1783769400,1783855800
pay_000000004582,payment,pay_000000004582,order_000000004582,INV-2026-004582,setl_000000004113,300000004113,12139250,0,0,0,12139250,12139250,INR,netbanking,1787830200,1788003000
pay_000000004583,payment,pay_000000004583,order_000000004583,INV-2026-004583,setl_000000004114,300000004114,20149669,0,0,0,20149669,20149669,INR,wallet,1780399800,1780572600
pay_000000004584,payment,pay_000000004584,order_000000004584,INV-2026-004584,setl_000000004115,300000004115,20397981,0,0,0,20397981,20397981,INR,netbanking,1786447800,1786534200
pay_000000004585,payment,pay_000000004585,order_000000004585,INV-2026-004585,setl_000000004116,300000004116,14707200,0,0,0,14707200,14707200,INR,card,1780831800,1781004600
pay_000000004586,payment,pay_000000004586,order_000000004586,INV-2026-004586,setl_000000004117,300000004117,14505825,0,0,0,14505825,14505825,INR,card,1780918200,1780918200
pay_000000004587,payment,pay_000000004587,order_000000004587,INV-2026-004587,setl_000000004118,300000004118,31719004,0,0,0,31719004,31719004,INR,card,1780831800,1780918200
pay_000000004588,payment,pay_000000004588,order_000000004588,INV-2026-004588,setl_000000004119,300000004119,29107710,0,0,0,29107710,29107710,INR,wallet,1784719800,1784719800
pay_000000004589,payment,pay_000000004589,order_000000004589,INV-2026-004589,setl_000000004120,300000004120,15293360,0,0,0,15293360,15293360,INR,netbanking,1785065400,1785151800
pay_000000004590,payment,pay_000000004590,order_000000004590,INV-2026-004590,setl_000000004121,300000004121,9383150,0,0,0,9383150,9383150,INR,netbanking,1786361400,1786361400
pay_000000004591,payment,pay_000000004591,order_000000004591,INV-2026-004591,setl_000000004122,300000004122,20776741,0,0,0,20776741,20776741,INR,upi,1787484600,1787657400
pay_000000004592,payment,pay_000000004592,order_000000004592,INV-2026-004592,setl_000000004123,300000004123,5085131,0,0,0,5085131,5085131,INR,upi,1786447800,1786447800
pay_000000004593,payment,pay_000000004593,order_000000004593,INV-2026-004593,setl_000000004124,300000004124,7264200,0,0,0,7264200,7264200,INR,netbanking,1786793400,1786879800
pay_000000004594,payment,pay_000000004594,order_000000004594,INV-2026-004594,setl_000000004125,300000004125,37446538,0,0,0,37446538,37446538,INR,netbanking,1781350200,1781350200
pay_000000004595,payment,pay_000000004595,order_000000004595,INV-2026-004595,setl_000000004126,300000004126,29532915,0,0,0,29532915,29532915,INR,card,1786966200,1787139000
pay_000000004596,payment,pay_000000004596,order_000000004596,INV-2026-004596,setl_000000004127,300000004127,12708950,0,0,0,12708950,12708950,INR,card,1783942200,1783942200
pay_000000004597,payment,pay_000000004597,order_000000004597,INV-2026-004597,setl_000000004128,300000004128,21652900,0,0,0,21652900,21652900,INR,upi,1787225400,1787311800
pay_000000004598,payment,pay_000000004598,order_000000004598,INV-2026-004598,setl_000000004129,300000004129,8938150,0,0,0,8938150,8938150,INR,netbanking,1784633400,1784633400
pay_000000004599,payment,pay_000000004599,order_000000004599,INV-2026-004599,setl_000000004130,300000004130,17226270,0,0,0,17226270,17226270,INR,upi,1781609400,1781782200
pay_000000004600,payment,pay_000000004600,order_000000004600,INV-2026-004600,setl_000000004131,300000004131,6735260,0,0,0,6735260,6735260,INR,card,1786188600,1786275000
pay_000000004601,payment,pay_000000004601,order_000000004601,INV-2026-004601,setl_000000004132,300000004132,24100400,0,0,0,24100400,24100400,INR,wallet,1785065400,1785065400
pay_000000004602,payment,pay_000000004602,order_000000004602,INV-2026-004602,setl_000000004133,300000004133,27858720,0,0,0,27858720,27858720,INR,upi,1782300600,1782387000
pay_000000004603,payment,pay_000000004603,order_000000004603,INV-2026-004603,setl_000000004134,300000004134,8123438,0,0,0,8123438,8123438,INR,upi,1784115000,1784287800
pay_000000004604,payment,pay_000000004604,order_000000004604,INV-2026-004604,setl_000000004135,300000004135,12888135,0,0,0,12888135,12888135,INR,upi,1783078200,1783164600
pay_000000004605,payment,pay_000000004605,order_000000004605,INV-2026-004605,setl_000000004136,300000004136,15153720,0,0,0,15153720,15153720,INR,card,1787571000,1787743800
pay_000000004606,payment,pay_000000004606,order_000000004606,INV-2026-004606,setl_000000004137,300000004137,2757000,0,0,0,2757000,2757000,INR,card,1787830200,1787916600
pay_000000004607,payment,pay_000000004607,order_000000004607,INV-2026-004607,setl_000000004138,300000004138,8782795,0,0,0,8782795,8782795,INR,wallet,1782819000,1782905400
pay_000000004608,payment,pay_000000004608,order_000000004608,INV-2026-004608,setl_000000004139,300000004139,21260670,0,0,0,21260670,21260670,INR,wallet,1783769400,1783942200
pay_000000004609,payment,pay_000000004609,order_000000004609,INV-2026-004609,setl_000000004140,300000004140,10216720,0,0,0,10216720,10216720,INR,card,1780399800,1780486200
pay_000000004610,payment,pay_000000004610,order_000000004610,INV-2026-004610,setl_000000004141,300000004141,2407813,0,0,0,2407813,2407813,INR,card,1784633400,1784633400
pay_000000004611,payment,pay_000000004611,order_000000004611,INV-2026-004611,setl_000000004142,300000004142,582419,0,0,0,582419,582419,INR,card,1785929400,1786015800
pay_000000004612,payment,pay_000000004612,order_000000004612,INV-2026-004612,setl_000000004143,300000004143,16982225,0,0,0,16982225,16982225,INR,wallet,1785843000,1785843000
pay_000000004613,payment,pay_000000004613,order_000000004613,INV-2026-004613,setl_000000004144,300000004144,3028760,0,0,0,3028760,3028760,INR,card,1784374200,1784374200
pay_000000004614,payment,pay_000000004614,order_000000004614,INV-2026-004614,setl_000000004145,300000004145,19598680,0,0,0,19598680,19598680,INR,card,1786447800,1786447800
pay_000000004615,payment,pay_000000004615,order_000000004615,INV-2026-004615,setl_000000004146,300000004146,27306449,0,0,0,27306449,27306449,INR,upi,1786188600,1786188600
pay_000000004616,payment,pay_000000004616,order_000000004616,INV-2026-004616,setl_000000004147,300000004147,7042505,0,0,0,7042505,7042505,INR,netbanking,1785497400,1785583800
pay_000000004617,payment,pay_000000004617,order_000000004617,INV-2026-004617,setl_000000004148,300000004148,106800,0,0,0,106800,106800,INR,upi,1787139000,1787225400
pay_000000004618,payment,pay_000000004618,order_000000004618,INV-2026-004618,setl_000000004149,300000004149,4074071,0,0,0,4074071,4074071,INR,card,1784892600,1785065400
pay_000000004619,payment,pay_000000004619,order_000000004619,INV-2026-004619,setl_000000004150,300000004150,2310725,0,0,0,2310725,2310725,INR,upi,1786707000,1786707000
pay_000000004620,payment,pay_000000004620,order_000000004620,INV-2026-004620,setl_000000004151,300000004151,33144244,0,0,0,33144244,33144244,INR,upi,1784633400,1784633400
pay_000000004621,payment,pay_000000004621,order_000000004621,INV-2026-004621,setl_000000004152,300000004152,14672450,0,0,0,14672450,14672450,INR,upi,1780831800,1781004600
pay_000000004622,payment,pay_000000004622,order_000000004622,INV-2026-004622,setl_000000004153,300000004153,12871519,0,0,0,12871519,12871519,INR,wallet,1783510200,1783596600
pay_000000004623,payment,pay_000000004623,order_000000004623,INV-2026-004623,setl_000000004154,300000004154,29803635,0,0,0,29803635,29803635,INR,netbanking,1784374200,1784374200
pay_000000004624,payment,pay_000000004624,order_000000004624,INV-2026-004624,setl_000000004155,300000004155,3434081,0,0,0,3434081,3434081,INR,netbanking,1784892600,1785065400
pay_000000004625,payment,pay_000000004625,order_000000004625,INV-2026-004625,setl_000000004156,300000004156,8002560,0,0,0,8002560,8002560,INR,card,1781609400,1781609400
pay_000000004626,payment,pay_000000004626,order_000000004626,INV-2026-004626,setl_000000004157,300000004157,5166075,0,0,0,5166075,5166075,INR,upi,1788003000,1788003000
pay_000000004627,payment,pay_000000004627,order_000000004627,INV-2026-004627,setl_000000004158,300000004158,8772575,0,0,0,8772575,8772575,INR,upi,1786275000,1786447800
pay_000000004628,payment,pay_000000004628,order_000000004628,INV-2026-004628,setl_000000004159,300000004159,29780699,0,0,0,29780699,29780699,INR,netbanking,1787398200,1787484600
pay_000000004629,payment,pay_000000004629,order_000000004629,INV-2026-004629,setl_000000004160,300000004160,14820225,0,0,0,14820225,14820225,INR,wallet,1783251000,1783251000
pay_000000004630,payment,pay_000000004630,order_000000004630,INV-2026-004630,setl_000000004161,300000004161,23116724,0,0,0,23116724,23116724,INR,card,1786102200,1786188600
pay_000000004631,payment,pay_000000004631,order_000000004631,INV-2026-004631,setl_000000004162,300000004162,4722863,0,0,0,4722863,4722863,INR,netbanking,1781004600,1781091000
pay_000000004632,payment,pay_000000004632,order_000000004632,INV-2026-004632,setl_000000004163,300000004163,17972100,0,0,0,17972100,17972100,INR,upi,1786966200,1786966200
pay_000000004633,payment,pay_000000004633,order_000000004633,INV-2026-004633,setl_000000004164,300000004164,37200675,0,0,0,37200675,37200675,INR,wallet,1786102200,1786102200
pay_000000004634,payment,pay_000000004634,order_000000004634,INV-2026-004634,setl_000000004165,300000004165,13125750,0,0,0,13125750,13125750,INR,card,1780572600,1780572600
pay_000000004635,payment,pay_000000004635,order_000000004635,INV-2026-004635,setl_000000004166,300000004166,36583001,0,0,0,36583001,36583001,INR,wallet,1782991800,1782991800
pay_000000004636,payment,pay_000000004636,order_000000004636,INV-2026-004636,setl_000000004167,300000004167,30606885,0,0,0,30606885,30606885,INR,upi,1786275000,1786447800
pay_000000004637,payment,pay_000000004637,order_000000004637,INV-2026-004637,setl_000000004168,300000004168,41710010,0,0,0,41710010,41710010,INR,upi,1787052600,1787139000
pay_000000004638,payment,pay_000000004638,order_000000004638,INV-2026-004638,setl_000000004169,300000004169,2965675,0,0,0,2965675,2965675,INR,wallet,1785756600,1785843000
pay_000000004639,payment,pay_000000004639,order_000000004639,INV-2026-004639,setl_000000004170,300000004170,6578213,0,0,0,6578213,6578213,INR,card,1787916600,1787916600
pay_000000004640,payment,pay_000000004640,order_000000004640,INV-2026-004640,setl_000000004171,300000004171,5712539,0,0,0,5712539,5712539,INR,upi,1786015800,1786102200
pay_000000004641,payment,pay_000000004641,order_000000004641,INV-2026-004641,setl_000000004172,300000004172,1692560,0,0,0,1692560,1692560,INR,netbanking,1787743800,1787743800
pay_000000004642,payment,pay_000000004642,order_000000004642,INV-2026-004642,setl_000000004173,300000004173,6099210,0,0,0,6099210,6099210,INR,netbanking,1781523000,1781523000
pay_000000004643,payment,pay_000000004643,order_000000004643,INV-2026-004643,setl_000000004174,300000004174,15294000,0,0,0,15294000,15294000,INR,card,1788003000,1788003000
pay_000000004644,payment,pay_000000004644,order_000000004644,INV-2026-004644,setl_000000004175,300000004175,15044700,0,0,0,15044700,15044700,INR,card,1787571000,1787571000
pay_000000004645,payment,pay_000000004645,order_000000004645,INV-2026-004645,setl_000000004176,300000004176,34141425,0,0,0,34141425,34141425,INR,wallet,1782214200,1782300600
pay_000000004646,payment,pay_000000004646,order_000000004646,INV-2026-004646,setl_000000004177,300000004177,20879050,0,0,0,20879050,20879050,INR,wallet,1783683000,1783683000
pay_000000004647,payment,pay_000000004647,order_000000004647,INV-2026-004647,setl_000000004178,300000004178,16473740,0,0,0,16473740,16473740,INR,upi,1786015800,1786102200
pay_000000004648,payment,pay_000000004648,order_000000004648,INV-2026-004648,setl_000000004179,300000004179,35625583,0,0,0,35625583,35625583,INR,wallet,1781955000,1781955000
pay_000000004649,payment,pay_000000004649,order_000000004649,INV-2026-004649,setl_000000004180,300000004180,8600925,0,0,0,8600925,8600925,INR,upi,1787571000,1787743800
pay_000000004650,payment,pay_000000004650,order_000000004650,INV-2026-004650,setl_000000004181,300000004181,11933108,0,0,0,11933108,11933108,INR,card,1780313400,1780399800
pay_000000004651,payment,pay_000000004651,order_000000004651,INV-2026-004651,setl_000000004182,300000004182,17129400,0,0,0,17129400,17129400,INR,netbanking,1784892600,1785065400
pay_000000004652,payment,pay_000000004652,order_000000004652,INV-2026-004652,setl_000000004183,300000004183,156420,0,0,0,156420,156420,INR,upi,1784287800,1784287800
pay_000000004653,payment,pay_000000004653,order_000000004653,INV-2026-004653,setl_000000004184,300000004184,14235840,0,0,0,14235840,14235840,INR,card,1784287800,1784460600
pay_000000004654,payment,pay_000000004654,order_000000004654,INV-2026-004654,setl_000000004185,300000004185,206160,0,0,0,206160,206160,INR,wallet,1781955000,1781955000
pay_000000004655,payment,pay_000000004655,order_000000004655,INV-2026-004655,setl_000000004186,300000004186,699250,0,0,0,699250,699250,INR,upi,1780745400,1780831800
pay_000000004656,payment,pay_000000004656,order_000000004656,INV-2026-004656,setl_000000004187,300000004187,2939700,0,0,0,2939700,2939700,INR,wallet,1781004600,1781004600
pay_000000004657,payment,pay_000000004657,order_000000004657,INV-2026-004657,setl_000000004188,300000004188,28230900,0,0,0,28230900,28230900,INR,card,1786879800,1786879800
pay_000000004658,payment,pay_000000004658,order_000000004658,INV-2026-004658,setl_000000004189,300000004189,6383640,0,0,0,6383640,6383640,INR,upi,1787398200,1787398200
pay_000000004659,payment,pay_000000004659,order_000000004659,INV-2026-004659,setl_000000004190,300000004190,17531370,0,0,0,17531370,17531370,INR,upi,1781436600,1781436600
pay_000000004660,payment,pay_000000004660,order_000000004660,INV-2026-004660,setl_000000004191,300000004191,13245410,0,0,0,13245410,13245410,INR,netbanking,1785670200,1785843000
pay_000000004661,payment,pay_000000004661,order_000000004661,INV-2026-004661,setl_000000004192,300000004192,17658020,0,0,0,17658020,17658020,INR,wallet,1784201400,1784201400
pay_000000004662,payment,pay_000000004662,order_000000004662,INV-2026-004662,setl_000000004193,300000004193,17784488,0,0,0,17784488,17784488,INR,card,1782819000,1782819000
pay_000000004663,payment,pay_000000004663,order_000000004663,INV-2026-004663,setl_000000004194,300000004194,26321780,0,0,0,26321780,26321780,INR,upi,1785411000,1785411000
pay_000000004664,payment,pay_000000004664,order_000000004664,INV-2026-004664,setl_000000004195,300000004195,16423575,0,0,0,16423575,16423575,INR,upi,1780918200,1781004600
pay_000000004665,payment,pay_000000004665,order_000000004665,INV-2026-004665,setl_000000004196,300000004196,21267506,0,0,0,21267506,21267506,INR,upi,1783855800,1784028600
pay_000000004666,payment,pay_000000004666,order_000000004666,INV-2026-004666,setl_000000004197,300000004197,26126400,0,0,0,26126400,26126400,INR,wallet,1784892600,1784979000
pay_000000004667,payment,pay_000000004667,order_000000004667,INV-2026-004667,setl_000000004198,300000004198,13631620,0,0,0,13631620,13631620,INR,wallet,1784979000,1785151800
pay_000000004668,payment,pay_000000004668,order_000000004668,INV-2026-004668,setl_000000004199,300000004199,21591900,0,0,0,21591900,21591900,INR,wallet,1783164600,1783164600
pay_000000004669,payment,pay_000000004669,order_000000004669,INV-2026-004669,setl_000000004200,300000004200,14608950,0,0,0,14608950,14608950,INR,upi,1785670200,1785843000
pay_000000004670,payment,pay_000000004670,order_000000004670,INV-2026-004670,setl_000000004201,300000004201,24721550,0,0,0,24721550,24721550,INR,card,1780745400,1780745400
pay_000000004671,payment,pay_000000004671,order_000000004671,INV-2026-004671,setl_000000004202,300000004202,2963250,0,0,0,2963250,2963250,INR,netbanking,1781523000,1781695800
pay_000000004672,payment,pay_000000004672,order_000000004672,INV-2026-004672,setl_000000004203,300000004203,5856150,0,0,0,5856150,5856150,INR,card,1782559800,1782646200
pay_000000004673,payment,pay_000000004673,order_000000004673,INV-2026-004673,setl_000000004204,300000004204,5893388,0,0,0,5893388,5893388,INR,card,1787398200,1787571000
pay_000000004674,payment,pay_000000004674,order_000000004674,INV-2026-004674,setl_000000004205,300000004205,10935314,0,0,0,10935314,10935314,INR,netbanking,1782819000,1782819000
pay_000000004675,payment,pay_000000004675,order_000000004675,INV-2026-004675,setl_000000004206,300000004206,5731013,0,0,0,5731013,5731013,INR,wallet,1781955000,1781955000
pay_000000004676,payment,pay_000000004676,order_000000004676,INV-2026-004676,setl_000000004207,300000004207,18985150,0,0,0,18985150,18985150,INR,netbanking,1786275000,1786447800
pay_000000004677,payment,pay_000000004677,order_000000004677,INV-2026-004677,setl_000000004208,300000004208,23020379,0,0,0,23020379,23020379,INR,card,1785411000,1785411000
pay_000000004678,payment,pay_000000004678,order_000000004678,INV-2026-004678,setl_000000004209,300000004209,42440819,0,0,0,42440819,42440819,INR,wallet,1784979000,1784979000
pay_000000004679,payment,pay_000000004679,order_000000004679,INV-2026-004679,setl_000000004210,300000004210,10663550,0,0,0,10663550,10663550,INR,netbanking,1787398200,1787484600
pay_000000004680,payment,pay_000000004680,order_000000004680,INV-2026-004680,setl_000000004211,300000004211,34826249,0,0,0,34826249,34826249,INR,card,1785411000,1785411000
pay_000000004681,payment,pay_000000004681,order_000000004681,INV-2026-004681,setl_000000004212,300000004212,806840,0,0,0,806840,806840,INR,netbanking,1783855800,1784028600
pay_000000004682,payment,pay_000000004682,order_000000004682,INV-2026-004682,setl_000000004213,300000004213,32509894,0,0,0,32509894,32509894,INR,card,1787916600,1787916600
pay_000000004683,payment,pay_000000004683,order_000000004683,INV-2026-004683,setl_000000004214,300000004214,22152600,0,0,0,22152600,22152600,INR,upi,1782905400,1782905400
pay_000000004684,payment,pay_000000004684,order_000000004684,INV-2026-004684,setl_000000004215,300000004215,40571095,0,0,0,40571095,40571095,INR,wallet,1781695800,1781782200
pay_000000004685,payment,pay_000000004685,order_000000004685,INV-2026-004685,setl_000000004216,300000004216,8186159,0,0,0,8186159,8186159,INR,card,1786793400,1786879800
pay_000000004686,payment,pay_000000004686,order_000000004686,INV-2026-004686,setl_000000004217,300000004217,8052420,0,0,0,8052420,8052420,INR,wallet,1784547000,1784547000
pay_000000004687,payment,pay_000000004687,order_000000004687,INV-2026-004687,setl_000000004218,300000004218,24525050,0,0,0,24525050,24525050,INR,wallet,1780313400,1780399800
pay_000000004688,payment,pay_000000004688,order_000000004688,INV-2026-004688,setl_000000004219,300000004219,30926740,0,0,0,30926740,30926740,INR,netbanking,1781955000,1781955000
pay_000000004689,payment,pay_000000004689,order_000000004689,INV-2026-004689,setl_000000004220,300000004220,20046995,0,0,0,20046995,20046995,INR,card,1781263800,1781263800
pay_000000004690,payment,pay_000000004690,order_000000004690,INV-2026-004690,setl_000000004221,300000004221,4561463,0,0,0,4561463,4561463,INR,upi,1780745400,1780745400
pay_000000004691,payment,pay_000000004691,order_000000004691,INV-2026-004691,setl_000000004222,300000004222,35353243,0,0,0,35353243,35353243,INR,wallet,1785411000,1785583800
pay_000000004692,payment,pay_000000004692,order_000000004692,INV-2026-004692,setl_000000004223,300000004223,404680,0,0,0,404680,404680,INR,card,1787916600,1787916600
pay_000000004693,payment,pay_000000004693,order_000000004693,INV-2026-004693,setl_000000004224,300000004224,20512679,0,0,0,20512679,20512679,INR,card,1784201400,1784374200
pay_000000004694,payment,pay_000000004694,order_000000004694,INV-2026-004694,setl_000000004225,300000004225,3618720,0,0,0,3618720,3618720,INR,card,1781091000,1781091000
pay_000000004695,payment,pay_000000004695,order_000000004695,INV-2026-004695,setl_000000004226,300000004226,36334270,0,0,0,36334270,36334270,INR,card,1782127800,1782214200
pay_000000004696,payment,pay_000000004696,order_000000004696,INV-2026-004696,setl_000000004227,300000004227,36796288,0,0,0,36796288,36796288,INR,card,1784547000,1784547000
pay_000000004697,payment,pay_000000004697,order_000000004697,INV-2026-004697,setl_000000004228,300000004228,19409494,0,0,0,19409494,19409494,INR,netbanking,1787225400,1787398200
pay_000000004698,payment,pay_000000004698,order_000000004698,INV-2026-004698,setl_000000004229,300000004229,5633400,0,0,0,5633400,5633400,INR,netbanking,1781436600,1781609400
pay_000000004699,payment,pay_000000004699,order_000000004699,INV-2026-004699,setl_000000004230,300000004230,17463200,0,0,0,17463200,17463200,INR,netbanking,1785756600,1785843000
pay_000000004700,payment,pay_000000004700,order_000000004700,INV-2026-004700,setl_000000004231,300000004231,15183659,0,0,0,15183659,15183659,INR,netbanking,1786879800,1787052600
pay_000000004701,payment,pay_000000004701,order_000000004701,INV-2026-004701,setl_000000004232,300000004232,27657640,0,0,0,27657640,27657640,INR,wallet,1781177400,1781263800
pay_000000004702,payment,pay_000000004702,order_000000004702,INV-2026-004702,setl_000000004233,300000004233,9237900,0,0,0,9237900,9237900,INR,wallet,1785929400,1785929400
pay_000000004703,payment,pay_000000004703,order_000000004703,INV-2026-004703,setl_000000004234,300000004234,7824060,0,0,0,7824060,7824060,INR,upi,1783337400,1783510200
pay_000000004704,payment,pay_000000004704,order_000000004704,INV-2026-004704,setl_000000004235,300000004235,550065,0,0,0,550065,550065,INR,card,1786966200,1786966200
pay_000000004705,payment,pay_000000004705,order_000000004705,INV-2026-004705,setl_000000004236,300000004236,24226144,0,0,0,24226144,24226144,INR,card,1782819000,1782991800
pay_000000004706,payment,pay_000000004706,order_000000004706,INV-2026-004706,setl_000000004237,300000004237,16364099,0,0,0,16364099,16364099,INR,netbanking,1782819000,1782991800
pay_000000004707,payment,pay_000000004707,order_000000004707,INV-2026-004707,setl_000000004238,300000004238,20765999,0,0,0,20765999,20765999,INR,wallet,1783855800,1783942200
pay_000000004708,payment,pay_000000004708,order_000000004708,INV-2026-004708,setl_000000004239,300000004239,15265600,0,0,0,15265600,15265600,INR,card,1782214200,1782387000
pay_000000004709,payment,pay_000000004709,order_000000004709,INV-2026-004709,setl_000000004240,300000004240,3756800,0,0,0,3756800,3756800,INR,upi,1783337400,1783423800
pay_000000004710,payment,pay_000000004710,order_000000004710,INV-2026-004710,setl_000000004241,300000004241,29790179,0,0,0,29790179,29790179,INR,upi,1783683000,1783855800
pay_000000004711,payment,pay_000000004711,order_000000004711,INV-2026-004711,setl_000000004242,300000004242,1427000,0,0,0,1427000,1427000,INR,upi,1787571000,1787657400
pay_000000004712,payment,pay_000000004712,order_000000004712,INV-2026-004712,setl_000000004243,300000004243,4285100,0,0,0,4285100,4285100,INR,upi,1780745400,1780918200
pay_000000004713,payment,pay_000000004713,order_000000004713,INV-2026-004713,setl_000000004244,300000004244,5073899,0,0,0,5073899,5073899,INR,wallet,1785151800,1785324600
pay_000000004714,payment,pay_000000004714,order_000000004714,INV-2026-004714,setl_000000004245,300000004245,9498920,0,0,0,9498920,9498920,INR,card,1787657400,1787657400
pay_000000004715,payment,pay_000000004715,order_000000004715,INV-2026-004715,setl_000000004246,300000004246,15801590,0,0,0,15801590,15801590,INR,upi,1786707000,1786879800
pay_000000004716,payment,pay_000000004716,order_000000004716,INV-2026-004716,setl_000000004247,300000004247,24278295,0,0,0,24278295,24278295,INR,wallet,1786879800,1786966200
pay_000000004717,payment,pay_000000004717,order_000000004717,INV-2026-004717,setl_000000004248,300000004248,15386828,0,0,0,15386828,15386828,INR,netbanking,1783855800,1783942200
pay_000000004718,payment,pay_000000004718,order_000000004718,INV-2026-004718,setl_000000004249,300000004249,3776670,0,0,0,3776670,3776670,INR,card,1782905400,1783078200
pay_000000004719,payment,pay_000000004719,order_000000004719,INV-2026-004719,setl_000000004250,300000004250,36529069,0,0,0,36529069,36529069,INR,card,1783942200,1784115000
pay_000000004720,payment,pay_000000004720,order_000000004720,INV-2026-004720,setl_000000004251,300000004251,20900523,0,0,0,20900523,20900523,INR,netbanking,1782387000,1782473400
pay_000000004721,payment,pay_000000004721,order_000000004721,INV-2026-004721,setl_000000004252,300000004252,33148300,0,0,0,33148300,33148300,INR,wallet,1785583800,1785756600
pay_000000004722,payment,pay_000000004722,order_000000004722,INV-2026-004722,setl_000000004253,300000004253,22731650,0,0,0,22731650,22731650,INR,upi,1783769400,1783942200
pay_000000004723,payment,pay_000000004723,order_000000004723,INV-2026-004723,setl_000000004254,300000004254,116925,0,0,0,116925,116925,INR,card,1780486200,1780572600
pay_000000004724,payment,pay_000000004724,order_000000004724,INV-2026-004724,setl_000000004255,300000004255,16694050,0,0,0,16694050,16694050,INR,netbanking,1787139000,1787139000
pay_000000004725,payment,pay_000000004725,order_000000004725,INV-2026-004725,setl_000000004256,300000004256,13613738,0,0,0,13613738,13613738,INR,card,1781004600,1781004600
pay_000000004726,payment,pay_000000004726,order_000000004726,INV-2026-004726,setl_000000004257,300000004257,10820070,0,0,0,10820070,10820070,INR,upi,1784633400,1784633400
pay_000000004727,payment,pay_000000004727,order_000000004727,INV-2026-004727,setl_000000004258,300000004258,8468700,0,0,0,8468700,8468700,INR,upi,1787916600,1788003000
pay_000000004728,payment,pay_000000004728,order_000000004728,INV-2026-004728,setl_000000004259,300000004259,2226075,0,0,0,2226075,2226075,INR,wallet,1787311800,1787311800
pay_000000004729,payment,pay_000000004729,order_000000004729,INV-2026-004729,setl_000000004260,300000004260,7710860,0,0,0,7710860,7710860,INR,card,1784374200,1784460600
pay_000000004730,payment,pay_000000004730,order_000000004730,INV-2026-004730,setl_000000004261,300000004261,4927550,0,0,0,4927550,4927550,INR,upi,1782646200,1782819000
pay_000000004731,payment,pay_000000004731,order_000000004731,INV-2026-004731,setl_000000004262,300000004262,42118945,0,0,0,42118945,42118945,INR,upi,1780831800,1781004600
pay_000000004732,payment,pay_000000004732,order_000000004732,INV-2026-004732,setl_000000004263,300000004263,15620625,0,0,0,15620625,15620625,INR,netbanking,1782387000,1782387000
pay_000000004733,payment,pay_000000004733,order_000000004733,INV-2026-004733,setl_000000004264,300000004264,16915531,0,0,0,16915531,16915531,INR,upi,1780313400,1780486200
pay_000000004734,payment,pay_000000004734,order_000000004734,INV-2026-004734,setl_000000004265,300000004265,13025870,0,0,0,13025870,13025870,INR,card,1787571000,1787571000
pay_000000004735,payment,pay_000000004735,order_000000004735,INV-2026-004735,setl_000000004266,300000004266,19410640,0,0,0,19410640,19410640,INR,upi,1782732600,1782732600
pay_000000004736,payment,pay_000000004736,order_000000004736,INV-2026-004736,setl_000000004267,300000004267,27781740,0,0,0,27781740,27781740,INR,card,1782991800,1783078200
pay_000000004737,payment,pay_000000004737,order_000000004737,INV-2026-004737,setl_000000004268,300000004268,38237356,0,0,0,38237356,38237356,INR,netbanking,1784719800,1784719800
pay_000000004738,payment,pay_000000004738,order_000000004738,INV-2026-004738,setl_000000004269,300000004269,28786695,0,0,0,28786695,28786695,INR,upi,1781177400,1781177400
pay_000000004739,payment,pay_000000004739,order_000000004739,INV-2026-004739,setl_000000004270,300000004270,29822580,0,0,0,29822580,29822580,INR,netbanking,1785670200,1785670200
pay_000000004740,payment,pay_000000004740,order_000000004740,INV-2026-004740,setl_000000004271,300000004271,15010550,0,0,0,15010550,15010550,INR,netbanking,1787657400,1787830200
pay_000000004741,payment,pay_000000004741,order_000000004741,INV-2026-004741,setl_000000004272,300000004272,23614013,0,0,0,23614013,23614013,INR,wallet,1786966200,1787139000
pay_000000004742,payment,pay_000000004742,order_000000004742,INV-2026-004742,setl_000000004273,300000004273,14699880,0,0,0,14699880,14699880,INR,upi,1781177400,1781350200
pay_000000004743,payment,pay_000000004743,order_000000004743,INV-2026-004743,setl_000000004274,300000004274,8739299,0,0,0,8739299,8739299,INR,upi,1783337400,1783510200
pay_000000004744,payment,pay_000000004744,order_000000004744,INV-2026-004744,setl_000000004275,300000004275,15744120,0,0,0,15744120,15744120,INR,wallet,1785497400,1785497400
pay_000000004745,payment,pay_000000004745,order_000000004745,INV-2026-004745,setl_000000004276,300000004276,11000399,0,0,0,11000399,11000399,INR,wallet,1785843000,1785843000
pay_000000004746,payment,pay_000000004746,order_000000004746,INV-2026-004746,setl_000000004277,300000004277,2233660,0,0,0,2233660,2233660,INR,wallet,1786447800,1786534200
pay_000000004747,payment,pay_000000004747,order_000000004747,INV-2026-004747,setl_000000004278,300000004278,14348895,0,0,0,14348895,14348895,INR,card,1784979000,1784979000
pay_000000004748,payment,pay_000000004748,order_000000004748,INV-2026-004748,setl_000000004279,300000004279,4758650,0,0,0,4758650,4758650,INR,wallet,1781609400,1781609400
pay_000000004749,payment,pay_000000004749,order_000000004749,INV-2026-004749,setl_000000004280,300000004280,22110965,0,0,0,22110965,22110965,INR,card,1786275000,1786361400
pay_000000004750,payment,pay_000000004750,order_000000004750,INV-2026-004750,setl_000000004281,300000004281,3399065,0,0,0,3399065,3399065,INR,netbanking,1783423800,1783596600
pay_000000004751,payment,pay_000000004751,order_000000004751,INV-2026-004751,setl_000000004282,300000004282,9114040,0,0,0,9114040,9114040,INR,wallet,1785151800,1785238200
pay_000000004752,payment,pay_000000004752,order_000000004752,INV-2026-004752,setl_000000004283,300000004283,28286663,0,0,0,28286663,28286663,INR,netbanking,1783855800,1783942200
pay_000000004753,payment,pay_000000004753,order_000000004753,INV-2026-004753,setl_000000004284,300000004284,18901250,0,0,0,18901250,18901250,INR,card,1787916600,1788003000
pay_000000004754,payment,pay_000000004754,order_000000004754,INV-2026-004754,setl_000000004285,300000004285,15171930,0,0,0,15171930,15171930,INR,wallet,1781004600,1781177400
pay_000000004755,payment,pay_000000004755,order_000000004755,INV-2026-004755,setl_000000004286,300000004286,26367935,0,0,0,26367935,26367935,INR,upi,1783769400,1783855800
pay_000000004756,payment,pay_000000004756,order_000000004756,INV-2026-004756,setl_000000004287,300000004287,33518325,0,0,0,33518325,33518325,INR,upi,1782300600,1782387000
pay_000000004757,payment,pay_000000004757,order_000000004757,INV-2026-004757,setl_000000004288,300000004288,17338150,0,0,0,17338150,17338150,INR,wallet,1784719800,1784806200
pay_000000004758,payment,pay_000000004758,order_000000004758,INV-2026-004758,setl_000000004289,300000004289,16598940,0,0,0,16598940,16598940,INR,card,1786966200,1787139000
pay_000000004759,payment,pay_000000004759,order_000000004759,INV-2026-004759,setl_000000004290,300000004290,1787400,0,0,0,1787400,1787400,INR,upi,1786966200,1787139000
pay_000000004760,payment,pay_000000004760,order_000000004760,INV-2026-004760,setl_000000004291,300000004291,5302875,0,0,0,5302875,5302875,INR,wallet,1782387000,1782559800
pay_000000004761,payment,pay_000000004761,order_000000004761,INV-2026-004761,setl_000000004292,300000004292,3482699,0,0,0,3482699,3482699,INR,netbanking,1782300600,1782473400
pay_000000004762,payment,pay_000000004762,order_000000004762,INV-2026-004762,setl_000000004293,300000004293,16674120,0,0,0,16674120,16674120,INR,netbanking,1785324600,1785324600
pay_000000004763,payment,pay_000000004763,order_000000004763,INV-2026-004763,setl_000000004294,300000004294,13343215,0,0,0,13343215,13343215,INR,wallet,1786015800,1786015800
pay_000000004764,payment,pay_000000004764,order_000000004764,INV-2026-004764,setl_000000004295,300000004295,6063120,0,0,0,6063120,6063120,INR,wallet,1781955000,1782041400
pay_000000004765,payment,pay_000000004765,order_000000004765,INV-2026-004765,setl_000000004296,300000004296,18855930,0,0,0,18855930,18855930,INR,netbanking,1780313400,1780399800
pay_000000004766,payment,pay_000000004766,order_000000004766,INV-2026-004766,setl_000000004297,300000004297,14461510,0,0,0,14461510,14461510,INR,netbanking,1782732600,1782732600
pay_000000004767,payment,pay_000000004767,order_000000004767,INV-2026-004767,setl_000000004298,300000004298,5632890,0,0,0,5632890,5632890,INR,netbanking,1787571000,1787743800
pay_000000004768,payment,pay_000000004768,order_000000004768,INV-2026-004768,setl_000000004299,300000004299,32980425,0,0,0,32980425,32980425,INR,netbanking,1782387000,1782387000
pay_000000004769,payment,pay_000000004769,order_000000004769,INV-2026-004769,setl_000000004300,300000004300,4756360,0,0,0,4756360,4756360,INR,wallet,1787916600,1788089400
pay_000000004770,payment,pay_000000004770,order_000000004770,INV-2026-004770,setl_000000004301,300000004301,14593600,0,0,0,14593600,14593600,INR,wallet,1783251000,1783337400
pay_000000004771,payment,pay_000000004771,order_000000004771,INV-2026-004771,setl_000000004302,300000004302,32290055,0,0,0,32290055,32290055,INR,upi,1782559800,1782559800
pay_000000004772,payment,pay_000000004772,order_000000004772,INV-2026-004772,setl_000000004303,300000004303,14535188,0,0,0,14535188,14535188,INR,netbanking,1785238200,1785238200
pay_000000004773,payment,pay_000000004773,order_000000004773,INV-2026-004773,setl_000000004304,300000004304,28641898,0,0,0,28641898,28641898,INR,upi,1781177400,1781350200
pay_000000004774,payment,pay_000000004774,order_000000004774,INV-2026-004774,setl_000000004305,300000004305,27342450,0,0,0,27342450,27342450,INR,netbanking,1781177400,1781350200
pay_000000004775,payment,pay_000000004775,order_000000004775,INV-2026-004775,setl_000000004306,300000004306,16016610,0,0,0,16016610,16016610,INR,wallet,1781782200,1781868600
pay_000000004776,payment,pay_000000004776,order_000000004776,INV-2026-004776,setl_000000004307,300000004307,252540,0,0,0,252540,252540,INR,upi,1781177400,1781177400
pay_000000004777,payment,pay_000000004777,order_000000004777,INV-2026-004777,setl_000000004308,300000004308,17601120,0,0,0,17601120,17601120,INR,upi,1787571000,1787743800
pay_000000004778,payment,pay_000000004778,order_000000004778,INV-2026-004778,setl_000000004309,300000004309,4414500,0,0,0,4414500,4414500,INR,upi,1782300600,1782473400
pay_000000004779,payment,pay_000000004779,order_000000004779,INV-2026-004779,setl_000000004310,300000004310,1937940,0,0,0,1937940,1937940,INR,netbanking,1785238200,1785411000
pay_000000004780,payment,pay_000000004780,order_000000004780,INV-2026-004780,setl_000000004311,300000004311,26251320,0,0,0,26251320,26251320,INR,netbanking,1785238200,1785411000
pay_000000004781,payment,pay_000000004781,order_000000004781,INV-2026-004781,setl_000000004312,300000004312,4560399,0,0,0,4560399,4560399,INR,card,1787052600,1787052600
pay_000000004782,payment,pay_000000004782,order_000000004782,INV-2026-004782,setl_000000004313,300000004313,12783840,0,0,0,12783840,12783840,INR,wallet,1784547000,1784719800
pay_000000004783,payment,pay_000000004783,order_000000004783,INV-2026-004783,setl_000000004314,300000004314,14251988,0,0,0,14251988,14251988,INR,wallet,1782646200,1782646200
pay_000000004784,payment,pay_000000004784,order_000000004784,INV-2026-004784,setl_000000004315,300000004315,20948325,0,0,0,20948325,20948325,INR,netbanking,1786188600,1786361400
pay_000000004785,payment,pay_000000004785,order_000000004785,INV-2026-004785,setl_000000004316,300000004316,24330250,0,0,0,24330250,24330250,INR,card,1784201400,1784201400
pay_000000004786,payment,pay_000000004786,order_000000004786,INV-2026-004786,setl_000000004317,300000004317,20232994,0,0,0,20232994,20232994,INR,card,1782387000,1782559800
pay_000000004787,payment,pay_000000004787,order_000000004787,INV-2026-004787,setl_000000004318,300000004318,16861875,0,0,0,16861875,16861875,INR,card,1784374200,1784547000
pay_000000004788,payment,pay_000000004788,order_000000004788,INV-2026-004788,setl_000000004319,300000004319,26589509,0,0,0,26589509,26589509,INR,netbanking,1785411000,1785583800
pay_000000004789,payment,pay_000000004789,order_000000004789,INV-2026-004789,setl_000000004320,300000004320,3677895,0,0,0,3677895,3677895,INR,netbanking,1784115000,1784201400
pay_000000004790,payment,pay_000000004790,order_000000004790,INV-2026-004790,setl_000000004321,300000004321,15114359,0,0,0,15114359,15114359,INR,wallet,1784633400,1784806200
pay_000000004791,payment,pay_000000004791,order_000000004791,INV-2026-004791,setl_000000004322,300000004322,4117620,0,0,0,4117620,4117620,INR,wallet,1780572600,1780572600
pay_000000004792,payment,pay_000000004792,order_000000004792,INV-2026-004792,setl_000000004323,300000004323,12914800,0,0,0,12914800,12914800,INR,wallet,1782646200,1782646200
pay_000000004793,payment,pay_000000004793,order_000000004793,INV-2026-004793,setl_000000004324,300000004324,21763050,0,0,0,21763050,21763050,INR,upi,1785583800,1785670200
pay_000000004794,payment,pay_000000004794,order_000000004794,INV-2026-004794,setl_000000004325,300000004325,24692975,0,0,0,24692975,24692975,INR,netbanking,1786015800,1786188600
pay_000000004795,payment,pay_000000004795,order_000000004795,INV-2026-004795,setl_000000004326,300000004326,13852259,0,0,0,13852259,13852259,INR,upi,1786015800,1786188600
pay_000000004796,payment,pay_000000004796,order_000000004796,INV-2026-004796,setl_000000004327,300000004327,12766830,0,0,0,12766830,12766830,INR,netbanking,1787052600,1787225400
pay_000000004797,payment,pay_000000004797,order_000000004797,INV-2026-004797,setl_000000004328,300000004328,8983713,0,0,0,8983713,8983713,INR,card,1782214200,1782214200
pay_000000004798,payment,pay_000000004798,order_000000004798,INV-2026-004798,setl_000000004329,300000004329,957200,0,0,0,957200,957200,INR,netbanking,1783078200,1783078200
pay_000000004799,payment,pay_000000004799,order_000000004799,INV-2026-004799,setl_000000004330,300000004330,2413640,0,0,0,2413640,2413640,INR,wallet,1785670200,1785670200
pay_000000004800,payment,pay_000000004800,order_000000004800,INV-2026-004800,setl_000000004331,300000004331,17184525,0,0,0,17184525,17184525,INR,card,1783596600,1783596600
pay_000000004801,payment,pay_000000004801,order_000000004801,INV-2026-004801,setl_000000004332,300000004332,20000100,0,0,0,20000100,20000100,INR,upi,1783942200,1783942200
pay_000000004802,payment,pay_000000004802,order_000000004802,INV-2026-004802,setl_000000004333,300000004333,13802624,0,0,0,13802624,13802624,INR,netbanking,1782473400,1782559800
pay_000000004803,payment,pay_000000004803,order_000000004803,INV-2026-004803,setl_000000004334,300000004334,16471900,0,0,0,16471900,16471900,INR,upi,1784892600,1784892600
pay_000000004804,payment,pay_000000004804,order_000000004804,INV-2026-004804,setl_000000004335,300000004335,913988,0,0,0,913988,913988,INR,card,1785756600,1785843000
pay_000000004805,payment,pay_000000004805,order_000000004805,INV-2026-004805,setl_000000004336,300000004336,35558606,0,0,0,35558606,35558606,INR,upi,1782646200,1782732600
pay_000000004806,payment,pay_000000004806,order_000000004806,INV-2026-004806,setl_000000004337,300000004337,16500394,0,0,0,16500394,16500394,INR,netbanking,1786966200,1786966200
pay_000000004807,payment,pay_000000004807,order_000000004807,INV-2026-004807,setl_000000004338,300000004338,1878139,0,0,0,1878139,1878139,INR,upi,1783942200,1784115000
pay_000000004808,payment,pay_000000004808,order_000000004808,INV-2026-004808,setl_000000004339,300000004339,7674300,0,0,0,7674300,7674300,INR,card,1783683000,1783769400
pay_000000004809,payment,pay_000000004809,order_000000004809,INV-2026-004809,setl_000000004340,300000004340,1152700,0,0,0,1152700,1152700,INR,netbanking,1781868600,1781955000
pay_000000004810,payment,pay_000000004810,order_000000004810,INV-2026-004810,setl_000000004341,300000004341,11758730,0,0,0,11758730,11758730,INR,netbanking,1783596600,1783769400
pay_000000004811,payment,pay_000000004811,order_000000004811,INV-2026-004811,setl_000000004342,300000004342,34989075,0,0,0,34989075,34989075,INR,card,1782559800,1782732600
pay_000000004812,payment,pay_000000004812,order_000000004812,INV-2026-004812,setl_000000004343,300000004343,17293010,0,0,0,17293010,17293010,INR,wallet,1781004600,1781091000
pay_000000004813,payment,pay_000000004813,order_000000004813,INV-2026-004813,setl_000000004344,300000004344,26358570,0,0,0,26358570,26358570,INR,card,1781782200,1781782200
pay_000000004814,payment,pay_000000004814,order_000000004814,INV-2026-004814,setl_000000004345,300000004345,363350,0,0,0,363350,363350,INR,card,1785497400,1785497400
pay_000000004815,payment,pay_000000004815,order_000000004815,INV-2026-004815,setl_000000004346,300000004346,14152800,0,0,0,14152800,14152800,INR,upi,1784201400,1784287800
pay_000000004816,payment,pay_000000004816,order_000000004816,INV-2026-004816,setl_000000004347,300000004347,26351399,0,0,0,26351399,26351399,INR,card,1781782200,1781782200
pay_000000004817,payment,pay_000000004817,order_000000004817,INV-2026-004817,setl_000000004348,300000004348,15635381,0,0,0,15635381,15635381,INR,upi,1783423800,1783510200
pay_000000004818,payment,pay_000000004818,order_000000004818,INV-2026-004818,setl_000000004349,300000004349,17977400,0,0,0,17977400,17977400,INR,card,1780831800,1781004600
pay_000000004819,payment,pay_000000004819,order_000000004819,INV-2026-004819,setl_000000004350,300000004350,9299320,0,0,0,9299320,9299320,INR,card,1787484600,1787571000
pay_000000004820,payment,pay_000000004820,order_000000004820,INV-2026-004820,setl_000000004351,300000004351,13869450,0,0,0,13869450,13869450,INR,netbanking,1780486200,1780572600
pay_000000004821,payment,pay_000000004821,order_000000004821,INV-2026-004821,setl_000000004352,300000004352,19312200,0,0,0,19312200,19312200,INR,card,1785497400,1785497400
pay_000000004822,payment,pay_000000004822,order_000000004822,INV-2026-004822,setl_000000004353,300000004353,41776819,0,0,0,41776819,41776819,INR,wallet,1786015800,1786102200
pay_000000004823,payment,pay_000000004823,order_000000004823,INV-2026-004823,setl_000000004354,300000004354,10479700,0,0,0,10479700,10479700,INR,upi,1784287800,1784374200
pay_000000004824,payment,pay_000000004824,order_000000004824,INV-2026-004824,setl_000000004355,300000004355,3685500,0,0,0,3685500,3685500,INR,wallet,1780399800,1780399800
pay_000000004825,payment,pay_000000004825,order_000000004825,INV-2026-004825,setl_000000004356,300000004356,19471139,0,0,0,19471139,19471139,INR,card,1782559800,1782559800
pay_000000004826,payment,pay_000000004826,order_000000004826,INV-2026-004826,setl_000000004357,300000004357,5881363,0,0,0,5881363,5881363,INR,card,1785411000,1785583800
pay_000000004827,payment,pay_000000004827,order_000000004827,INV-2026-004827,setl_000000004358,300000004358,15028980,0,0,0,15028980,15028980,INR,card,1782300600,1782300600
pay_000000004828,payment,pay_000000004828,order_000000004828,INV-2026-004828,setl_000000004359,300000004359,3704321,0,0,0,3704321,3704321,INR,netbanking,1782214200,1782300600
pay_000000004829,payment,pay_000000004829,order_000000004829,INV-2026-004829,setl_000000004360,300000004360,24442600,0,0,0,24442600,24442600,INR,card,1784719800,1784892600
pay_000000004830,payment,pay_000000004830,order_000000004830,INV-2026-004830,setl_000000004361,300000004361,1944500,0,0,0,1944500,1944500,INR,upi,1781955000,1782127800
pay_000000004831,payment,pay_000000004831,order_000000004831,INV-2026-004831,setl_000000004362,300000004362,10625935,0,0,0,10625935,10625935,INR,netbanking,1782819000,1782991800
pay_000000004832,payment,pay_000000004832,order_000000004832,INV-2026-004832,setl_000000004363,300000004363,19624250,0,0,0,19624250,19624250,INR,netbanking,1783510200,1783510200
pay_000000004833,payment,pay_000000004833,order_000000004833,INV-2026-004833,setl_000000004364,300000004364,6189630,0,0,0,6189630,6189630,INR,card,1784115000,1784201400
pay_000000004834,payment,pay_000000004834,order_000000004834,INV-2026-004834,setl_000000004365,300000004365,32064394,0,0,0,32064394,32064394,INR,upi,1787052600,1787225400
pay_000000004835,payment,pay_000000004835,order_000000004835,INV-2026-004835,setl_000000004366,300000004366,22168899,0,0,0,22168899,22168899,INR,netbanking,1784115000,1784115000
pay_000000004836,payment,pay_000000004836,order_000000004836,INV-2026-004836,setl_000000004367,300000004367,31948625,0,0,0,31948625,31948625,INR,upi,1781350200,1781436600
pay_000000004837,payment,pay_000000004837,order_000000004837,INV-2026-004837,setl_000000004368,300000004368,16161300,0,0,0,16161300,16161300,INR,upi,1784287800,1784287800
pay_000000004838,payment,pay_000000004838,order_000000004838,INV-2026-004838,setl_000000004369,300000004369,49143899,0,0,0,49143899,49143899,INR,wallet,1785411000,1785583800
pay_000000004839,payment,pay_000000004839,order_000000004839,INV-2026-004839,setl_000000004370,300000004370,22891000,0,0,0,22891000,22891000,INR,netbanking,1783510200,1783596600
pay_000000004840,payment,pay_000000004840,order_000000004840,INV-2026-004840,setl_000000004371,300000004371,44921600,0,0,0,44921600,44921600,INR,wallet,1781523000,1781695800
pay_000000004841,payment,pay_000000004841,order_000000004841,INV-2026-004841,setl_000000004372,300000004372,7343275,0,0,0,7343275,7343275,INR,wallet,1786966200,1787052600
pay_000000004842,payment,pay_000000004842,order_000000004842,INV-2026-004842,setl_000000004373,300000004373,41457899,0,0,0,41457899,41457899,INR,upi,1785583800,1785756600
pay_000000004843,payment,pay_000000004843,order_000000004843,INV-2026-004843,setl_000000004374,300000004374,36913699,0,0,0,36913699,36913699,INR,card,1784633400,1784806200
pay_000000004844,payment,pay_000000004844,order_000000004844,INV-2026-004844,setl_000000004375,300000004375,48249200,0,0,0,48249200,48249200,INR,wallet,1785065400,1785151800
pay_000000004845,payment,pay_000000004845,order_000000004845,INV-2026-004845,setl_000000004376,300000004376,40345099,0,0,0,40345099,40345099,INR,upi,1783337400,1783423800
pay_000000004846,payment,pay_000000004846,order_000000004846,INV-2026-004846,setl_000000004377,300000004377,15961000,0,0,0,15961000,15961000,INR,upi,1783596600,1783596600
pay_000000004847,payment,pay_000000004847,order_000000004847,INV-2026-004847,setl_000000004378,300000004378,26451900,0,0,0,26451900,26451900,INR,netbanking,1784633400,1784633400
pay_000000004848,payment,pay_000000004848,order_000000004848,INV-2026-004848,setl_000000004379,300000004379,38491700,0,0,0,38491700,38491700,INR,upi,1786707000,1786879800
pay_000000004849,payment,pay_000000004849,order_000000004849,INV-2026-004849,setl_000000004380,300000004380,24596500,0,0,0,24596500,24596500,INR,upi,1783855800,1784028600
pay_000000004850,payment,pay_000000004850,order_000000004850,INV-2026-004850,setl_000000004381,300000004381,29683250,0,0,0,29683250,29683250,INR,card,1783164600,1783337400
pay_000000004851,payment,pay_000000004851,order_000000004851,INV-2026-004851,setl_000000004382,300000004382,26199275,0,0,0,26199275,26199275,INR,wallet,1786707000,1786793400
pay_000000004852,payment,pay_000000004852,order_000000004852,INV-2026-004852,setl_000000004383,300000004383,20974025,0,0,0,20974025,20974025,INR,netbanking,1787311800,1787484600
pay_000000004853,payment,pay_000000004853,order_000000004853,INV-2026-004853,setl_000000004384,300000004384,5628825,0,0,0,5628825,5628825,INR,netbanking,1784374200,1784374200
pay_000000004854,payment,pay_000000004854,order_000000004854,INV-2026-004854,setl_000000004385,300000004385,36054225,0,0,0,36054225,36054225,INR,upi,1786015800,1786102200
pay_000000004855,payment,pay_000000004855,order_000000004855,INV-2026-004855,setl_000000004386,300000004386,20316925,0,0,0,20316925,20316925,INR,netbanking,1781782200,1781955000
pay_000000004856,payment,pay_000000004856,order_000000004856,INV-2026-004856,setl_000000004387,300000004387,11730000,0,0,0,11730000,11730000,INR,wallet,1780313400,1780486200
pay_000000004857,payment,pay_000000004857,order_000000004857,INV-2026-004857,setl_000000004388,300000004388,11268500,0,0,0,11268500,11268500,INR,netbanking,1786879800,1787052600
pay_000000004858,payment,pay_000000004858,order_000000004858,INV-2026-004858,setl_000000004389,300000004389,26714375,0,0,0,26714375,26714375,INR,card,1784201400,1784374200
pay_000000004859,payment,pay_000000004859,order_000000004859,INV-2026-004859,setl_000000004390,300000004390,32807100,0,0,0,32807100,32807100,INR,upi,1787398200,1787484600
pay_000000004860,payment,pay_000000004860,order_000000004860,INV-2026-004860,setl_000000004391,300000004391,32094600,0,0,0,32094600,32094600,INR,upi,1781955000,1781955000
pay_000000004861,payment,pay_000000004861,order_000000004861,INV-2026-004861,setl_000000004392,300000004392,34457999,0,0,0,34457999,34457999,INR,wallet,1787743800,1787916600
pay_000000004862,payment,pay_000000004862,order_000000004862,INV-2026-004862,setl_000000004393,300000004393,34507200,0,0,0,34507200,34507200,INR,wallet,1781350200,1781523000
pay_000000004863,payment,pay_000000004863,order_000000004863,INV-2026-004863,setl_000000004394,300000004394,7058900,0,0,0,7058900,7058900,INR,netbanking,1786361400,1786447800
pay_000000004864,payment,pay_000000004864,order_000000004864,INV-2026-004864,setl_000000004395,300000004395,6402400,0,0,0,6402400,6402400,INR,wallet,1781436600,1781436600
pay_000000004865,payment,pay_000000004865,order_000000004865,INV-2026-004865,setl_000000004396,300000004396,22434300,0,0,0,22434300,22434300,INR,netbanking,1782127800,1782300600
pay_000000004866,payment,pay_000000004866,order_000000004866,INV-2026-004866,setl_000000004397,300000004397,21143700,0,0,0,21143700,21143700,INR,wallet,1786879800,1786879800
pay_000000004867,payment,pay_000000004867,order_000000004867,INV-2026-004867,setl_000000004398,300000004398,24687000,0,0,0,24687000,24687000,INR,wallet,1783683000,1783769400
pay_000000004868,payment,pay_000000004868,order_000000004868,INV-2026-004868,setl_000000004399,300000004399,11831950,0,0,0,11831950,11831950,INR,netbanking,1783683000,1783855800
pay_000000004869,payment,pay_000000004869,order_000000004869,INV-2026-004869,setl_000000004400,300000004400,17476225,0,0,0,17476225,17476225,INR,wallet,1786966200,1787139000
pay_000000004870,payment,pay_000000004870,order_000000004870,INV-2026-004870,setl_000000004401,300000004401,12481400,0,0,0,12481400,12481400,INR,card,1782127800,1782127800
pay_000000004871,payment,pay_000000004871,order_000000004871,INV-2026-004871,setl_000000004402,300000004402,48023125,0,0,0,48023125,48023125,INR,card,1786707000,1786879800
pay_000000004872,payment,pay_000000004872,order_000000004872,INV-2026-004872,setl_000000004403,300000004403,5616650,0,0,0,5616650,5616650,INR,wallet,1783596600,1783769400
pay_000000004873,payment,pay_000000004873,order_000000004873,INV-2026-004873,setl_000000004404,300000004404,34677499,0,0,0,34677499,34677499,INR,wallet,1784892600,1784892600
pay_000000004874,payment,pay_000000004874,order_000000004874,INV-2026-004874,setl_000000004405,300000004405,14967800,0,0,0,14967800,14967800,INR,netbanking,1783510200,1783683000
pay_000000004875,payment,pay_000000004875,order_000000004875,INV-2026-004875,setl_000000004406,300000004406,10811900,0,0,0,10811900,10811900,INR,wallet,1783078200,1783078200
pay_000000004876,payment,pay_000000004876,order_000000004876,INV-2026-004876,setl_000000004407,300000004407,13780200,0,0,0,13780200,13780200,INR,upi,1783942200,1784028600
pay_000000004877,payment,pay_000000004877,order_000000004877,INV-2026-004877,setl_000000004408,300000004408,30656950,0,0,0,30656950,30656950,INR,upi,1784806200,1784979000
pay_000000004878,payment,pay_000000004878,order_000000004878,INV-2026-004878,setl_000000004409,300000004409,46520750,0,0,0,46520750,46520750,INR,netbanking,1781436600,1781436600
pay_000000004879,payment,pay_000000004879,order_000000004879,INV-2026-004879,setl_000000004410,300000004410,13449750,0,0,0,13449750,13449750,INR,card,1787311800,1787398200
pay_000000004880,payment,pay_000000004880,order_000000004880,INV-2026-004880,setl_000000004411,300000004411,2130450,0,0,0,2130450,2130450,INR,card,1787484600,1787571000
pay_000000004881,payment,pay_000000004881,order_000000004881,INV-2026-004881,setl_000000004412,300000004412,44169199,0,0,0,44169199,44169199,INR,upi,1786361400,1786534200
pay_000000004882,payment,pay_000000004882,order_000000004882,INV-2026-004882,setl_000000004413,300000004413,24194500,0,0,0,24194500,24194500,INR,wallet,1784979000,1784979000
pay_000000004883,payment,pay_000000004883,order_000000004883,INV-2026-004883,setl_000000004414,300000004414,16937099,0,0,0,16937099,16937099,INR,upi,1784460600,1784547000
pay_000000004884,payment,pay_000000004884,order_000000004884,INV-2026-004884,setl_000000004415,300000004415,27697599,0,0,0,27697599,27697599,INR,netbanking,1784460600,1784460600
pay_000000004885,payment,pay_000000004885,order_000000004885,INV-2026-004885,setl_000000004416,300000004416,16766899,0,0,0,16766899,16766899,INR,card,1783078200,1783078200
pay_000000004886,payment,pay_000000004886,order_000000004886,INV-2026-004886,setl_000000004417,300000004417,34858499,0,0,0,34858499,34858499,INR,upi,1787311800,1787311800
pay_000000004887,payment,pay_000000004887,order_000000004887,INV-2026-004887,setl_000000004418,300000004418,8649625,0,0,0,8649625,8649625,INR,wallet,1780918200,1781004600
pay_000000004888,payment,pay_000000004888,order_000000004888,INV-2026-004888,setl_000000004419,300000004419,48698800,0,0,0,48698800,48698800,INR,wallet,1781091000,1781263800
pay_000000004889,payment,pay_000000004889,order_000000004889,INV-2026-004889,setl_000000004420,300000004420,27168025,0,0,0,27168025,27168025,INR,upi,1784287800,1784287800
pay_000000004890,payment,pay_000000004890,order_000000004890,INV-2026-004890,setl_000000004421,300000004421,9921525,0,0,0,9921525,9921525,INR,wallet,1782300600,1782387000
pay_000000004891,payment,pay_000000004891,order_000000004891,INV-2026-004891,setl_000000004422,300000004422,8993125,0,0,0,8993125,8993125,INR,upi,1785065400,1785238200
pay_000000004892,payment,pay_000000004892,order_000000004892,INV-2026-004892,setl_000000004423,300000004423,14275700,0,0,0,14275700,14275700,INR,netbanking,1785843000,1786015800
pay_000000004893,payment,pay_000000004893,order_000000004893,INV-2026-004893,setl_000000004424,300000004424,2815000,0,0,0,2815000,2815000,INR,wallet,1785756600,1785929400
pay_000000004894,payment,pay_000000004894,order_000000004894,INV-2026-004894,setl_000000004425,300000004425,38813300,0,0,0,38813300,38813300,INR,netbanking,1786620600,1786620600
pay_000000004895,payment,pay_000000004895,order_000000004895,INV-2026-004895,setl_000000004426,300000004426,7331599,0,0,0,7331599,7331599,INR,upi,1784892600,1784979000
pay_000000004896,payment,pay_000000004896,order_000000004896,INV-2026-004896,setl_000000004427,300000004427,11131599,0,0,0,11131599,11131599,INR,wallet,1784979000,1785151800
pay_000000004897,payment,pay_000000004897,order_000000004897,INV-2026-004897,setl_000000004428,300000004428,12472850,0,0,0,12472850,12472850,INR,card,1786707000,1786879800
pay_000000004898,payment,pay_000000004898,order_000000004898,INV-2026-004898,setl_000000004429,300000004429,13073225,0,0,0,13073225,13073225,INR,card,1780918200,1780918200
pay_000000004899,payment,pay_000000004899,order_000000004899,INV-2026-004899,setl_000000004430,300000004430,18188800,0,0,0,18188800,18188800,INR,wallet,1782127800,1782300600
pay_000000004900,payment,pay_000000004900,order_000000004900,INV-2026-004900,setl_000000004431,300000004431,37096950,0,0,0,37096950,37096950,INR,netbanking,1782473400,1782559800
pay_000000004901,payment,pay_000000004901,order_000000004901,INV-2026-004901,setl_000000004432,300000004432,32318475,0,0,0,32318475,32318475,INR,wallet,1786275000,1786361400
pay_000000004902,payment,pay_000000004902,order_000000004902,INV-2026-004902,setl_000000004433,300000004433,8772399,0,0,0,8772399,8772399,INR,netbanking,1782991800,1782991800
pay_000000004903,payment,pay_000000004903,order_000000004903,INV-2026-004903,setl_000000004434,300000004434,22859900,0,0,0,22859900,22859900,INR,netbanking,1781523000,1781523000
pay_000000004904,payment,pay_000000004904,order_000000004904,INV-2026-004904,setl_000000004435,300000004435,20564325,0,0,0,20564325,20564325,INR,upi,1786275000,1786361400
pay_000000004905,payment,pay_000000004905,order_000000004905,INV-2026-004905,setl_000000004436,300000004436,31954000,0,0,0,31954000,31954000,INR,wallet,1783337400,1783337400
pay_000000004906,payment,pay_000000004906,order_000000004906,INV-2026-004906,setl_000000004437,300000004437,35703900,0,0,0,35703900,35703900,INR,upi,1786275000,1786361400
pay_000000004907,payment,pay_000000004907,order_000000004907,INV-2026-004907,setl_000000004438,300000004438,27749375,0,0,0,27749375,27749375,INR,card,1782559800,1782646200
pay_000000004908,payment,pay_000000004908,order_000000004908,INV-2026-004908,setl_000000004439,300000004439,47979625,0,0,0,47979625,47979625,INR,wallet,1787225400,1787398200
pay_000000004909,payment,pay_000000004909,order_000000004909,INV-2026-004909,setl_000000004440,300000004440,24571900,0,0,0,24571900,24571900,INR,netbanking,1781695800,1781695800
pay_000000004910,payment,pay_000000004910,order_000000004910,INV-2026-004910,setl_000000004441,300000004441,17608200,0,0,0,17608200,17608200,INR,upi,1783510200,1783596600
pay_000000004911,payment,pay_000000004911,order_000000004911,INV-2026-004911,setl_000000004442,300000004442,16521399,0,0,0,16521399,16521399,INR,netbanking,1787398200,1787484600
pay_000000004912,payment,pay_000000004912,order_000000004912,INV-2026-004912,setl_000000004443,300000004443,31490500,0,0,0,31490500,31490500,INR,card,1786534200,1786620600
pay_000000004913,payment,pay_000000004913,order_000000004913,INV-2026-004913,setl_000000004444,300000004444,4340800,0,0,0,4340800,4340800,INR,wallet,1786793400,1786879800
pay_000000004914,payment,pay_000000004914,order_000000004914,INV-2026-004914,setl_000000004445,300000004445,22938750,0,0,0,22938750,22938750,INR,card,1782732600,1782819000
pay_000000004915,payment,pay_000000004915,order_000000004915,INV-2026-004915,setl_000000004446,300000004446,37213799,0,0,0,37213799,37213799,INR,netbanking,1783164600,1783337400
pay_000000004916,payment,pay_000000004916,order_000000004916,INV-2026-004916,setl_000000004447,300000004447,27295150,0,0,0,27295150,27295150,INR,upi,1788003000,1788003000
pay_000000004917,payment,pay_000000004917,order_000000004917,INV-2026-004917,setl_000000004448,300000004448,18065699,0,0,0,18065699,18065699,INR,card,1784115000,1784201400
pay_000000004918,payment,pay_000000004918,order_000000004918,INV-2026-004918,setl_000000004449,300000004449,1260599,0,0,0,1260599,1260599,INR,upi,1787657400,1787743800
pay_000000004919,payment,pay_000000004919,order_000000004919,INV-2026-004919,setl_000000004450,300000004450,31818100,0,0,0,31818100,31818100,INR,netbanking,1784892600,1784979000
pay_000000004920,payment,pay_000000004920,order_000000004920,INV-2026-004920,setl_000000004451,300000004451,38018299,0,0,0,38018299,38018299,INR,wallet,1784028600,1784201400
pay_000000004921,payment,pay_000000004921,order_000000004921,INV-2026-004921,setl_000000004452,300000004452,8762025,0,0,0,8762025,8762025,INR,card,1780572600,1780572600
pay_000000004922,payment,pay_000000004922,order_000000004922,INV-2026-004922,setl_000000004453,300000004453,27811899,0,0,0,27811899,27811899,INR,card,1782041400,1782041400
pay_000000004923,payment,pay_000000004923,order_000000004923,INV-2026-004923,setl_000000004454,300000004454,27937800,0,0,0,27937800,27937800,INR,netbanking,1786275000,1786447800
pay_000000004924,payment,pay_000000004924,order_000000004924,INV-2026-004924,setl_000000004455,300000004455,42211100,0,0,0,42211100,42211100,INR,wallet,1786620600,1786793400
pay_000000004925,payment,pay_000000004925,order_000000004925,INV-2026-004925,setl_000000004456,300000004456,48882375,0,0,0,48882375,48882375,INR,card,1782646200,1782819000
pay_000000004926,payment,pay_000000004926,order_000000004926,INV-2026-004926,setl_000000004457,300000004457,7099650,0,0,0,7099650,7099650,INR,card,1780659000,1780659000
pay_000000004927,payment,pay_000000004927,order_000000004927,INV-2026-004927,setl_000000004458,300000004458,4542225,0,0,0,4542225,4542225,INR,netbanking,1781955000,1781955000
pay_000000004928,payment,pay_000000004928,order_000000004928,INV-2026-004928,setl_000000004459,300000004459,22623075,0,0,0,22623075,22623075,INR,wallet,1784374200,1784374200
pay_000000004929,payment,pay_000000004929,order_000000004929,INV-2026-004929,setl_000000004460,300000004460,23934000,0,0,0,23934000,23934000,INR,card,1783251000,1783251000
pay_000000004930,payment,pay_000000004930,order_000000004930,INV-2026-004930,setl_000000004461,300000004461,39105200,0,0,0,39105200,39105200,INR,netbanking,1782041400,1782127800
pay_000000004931,payment,pay_000000004931,order_000000004931,INV-2026-004931,setl_000000004462,300000004462,45822399,0,0,0,45822399,45822399,INR,card,1781091000,1781177400
pay_000000004932,payment,pay_000000004932,order_000000004932,INV-2026-004932,setl_000000004463,300000004463,11492775,0,0,0,11492775,11492775,INR,upi,1787311800,1787311800
pay_000000004933,payment,pay_000000004933,order_000000004933,INV-2026-004933,setl_000000004464,300000004464,23029450,0,0,0,23029450,23029450,INR,netbanking,1782819000,1782991800
pay_000000004934,payment,pay_000000004934,order_000000004934,INV-2026-004934,setl_000000004465,300000004465,33856500,0,0,0,33856500,33856500,INR,card,1782127800,1782300600
pay_000000004935,payment,pay_000000004935,order_000000004935,INV-2026-004935,setl_000000004466,300000004466,37920000,0,0,0,37920000,37920000,INR,wallet,1787484600,1787571000
pay_000000004936,payment,pay_000000004936,order_000000004936,INV-2026-004936,setl_000000004467,300000004467,43842900,0,0,0,43842900,43842900,INR,wallet,1785583800,1785670200
pay_000000004937,payment,pay_000000004937,order_000000004937,INV-2026-004937,setl_000000004468,300000004468,43768400,0,0,0,43768400,43768400,INR,netbanking,1787916600,1788003000
pay_000000004938,payment,pay_000000004938,order_000000004938,INV-2026-004938,setl_000000004469,300000004469,15098550,0,0,0,15098550,15098550,INR,netbanking,1782387000,1782387000
pay_000000004939,payment,pay_000000004939,order_000000004939,INV-2026-004939,setl_000000004470,300000004470,9734400,0,0,0,9734400,9734400,INR,wallet,1783164600,1783337400
pay_000000004940,payment,pay_000000004940,order_000000004940,INV-2026-004940,setl_000000004471,300000004471,20286200,0,0,0,20286200,20286200,INR,card,1783164600,1783337400
pay_000000004941,payment,pay_000000004941,order_000000004941,INV-2026-004941,setl_000000004472,300000004472,46546399,0,0,0,46546399,46546399,INR,wallet,1783337400,1783337400
pay_000000004942,payment,pay_000000004942,order_000000004942,INV-2026-004942,setl_000000004473,300000004473,49437325,0,0,0,49437325,49437325,INR,card,1782214200,1782387000
pay_000000004943,payment,pay_000000004943,order_000000004943,INV-2026-004943,setl_000000004474,300000004474,18800700,0,0,0,18800700,18800700,INR,card,1787571000,1787571000
pay_000000004944,payment,pay_000000004944,order_000000004944,INV-2026-004944,setl_000000004475,300000004475,45731299,0,0,0,45731299,45731299,INR,wallet,1782473400,1782559800
pay_000000004945,payment,pay_000000004945,order_000000004945,INV-2026-004945,setl_000000004476,300000004476,11315200,0,0,0,11315200,11315200,INR,upi,1781004600,1781091000
