invoice_id,customer_name,invoice_date,due_date,amount,tds_applicable,tds_section,status
INV-2026-000001,AMRAVATI AGRO EXPORTS PRIVATE LIMITED,2026-07-04,2026-08-03,72000.25,false,,paid
INV-2026-000002,AMRAVATI AGRO EXPORTS PRIVATE LIMITED,2026-07-06,2026-08-05,50000.00,false,,paid
INV-2026-000003,COIMBATORE HOSPITALITY PVT LTD,2026-07-17,2026-08-16,75000.75,false,,paid
INV-2026-000004,COIMBATORE HOSPITALITY PVT LTD,2026-07-19,2026-08-18,50000.25,false,,paid
INV-2026-000005,COIMBATORE HOSPITALITY PVT LTD,2026-07-18,2026-08-17,187000.00,false,,paid
INV-2026-000006,COIMBATORE HOSPITALITY PVT LTD,2026-07-17,2026-08-16,75002.00,false,,paid
INV-2026-000007,COIMBATORE HOSPITALITY PVT LTD,2026-07-19,2026-08-18,149634.00,false,,paid
INV-2026-000008,JABALPUR TRADERS INDIA PRIVATE LIMITED,2026-08-06,2026-09-05,300000.00,false,,paid
INV-2026-000009,JABALPUR TRADERS INDIA PRIVATE LIMITED,2026-08-08,2026-09-07,4077.25,false,,paid
INV-2026-000010,JABALPUR TRADERS INDIA PRIVATE LIMITED,2026-08-07,2026-09-06,9939.00,false,,paid
INV-2026-000011,MADURAI GARMENTS PRIVATE LIMITED,2026-08-02,2026-09-01,38553.00,false,,paid
INV-2026-000012,MADURAI GARMENTS PRIVATE LIMITED,2026-08-04,2026-09-03,7845.75,false,,paid
INV-2026-000013,MADURAI GARMENTS PRIVATE LIMITED,2026-08-04,2026-09-03,500000.50,false,,paid
INV-2026-000014,MADURAI GARMENTS PRIVATE LIMITED,2026-08-02,2026-09-01,217000.50,false,,paid
INV-2026-000015,AMRAVATI BEARINGS LIMITED,2026-06-05,2026-07-05,39415.00,false,,paid
INV-2026-000016,AMRAVATI BEARINGS LIMITED,2026-06-05,2026-07-05,243000.50,false,,paid
INV-2026-000017,AMRAVATI BEARINGS LIMITED,2026-06-03,2026-07-03,211000.00,false,,paid
INV-2026-000018,GUNTUR CHEMICALS INDIA PRIVATE LIMITED,2026-08-08,2026-09-07,41598.50,false,,paid
INV-2026-000019,GUNTUR CHEMICALS INDIA PRIVATE LIMITED,2026-08-08,2026-09-07,41902.00,false,,paid
INV-2026-000020,AMRAVATI AUTO COMPONENTS PVT LTD,2026-08-01,2026-08-31,45507.25,false,,paid
INV-2026-000021,AMRAVATI AUTO COMPONENTS PVT LTD,2026-07-30,2026-08-29,120948.50,false,,paid
INV-2026-000022,RAJKOT INFRAPROJECTS AND COMPANY,2026-06-10,2026-07-10,20000.00,false,,paid
INV-2026-000023,RAJKOT INFRAPROJECTS AND COMPANY,2026-06-10,2026-07-10,48236.00,false,,paid
INV-2026-000024,RAJKOT INFRAPROJECTS AND COMPANY,2026-06-08,2026-07-08,29866.00,false,,paid
INV-2026-000025,RAJKOT INFRAPROJECTS AND COMPANY,2026-06-08,2026-07-08,158661.00,false,,paid
INV-2026-000026,BELGAUM CONSTRUCTIONS PRIVATE LIMITED,2026-06-16,2026-07-16,29892.00,false,,paid
INV-2026-000027,BELGAUM CONSTRUCTIONS PRIVATE LIMITED,2026-06-16,2026-07-16,25000.00,false,,paid
INV-2026-000028,TRICHY CABLES PRIVATE LIMITED,2026-06-22,2026-07-22,25828.00,false,,paid
INV-2026-000029,TRICHY CABLES PRIVATE LIMITED,2026-06-23,2026-07-23,56000.00,false,,paid
INV-2026-000030,TRICHY CABLES PRIVATE LIMITED,2026-06-23,2026-07-23,250000.00,false,,paid
INV-2026-000031,AMRAVATI COLD STORAGE AND COMPANY,2026-07-24,2026-08-23,161000.00,false,,paid
INV-2026-000032,AMRAVATI COLD STORAGE AND COMPANY,2026-07-24,2026-08-23,224000.00,false,,paid
INV-2026-000033,AMRAVATI POLYMERS PRIVATE LIMITED,2026-08-24,2026-09-23,70216.00,false,,paid
INV-2026-000034,AMRAVATI POLYMERS PRIVATE LIMITED,2026-08-23,2026-09-22,108000.00,false,,paid
INV-2026-000035,AMRAVATI POLYMERS PRIVATE LIMITED,2026-08-23,2026-09-22,44502.00,false,,paid
INV-2026-000036,BHOPAL TRANSPORT AND COMPANY,2026-08-20,2026-09-19,17378.00,false,,paid
INV-2026-000037,BHOPAL TRANSPORT AND COMPANY,2026-08-20,2026-09-19,50663.50,false,,paid
INV-2026-000038,NASHIK CASTINGS LLP,2026-07-29,2026-08-28,50232.00,false,,paid
INV-2026-000039,NASHIK CASTINGS LLP,2026-07-31,2026-08-30,40000.00,false,,paid
INV-2026-000040,NASHIK CASTINGS LLP,2026-07-31,2026-08-30,129985.00,false,,paid
INV-2026-000041,NASHIK CASTINGS LLP,2026-07-30,2026-08-29,7143.00,false,,paid
INV-2026-000042,NASHIK CASTINGS LLP,2026-07-30,2026-08-29,18756.00,false,,paid
INV-2026-000043,MADURAI FABRICATORS AND COMPANY,2026-06-15,2026-07-15,87599.00,false,,paid
INV-2026-000044,MADURAI FABRICATORS AND COMPANY,2026-06-16,2026-07-16,250000.00,false,,paid
INV-2026-000045,MADURAI FABRICATORS AND COMPANY,2026-06-16,2026-07-16,101290.00,false,,paid
INV-2026-000046,CUTTACK TEXTILES PVT LTD,2026-06-26,2026-07-26,10123.00,false,,paid
INV-2026-000047,CUTTACK TEXTILES PVT LTD,2026-06-26,2026-07-26,292455.00,false,,paid
INV-2026-000048,AMRAVATI BEARINGS LIMITED,2026-08-21,2026-09-20,216000.25,false,,paid
INV-2026-000049,AMRAVATI BEARINGS LIMITED,2026-08-20,2026-09-19,28635.75,false,,paid
INV-2026-000050,AMRAVATI BEARINGS LIMITED,2026-08-22,2026-09-21,19088.00,false,,paid
INV-2026-000051,AMRAVATI BEARINGS LIMITED,2026-08-21,2026-09-20,231000.00,false,,paid
INV-2026-000052,HALDIA POLYMERS PRIVATE LIMITED,2026-08-21,2026-09-20,123314.00,false,,paid
INV-2026-000053,HALDIA POLYMERS PRIVATE LIMITED,2026-08-20,2026-09-19,8105.00,false,,paid
INV-2026-000054,HALDIA POLYMERS PRIVATE LIMITED,2026-08-22,2026-09-21,32371.00,false,,paid
INV-2026-000055,TIRUPUR PRINTERS PVT LTD,2026-08-09,2026-09-08,65000.00,false,,paid
INV-2026-000056,TIRUPUR PRINTERS PVT LTD,2026-08-10,2026-09-09,9876.00,false,,paid
INV-2026-000057,BHOPAL POLYMERS PRIVATE LIMITED,2026-07-25,2026-08-24,220000.00,false,,paid
INV-2026-000058,BHOPAL POLYMERS PRIVATE LIMITED,2026-07-27,2026-08-26,51599.00,false,,paid
INV-2026-000059,BHOPAL POLYMERS PRIVATE LIMITED,2026-07-25,2026-08-24,200000.00,false,,paid
INV-2026-000060,BHOPAL POLYMERS PRIVATE LIMITED,2026-07-26,2026-08-25,145000.00,false,,paid
INV-2026-000061,BHOPAL POLYMERS PRIVATE LIMITED,2026-07-27,2026-08-26,19681.00,false,,paid
INV-2026-000062,AMRAVATI CABLES PRIVATE LIMITED,2026-06-06,2026-07-06,17055.00,false,,paid
INV-2026-000063,AMRAVATI CABLES PRIVATE LIMITED,2026-06-06,2026-07-06,29306.00,false,,paid
INV-2026-000064,AMRAVATI CABLES PRIVATE LIMITED,2026-06-05,2026-07-05,6200.00,false,,paid
INV-2026-000065,AMRAVATI CABLES PRIVATE LIMITED,2026-06-06,2026-07-06,171000.00,false,,paid
INV-2026-000066,AMRAVATI CABLES PRIVATE LIMITED,2026-06-04,2026-07-04,17160.00,false,,paid
INV-2026-000067,JAMNAGAR COLD STORAGE AND COMPANY,2026-06-25,2026-07-25,68000.99,false,,paid
INV-2026-000068,JAMNAGAR COLD STORAGE AND COMPANY,2026-06-25,2026-07-25,35252.00,false,,paid
INV-2026-000069,JAMNAGAR COLD STORAGE AND COMPANY,2026-06-27,2026-07-27,20000.00,false,,paid
INV-2026-000070,JAMNAGAR COLD STORAGE AND COMPANY,2026-06-26,2026-07-26,13962.00,false,,paid
INV-2026-000071,JAMNAGAR COLD STORAGE AND COMPANY,2026-06-25,2026-07-25,69754.00,false,,paid
INV-2026-000072,BHOPAL TRANSPORT AND COMPANY,2026-07-11,2026-08-10,33340.00,false,,paid
INV-2026-000073,BHOPAL TRANSPORT AND COMPANY,2026-07-10,2026-08-09,19688.00,false,,paid
INV-2026-000074,BHOPAL TRANSPORT AND COMPANY,2026-07-12,2026-08-11,264546.00,false,,paid
INV-2026-000075,BHOPAL TRANSPORT AND COMPANY,2026-07-12,2026-08-11,250000.00,false,,paid
INV-2026-000076,BHOPAL TRANSPORT AND COMPANY,2026-07-10,2026-08-09,60000.00,false,,paid
INV-2026-000077,JALANDHAR CABLES PRIVATE LIMITED,2026-07-26,2026-08-25,26316.00,false,,paid
INV-2026-000078,JALANDHAR CABLES PRIVATE LIMITED,2026-07-25,2026-08-24,10000.00,false,,paid
INV-2026-000079,JALANDHAR CABLES PRIVATE LIMITED,2026-07-26,2026-08-25,44168.00,false,,paid
INV-2026-000080,SILIGURI FOODS PVT LTD,2026-08-14,2026-09-13,218000.00,false,,paid
INV-2026-000081,SILIGURI FOODS PVT LTD,2026-08-14,2026-09-13,52233.00,false,,paid
INV-2026-000082,SILIGURI FOODS PVT LTD,2026-08-13,2026-09-12,150000.00,false,,paid
INV-2026-000083,SILIGURI FOODS PVT LTD,2026-08-13,2026-09-12,49045.50,false,,paid
INV-2026-000084,SILIGURI FOODS PVT LTD,2026-08-13,2026-09-12,20963.50,false,,paid
INV-2026-000085,COIMBATORE DIAGNOSTICS LIMITED,2026-07-04,2026-08-03,71884.00,false,,paid
INV-2026-000086,COIMBATORE DIAGNOSTICS LIMITED,2026-07-03,2026-08-02,103906.50,false,,paid
INV-2026-000087,COIMBATORE DIAGNOSTICS LIMITED,2026-07-04,2026-08-03,20735.25,false,,paid
INV-2026-000088,COIMBATORE DIAGNOSTICS LIMITED,2026-07-03,2026-08-02,135000.00,false,,paid
INV-2026-000089,SILIGURI INDUSTRIES INDIA PRIVATE LIMITED,2026-07-08,2026-08-07,40448.00,false,,paid
INV-2026-000090,SILIGURI INDUSTRIES INDIA PRIVATE LIMITED,2026-07-08,2026-08-07,61754.00,false,,paid
INV-2026-000091,TIRUPUR CASTINGS LLP,2026-07-27,2026-08-26,40000.00,false,,paid
INV-2026-000092,TIRUPUR CASTINGS LLP,2026-07-29,2026-08-28,113616.00,false,,paid
INV-2026-000093,TIRUPUR CASTINGS LLP,2026-07-28,2026-08-27,35313.25,false,,paid
INV-2026-000094,JODHPUR MOTORS PRIVATE LIMITED,2026-08-03,2026-09-02,41575.00,false,,paid
INV-2026-000095,JODHPUR MOTORS PRIVATE LIMITED,2026-08-04,2026-09-03,42775.00,false,,paid
INV-2026-000096,JODHPUR MOTORS PRIVATE LIMITED,2026-08-03,2026-09-02,49462.00,false,,paid
INV-2026-000097,JODHPUR MOTORS PRIVATE LIMITED,2026-08-04,2026-09-03,300000.00,false,,paid
INV-2026-000098,JODHPUR MOTORS PRIVATE LIMITED,2026-08-03,2026-09-02,77203.00,false,,paid
INV-2026-000099,AMRAVATI BEARINGS LIMITED,2026-06-11,2026-07-11,20000.75,false,,paid
INV-2026-000100,AMRAVATI BEARINGS LIMITED,2026-06-09,2026-07-09,87698.99,false,,paid
INV-2026-000101,AMRAVATI BEARINGS LIMITED,2026-06-09,2026-07-09,8606.00,false,,paid
INV-2026-000102,AMRAVATI BEARINGS LIMITED,2026-06-10,2026-07-10,285000.00,false,,paid
INV-2026-000103,AMRAVATI BEARINGS LIMITED,2026-06-09,2026-07-09,36293.00,false,,paid
INV-2026-000104,BHAVNAGAR ENGINEERING PVT LTD,2026-07-28,2026-08-27,190000.00,false,,paid
INV-2026-000105,BHAVNAGAR ENGINEERING PVT LTD,2026-07-29,2026-08-28,34767.00,false,,paid
INV-2026-000106,BHAVNAGAR ENGINEERING PVT LTD,2026-07-28,2026-08-27,27048.25,false,,paid
INV-2026-000107,JALANDHAR CASTINGS LLP,2026-06-21,2026-07-21,50000.00,false,,paid
INV-2026-000108,JALANDHAR CASTINGS LLP,2026-06-23,2026-07-23,15571.00,false,,paid
INV-2026-000109,JALANDHAR CASTINGS LLP,2026-06-23,2026-07-23,15426.00,false,,paid
INV-2026-000110,JALANDHAR CASTINGS LLP,2026-06-22,2026-07-22,54590.25,false,,paid
INV-2026-000111,JALANDHAR CASTINGS LLP,2026-06-23,2026-07-23,114760.75,false,,paid
INV-2026-000112,CALICUT ENGINEERING PVT LTD,2026-08-10,2026-09-09,107030.00,false,,paid
INV-2026-000113,CALICUT ENGINEERING PVT LTD,2026-08-11,2026-09-10,59347.00,false,,paid
INV-2026-000114,CALICUT ENGINEERING PVT LTD,2026-08-12,2026-09-11,127458.00,false,,paid
INV-2026-000115,CALICUT ENGINEERING PVT LTD,2026-08-10,2026-09-09,15000.00,false,,paid
INV-2026-000116,CALICUT ENGINEERING PVT LTD,2026-08-11,2026-09-10,22148.00,false,,paid
INV-2026-000117,BHAVNAGAR CONTAINERS PVT LTD,2026-07-05,2026-08-04,23757.00,false,,paid
INV-2026-000118,BHAVNAGAR CONTAINERS PVT LTD,2026-07-06,2026-08-05,286000.00,false,,paid
INV-2026-000119,BHAVNAGAR CONTAINERS PVT LTD,2026-07-06,2026-08-05,299000.00,false,,paid
INV-2026-000120,BHAVNAGAR CONTAINERS PVT LTD,2026-07-06,2026-08-05,15000.00,false,,paid
INV-2026-000121,ANANTAPUR CONSTRUCTIONS PRIVATE LIMITED,2026-06-16,2026-07-16,75000.25,false,,paid
INV-2026-000122,ANANTAPUR CONSTRUCTIONS PRIVATE LIMITED,2026-06-18,2026-07-18,22076.00,false,,paid
INV-2026-000123,ANANTAPUR CONSTRUCTIONS PRIVATE LIMITED,2026-06-17,2026-07-17,5832.00,false,,paid
INV-2026-000124,SURAT SOFTWARE SERVICES PRIVATE LIMITED,2026-06-25,2026-07-25,32858.00,false,,paid
INV-2026-000125,SURAT SOFTWARE SERVICES PRIVATE LIMITED,2026-06-26,2026-07-26,77337.00,false,,paid
INV-2026-000126,SURAT SOFTWARE SERVICES PRIVATE LIMITED,2026-06-26,2026-07-26,229071.75,false,,paid
INV-2026-000127,SURAT SOFTWARE SERVICES PRIVATE LIMITED,2026-06-26,2026-07-26,195606.00,false,,paid
INV-2026-000128,SURAT SOFTWARE SERVICES PRIVATE LIMITED,2026-06-25,2026-07-25,42216.00,false,,paid
INV-2026-000129,AURANGABAD GARMENTS PRIVATE LIMITED,2026-06-06,2026-07-06,235000.00,false,,paid
INV-2026-000130,AURANGABAD GARMENTS PRIVATE LIMITED,2026-06-07,2026-07-07,26452.00,false,,paid
INV-2026-000131,AURANGABAD GARMENTS PRIVATE LIMITED,2026-06-06,2026-07-06,12776.00,false,,paid
INV-2026-000132,JODHPUR CERAMICS PVT LTD,2026-07-11,2026-08-10,125000.00,false,,paid
INV-2026-000133,JODHPUR CERAMICS PVT LTD,2026-07-11,2026-08-10,55615.00,false,,paid
INV-2026-000134,MEERUT REFRACTORIES LIMITED,2026-07-12,2026-08-11,189000.00,false,,paid
INV-2026-000135,MEERUT REFRACTORIES LIMITED,2026-07-12,2026-08-11,96000.00,false,,paid
INV-2026-000136,BELGAUM METALS LIMITED,2026-06-04,2026-07-04,23408.00,false,,paid
INV-2026-000137,BELGAUM METALS LIMITED,2026-06-04,2026-07-04,150000.00,false,,paid
INV-2026-000138,BELGAUM METALS LIMITED,2026-06-06,2026-07-06,250000.00,false,,paid
INV-2026-000139,BELGAUM METALS LIMITED,2026-06-06,2026-07-06,291000.00,false,,paid
INV-2026-000140,BELGAUM METALS LIMITED,2026-06-04,2026-07-04,40000.00,false,,paid
INV-2026-000141,HOSUR BEARINGS LIMITED,2026-08-02,2026-09-01,25000.99,false,,paid
INV-2026-000142,HOSUR BEARINGS LIMITED,2026-07-31,2026-08-30,63993.75,false,,paid
INV-2026-000143,HOSUR BEARINGS LIMITED,2026-08-01,2026-08-31,28521.50,false,,paid
INV-2026-000144,HOSUR BEARINGS LIMITED,2026-08-01,2026-08-31,34880.00,false,,paid
INV-2026-000145,AMRAVATI DISTRIBUTORS PRIVATE LIMITED,2026-07-09,2026-08-08,18691.00,false,,paid
INV-2026-000146,AMRAVATI DISTRIBUTORS PRIVATE LIMITED,2026-07-09,2026-08-08,3926.25,false,,paid
INV-2026-000147,DHANBAD FORGINGS LIMITED,2026-08-14,2026-09-13,100000.25,false,,paid
INV-2026-000148,DHANBAD FORGINGS LIMITED,2026-08-13,2026-09-12,16946.00,false,,paid
INV-2026-000149,DHANBAD FORGINGS LIMITED,2026-08-13,2026-09-12,34623.99,false,,paid
INV-2026-000150,AMRAVATI AUTO COMPONENTS PVT LTD,2026-07-18,2026-08-17,126584.75,false,,paid
INV-2026-000151,AMRAVATI AUTO COMPONENTS PVT LTD,2026-07-19,2026-08-18,9565.00,false,,paid
INV-2026-000152,MANGALORE AUTO COMPONENTS PVT LTD,2026-07-25,2026-08-24,60000.99,false,,paid
INV-2026-000153,MANGALORE AUTO COMPONENTS PVT LTD,2026-07-24,2026-08-23,5462.00,false,,paid
INV-2026-000154,HUBLI HANDICRAFTS LLP,2026-07-29,2026-08-28,163447.00,false,,paid
INV-2026-000155,HUBLI HANDICRAFTS LLP,2026-07-29,2026-08-28,25631.00,false,,paid
INV-2026-000156,HUBLI HANDICRAFTS LLP,2026-07-30,2026-08-29,7568.00,false,,paid
INV-2026-000157,AMRAVATI AGRO EXPORTS PRIVATE LIMITED,2026-07-09,2026-08-08,48968.00,false,,paid
INV-2026-000158,AMRAVATI AGRO EXPORTS PRIVATE LIMITED,2026-07-09,2026-08-08,10762.99,false,,paid
INV-2026-000159,AMRAVATI AGRO EXPORTS PRIVATE LIMITED,2026-07-09,2026-08-08,10633.00,false,,paid
INV-2026-000160,AURANGABAD CONSTRUCTIONS PRIVATE LIMITED,2026-08-12,2026-09-11,140074.50,false,,paid
INV-2026-000161,AURANGABAD CONSTRUCTIONS PRIVATE LIMITED,2026-08-11,2026-09-10,227000.00,false,,paid
INV-2026-000162,AURANGABAD CONSTRUCTIONS PRIVATE LIMITED,2026-08-13,2026-09-12,6841.00,false,,paid
INV-2026-000163,AURANGABAD CONSTRUCTIONS PRIVATE LIMITED,2026-08-13,2026-09-12,272000.00,false,,paid
INV-2026-000164,AURANGABAD COLD STORAGE AND COMPANY,2026-06-06,2026-07-06,4182.00,false,,paid
INV-2026-000165,AURANGABAD COLD STORAGE AND COMPANY,2026-06-08,2026-07-08,139765.00,false,,paid
INV-2026-000166,AURANGABAD COLD STORAGE AND COMPANY,2026-06-08,2026-07-08,32465.75,false,,paid
INV-2026-000167,AURANGABAD COLD STORAGE AND COMPANY,2026-06-06,2026-07-06,7410.00,false,,paid
INV-2026-000168,ERNAKULAM INFRAPROJECTS AND COMPANY,2026-08-19,2026-09-18,17253.00,false,,paid
INV-2026-000169,ERNAKULAM INFRAPROJECTS AND COMPANY,2026-08-20,2026-09-19,48149.00,false,,paid
INV-2026-000170,ERNAKULAM INFRAPROJECTS AND COMPANY,2026-08-19,2026-09-18,294000.00,false,,paid
INV-2026-000171,JALANDHAR CHEMICALS INDIA PRIVATE LIMITED,2026-08-17,2026-09-16,282000.50,false,,paid
INV-2026-000172,JALANDHAR CHEMICALS INDIA PRIVATE LIMITED,2026-08-17,2026-09-16,15268.25,false,,paid
INV-2026-000173,JALANDHAR CHEMICALS INDIA PRIVATE LIMITED,2026-08-17,2026-09-16,12527.00,false,,paid
INV-2026-000174,JALANDHAR CHEMICALS INDIA PRIVATE LIMITED,2026-08-17,2026-09-16,250000.99,false,,paid
INV-2026-000175,JALANDHAR CHEMICALS INDIA PRIVATE LIMITED,2026-08-17,2026-09-16,19372.00,false,,paid
INV-2026-000176,VARANASI CASTINGS LLP,2026-07-17,2026-08-16,24012.00,false,,paid
INV-2026-000177,VARANASI CASTINGS LLP,2026-07-17,2026-08-16,63766.00,false,,paid
INV-2026-000178,VARANASI CASTINGS LLP,2026-07-17,2026-08-16,71528.00,false,,paid
INV-2026-000179,VARANASI CASTINGS LLP,2026-07-17,2026-08-16,12126.00,false,,paid
INV-2026-000180,JABALPUR INFRAPROJECTS AND COMPANY,2026-07-20,2026-08-19,33932.50,false,,paid
INV-2026-000181,JABALPUR INFRAPROJECTS AND COMPANY,2026-07-20,2026-08-19,23194.00,false,,paid
INV-2026-000182,JABALPUR INFRAPROJECTS AND COMPANY,2026-07-21,2026-08-20,74000.50,false,,paid
INV-2026-000183,MANGALORE CONTAINERS PVT LTD,2026-07-08,2026-08-07,4401.00,false,,paid
INV-2026-000184,MANGALORE CONTAINERS PVT LTD,2026-07-08,2026-08-07,14203.00,false,,paid
INV-2026-000185,MANGALORE CONTAINERS PVT LTD,2026-07-07,2026-08-06,60405.00,false,,paid
INV-2026-000186,CUTTACK ELECTRICALS LLP,2026-07-05,2026-08-04,15586.00,false,,paid
INV-2026-000187,CUTTACK ELECTRICALS LLP,2026-07-07,2026-08-06,500000.75,false,,paid
INV-2026-000188,CUTTACK ELECTRICALS LLP,2026-07-06,2026-08-05,50000.25,false,,paid
INV-2026-000189,INDORE TRANSPORT AND COMPANY,2026-07-14,2026-08-13,500000.00,false,,paid
INV-2026-000190,INDORE TRANSPORT AND COMPANY,2026-07-16,2026-08-15,57262.25,false,,paid
INV-2026-000191,INDORE TRANSPORT AND COMPANY,2026-07-14,2026-08-13,25000.00,false,,paid
INV-2026-000192,AMRAVATI COLD STORAGE AND COMPANY,2026-06-12,2026-07-12,9018.00,false,,paid
INV-2026-000193,AMRAVATI COLD STORAGE AND COMPANY,2026-06-13,2026-07-13,150000.00,false,,paid
INV-2026-000194,AMRAVATI COLD STORAGE AND COMPANY,2026-06-11,2026-07-11,42000.00,false,,paid
INV-2026-000195,ANANTAPUR SPINNERS LLP,2026-06-10,2026-07-10,6544.00,false,,paid
INV-2026-000196,ANANTAPUR SPINNERS LLP,2026-06-08,2026-07-08,40000.00,false,,paid
INV-2026-000197,ANANTAPUR SPINNERS LLP,2026-06-09,2026-07-09,289000.00,false,,paid
INV-2026-000198,ANANTAPUR SPINNERS LLP,2026-06-10,2026-07-10,40345.00,false,,paid
INV-2026-000199,ANANTAPUR SPINNERS LLP,2026-06-10,2026-07-10,200000.00,false,,paid
INV-2026-000200,KANPUR FOODS PVT LTD,2026-06-08,2026-07-08,25000.00,false,,paid
INV-2026-000201,KANPUR FOODS PVT LTD,2026-06-09,2026-07-09,55000.00,false,,paid
INV-2026-000202,KANPUR FOODS PVT LTD,2026-06-09,2026-07-09,15000.00,false,,paid
INV-2026-000203,KANPUR FOODS PVT LTD,2026-06-10,2026-07-10,15000.00,false,,paid
INV-2026-000204,AMRAVATI INDUSTRIES INDIA PRIVATE LIMITED,2026-07-06,2026-08-05,100679.00,false,,paid
INV-2026-000205,AMRAVATI INDUSTRIES INDIA PRIVATE LIMITED,2026-07-05,2026-08-04,144982.00,false,,paid
INV-2026-000206,TIRUPUR BEARINGS LIMITED,2026-07-01,2026-07-31,144000.99,false,,paid
INV-2026-000207,TIRUPUR BEARINGS LIMITED,2026-06-30,2026-07-30,20316.00,false,,paid
INV-2026-000208,TIRUPUR BEARINGS LIMITED,2026-06-30,2026-07-30,18404.99,false,,paid
INV-2026-000209,TIRUPUR BEARINGS LIMITED,2026-07-01,2026-07-31,79000.00,false,,paid
INV-2026-000210,TIRUPUR BEARINGS LIMITED,2026-06-30,2026-07-30,93180.99,false,,paid
INV-2026-000211,BHAVNAGAR PLASTICS AND COMPANY,2026-08-26,2026-09-25,16412.00,false,,paid
INV-2026-000212,BHAVNAGAR PLASTICS AND COMPANY,2026-08-25,2026-09-24,25000.00,false,,paid
INV-2026-000213,BHAVNAGAR PLASTICS AND COMPANY,2026-08-25,2026-09-24,114346.99,false,,paid
INV-2026-000214,BHAVNAGAR PLASTICS AND COMPANY,2026-08-24,2026-09-23,117509.00,false,,paid
INV-2026-000215,DHANBAD GARMENTS PRIVATE LIMITED,2026-07-18,2026-08-17,40000.00,false,,paid
INV-2026-000216,DHANBAD GARMENTS PRIVATE LIMITED,2026-07-20,2026-08-19,16586.00,false,,paid
INV-2026-000217,DHANBAD GARMENTS PRIVATE LIMITED,2026-07-19,2026-08-18,112018.00,false,,paid
INV-2026-000218,DHANBAD GARMENTS PRIVATE LIMITED,2026-07-18,2026-08-17,235000.00,false,,paid
INV-2026-000219,DHANBAD GARMENTS PRIVATE LIMITED,2026-07-20,2026-08-19,19792.00,false,,paid
INV-2026-000220,CUTTACK FORGINGS LIMITED,2026-08-01,2026-08-31,96000.00,false,,paid
INV-2026-000221,CUTTACK FORGINGS LIMITED,2026-07-31,2026-08-30,50370.00,false,,paid
INV-2026-000222,CUTTACK FORGINGS LIMITED,2026-08-02,2026-09-01,24099.00,false,,paid
INV-2026-000223,UDAIPUR PAPER MILLS PVT LTD,2026-06-13,2026-07-13,33356.25,false,,paid
INV-2026-000224,UDAIPUR PAPER MILLS PVT LTD,2026-06-12,2026-07-12,33474.00,false,,paid
INV-2026-000225,UDAIPUR PAPER MILLS PVT LTD,2026-06-14,2026-07-14,12848.00,false,,paid
INV-2026-000226,ANANTAPUR INDUSTRIES INDIA PRIVATE LIMITED,2026-07-10,2026-08-09,23235.00,false,,paid
INV-2026-000227,ANANTAPUR INDUSTRIES INDIA PRIVATE LIMITED,2026-07-12,2026-08-11,39000.00,false,,paid
INV-2026-000228,ANANTAPUR INDUSTRIES INDIA PRIVATE LIMITED,2026-07-10,2026-08-09,19621.00,false,,paid
INV-2026-000229,DEHRADUN BEARINGS LIMITED,2026-07-31,2026-08-30,34139.00,false,,paid
INV-2026-000230,DEHRADUN BEARINGS LIMITED,2026-08-02,2026-09-01,30000.00,false,,paid
INV-2026-000231,DEHRADUN BEARINGS LIMITED,2026-08-02,2026-09-01,25000.75,false,,paid
INV-2026-000232,ANANTAPUR BEARINGS LIMITED,2026-06-09,2026-07-09,50000.00,false,,paid
INV-2026-000233,ANANTAPUR BEARINGS LIMITED,2026-06-10,2026-07-10,28476.00,false,,paid
INV-2026-000234,AMRAVATI CASTINGS LLP,2026-06-12,2026-07-12,20000.00,false,,paid
INV-2026-000235,AMRAVATI CASTINGS LLP,2026-06-11,2026-07-11,72000.00,false,,paid
INV-2026-000236,AMRAVATI CASTINGS LLP,2026-06-12,2026-07-12,55351.00,false,,paid
INV-2026-000237,SALEM CERAMICS PVT LTD,2026-06-17,2026-07-17,19017.00,false,,paid
INV-2026-000238,SALEM CERAMICS PVT LTD,2026-06-17,2026-07-17,15000.00,false,,paid
INV-2026-000239,SALEM CERAMICS PVT LTD,2026-06-16,2026-07-16,23767.00,false,,paid
INV-2026-000240,SALEM CERAMICS PVT LTD,2026-06-16,2026-07-16,25000.00,false,,paid
INV-2026-000241,AMRAVATI CONTAINERS PVT LTD,2026-06-16,2026-07-16,222073.00,false,,paid
INV-2026-000242,AMRAVATI CONTAINERS PVT LTD,2026-06-18,2026-07-18,60000.25,false,,paid
INV-2026-000243,AMRAVATI CONTAINERS PVT LTD,2026-06-16,2026-07-16,33000.00,false,,paid
INV-2026-000244,AMRAVATI AGRO EXPORTS PRIVATE LIMITED,2026-06-02,2026-07-02,242000.00,false,,paid
INV-2026-000245,AMRAVATI AGRO EXPORTS PRIVATE LIMITED,2026-06-01,2026-07-01,32012.00,false,,paid
INV-2026-000246,AMRAVATI CASTINGS LLP,2026-07-28,2026-08-27,40000.00,false,,paid
INV-2026-000247,AMRAVATI CASTINGS LLP,2026-07-27,2026-08-26,11217.50,false,,paid
INV-2026-000248,AMRAVATI CASTINGS LLP,2026-07-27,2026-08-26,200000.00,false,,paid
INV-2026-000249,AMRAVATI CASTINGS LLP,2026-07-29,2026-08-28,4077.75,false,,paid
INV-2026-000250,GODAVARI CONSTRUCTIONS PRIVATE LIMITED,2026-07-21,2026-08-20,10000.00,false,,paid
INV-2026-000251,GODAVARI CONSTRUCTIONS PRIVATE LIMITED,2026-07-20,2026-08-19,23814.75,false,,paid
INV-2026-000252,GODAVARI CONSTRUCTIONS PRIVATE LIMITED,2026-07-19,2026-08-18,40000.00,false,,paid
INV-2026-000253,LUDHIANA TEXTILES PVT LTD,2026-07-10,2026-08-09,50000.99,false,,paid
INV-2026-000254,LUDHIANA TEXTILES PVT LTD,2026-07-11,2026-08-10,90000.00,false,,paid
INV-2026-000255,LUDHIANA TEXTILES PVT LTD,2026-07-12,2026-08-11,20000.50,false,,paid
INV-2026-000256,AMRAVATI DIAGNOSTICS LIMITED,2026-07-29,2026-08-28,200000.99,false,,paid
INV-2026-000257,AMRAVATI DIAGNOSTICS LIMITED,2026-07-29,2026-08-28,40000.75,false,,paid
INV-2026-000258,AMRAVATI DIAGNOSTICS LIMITED,2026-07-29,2026-08-28,50000.00,false,,paid
INV-2026-000259,AMRAVATI DIAGNOSTICS LIMITED,2026-07-29,2026-08-28,60000.00,false,,paid
INV-2026-000260,AMRAVATI AGRO EXPORTS PRIVATE LIMITED,2026-07-04,2026-08-03,500000.00,false,,paid
INV-2026-000261,AMRAVATI AGRO EXPORTS PRIVATE LIMITED,2026-07-04,2026-08-03,50000.00,false,,paid
INV-2026-000262,AMRAVATI AGRO EXPORTS PRIVATE LIMITED,2026-07-06,2026-08-05,28280.50,false,,paid
INV-2026-000263,AMRAVATI AGRO EXPORTS PRIVATE LIMITED,2026-07-30,2026-08-29,40000.75,false,,paid
INV-2026-000264,AMRAVATI AGRO EXPORTS PRIVATE LIMITED,2026-08-01,2026-08-31,25000.00,false,,paid
INV-2026-000265,AMRAVATI AGRO EXPORTS PRIVATE LIMITED,2026-08-01,2026-08-31,130147.00,false,,paid
INV-2026-000266,BHAVNAGAR FERTILISERS PRIVATE LIMITED,2026-08-26,2026-09-25,91000.99,false,,paid
INV-2026-000267,BHAVNAGAR FERTILISERS PRIVATE LIMITED,2026-08-27,2026-09-26,34511.00,false,,paid
INV-2026-000268,BHAVNAGAR FERTILISERS PRIVATE LIMITED,2026-08-28,2026-09-27,164000.00,false,,paid
INV-2026-000269,BELGAUM METALS LIMITED,2026-07-19,2026-08-18,500000.50,false,,paid
INV-2026-000270,BELGAUM METALS LIMITED,2026-07-19,2026-08-18,164000.00,false,,paid
INV-2026-000271,BELGAUM METALS LIMITED,2026-07-18,2026-08-17,196480.25,false,,paid
INV-2026-000272,BELGAUM METALS LIMITED,2026-07-18,2026-08-17,15138.00,false,,paid
INV-2026-000273,BELGAUM METALS LIMITED,2026-07-17,2026-08-16,98000.00,false,,paid
INV-2026-000274,AMRAVATI SOFTWARE SERVICES PRIVATE LIMITED,2026-06-04,2026-07-04,75000.99,false,,paid
INV-2026-000275,AMRAVATI SOFTWARE SERVICES PRIVATE LIMITED,2026-06-03,2026-07-03,31363.00,false,,paid
INV-2026-000276,AMRAVATI SOFTWARE SERVICES PRIVATE LIMITED,2026-06-03,2026-07-03,229000.00,false,,paid
INV-2026-000277,AMRAVATI SOFTWARE SERVICES PRIVATE LIMITED,2026-06-04,2026-07-04,63183.00,false,,paid
INV-2026-000278,AMRAVATI SOFTWARE SERVICES PRIVATE LIMITED,2026-06-04,2026-07-04,34771.00,false,,paid
INV-2026-000279,AMRAVATI AGRO EXPORTS PRIVATE LIMITED,2026-06-09,2026-07-09,127243.00,false,,paid
INV-2026-000280,AMRAVATI AGRO EXPORTS PRIVATE LIMITED,2026-06-10,2026-07-10,150000.00,false,,paid
INV-2026-000281,AMRAVATI AGRO EXPORTS PRIVATE LIMITED,2026-06-10,2026-07-10,11954.00,false,,paid
INV-2026-000282,ANANTAPUR TRANSPORT AND COMPANY,2026-06-18,2026-07-18,15511.00,false,,paid
INV-2026-000283,ANANTAPUR TRANSPORT AND COMPANY,2026-06-18,2026-07-18,46178.00,false,,paid
INV-2026-000284,ANANTAPUR TRANSPORT AND COMPANY,2026-06-18,2026-07-18,80822.00,false,,paid
INV-2026-000285,AURANGABAD MOTORS PRIVATE LIMITED,2026-08-04,2026-09-03,15825.00,false,,paid
INV-2026-000286,AURANGABAD MOTORS PRIVATE LIMITED,2026-08-03,2026-09-02,6096.50,false,,paid
INV-2026-000287,JALANDHAR DIAGNOSTICS LIMITED,2026-08-28,2026-09-27,5000.00,false,,paid
INV-2026-000288,JALANDHAR DIAGNOSTICS LIMITED,2026-08-27,2026-09-26,21381.00,false,,paid
INV-2026-000289,JALANDHAR DIAGNOSTICS LIMITED,2026-08-27,2026-09-26,87549.50,false,,paid
INV-2026-000290,JALANDHAR DIAGNOSTICS LIMITED,2026-08-27,2026-09-26,28619.75,false,,paid
INV-2026-000291,MEERUT FOODS PVT LTD,2026-07-02,2026-08-01,27153.00,false,,paid
INV-2026-000292,MEERUT FOODS PVT LTD,2026-07-02,2026-08-01,18701.00,false,,paid
INV-2026-000293,MEERUT FOODS PVT LTD,2026-07-03,2026-08-02,32714.00,false,,paid
INV-2026-000294,MEERUT FOODS PVT LTD,2026-07-02,2026-08-01,114000.00,false,,paid
INV-2026-000295,GUNTUR ELECTRICALS LLP,2026-06-28,2026-07-28,158000.00,false,,paid
INV-2026-000296,GUNTUR ELECTRICALS LLP,2026-06-27,2026-07-27,255088.00,false,,paid
INV-2026-000297,GUNTUR ELECTRICALS LLP,2026-06-27,2026-07-27,131466.00,false,,paid
INV-2026-000298,GUNTUR ELECTRICALS LLP,2026-06-27,2026-07-27,252741.00,false,,paid
INV-2026-000299,KAKINADA ELECTRICALS LLP,2026-06-11,2026-07-11,200000.00,false,,paid
INV-2026-000300,KAKINADA ELECTRICALS LLP,2026-06-12,2026-07-12,76124.00,false,,paid
INV-2026-000301,KAKINADA ELECTRICALS LLP,2026-06-12,2026-07-12,5000.00,false,,paid
INV-2026-000302,KAKINADA ELECTRICALS LLP,2026-06-10,2026-07-10,53000.00,false,,paid
INV-2026-000303,KAKINADA ELECTRICALS LLP,2026-06-11,2026-07-11,21710.75,false,,paid
INV-2026-000304,AMRAVATI DIAGNOSTICS LIMITED,2026-08-21,2026-09-20,12901.25,false,,paid
INV-2026-000305,AMRAVATI DIAGNOSTICS LIMITED,2026-08-22,2026-09-21,11078.00,false,,paid
INV-2026-000306,AMRAVATI DIAGNOSTICS LIMITED,2026-08-22,2026-09-21,16535.00,false,,paid
INV-2026-000307,BELGAUM PRINTERS PVT LTD,2026-07-23,2026-08-22,21000.00,false,,paid
INV-2026-000308,BELGAUM PRINTERS PVT LTD,2026-07-23,2026-08-22,2000.00,false,,paid
INV-2026-000309,BELGAUM PRINTERS PVT LTD,2026-07-21,2026-08-20,15000.25,false,,paid
INV-2026-000310,AMRAVATI AGRO EXPORTS PRIVATE LIMITED,2026-06-16,2026-07-16,9555.00,false,,paid
INV-2026-000311,AMRAVATI AGRO EXPORTS PRIVATE LIMITED,2026-06-17,2026-07-17,176000.00,false,,paid
INV-2026-000312,BHILAI INFRAPROJECTS AND COMPANY,2026-08-14,2026-09-13,11707.00,false,,paid
INV-2026-000313,BHILAI INFRAPROJECTS AND COMPANY,2026-08-15,2026-09-14,85538.00,false,,paid
INV-2026-000314,BELGAUM HANDICRAFTS LLP,2026-08-26,2026-09-25,84728.25,false,,paid
INV-2026-000315,BELGAUM HANDICRAFTS LLP,2026-08-25,2026-09-24,9035.00,false,,paid
INV-2026-000316,BELGAUM HANDICRAFTS LLP,2026-08-25,2026-09-24,50923.00,false,,paid
INV-2026-000317,BELGAUM HANDICRAFTS LLP,2026-08-25,2026-09-24,16947.99,false,,paid
INV-2026-000318,BELGAUM HANDICRAFTS LLP,2026-08-24,2026-09-23,2838.00,false,,paid
INV-2026-000319,HUBLI PAPER MILLS PVT LTD,2026-07-16,2026-08-15,37348.00,false,,paid
INV-2026-000320,HUBLI PAPER MILLS PVT LTD,2026-07-17,2026-08-16,104425.99,false,,paid
INV-2026-000321,HUBLI PAPER MILLS PVT LTD,2026-07-16,2026-08-15,40000.00,false,,paid
INV-2026-000322,HUBLI PAPER MILLS PVT LTD,2026-07-16,2026-08-15,4895.25,false,,paid
INV-2026-000323,HUBLI PAPER MILLS PVT LTD,2026-07-16,2026-08-15,24351.00,false,,paid
INV-2026-000324,AMRAVATI ENTERPRISES INDIA PRIVATE LIMITED,2026-08-16,2026-09-15,25801.00,false,,paid
INV-2026-000325,AMRAVATI ENTERPRISES INDIA PRIVATE LIMITED,2026-08-15,2026-09-14,75000.00,false,,paid
INV-2026-000326,AMRAVATI ENTERPRISES INDIA PRIVATE LIMITED,2026-08-16,2026-09-15,22159.00,false,,paid
INV-2026-000327,HALDIA ELECTRICALS LLP,2026-06-18,2026-07-18,25518.25,false,,paid
INV-2026-000328,HALDIA ELECTRICALS LLP,2026-06-17,2026-07-17,13896.00,false,,paid
INV-2026-000329,HALDIA ELECTRICALS LLP,2026-06-19,2026-07-19,25978.00,false,,paid
INV-2026-000330,HALDIA ELECTRICALS LLP,2026-06-19,2026-07-19,24657.25,false,,paid
INV-2026-000331,BHAVNAGAR ENTERPRISES INDIA PRIVATE LIMITED,2026-07-23,2026-08-22,136000.00,false,,paid
INV-2026-000332,BHAVNAGAR ENTERPRISES INDIA PRIVATE LIMITED,2026-07-24,2026-08-23,80000.00,false,,paid
INV-2026-000333,BELGAUM LOGISTICS PRIVATE LIMITED,2026-06-26,2026-07-26,21544.99,false,,paid
INV-2026-000334,BELGAUM LOGISTICS PRIVATE LIMITED,2026-06-26,2026-07-26,125000.00,false,,paid
INV-2026-000335,NASHIK CONTAINERS PVT LTD,2026-06-23,2026-07-23,43000.50,false,,paid
INV-2026-000336,NASHIK CONTAINERS PVT LTD,2026-06-25,2026-07-25,40000.99,false,,paid
INV-2026-000337,NASHIK CONTAINERS PVT LTD,2026-06-24,2026-07-24,32622.00,false,,paid
INV-2026-000338,NASHIK CONTAINERS PVT LTD,2026-06-24,2026-07-24,10000.00,false,,paid
INV-2026-000339,RAJKOT GARMENTS PRIVATE LIMITED,2026-06-13,2026-07-13,155000.00,false,,paid
INV-2026-000340,RAJKOT GARMENTS PRIVATE LIMITED,2026-06-14,2026-07-14,62623.00,false,,paid
INV-2026-000341,RAJKOT GARMENTS PRIVATE LIMITED,2026-06-13,2026-07-13,27798.00,false,,paid
INV-2026-000342,RAJKOT GARMENTS PRIVATE LIMITED,2026-06-14,2026-07-14,303521.00,false,,paid
INV-2026-000343,MANGALORE FOODS PVT LTD,2026-08-10,2026-09-09,24581.00,false,,paid
INV-2026-000344,MANGALORE FOODS PVT LTD,2026-08-09,2026-09-08,16072.00,false,,paid
INV-2026-000345,AURANGABAD AGRO EXPORTS PRIVATE LIMITED,2026-07-16,2026-08-15,100000.99,false,,paid
INV-2026-000346,AURANGABAD AGRO EXPORTS PRIVATE LIMITED,2026-07-16,2026-08-15,8524.00,false,,paid
INV-2026-000347,AURANGABAD AGRO EXPORTS PRIVATE LIMITED,2026-07-15,2026-08-14,27024.00,false,,paid
INV-2026-000348,AURANGABAD AGRO EXPORTS PRIVATE LIMITED,2026-07-15,2026-08-14,48339.00,false,,paid
INV-2026-000349,AURANGABAD AGRO EXPORTS PRIVATE LIMITED,2026-07-17,2026-08-16,104769.00,false,,paid
INV-2026-000350,SALEM PAPER MILLS PVT LTD,2026-06-05,2026-07-05,500000.00,false,,paid
INV-2026-000351,SALEM PAPER MILLS PVT LTD,2026-06-05,2026-07-05,44812.00,false,,paid
INV-2026-000352,SALEM PAPER MILLS PVT LTD,2026-06-05,2026-07-05,20915.00,false,,paid
INV-2026-000353,SALEM PAPER MILLS PVT LTD,2026-06-04,2026-07-04,14835.00,false,,paid
INV-2026-000354,SALEM PAPER MILLS PVT LTD,2026-06-05,2026-07-05,111930.00,false,,paid
INV-2026-000355,ERNAKULAM BEARINGS LIMITED,2026-06-14,2026-07-14,16764.00,false,,paid
INV-2026-000356,ERNAKULAM BEARINGS LIMITED,2026-06-16,2026-07-16,14330.00,false,,paid
INV-2026-000357,ERNAKULAM BEARINGS LIMITED,2026-06-16,2026-07-16,10000.50,false,,paid
INV-2026-000358,ERNAKULAM BEARINGS LIMITED,2026-06-14,2026-07-14,131216.00,false,,paid
INV-2026-000359,BHAVNAGAR LOGISTICS PRIVATE LIMITED,2026-06-14,2026-07-14,200000.25,false,,paid
INV-2026-000360,BHAVNAGAR LOGISTICS PRIVATE LIMITED,2026-06-12,2026-07-12,33445.00,false,,paid
INV-2026-000361,BHAVNAGAR LOGISTICS PRIVATE LIMITED,2026-06-13,2026-07-13,21084.00,false,,paid
INV-2026-000362,BHAVNAGAR LOGISTICS PRIVATE LIMITED,2026-06-13,2026-07-13,247000.99,false,,paid
INV-2026-000363,BHAVNAGAR LOGISTICS PRIVATE LIMITED,2026-06-13,2026-07-13,39057.25,false,,paid
INV-2026-000364,ANANTAPUR PAPER MILLS PVT LTD,2026-08-08,2026-09-07,25895.00,false,,paid
INV-2026-000365,ANANTAPUR PAPER MILLS PVT LTD,2026-08-07,2026-09-06,500000.00,false,,paid
INV-2026-000366,ANANTAPUR PAPER MILLS PVT LTD,2026-08-06,2026-09-05,23929.99,false,,paid
INV-2026-000367,ANANTAPUR PAPER MILLS PVT LTD,2026-08-08,2026-09-07,150000.25,false,,paid
INV-2026-000368,AMRAVATI SPINNERS LLP,2026-08-22,2026-09-21,49496.50,false,,paid
INV-2026-000369,AMRAVATI SPINNERS LLP,2026-08-23,2026-09-22,1000.25,false,,paid
INV-2026-000370,DEHRADUN HOSPITALITY PVT LTD,2026-07-02,2026-08-01,20000.00,false,,paid
INV-2026-000371,DEHRADUN HOSPITALITY PVT LTD,2026-07-02,2026-08-01,41045.75,false,,paid
INV-2026-000372,DEHRADUN HOSPITALITY PVT LTD,2026-07-02,2026-08-01,34051.99,false,,paid
INV-2026-000373,DEHRADUN HOSPITALITY PVT LTD,2026-07-02,2026-08-01,9136.50,false,,paid
INV-2026-000374,DEHRADUN HOSPITALITY PVT LTD,2026-07-03,2026-08-02,7500.00,false,,paid
INV-2026-000375,JABALPUR ELECTRICALS LLP,2026-07-01,2026-07-31,38061.00,false,,paid
INV-2026-000376,JABALPUR ELECTRICALS LLP,2026-07-01,2026-07-31,20000.00,false,,paid
INV-2026-000377,JABALPUR ELECTRICALS LLP,2026-06-30,2026-07-30,15615.00,false,,paid
INV-2026-000378,JABALPUR ELECTRICALS LLP,2026-07-01,2026-07-31,37943.99,false,,paid
INV-2026-000379,JABALPUR ELECTRICALS LLP,2026-06-30,2026-07-30,57031.00,false,,paid
INV-2026-000380,AMRAVATI PHARMACEUTICALS INDIA PRIVATE LIMITED,2026-07-03,2026-08-02,242000.75,false,,paid
INV-2026-000381,AMRAVATI PHARMACEUTICALS INDIA PRIVATE LIMITED,2026-07-03,2026-08-02,125000.00,false,,paid
INV-2026-000382,AMRAVATI PHARMACEUTICALS INDIA PRIVATE LIMITED,2026-07-04,2026-08-03,30209.75,false,,paid
INV-2026-000383,AMRAVATI PHARMACEUTICALS INDIA PRIVATE LIMITED,2026-07-04,2026-08-03,25000.00,false,,paid
INV-2026-000384,KOLHAPUR REFRACTORIES LIMITED,2026-07-30,2026-08-29,30419.00,false,,paid
INV-2026-000385,KOLHAPUR REFRACTORIES LIMITED,2026-07-29,2026-08-28,211000.00,false,,paid
INV-2026-000386,KOLHAPUR REFRACTORIES LIMITED,2026-07-30,2026-08-29,12751.75,false,,paid
INV-2026-000387,AMRAVATI CABLES PRIVATE LIMITED,2026-07-12,2026-08-11,163000.00,false,,paid
INV-2026-000388,AMRAVATI CABLES PRIVATE LIMITED,2026-07-12,2026-08-11,228000.75,false,,paid
INV-2026-000389,AMRAVATI AGRO EXPORTS PRIVATE LIMITED,2026-07-21,2026-08-20,35402.00,false,,paid
INV-2026-000390,AMRAVATI AGRO EXPORTS PRIVATE LIMITED,2026-07-19,2026-08-18,127000.99,false,,paid
INV-2026-000391,CHANDRAPUR BEARINGS LIMITED,2026-06-29,2026-07-29,13461.00,false,,paid
INV-2026-000392,CHANDRAPUR BEARINGS LIMITED,2026-06-28,2026-07-28,241000.00,false,,paid
INV-2026-000393,CHANDRAPUR BEARINGS LIMITED,2026-06-30,2026-07-30,221000.50,false,,paid
INV-2026-000394,CHANDRAPUR BEARINGS LIMITED,2026-06-28,2026-07-28,13472.00,false,,paid
INV-2026-000395,ANANTAPUR TEXTILES PVT LTD,2026-08-19,2026-09-18,81917.25,false,,paid
INV-2026-000396,ANANTAPUR TEXTILES PVT LTD,2026-08-19,2026-09-18,225000.50,false,,paid
INV-2026-000397,ANANTAPUR TEXTILES PVT LTD,2026-08-18,2026-09-17,200000.00,false,,paid
INV-2026-000398,ANANTAPUR TEXTILES PVT LTD,2026-08-19,2026-09-18,367762.50,false,,paid
INV-2026-000399,ANANTAPUR TEXTILES PVT LTD,2026-08-18,2026-09-17,500000.00,false,,paid
INV-2026-000400,SALEM FERTILISERS PRIVATE LIMITED,2026-06-20,2026-07-20,377154.00,false,,paid
INV-2026-000401,SALEM FERTILISERS PRIVATE LIMITED,2026-06-21,2026-07-21,10000.50,false,,paid
INV-2026-000402,SALEM FERTILISERS PRIVATE LIMITED,2026-06-20,2026-07-20,86000.25,false,,paid
INV-2026-000403,SALEM FERTILISERS PRIVATE LIMITED,2026-06-21,2026-07-21,22071.00,false,,paid
INV-2026-000404,AMRAVATI AGRO EXPORTS PRIVATE LIMITED,2026-07-19,2026-08-18,69000.00,false,,paid
INV-2026-000405,AMRAVATI AGRO EXPORTS PRIVATE LIMITED,2026-07-17,2026-08-16,10315.00,false,,paid
INV-2026-000406,AMRAVATI AGRO EXPORTS PRIVATE LIMITED,2026-07-17,2026-08-16,284000.00,false,,paid
INV-2026-000407,AMRAVATI PLASTICS AND COMPANY,2026-08-25,2026-09-24,13786.00,false,,paid
INV-2026-000408,AMRAVATI PLASTICS AND COMPANY,2026-08-27,2026-09-26,114280.00,false,,paid
INV-2026-000409,AMRAVATI PLASTICS AND COMPANY,2026-08-26,2026-09-25,10000.00,false,,paid
INV-2026-000410,AMRAVATI PLASTICS AND COMPANY,2026-08-27,2026-09-26,50000.00,false,,paid
INV-2026-000411,AMRAVATI PLASTICS AND COMPANY,2026-08-25,2026-09-24,40118.00,false,,paid
INV-2026-000412,AMRAVATI PLASTICS AND COMPANY,2026-08-05,2026-09-04,94207.00,false,,paid
INV-2026-000413,AMRAVATI PLASTICS AND COMPANY,2026-08-06,2026-09-05,19862.00,false,,paid
INV-2026-000414,AMRAVATI PLASTICS AND COMPANY,2026-08-05,2026-09-04,10428.00,false,,paid
INV-2026-000415,AMRAVATI PLASTICS AND COMPANY,2026-08-06,2026-09-05,20904.75,false,,paid
INV-2026-000416,AMRAVATI PLASTICS AND COMPANY,2026-08-06,2026-09-05,36022.00,false,,paid
INV-2026-000417,JODHPUR CERAMICS PVT LTD,2026-08-26,2026-09-25,21371.00,false,,paid
INV-2026-000418,JODHPUR CERAMICS PVT LTD,2026-08-28,2026-09-27,27165.50,false,,paid
INV-2026-000419,AMRAVATI AGRO EXPORTS PRIVATE LIMITED,2026-08-12,2026-09-11,63105.00,false,,paid
INV-2026-000420,AMRAVATI AGRO EXPORTS PRIVATE LIMITED,2026-08-13,2026-09-12,11642.00,false,,paid
INV-2026-000421,AMRAVATI AGRO EXPORTS PRIVATE LIMITED,2026-08-11,2026-09-10,10000.00,false,,paid
INV-2026-000422,AMRAVATI AGRO EXPORTS PRIVATE LIMITED,2026-08-13,2026-09-12,150000.25,false,,paid
INV-2026-000423,CUTTACK MOTORS PRIVATE LIMITED,2026-08-02,2026-09-01,11731.50,false,,paid
INV-2026-000424,CUTTACK MOTORS PRIVATE LIMITED,2026-07-31,2026-08-30,295000.00,false,,paid
INV-2026-000425,CUTTACK MOTORS PRIVATE LIMITED,2026-07-31,2026-08-30,165000.00,false,,paid
INV-2026-000426,CUTTACK MOTORS PRIVATE LIMITED,2026-08-01,2026-08-31,125000.00,false,,paid
INV-2026-000427,CUTTACK MOTORS PRIVATE LIMITED,2026-08-01,2026-08-31,50000.00,false,,paid
INV-2026-000428,JABALPUR INDUSTRIES INDIA PRIVATE LIMITED,2026-06-26,2026-07-26,60000.00,false,,paid
INV-2026-000429,JABALPUR INDUSTRIES INDIA PRIVATE LIMITED,2026-06-27,2026-07-27,16758.25,false,,paid
INV-2026-000430,JABALPUR INDUSTRIES INDIA PRIVATE LIMITED,2026-06-26,2026-07-26,60000.00,false,,paid
INV-2026-000431,NASHIK PRINTERS PVT LTD,2026-08-01,2026-08-31,52007.00,false,,paid
INV-2026-000432,NASHIK PRINTERS PVT LTD,2026-08-01,2026-08-31,75000.00,false,,paid
INV-2026-000433,GUNTUR GARMENTS PRIVATE LIMITED,2026-06-11,2026-07-11,19450.50,false,,paid
INV-2026-000434,GUNTUR GARMENTS PRIVATE LIMITED,2026-06-12,2026-07-12,9289.00,false,,paid
INV-2026-000435,GUNTUR GARMENTS PRIVATE LIMITED,2026-06-10,2026-07-10,43049.00,false,,paid
INV-2026-000436,GUNTUR GARMENTS PRIVATE LIMITED,2026-06-10,2026-07-10,34808.00,false,,paid
INV-2026-000437,GUNTUR GARMENTS PRIVATE LIMITED,2026-06-12,2026-07-12,20000.00,false,,paid
INV-2026-000438,ERNAKULAM DIAGNOSTICS LIMITED,2026-08-18,2026-09-17,119000.00,false,,paid
INV-2026-000439,ERNAKULAM DIAGNOSTICS LIMITED,2026-08-17,2026-09-16,500000.00,false,,paid
INV-2026-000440,ERNAKULAM DIAGNOSTICS LIMITED,2026-08-18,2026-09-17,68184.00,false,,paid
INV-2026-000441,ERNAKULAM DIAGNOSTICS LIMITED,2026-08-18,2026-09-17,104000.25,false,,paid
INV-2026-000442,CHENNAI PLASTICS AND COMPANY,2026-07-26,2026-08-25,48324.00,false,,paid
INV-2026-000443,CHENNAI PLASTICS AND COMPANY,2026-07-27,2026-08-26,14427.00,false,,paid
INV-2026-000444,JODHPUR PHARMACEUTICALS INDIA PRIVATE LIMITED,2026-08-28,2026-09-27,17343.00,false,,paid
INV-2026-000445,JODHPUR PHARMACEUTICALS INDIA PRIVATE LIMITED,2026-08-27,2026-09-26,11687.00,false,,paid
INV-2026-000446,JODHPUR PHARMACEUTICALS INDIA PRIVATE LIMITED,2026-08-29,2026-09-28,250000.00,false,,paid
INV-2026-000447,GANDHINAGAR HOSPITALITY PVT LTD,2026-06-15,2026-07-15,44279.25,false,,paid
INV-2026-000448,GANDHINAGAR HOSPITALITY PVT LTD,2026-06-14,2026-07-14,399260.00,false,,paid
INV-2026-000449,GANDHINAGAR HOSPITALITY PVT LTD,2026-06-14,2026-07-14,4860.00,false,,paid
INV-2026-000450,GANDHINAGAR HOSPITALITY PVT LTD,2026-06-15,2026-07-15,25000.00,false,,paid
INV-2026-000451,MADURAI METALS LIMITED,2026-06-08,2026-07-08,69000.00,false,,paid
INV-2026-000452,MADURAI METALS LIMITED,2026-06-07,2026-07-07,16620.00,false,,paid
INV-2026-000453,MADURAI METALS LIMITED,2026-06-08,2026-07-08,75342.75,false,,paid
INV-2026-000454,MADURAI METALS LIMITED,2026-06-09,2026-07-09,295000.75,false,,paid
INV-2026-000455,MADURAI METALS LIMITED,2026-06-07,2026-07-07,12027.00,false,,paid
INV-2026-000456,KAKINADA PHARMACEUTICALS INDIA PRIVATE LIMITED,2026-07-10,2026-08-09,282000.00,false,,paid
INV-2026-000457,KAKINADA PHARMACEUTICALS INDIA PRIVATE LIMITED,2026-07-10,2026-08-09,292000.00,false,,paid
INV-2026-000458,KAKINADA PHARMACEUTICALS INDIA PRIVATE LIMITED,2026-07-09,2026-08-08,174000.99,false,,paid
INV-2026-000459,KAKINADA PHARMACEUTICALS INDIA PRIVATE LIMITED,2026-07-09,2026-08-08,72384.00,false,,paid
INV-2026-000460,TIRUPUR DISTRIBUTORS PRIVATE LIMITED,2026-07-06,2026-08-05,11009.00,false,,paid
INV-2026-000461,TIRUPUR DISTRIBUTORS PRIVATE LIMITED,2026-07-04,2026-08-03,20000.75,false,,paid
INV-2026-000462,CHENNAI CASTINGS LLP,2026-07-30,2026-08-29,11054.00,false,,paid
INV-2026-000463,CHENNAI CASTINGS LLP,2026-08-01,2026-08-31,20000.50,false,,paid
INV-2026-000464,CHENNAI CASTINGS LLP,2026-08-01,2026-08-31,50137.00,false,,paid
INV-2026-000465,CHENNAI CASTINGS LLP,2026-07-30,2026-08-29,24000.00,false,,paid
INV-2026-000466,CHENNAI CASTINGS LLP,2026-08-01,2026-08-31,114480.00,false,,paid
INV-2026-000467,AMRAVATI LOGISTICS PRIVATE LIMITED,2026-07-09,2026-08-08,7714.00,false,,paid
INV-2026-000468,AMRAVATI LOGISTICS PRIVATE LIMITED,2026-07-09,2026-08-08,10000.00,false,,paid
INV-2026-000469,AMRAVATI LOGISTICS PRIVATE LIMITED,2026-07-08,2026-08-07,63484.00,false,,paid
INV-2026-000470,PANIPAT POLYMERS PRIVATE LIMITED,2026-07-20,2026-08-19,100000.75,false,,paid
INV-2026-000471,PANIPAT POLYMERS PRIVATE LIMITED,2026-07-20,2026-08-19,7527.00,false,,paid
INV-2026-000472,PANIPAT POLYMERS PRIVATE LIMITED,2026-07-19,2026-08-18,24005.00,false,,paid
INV-2026-000473,PANIPAT POLYMERS PRIVATE LIMITED,2026-07-19,2026-08-18,9750.00,false,,paid
INV-2026-000474,AMRAVATI CONSTRUCTIONS PRIVATE LIMITED,2026-08-15,2026-09-14,54075.00,false,,paid
INV-2026-000475,AMRAVATI CONSTRUCTIONS PRIVATE LIMITED,2026-08-14,2026-09-13,51726.00,false,,paid
INV-2026-000476,AMRAVATI CONSTRUCTIONS PRIVATE LIMITED,2026-08-16,2026-09-15,25000.25,false,,paid
INV-2026-000477,AMRAVATI CONSTRUCTIONS PRIVATE LIMITED,2026-08-14,2026-09-13,9212.00,false,,paid
INV-2026-000478,AMRAVATI CONSTRUCTIONS PRIVATE LIMITED,2026-08-14,2026-09-13,28271.99,false,,paid
INV-2026-000479,MEERUT FERTILISERS PRIVATE LIMITED,2026-06-02,2026-07-02,202000.00,false,,paid
INV-2026-000480,MEERUT FERTILISERS PRIVATE LIMITED,2026-06-02,2026-07-02,77424.00,false,,paid
INV-2026-000481,GANDHINAGAR ENGINEERING PVT LTD,2026-07-29,2026-08-28,11062.00,false,,paid
INV-2026-000482,GANDHINAGAR ENGINEERING PVT LTD,2026-07-28,2026-08-27,34556.00,false,,paid
INV-2026-000483,GANDHINAGAR ENGINEERING PVT LTD,2026-07-27,2026-08-26,10000.00,false,,paid
INV-2026-000484,GANDHINAGAR ENGINEERING PVT LTD,2026-07-28,2026-08-27,24513.00,false,,paid
INV-2026-000485,GANDHINAGAR ENGINEERING PVT LTD,2026-07-27,2026-08-26,33903.00,false,,paid
INV-2026-000486,AMRAVATI INDUSTRIES INDIA PRIVATE LIMITED,2026-08-28,2026-09-27,29290.00,false,,paid
INV-2026-000487,AMRAVATI INDUSTRIES INDIA PRIVATE LIMITED,2026-08-27,2026-09-26,25593.25,false,,paid
INV-2026-000488,AMRAVATI INDUSTRIES INDIA PRIVATE LIMITED,2026-08-27,2026-09-26,29623.00,false,,paid
INV-2026-000489,AMRAVATI INDUSTRIES INDIA PRIVATE LIMITED,2026-08-26,2026-09-25,20000.00,false,,paid
INV-2026-000490,JODHPUR AUTO COMPONENTS PVT LTD,2026-06-30,2026-07-30,49876.00,false,,paid
INV-2026-000491,JODHPUR AUTO COMPONENTS PVT LTD,2026-06-30,2026-07-30,96629.00,false,,paid
INV-2026-000492,JODHPUR AUTO COMPONENTS PVT LTD,2026-07-01,2026-07-31,200000.00,false,,paid
INV-2026-000493,JODHPUR AUTO COMPONENTS PVT LTD,2026-06-30,2026-07-30,250000.00,false,,paid
INV-2026-000494,JODHPUR AUTO COMPONENTS PVT LTD,2026-06-29,2026-07-29,125000.99,false,,paid
INV-2026-000495,GWALIOR INDUSTRIES INDIA PRIVATE LIMITED,2026-06-07,2026-07-07,20000.00,false,,paid
INV-2026-000496,GWALIOR INDUSTRIES INDIA PRIVATE LIMITED,2026-06-09,2026-07-09,180567.00,false,,paid
INV-2026-000497,RAIPUR SOFTWARE SERVICES PRIVATE LIMITED,2026-07-06,2026-08-05,21039.75,false,,paid
INV-2026-000498,RAIPUR SOFTWARE SERVICES PRIVATE LIMITED,2026-07-05,2026-08-04,15959.00,false,,paid
INV-2026-000499,RAIPUR SOFTWARE SERVICES PRIVATE LIMITED,2026-07-05,2026-08-04,24077.00,false,,paid
INV-2026-000500,RAIPUR SOFTWARE SERVICES PRIVATE LIMITED,2026-07-06,2026-08-05,20000.75,false,,paid
INV-2026-000501,RAIPUR SOFTWARE SERVICES PRIVATE LIMITED,2026-07-04,2026-08-03,6330.50,false,,paid
INV-2026-000502,AMRAVATI AGRO EXPORTS PRIVATE LIMITED,2026-08-27,2026-09-26,10333.75,false,,paid
INV-2026-000503,AMRAVATI AGRO EXPORTS PRIVATE LIMITED,2026-08-27,2026-09-26,15000.00,false,,paid
INV-2026-000504,AMRAVATI AGRO EXPORTS PRIVATE LIMITED,2026-08-27,2026-09-26,53085.00,false,,paid
INV-2026-000505,CHANDRAPUR ENTERPRISES INDIA PRIVATE LIMITED,2026-06-09,2026-07-09,12257.99,false,,paid
INV-2026-000506,CHANDRAPUR ENTERPRISES INDIA PRIVATE LIMITED,2026-06-09,2026-07-09,22000.00,false,,paid
INV-2026-000507,CHANDRAPUR ENTERPRISES INDIA PRIVATE LIMITED,2026-06-09,2026-07-09,19165.50,false,,paid
INV-2026-000508,ERNAKULAM LOGISTICS PRIVATE LIMITED,2026-08-13,2026-09-12,20000.00,false,,paid
INV-2026-000509,ERNAKULAM LOGISTICS PRIVATE LIMITED,2026-08-13,2026-09-12,40000.00,false,,paid
INV-2026-000510,ERNAKULAM LOGISTICS PRIVATE LIMITED,2026-08-15,2026-09-14,25000.00,false,,paid
INV-2026-000511,ERNAKULAM LOGISTICS PRIVATE LIMITED,2026-08-14,2026-09-13,62000.00,false,,paid
INV-2026-000512,ERNAKULAM LOGISTICS PRIVATE LIMITED,2026-08-15,2026-09-14,109493.00,false,,paid
INV-2026-000513,ERNAKULAM INDUSTRIES INDIA PRIVATE LIMITED,2026-06-04,2026-07-04,17110.00,false,,paid
INV-2026-000514,ERNAKULAM INDUSTRIES INDIA PRIVATE LIMITED,2026-06-03,2026-07-03,219939.75,false,,paid
INV-2026-000515,ERNAKULAM INDUSTRIES INDIA PRIVATE LIMITED,2026-06-05,2026-07-05,28045.00,false,,paid
INV-2026-000516,AMRAVATI GARMENTS PRIVATE LIMITED,2026-06-03,2026-07-03,183970.75,false,,paid
INV-2026-000517,AMRAVATI GARMENTS PRIVATE LIMITED,2026-06-04,2026-07-04,57000.00,false,,paid
INV-2026-000518,AMRAVATI GARMENTS PRIVATE LIMITED,2026-06-03,2026-07-03,43017.00,false,,paid
INV-2026-000519,MANGALORE FORGINGS LIMITED,2026-07-29,2026-08-28,38038.00,false,,paid
INV-2026-000520,MANGALORE FORGINGS LIMITED,2026-07-27,2026-08-26,38002.00,false,,paid
INV-2026-000521,TRICHY INDUSTRIES INDIA PRIVATE LIMITED,2026-06-05,2026-07-05,14379.00,false,,paid
INV-2026-000522,TRICHY INDUSTRIES INDIA PRIVATE LIMITED,2026-06-04,2026-07-04,6283.00,false,,paid
INV-2026-000523,TRICHY INDUSTRIES INDIA PRIVATE LIMITED,2026-06-06,2026-07-06,75000.00,false,,paid
INV-2026-000524,TRICHY INDUSTRIES INDIA PRIVATE LIMITED,2026-06-05,2026-07-05,250000.25,false,,paid
INV-2026-000525,TRICHY INDUSTRIES INDIA PRIVATE LIMITED,2026-06-05,2026-07-05,46616.00,false,,paid
INV-2026-000526,BHAVNAGAR AUTO COMPONENTS PVT LTD,2026-06-22,2026-07-22,14545.50,false,,paid
INV-2026-000527,BHAVNAGAR AUTO COMPONENTS PVT LTD,2026-06-21,2026-07-21,33247.50,false,,paid
INV-2026-000528,BHOPAL REFRACTORIES LIMITED,2026-07-18,2026-08-17,37312.25,false,,paid
INV-2026-000529,BHOPAL REFRACTORIES LIMITED,2026-07-18,2026-08-17,150000.75,false,,paid
INV-2026-000530,BHOPAL REFRACTORIES LIMITED,2026-07-18,2026-08-17,25000.00,false,,paid
INV-2026-000531,BHOPAL REFRACTORIES LIMITED,2026-07-17,2026-08-16,278000.99,false,,paid
INV-2026-000532,CALICUT CABLES PRIVATE LIMITED,2026-08-11,2026-09-10,75000.00,false,,paid
INV-2026-000533,CALICUT CABLES PRIVATE LIMITED,2026-08-11,2026-09-10,67934.00,false,,paid
INV-2026-000534,CALICUT CABLES PRIVATE LIMITED,2026-08-12,2026-09-11,169329.50,false,,paid
INV-2026-000535,CALICUT CABLES PRIVATE LIMITED,2026-08-12,2026-09-11,11730.00,false,,paid
INV-2026-000536,CALICUT CABLES PRIVATE LIMITED,2026-08-12,2026-09-11,37511.00,false,,paid
INV-2026-000537,INDORE SOFTWARE SERVICES PRIVATE LIMITED,2026-06-05,2026-07-05,20000.00,false,,paid
INV-2026-000538,INDORE SOFTWARE SERVICES PRIVATE LIMITED,2026-06-04,2026-07-04,283671.00,false,,paid
INV-2026-000539,HUBLI MOTORS PRIVATE LIMITED,2026-07-24,2026-08-23,191000.00,false,,paid
INV-2026-000540,HUBLI MOTORS PRIVATE LIMITED,2026-07-24,2026-08-23,23827.00,false,,paid
INV-2026-000541,HUBLI MOTORS PRIVATE LIMITED,2026-07-25,2026-08-24,200000.99,false,,paid
INV-2026-000542,AMRAVATI SOFTWARE SERVICES PRIVATE LIMITED,2026-07-18,2026-08-17,252000.00,false,,paid
INV-2026-000543,AMRAVATI SOFTWARE SERVICES PRIVATE LIMITED,2026-07-18,2026-08-17,37418.50,false,,paid
INV-2026-000544,AMRAVATI SOFTWARE SERVICES PRIVATE LIMITED,2026-07-18,2026-08-17,75000.00,false,,paid
INV-2026-000545,CHENNAI FERTILISERS PRIVATE LIMITED,2026-08-13,2026-09-12,60000.00,false,,paid
INV-2026-000546,CHENNAI FERTILISERS PRIVATE LIMITED,2026-08-12,2026-09-11,97519.00,false,,paid
INV-2026-000547,CHENNAI FERTILISERS PRIVATE LIMITED,2026-08-13,2026-09-12,75000.00,false,,paid
INV-2026-000548,CHENNAI FERTILISERS PRIVATE LIMITED,2026-08-12,2026-09-11,55770.00,false,,paid
INV-2026-000549,RAIPUR MOTORS PRIVATE LIMITED,2026-06-21,2026-07-21,25000.00,false,,paid
INV-2026-000550,RAIPUR MOTORS PRIVATE LIMITED,2026-06-21,2026-07-21,45569.00,false,,paid
INV-2026-000551,RAIPUR MOTORS PRIVATE LIMITED,2026-06-21,2026-07-21,4681.75,false,,paid
INV-2026-000552,RAIPUR MOTORS PRIVATE LIMITED,2026-06-19,2026-07-19,146819.00,false,,paid
INV-2026-000553,PANIPAT ENGINEERING PVT LTD,2026-06-04,2026-07-04,5000.25,false,,paid
INV-2026-000554,PANIPAT ENGINEERING PVT LTD,2026-06-06,2026-07-06,125000.00,false,,paid
INV-2026-000555,AMRAVATI LOGISTICS PRIVATE LIMITED,2026-08-07,2026-09-06,20000.99,false,,paid
INV-2026-000556,AMRAVATI LOGISTICS PRIVATE LIMITED,2026-08-07,2026-09-06,37416.00,false,,paid
INV-2026-000557,AMRAVATI LOGISTICS PRIVATE LIMITED,2026-08-06,2026-09-05,24229.00,false,,paid
INV-2026-000558,AMRAVATI LOGISTICS PRIVATE LIMITED,2026-08-08,2026-09-07,98610.00,false,,paid
INV-2026-000559,GWALIOR HANDICRAFTS LLP,2026-07-20,2026-08-19,75060.00,false,,paid
INV-2026-000560,GWALIOR HANDICRAFTS LLP,2026-07-21,2026-08-20,41975.00,false,,paid
INV-2026-000561,GWALIOR HANDICRAFTS LLP,2026-07-19,2026-08-18,200000.75,false,,paid
INV-2026-000562,GWALIOR HANDICRAFTS LLP,2026-07-19,2026-08-18,63289.00,false,,paid
INV-2026-000563,GWALIOR HANDICRAFTS LLP,2026-07-21,2026-08-20,68245.00,false,,paid
INV-2026-000564,GANDHINAGAR DIAGNOSTICS LIMITED,2026-06-12,2026-07-12,12736.00,false,,paid
INV-2026-000565,GANDHINAGAR DIAGNOSTICS LIMITED,2026-06-13,2026-07-13,12657.25,false,,paid
INV-2026-000566,GANDHINAGAR DIAGNOSTICS LIMITED,2026-06-13,2026-07-13,10523.00,false,,paid
INV-2026-000567,GANDHINAGAR DIAGNOSTICS LIMITED,2026-06-12,2026-07-12,5378.00,false,,paid
INV-2026-000568,JAMNAGAR PACKAGING LLP,2026-07-07,2026-08-06,15000.00,false,,paid
INV-2026-000569,JAMNAGAR PACKAGING LLP,2026-07-06,2026-08-05,36454.00,false,,paid
INV-2026-000570,JAMNAGAR PACKAGING LLP,2026-07-07,2026-08-06,121953.00,false,,paid
INV-2026-000571,JAMNAGAR PACKAGING LLP,2026-07-07,2026-08-06,14340.00,false,,paid
INV-2026-000572,KOLHAPUR ENTERPRISES INDIA PRIVATE LIMITED,2026-06-13,2026-07-13,5083.75,false,,paid
INV-2026-000573,KOLHAPUR ENTERPRISES INDIA PRIVATE LIMITED,2026-06-11,2026-07-11,9523.25,false,,paid
INV-2026-000574,CHENNAI AUTO COMPONENTS PVT LTD,2026-07-07,2026-08-06,47084.00,false,,paid
INV-2026-000575,CHENNAI AUTO COMPONENTS PVT LTD,2026-07-08,2026-08-07,11994.00,false,,paid
INV-2026-000576,CHENNAI AUTO COMPONENTS PVT LTD,2026-07-07,2026-08-06,273000.99,false,,paid
INV-2026-000577,CHENNAI AUTO COMPONENTS PVT LTD,2026-07-07,2026-08-06,80348.00,false,,paid
INV-2026-000578,AMRAVATI POLYMERS PRIVATE LIMITED,2026-06-30,2026-07-30,6640.99,false,,paid
INV-2026-000579,AMRAVATI POLYMERS PRIVATE LIMITED,2026-07-01,2026-07-31,25000.00,false,,paid
INV-2026-000580,AMRAVATI POLYMERS PRIVATE LIMITED,2026-07-02,2026-08-01,20856.25,false,,paid
INV-2026-000581,ANANTAPUR FABRICATORS AND COMPANY,2026-06-15,2026-07-15,72477.50,false,,paid
INV-2026-000582,ANANTAPUR FABRICATORS AND COMPANY,2026-06-15,2026-07-15,60000.00,false,,paid
INV-2026-000583,GODAVARI PAPER MILLS PVT LTD,2026-08-15,2026-09-14,10000.00,false,,paid
INV-2026-000584,GODAVARI PAPER MILLS PVT LTD,2026-08-15,2026-09-14,186000.25,false,,paid
INV-2026-000585,KAKINADA MOTORS PRIVATE LIMITED,2026-07-05,2026-08-04,60459.00,false,,paid
INV-2026-000586,KAKINADA MOTORS PRIVATE LIMITED,2026-07-04,2026-08-03,41358.75,false,,paid
INV-2026-000587,KAKINADA MOTORS PRIVATE LIMITED,2026-07-06,2026-08-05,31202.00,false,,paid
INV-2026-000588,KAKINADA MOTORS PRIVATE LIMITED,2026-07-04,2026-08-03,52667.00,false,,paid
INV-2026-000589,KAKINADA MOTORS PRIVATE LIMITED,2026-07-04,2026-08-03,50000.00,false,,paid
INV-2026-000590,AMRAVATI AGRO EXPORTS PRIVATE LIMITED,2026-06-03,2026-07-03,16554.99,false,,paid
INV-2026-000591,AMRAVATI AGRO EXPORTS PRIVATE LIMITED,2026-06-03,2026-07-03,200000.00,false,,paid
INV-2026-000592,AMRAVATI AGRO EXPORTS PRIVATE LIMITED,2026-06-01,2026-07-01,20000.00,false,,paid
INV-2026-000593,BHILAI METALS LIMITED,2026-07-22,2026-08-21,522166.00,false,,paid
INV-2026-000594,BHILAI METALS LIMITED,2026-07-22,2026-08-21,76168.00,false,,paid
INV-2026-000595,BHILAI METALS LIMITED,2026-07-23,2026-08-22,26298.75,false,,paid
INV-2026-000596,ANANTAPUR PAPER MILLS PVT LTD,2026-08-02,2026-09-01,7236.00,false,,paid
INV-2026-000597,ANANTAPUR PAPER MILLS PVT LTD,2026-08-04,2026-09-03,161000.00,false,,paid
INV-2026-000598,ANANTAPUR PAPER MILLS PVT LTD,2026-08-02,2026-09-01,30199.75,false,,paid
INV-2026-000599,AMRAVATI HOSPITALITY PVT LTD,2026-07-29,2026-08-28,36040.00,false,,paid
INV-2026-000600,AMRAVATI HOSPITALITY PVT LTD,2026-07-29,2026-08-28,21709.00,false,,paid
INV-2026-000601,AMRAVATI HOSPITALITY PVT LTD,2026-07-28,2026-08-27,30000.75,false,,paid
INV-2026-000602,AMRAVATI HOSPITALITY PVT LTD,2026-07-29,2026-08-28,25627.00,false,,paid
INV-2026-000603,BHOPAL TEXTILES PVT LTD,2026-07-04,2026-08-03,898872.00,false,,paid
INV-2026-000604,BHOPAL TEXTILES PVT LTD,2026-07-04,2026-08-03,10000.75,false,,paid
INV-2026-000605,BHOPAL TEXTILES PVT LTD,2026-07-05,2026-08-04,79502.00,false,,paid
INV-2026-000606,BHOPAL TEXTILES PVT LTD,2026-07-04,2026-08-03,40000.00,false,,paid
INV-2026-000607,BHOPAL TEXTILES PVT LTD,2026-07-03,2026-08-02,500000.75,false,,paid
INV-2026-000608,AMRAVATI AGRO EXPORTS PRIVATE LIMITED,2026-07-13,2026-08-12,18827.00,false,,paid
INV-2026-000609,AMRAVATI AGRO EXPORTS PRIVATE LIMITED,2026-07-13,2026-08-12,224000.00,false,,paid
INV-2026-000610,BELGAUM PHARMACEUTICALS INDIA PRIVATE LIMITED,2026-08-12,2026-09-11,5000.00,false,,paid
INV-2026-000611,BELGAUM PHARMACEUTICALS INDIA PRIVATE LIMITED,2026-08-13,2026-09-12,3432.00,false,,paid
INV-2026-000612,BELGAUM PHARMACEUTICALS INDIA PRIVATE LIMITED,2026-08-14,2026-09-13,52663.00,false,,paid
INV-2026-000613,BELGAUM PHARMACEUTICALS INDIA PRIVATE LIMITED,2026-08-12,2026-09-11,68150.00,false,,paid
INV-2026-000614,AMRAVATI ENGINEERING PVT LTD,2026-06-25,2026-07-25,5000.00,false,,paid
INV-2026-000615,AMRAVATI ENGINEERING PVT LTD,2026-06-25,2026-07-25,36552.50,false,,paid
INV-2026-000616,AMRAVATI ENGINEERING PVT LTD,2026-06-25,2026-07-25,200000.00,false,,paid
INV-2026-000617,MANGALORE CHEMICALS INDIA PRIVATE LIMITED,2026-08-13,2026-09-12,24611.00,false,,paid
INV-2026-000618,MANGALORE CHEMICALS INDIA PRIVATE LIMITED,2026-08-13,2026-09-12,32000.00,false,,paid
INV-2026-000619,MANGALORE CHEMICALS INDIA PRIVATE LIMITED,2026-08-13,2026-09-12,214000.25,false,,paid
INV-2026-000620,MANGALORE CHEMICALS INDIA PRIVATE LIMITED,2026-08-13,2026-09-12,67178.99,false,,paid
INV-2026-000621,MANGALORE CHEMICALS INDIA PRIVATE LIMITED,2026-08-14,2026-09-13,73510.99,false,,paid
INV-2026-000622,AMRAVATI GARMENTS PRIVATE LIMITED,2026-08-01,2026-08-31,200000.99,false,,paid
INV-2026-000623,AMRAVATI GARMENTS PRIVATE LIMITED,2026-08-02,2026-09-01,29672.00,false,,paid
INV-2026-000624,AMRAVATI GARMENTS PRIVATE LIMITED,2026-07-31,2026-08-30,105566.00,false,,paid
INV-2026-000625,KAKINADA AGRO EXPORTS PRIVATE LIMITED,2026-08-18,2026-09-17,38331.00,false,,paid
INV-2026-000626,KAKINADA AGRO EXPORTS PRIVATE LIMITED,2026-08-17,2026-09-16,42194.00,false,,paid
INV-2026-000627,GANDHINAGAR PACKAGING LLP,2026-07-01,2026-07-31,200000.50,false,,paid
INV-2026-000628,GANDHINAGAR PACKAGING LLP,2026-07-02,2026-08-01,23666.00,false,,paid
INV-2026-000629,GANDHINAGAR PACKAGING LLP,2026-07-01,2026-07-31,97938.00,false,,paid
INV-2026-000630,GANDHINAGAR PACKAGING LLP,2026-06-30,2026-07-30,132685.50,false,,paid
INV-2026-000631,NARMADA CASTINGS LLP,2026-08-19,2026-09-18,23987.99,false,,paid
INV-2026-000632,NARMADA CASTINGS LLP,2026-08-17,2026-09-16,100000.00,false,,paid
INV-2026-000633,NARMADA CASTINGS LLP,2026-08-18,2026-09-17,42744.00,false,,paid
INV-2026-000634,BELGAUM ENGINEERING PVT LTD,2026-06-30,2026-07-30,28478.50,false,,paid
INV-2026-000635,BELGAUM ENGINEERING PVT LTD,2026-06-29,2026-07-29,33451.00,false,,paid
INV-2026-000636,BELGAUM ENGINEERING PVT LTD,2026-07-01,2026-07-31,5231.00,false,,paid
INV-2026-000637,BELGAUM ENGINEERING PVT LTD,2026-06-29,2026-07-29,13241.00,false,,paid
INV-2026-000638,BELGAUM ENGINEERING PVT LTD,2026-06-29,2026-07-29,16117.99,false,,paid
INV-2026-000639,AMRAVATI CONSTRUCTIONS PRIVATE LIMITED,2026-07-17,2026-08-16,150120.00,false,,paid
INV-2026-000640,AMRAVATI CONSTRUCTIONS PRIVATE LIMITED,2026-07-16,2026-08-15,25000.00,false,,paid
INV-2026-000641,AMRAVATI CONSTRUCTIONS PRIVATE LIMITED,2026-07-18,2026-08-17,71254.00,false,,paid
INV-2026-000642,AMRAVATI CONSTRUCTIONS PRIVATE LIMITED,2026-07-17,2026-08-16,9471.00,false,,paid
INV-2026-000643,AMRAVATI CONSTRUCTIONS PRIVATE LIMITED,2026-07-16,2026-08-15,50277.00,false,,paid
INV-2026-000644,GODAVARI PHARMACEUTICALS INDIA PRIVATE LIMITED,2026-06-20,2026-07-20,45133.00,false,,paid
INV-2026-000645,GODAVARI PHARMACEUTICALS INDIA PRIVATE LIMITED,2026-06-21,2026-07-21,10000.50,false,,paid
INV-2026-000646,GODAVARI PHARMACEUTICALS INDIA PRIVATE LIMITED,2026-06-22,2026-07-22,30000.75,false,,paid
INV-2026-000647,GODAVARI PHARMACEUTICALS INDIA PRIVATE LIMITED,2026-06-22,2026-07-22,100000.00,false,,paid
INV-2026-000648,SOLAPUR CONTAINERS PVT LTD,2026-08-24,2026-09-23,100000.00,false,,paid
INV-2026-000649,SOLAPUR CONTAINERS PVT LTD,2026-08-25,2026-09-24,25000.00,false,,paid
INV-2026-000650,SOLAPUR CONTAINERS PVT LTD,2026-08-25,2026-09-24,50000.50,false,,paid
INV-2026-000651,SOLAPUR CONTAINERS PVT LTD,2026-08-26,2026-09-25,16186.00,false,,paid
INV-2026-000652,AMRAVATI CASTINGS LLP,2026-08-21,2026-09-20,52042.00,false,,paid
INV-2026-000653,AMRAVATI CASTINGS LLP,2026-08-19,2026-09-18,98726.75,false,,paid
INV-2026-000654,AMRAVATI CASTINGS LLP,2026-08-20,2026-09-19,500000.00,false,,paid
INV-2026-000655,AMRAVATI CASTINGS LLP,2026-08-21,2026-09-20,37895.75,false,,paid
INV-2026-000656,AMRAVATI CASTINGS LLP,2026-08-21,2026-09-20,203000.00,false,,paid
INV-2026-000657,AMRAVATI AGRO EXPORTS PRIVATE LIMITED,2026-08-28,2026-09-27,5000.00,false,,paid
INV-2026-000658,AMRAVATI AGRO EXPORTS PRIVATE LIMITED,2026-08-26,2026-09-25,28485.25,false,,paid
INV-2026-000659,AMRAVATI AGRO EXPORTS PRIVATE LIMITED,2026-08-27,2026-09-26,17497.00,false,,paid
INV-2026-000660,AMRAVATI POLYMERS PRIVATE LIMITED,2026-08-03,2026-09-02,47342.00,false,,paid
INV-2026-000661,AMRAVATI BEARINGS LIMITED,2026-08-12,2026-09-11,15000.00,false,,paid
INV-2026-000662,BHOPAL CHEMICALS INDIA PRIVATE LIMITED,2026-07-17,2026-08-16,16031.00,false,,paid
INV-2026-000663,AMRAVATI HOSPITALITY PVT LTD,2026-07-26,2026-08-25,50000.00,false,,paid
INV-2026-000664,BHOPAL METALS LIMITED,2026-07-11,2026-08-10,10000.99,false,,paid
INV-2026-000665,AMRAVATI CERAMICS PVT LTD,2026-06-02,2026-07-02,7688.00,false,,paid
INV-2026-000666,GODAVARI CONSTRUCTIONS PRIVATE LIMITED,2026-08-19,2026-09-18,216000.00,false,,paid
INV-2026-000667,CHENNAI MEDIA PVT LTD,2026-07-25,2026-08-24,38695.25,false,,paid
INV-2026-000668,ANANTAPUR CERAMICS PVT LTD,2026-07-30,2026-08-29,50000.00,false,,paid
INV-2026-000669,AMRAVATI PRINTERS PVT LTD,2026-06-26,2026-07-26,68770.00,false,,paid
INV-2026-000670,GUNTUR PHARMACEUTICALS INDIA PRIVATE LIMITED,2026-06-16,2026-07-16,41191.25,false,,paid
INV-2026-000671,ANANTAPUR HANDICRAFTS LLP,2026-08-14,2026-09-13,106259.00,false,,paid
INV-2026-000672,HOSUR CABLES PRIVATE LIMITED,2026-08-14,2026-09-13,28476.00,false,,paid
INV-2026-000673,AURANGABAD ENTERPRISES INDIA PRIVATE LIMITED,2026-07-14,2026-08-13,187194.00,false,,paid
INV-2026-000674,KAKINADA ENTERPRISES INDIA PRIVATE LIMITED,2026-06-26,2026-07-26,252122.00,false,,paid
INV-2026-000675,SILIGURI GARMENTS PRIVATE LIMITED,2026-06-20,2026-07-20,71668.00,false,,paid
INV-2026-000676,MYSORE MOTORS PRIVATE LIMITED,2026-08-24,2026-09-23,5000.00,false,,paid
INV-2026-000677,DEHRADUN CHEMICALS INDIA PRIVATE LIMITED,2026-07-19,2026-08-18,22053.00,false,,paid
INV-2026-000678,CHANDRAPUR ENGINEERING PVT LTD,2026-07-07,2026-08-06,15000.99,false,,paid
INV-2026-000679,SOLAPUR INDUSTRIES INDIA PRIVATE LIMITED,2026-08-25,2026-09-24,58873.00,false,,paid
INV-2026-000680,CALICUT DISTRIBUTORS PRIVATE LIMITED,2026-07-29,2026-08-28,15000.00,false,,paid
INV-2026-000681,HOSUR FABRICATORS AND COMPANY,2026-08-20,2026-09-19,30000.00,false,,paid
INV-2026-000682,AMRAVATI INDUSTRIES INDIA PRIVATE LIMITED,2026-06-10,2026-07-10,10000.00,false,,paid
INV-2026-000683,AMRAVATI ENTERPRISES INDIA PRIVATE LIMITED,2026-06-13,2026-07-13,44139.00,false,,paid
INV-2026-000684,BHAVNAGAR PHARMACEUTICALS INDIA PRIVATE LIMITED,2026-06-07,2026-07-07,27000.00,false,,paid
INV-2026-000685,CHENNAI FERTILISERS PRIVATE LIMITED,2026-08-09,2026-09-08,10893.00,false,,paid
INV-2026-000686,AMRAVATI AGRO EXPORTS PRIVATE LIMITED,2026-06-14,2026-07-14,38331.00,false,,paid
INV-2026-000687,BELGAUM DIAGNOSTICS LIMITED,2026-06-30,2026-07-30,14712.00,false,,paid
INV-2026-000688,RAIPUR TRADERS INDIA PRIVATE LIMITED,2026-07-06,2026-08-05,32092.00,false,,paid
INV-2026-000689,MYSORE INDUSTRIES INDIA PRIVATE LIMITED,2026-08-02,2026-09-01,8730.00,false,,paid
INV-2026-000690,BHILAI REFRACTORIES LIMITED,2026-07-05,2026-08-04,7793.50,false,,paid
INV-2026-000691,INDORE HANDICRAFTS LLP,2026-07-07,2026-08-06,238000.00,false,,paid
INV-2026-000692,GODAVARI FORGINGS LIMITED,2026-08-12,2026-09-11,128395.99,false,,paid
INV-2026-000693,HOSUR TRANSPORT AND COMPANY,2026-07-29,2026-08-28,25000.00,false,,paid
INV-2026-000694,CHANDRAPUR REFRACTORIES LIMITED,2026-06-14,2026-07-14,21130.25,false,,paid
INV-2026-000695,GUNTUR ENGINEERING PVT LTD,2026-06-26,2026-07-26,8158.00,false,,paid
INV-2026-000696,AURANGABAD ENGINEERING PVT LTD,2026-06-04,2026-07-04,142000.00,false,,paid
INV-2026-000697,BHAVNAGAR COLD STORAGE AND COMPANY,2026-07-19,2026-08-18,33331.99,false,,paid
INV-2026-000698,BHAVNAGAR CASTINGS LLP,2026-06-25,2026-07-25,12739.00,false,,paid
INV-2026-000699,UDAIPUR FABRICATORS AND COMPANY,2026-06-25,2026-07-25,31375.00,false,,paid
INV-2026-000700,AMRAVATI COLD STORAGE AND COMPANY,2026-07-20,2026-08-19,407550.00,false,,paid
INV-2026-000701,GUNTUR DISTRIBUTORS PRIVATE LIMITED,2026-07-04,2026-08-03,25492.00,false,,paid
INV-2026-000702,JODHPUR CASTINGS LLP,2026-08-15,2026-09-14,43142.00,false,,paid
INV-2026-000703,CALICUT SPINNERS LLP,2026-07-13,2026-08-12,23066.00,false,,paid
INV-2026-000704,GWALIOR SPINNERS LLP,2026-07-07,2026-08-06,17926.00,false,,paid
INV-2026-000705,ANANTAPUR AGRO EXPORTS PRIVATE LIMITED,2026-08-13,2026-09-12,10906.00,false,,paid
INV-2026-000706,TIRUPUR ELECTRICALS LLP,2026-08-02,2026-09-01,130818.00,false,,paid
INV-2026-000707,AMRAVATI CONTAINERS PVT LTD,2026-08-13,2026-09-12,50000.00,false,,paid
INV-2026-000708,CUTTACK HOSPITALITY PVT LTD,2026-08-14,2026-09-13,16722.00,false,,paid
INV-2026-000709,AMRAVATI CASTINGS LLP,2026-06-16,2026-07-16,18000.00,false,,paid
INV-2026-000710,ERNAKULAM ELECTRICALS LLP,2026-06-05,2026-07-05,20456.00,false,,paid
INV-2026-000711,CALICUT AGRO EXPORTS PRIVATE LIMITED,2026-06-27,2026-07-27,77925.00,false,,paid
INV-2026-000712,AMRAVATI CABLES PRIVATE LIMITED,2026-07-23,2026-08-22,20000.00,false,,paid
INV-2026-000713,COIMBATORE BEARINGS LIMITED,2026-07-15,2026-08-14,47931.00,false,,paid
INV-2026-000714,AMRAVATI DISTRIBUTORS PRIVATE LIMITED,2026-08-21,2026-09-20,137000.00,false,,paid
INV-2026-000715,SILIGURI MOTORS PRIVATE LIMITED,2026-07-01,2026-07-31,126877.00,false,,paid
INV-2026-000716,ERNAKULAM SPINNERS LLP,2026-07-15,2026-08-14,27459.00,false,,paid
INV-2026-000717,BHILAI POLYMERS PRIVATE LIMITED,2026-08-26,2026-09-25,192000.75,false,,paid
INV-2026-000718,CALICUT COLD STORAGE AND COMPANY,2026-06-24,2026-07-24,55000.00,false,,paid
INV-2026-000719,BHAVNAGAR DISTRIBUTORS PRIVATE LIMITED,2026-07-05,2026-08-04,94000.00,false,,paid
INV-2026-000720,GWALIOR CASTINGS LLP,2026-08-02,2026-09-01,44331.00,false,,paid
INV-2026-000721,JAMNAGAR PLASTICS AND COMPANY,2026-08-16,2026-09-15,176000.00,false,,paid
INV-2026-000722,AMRAVATI SOFTWARE SERVICES PRIVATE LIMITED,2026-06-24,2026-07-24,26742.00,false,,paid
INV-2026-000723,ANANTAPUR CHEMICALS INDIA PRIVATE LIMITED,2026-06-15,2026-07-15,3551.00,false,,paid
INV-2026-000724,BELGAUM TRANSPORT AND COMPANY,2026-08-27,2026-09-26,50000.00,false,,paid
INV-2026-000725,AMRAVATI ELECTRICALS LLP,2026-06-25,2026-07-25,5172.50,false,,paid
INV-2026-000726,NARMADA SOFTWARE SERVICES PRIVATE LIMITED,2026-07-24,2026-08-23,67852.00,false,,paid
INV-2026-000727,BHOPAL ENGINEERING PVT LTD,2026-06-27,2026-07-27,13780.00,false,,paid
INV-2026-000728,COIMBATORE FABRICATORS AND COMPANY,2026-06-18,2026-07-18,76000.75,false,,paid
INV-2026-000729,BELGAUM AGRO EXPORTS PRIVATE LIMITED,2026-07-06,2026-08-05,5000.50,false,,paid
INV-2026-000730,AMRAVATI GARMENTS PRIVATE LIMITED,2026-08-01,2026-08-31,223000.00,false,,paid
INV-2026-000731,BHILAI TEXTILES PVT LTD,2026-06-02,2026-07-02,14700.50,false,,paid
INV-2026-000732,AMRAVATI SPINNERS LLP,2026-07-13,2026-08-12,11412.00,false,,paid
INV-2026-000733,ANANTAPUR CONSTRUCTIONS PRIVATE LIMITED,2026-08-27,2026-09-26,23213.99,false,,paid
INV-2026-000734,BHOPAL AGRO EXPORTS PRIVATE LIMITED,2026-06-20,2026-07-20,93000.00,false,,paid
INV-2026-000735,AMRAVATI FERTILISERS PRIVATE LIMITED,2026-08-13,2026-09-12,66159.25,false,,paid
INV-2026-000736,BHAVNAGAR HOSPITALITY PVT LTD,2026-06-30,2026-07-30,10233.00,false,,paid
INV-2026-000737,AURANGABAD ENTERPRISES INDIA PRIVATE LIMITED,2026-06-29,2026-07-29,200000.00,false,,paid
INV-2026-000738,LUDHIANA GARMENTS PRIVATE LIMITED,2026-08-07,2026-09-06,15460.00,false,,paid
INV-2026-000739,AMRAVATI HANDICRAFTS LLP,2026-07-04,2026-08-03,121062.00,false,,paid
INV-2026-000740,ERNAKULAM CONTAINERS PVT LTD,2026-08-23,2026-09-22,250000.00,false,,paid
INV-2026-000741,AMRAVATI BEARINGS LIMITED,2026-08-21,2026-09-20,24718.00,false,,paid
INV-2026-000742,INDORE FOODS PVT LTD,2026-08-04,2026-09-03,67648.00,false,,paid
INV-2026-000743,VARANASI COLD STORAGE AND COMPANY,2026-07-14,2026-08-13,29691.00,false,,paid
INV-2026-000744,AMRAVATI FABRICATORS AND COMPANY,2026-08-03,2026-09-02,101850.25,false,,paid
INV-2026-000745,TIRUPUR HOSPITALITY PVT LTD,2026-08-19,2026-09-18,23371.00,false,,paid
INV-2026-000746,BHAVNAGAR ENGINEERING PVT LTD,2026-07-15,2026-08-14,36296.25,false,,paid
INV-2026-000747,AMRAVATI CONSTRUCTIONS PRIVATE LIMITED,2026-06-28,2026-07-28,98398.00,false,,paid
INV-2026-000748,AMRAVATI CASTINGS LLP,2026-07-28,2026-08-27,150000.00,false,,paid
INV-2026-000749,BELGAUM PAPER MILLS PVT LTD,2026-06-10,2026-07-10,138663.50,false,,paid
INV-2026-000750,ANANTAPUR PHARMACEUTICALS INDIA PRIVATE LIMITED,2026-08-21,2026-09-20,38230.99,false,,paid
INV-2026-000751,HOSUR FOODS PVT LTD,2026-08-09,2026-09-08,10799.00,false,,paid
INV-2026-000752,HOSUR METALS LIMITED,2026-06-14,2026-07-14,48003.00,false,,paid
INV-2026-000753,AMRAVATI PRINTERS PVT LTD,2026-08-22,2026-09-21,268172.99,false,,paid
INV-2026-000754,AMRAVATI AGRO EXPORTS PRIVATE LIMITED,2026-07-13,2026-08-12,17782.75,false,,paid
INV-2026-000755,CHENNAI LOGISTICS PRIVATE LIMITED,2026-08-20,2026-09-19,67017.00,false,,paid
INV-2026-000756,JABALPUR CABLES PRIVATE LIMITED,2026-08-23,2026-09-22,39056.00,false,,paid
INV-2026-000757,NARMADA PRINTERS PVT LTD,2026-07-21,2026-08-20,500000.50,false,,paid
INV-2026-000758,AMRAVATI CONTAINERS PVT LTD,2026-08-18,2026-09-17,178000.00,false,,paid
INV-2026-000759,AMRAVATI CASTINGS LLP,2026-06-12,2026-07-12,23949.00,false,,paid
INV-2026-000760,SURAT ENTERPRISES INDIA PRIVATE LIMITED,2026-06-27,2026-07-27,75000.00,false,,paid
INV-2026-000761,BHOPAL PHARMACEUTICALS INDIA PRIVATE LIMITED,2026-08-17,2026-09-16,32665.00,false,,paid
INV-2026-000762,AMRAVATI DIAGNOSTICS LIMITED,2026-06-28,2026-07-28,6000.00,false,,paid
INV-2026-000763,HALDIA CONSTRUCTIONS PRIVATE LIMITED,2026-08-03,2026-09-02,40781.00,false,,paid
INV-2026-000764,AMRAVATI ELECTRICALS LLP,2026-07-14,2026-08-13,2352.00,false,,paid
INV-2026-000765,HOSUR CONTAINERS PVT LTD,2026-07-18,2026-08-17,59203.00,false,,paid
INV-2026-000766,SALEM CHEMICALS INDIA PRIVATE LIMITED,2026-07-09,2026-08-08,47836.00,false,,paid
INV-2026-000767,CHENNAI PRINTERS PVT LTD,2026-07-06,2026-08-05,245000.00,false,,paid
INV-2026-000768,CHANDRAPUR ELECTRICALS LLP,2026-07-11,2026-08-10,271000.00,false,,paid
INV-2026-000769,CALICUT CONSTRUCTIONS PRIVATE LIMITED,2026-07-29,2026-08-28,20000.00,false,,paid
INV-2026-000770,BHAVNAGAR HANDICRAFTS LLP,2026-07-06,2026-08-05,66582.00,false,,paid
INV-2026-000771,NAGPUR INFRAPROJECTS AND COMPANY,2026-08-28,2026-09-27,10888.00,false,,paid
INV-2026-000772,AMRAVATI PHARMACEUTICALS INDIA PRIVATE LIMITED,2026-07-13,2026-08-12,260040.00,false,,paid
INV-2026-000773,CHENNAI TRANSPORT AND COMPANY,2026-07-09,2026-08-08,25000.25,false,,paid
INV-2026-000774,CHANDRAPUR CHEMICALS INDIA PRIVATE LIMITED,2026-06-19,2026-07-19,266000.25,false,,paid
INV-2026-000775,NASHIK ENGINEERING PVT LTD,2026-08-26,2026-09-25,24292.00,false,,paid
INV-2026-000776,AMRAVATI CONSTRUCTIONS PRIVATE LIMITED,2026-06-20,2026-07-20,25000.00,false,,paid
INV-2026-000777,BHOPAL BEARINGS LIMITED,2026-07-07,2026-08-06,31689.00,false,,paid
INV-2026-000778,BHILAI AUTO COMPONENTS PVT LTD,2026-06-23,2026-07-23,50917.00,false,,paid
INV-2026-000779,KAKINADA BEARINGS LIMITED,2026-08-04,2026-09-03,3493.00,false,,paid
INV-2026-000780,CHENNAI FABRICATORS AND COMPANY,2026-07-21,2026-08-20,75000.00,false,,paid
INV-2026-000781,DEHRADUN AGRO EXPORTS PRIVATE LIMITED,2026-08-05,2026-09-04,49504.00,false,,paid
INV-2026-000782,AMRAVATI FORGINGS LIMITED,2026-06-04,2026-07-04,33559.00,false,,paid
INV-2026-000783,AMRAVATI LOGISTICS PRIVATE LIMITED,2026-08-25,2026-09-24,10498.00,false,,paid
INV-2026-000784,AMRAVATI AGRO EXPORTS PRIVATE LIMITED,2026-07-16,2026-08-15,228000.00,false,,paid
INV-2026-000785,HUBLI TEXTILES PVT LTD,2026-08-24,2026-09-23,72000.00,false,,paid
INV-2026-000786,LUDHIANA ENTERPRISES INDIA PRIVATE LIMITED,2026-06-30,2026-07-30,5000.50,false,,paid
INV-2026-000787,BHOPAL GARMENTS PRIVATE LIMITED,2026-06-14,2026-07-14,16000.75,false,,paid
INV-2026-000788,AMRAVATI TEXTILES PVT LTD,2026-08-09,2026-09-08,23935.00,false,,paid
INV-2026-000789,AMRAVATI DISTRIBUTORS PRIVATE LIMITED,2026-08-09,2026-09-08,3467.00,false,,paid
INV-2026-000790,GUNTUR CONTAINERS PVT LTD,2026-07-13,2026-08-12,200000.00,false,,paid
INV-2026-000791,SILIGURI INFRAPROJECTS AND COMPANY,2026-08-03,2026-09-02,22000.00,false,,paid
INV-2026-000792,CUTTACK ENGINEERING PVT LTD,2026-07-26,2026-08-25,150000.00,false,,paid
INV-2026-000793,UDAIPUR SOFTWARE SERVICES PRIVATE LIMITED,2026-06-08,2026-07-08,50000.25,false,,paid
INV-2026-000794,HOSUR SOFTWARE SERVICES PRIVATE LIMITED,2026-07-09,2026-08-08,44716.00,false,,paid
INV-2026-000795,JABALPUR PACKAGING LLP,2026-06-05,2026-07-05,125000.50,false,,paid
INV-2026-000796,AMRAVATI AGRO EXPORTS PRIVATE LIMITED,2026-08-08,2026-09-07,30000.00,false,,paid
INV-2026-000797,MEERUT REFRACTORIES LIMITED,2026-08-26,2026-09-25,33060.99,false,,paid
INV-2026-000798,AMRAVATI CASTINGS LLP,2026-08-13,2026-09-12,278000.00,false,,paid
INV-2026-000799,BHOPAL INDUSTRIES INDIA PRIVATE LIMITED,2026-07-16,2026-08-15,5000.00,false,,paid
INV-2026-000800,ANANTAPUR CONTAINERS PVT LTD,2026-08-23,2026-09-22,10000.00,false,,paid
INV-2026-000801,AMRAVATI COLD STORAGE AND COMPANY,2026-08-13,2026-09-12,228066.00,false,,paid
INV-2026-000802,BHAVNAGAR CASTINGS LLP,2026-06-14,2026-07-14,77000.25,false,,paid
INV-2026-000803,COIMBATORE METALS LIMITED,2026-08-24,2026-09-23,10000.00,false,,paid
INV-2026-000804,BELGAUM TEXTILES PVT LTD,2026-07-17,2026-08-16,259000.00,false,,paid
INV-2026-000805,BHILAI PHARMACEUTICALS INDIA PRIVATE LIMITED,2026-07-29,2026-08-28,15652.50,false,,paid
INV-2026-000806,RAIPUR FOODS PVT LTD,2026-07-08,2026-08-07,9543.00,false,,paid
INV-2026-000807,HOSUR HANDICRAFTS LLP,2026-06-20,2026-07-20,16087.25,false,,paid
INV-2026-000808,AURANGABAD CHEMICALS INDIA PRIVATE LIMITED,2026-06-27,2026-07-27,69547.00,false,,paid
INV-2026-000809,AMRAVATI AGRO EXPORTS PRIVATE LIMITED,2026-08-02,2026-09-01,24558.25,false,,paid
INV-2026-000810,VARANASI CERAMICS PVT LTD,2026-06-29,2026-07-29,8771.00,false,,paid
INV-2026-000811,SILIGURI SOFTWARE SERVICES PRIVATE LIMITED,2026-08-26,2026-09-25,7286.50,false,,paid
INV-2026-000812,HUBLI CONTAINERS PVT LTD,2026-08-20,2026-09-19,60000.00,false,,paid
INV-2026-000813,AURANGABAD ENTERPRISES INDIA PRIVATE LIMITED,2026-07-28,2026-08-27,75000.00,false,,paid
INV-2026-000814,ANANTAPUR REFRACTORIES LIMITED,2026-07-12,2026-08-11,200000.00,false,,paid
INV-2026-000815,DEHRADUN FABRICATORS AND COMPANY,2026-08-18,2026-09-17,40000.25,false,,paid
INV-2026-000816,AURANGABAD DIAGNOSTICS LIMITED,2026-06-28,2026-07-28,125000.00,false,,paid
INV-2026-000817,ANANTAPUR TEXTILES PVT LTD,2026-06-17,2026-07-17,150000.00,false,,paid
INV-2026-000818,KAKINADA DISTRIBUTORS PRIVATE LIMITED,2026-06-13,2026-07-13,25331.00,false,,paid
INV-2026-000819,JAMNAGAR FERTILISERS PRIVATE LIMITED,2026-06-30,2026-07-30,10224.00,false,,paid
INV-2026-000820,INDORE CONTAINERS PVT LTD,2026-07-10,2026-08-09,39966.00,false,,paid
INV-2026-000821,HOSUR FOODS PVT LTD,2026-06-16,2026-07-16,7000.00,false,,paid
INV-2026-000822,CHENNAI REFRACTORIES LIMITED,2026-08-06,2026-09-05,13811.00,false,,paid
INV-2026-000823,VARANASI CHEMICALS INDIA PRIVATE LIMITED,2026-06-13,2026-07-13,40000.00,false,,paid
INV-2026-000824,SALEM COLD STORAGE AND COMPANY,2026-06-14,2026-07-14,43929.00,false,,paid
INV-2026-000825,GWALIOR DIAGNOSTICS LIMITED,2026-08-18,2026-09-17,49645.25,false,,paid
INV-2026-000826,AURANGABAD PACKAGING LLP,2026-08-21,2026-09-20,79073.50,false,,paid
INV-2026-000827,BELGAUM HANDICRAFTS LLP,2026-07-19,2026-08-18,68568.50,false,,paid
INV-2026-000828,BHILAI AGRO EXPORTS PRIVATE LIMITED,2026-08-13,2026-09-12,28766.00,false,,paid
INV-2026-000829,MYSORE FABRICATORS AND COMPANY,2026-06-08,2026-07-08,200000.25,false,,paid
INV-2026-000830,INDORE CHEMICALS INDIA PRIVATE LIMITED,2026-07-24,2026-08-23,8000.99,false,,paid
INV-2026-000831,ANANTAPUR TRADERS INDIA PRIVATE LIMITED,2026-08-29,2026-09-28,175000.00,false,,paid
INV-2026-000832,MADURAI CABLES PRIVATE LIMITED,2026-07-10,2026-08-09,39066.50,false,,paid
INV-2026-000833,DEHRADUN PAPER MILLS PVT LTD,2026-08-20,2026-09-19,268000.00,false,,paid
INV-2026-000834,AMRAVATI CASTINGS LLP,2026-06-15,2026-07-15,6048.00,false,,paid
INV-2026-000835,AMRAVATI HANDICRAFTS LLP,2026-07-16,2026-08-15,117040.00,false,,paid
INV-2026-000836,BHILAI PAPER MILLS PVT LTD,2026-08-05,2026-09-04,25294.00,false,,paid
INV-2026-000837,AURANGABAD LOGISTICS PRIVATE LIMITED,2026-07-02,2026-08-01,40000.00,false,,paid
INV-2026-000838,AMRAVATI DISTRIBUTORS PRIVATE LIMITED,2026-08-16,2026-09-15,44660.99,false,,paid
INV-2026-000839,GODAVARI PAPER MILLS PVT LTD,2026-07-09,2026-08-08,40000.00,false,,paid
INV-2026-000840,HALDIA GARMENTS PRIVATE LIMITED,2026-06-21,2026-07-21,150000.25,false,,paid
INV-2026-000841,TIRUPUR HOSPITALITY PVT LTD,2026-08-26,2026-09-25,30000.99,false,,paid
INV-2026-000842,BELGAUM ELECTRICALS LLP,2026-06-23,2026-07-23,13000.00,false,,paid
INV-2026-000843,GANDHINAGAR TEXTILES PVT LTD,2026-07-02,2026-08-01,173093.00,false,,paid
INV-2026-000844,INDORE CASTINGS LLP,2026-08-13,2026-09-12,246361.50,false,,paid
INV-2026-000845,ANANTAPUR PRINTERS PVT LTD,2026-06-03,2026-07-03,29842.00,false,,paid
INV-2026-000846,KRISHNA MOTORS PRIVATE LIMITED,2026-08-29,2026-09-28,500000.00,false,,paid
INV-2026-000847,AMRAVATI GARMENTS PRIVATE LIMITED,2026-06-03,2026-07-03,12890.00,false,,paid
INV-2026-000848,JALANDHAR FORGINGS LIMITED,2026-06-14,2026-07-14,20976.00,false,,paid
INV-2026-000849,GUNTUR FOODS PVT LTD,2026-07-24,2026-08-23,4533.00,false,,paid
INV-2026-000850,CUTTACK ELECTRICALS LLP,2026-07-01,2026-07-31,45071.00,false,,paid
INV-2026-000851,MADURAI CERAMICS PVT LTD,2026-06-01,2026-07-01,33349.25,false,,paid
INV-2026-000852,LUDHIANA CONSTRUCTIONS PRIVATE LIMITED,2026-07-25,2026-08-24,3825.99,false,,paid
INV-2026-000853,NASHIK ENGINEERING PVT LTD,2026-07-27,2026-08-26,29418.00,false,,paid
INV-2026-000854,DEHRADUN CERAMICS PVT LTD,2026-06-20,2026-07-20,226000.00,false,,paid
INV-2026-000855,CALICUT REFRACTORIES LIMITED,2026-08-04,2026-09-03,28179.00,false,,paid
INV-2026-000856,AMRAVATI FOODS PVT LTD,2026-08-03,2026-09-02,60497.00,false,,paid
INV-2026-000857,TIRUPUR FABRICATORS AND COMPANY,2026-06-24,2026-07-24,50000.00,false,,paid
INV-2026-000858,AMRAVATI TRANSPORT AND COMPANY,2026-06-13,2026-07-13,298000.00,false,,paid
INV-2026-000859,DEHRADUN CONTAINERS PVT LTD,2026-08-15,2026-09-14,50963.50,false,,paid
INV-2026-000860,GWALIOR SPINNERS LLP,2026-08-02,2026-09-01,71478.50,false,,paid
INV-2026-000861,JAMNAGAR FERTILISERS PRIVATE LIMITED,2026-08-07,2026-09-06,75000.00,false,,paid
INV-2026-000862,ANANTAPUR DIAGNOSTICS LIMITED,2026-07-10,2026-08-09,156000.00,false,,paid
INV-2026-000863,AMRAVATI TRANSPORT AND COMPANY,2026-07-19,2026-08-18,10411.00,false,,paid
INV-2026-000864,HALDIA LOGISTICS PRIVATE LIMITED,2026-07-19,2026-08-18,25923.00,false,,paid
INV-2026-000865,DHANBAD ENTERPRISES INDIA PRIVATE LIMITED,2026-08-09,2026-09-08,11571.00,false,,paid
INV-2026-000866,ERNAKULAM CHEMICALS INDIA PRIVATE LIMITED,2026-08-02,2026-09-01,8920.00,false,,paid
INV-2026-000867,JODHPUR SPINNERS LLP,2026-07-30,2026-08-29,49048.00,false,,paid
INV-2026-000868,DEHRADUN HANDICRAFTS LLP,2026-06-29,2026-07-29,150000.00,false,,paid
INV-2026-000869,ERNAKULAM BEARINGS LIMITED,2026-07-11,2026-08-10,16029.75,false,,paid
INV-2026-000870,BHAVNAGAR FORGINGS LIMITED,2026-06-16,2026-07-16,48609.00,false,,paid
INV-2026-000871,CHENNAI CONTAINERS PVT LTD,2026-06-13,2026-07-13,3643.00,false,,paid
INV-2026-000872,MANGALORE BEARINGS LIMITED,2026-06-20,2026-07-20,5000.00,false,,paid
INV-2026-000873,NAGPUR CONTAINERS PVT LTD,2026-06-27,2026-07-27,30000.00,false,,paid
INV-2026-000874,AMRAVATI INFRAPROJECTS AND COMPANY,2026-07-24,2026-08-23,125000.25,false,,paid
INV-2026-000875,BHAVNAGAR AUTO COMPONENTS PVT LTD,2026-06-17,2026-07-17,14053.50,false,,paid
INV-2026-000876,GWALIOR DIAGNOSTICS LIMITED,2026-07-12,2026-08-11,74552.50,false,,paid
INV-2026-000877,CHANDRAPUR AGRO EXPORTS PRIVATE LIMITED,2026-07-28,2026-08-27,121841.99,false,,paid
INV-2026-000878,MANGALORE SPINNERS LLP,2026-06-04,2026-07-04,46272.00,false,,paid
INV-2026-000879,AMRAVATI PACKAGING LLP,2026-08-27,2026-09-26,19608.00,false,,paid
INV-2026-000880,AMRAVATI CHEMICALS INDIA PRIVATE LIMITED,2026-08-09,2026-09-08,50000.50,false,,paid
INV-2026-000881,GWALIOR CONTAINERS PVT LTD,2026-07-23,2026-08-22,15000.00,false,,paid
INV-2026-000882,AMRAVATI TRADERS INDIA PRIVATE LIMITED,2026-08-21,2026-09-20,60000.25,false,,paid
INV-2026-000883,AMRAVATI CONSTRUCTIONS PRIVATE LIMITED,2026-08-02,2026-09-01,71312.00,false,,paid
INV-2026-000884,BHILAI PACKAGING LLP,2026-08-02,2026-09-01,38874.00,false,,paid
INV-2026-000885,GWALIOR INDUSTRIES INDIA PRIVATE LIMITED,2026-08-22,2026-09-21,11121.75,false,,paid
INV-2026-000886,INDORE MOTORS PRIVATE LIMITED,2026-07-02,2026-08-01,67811.00,false,,paid
INV-2026-000887,AURANGABAD POLYMERS PRIVATE LIMITED,2026-07-11,2026-08-10,47000.00,false,,paid
INV-2026-000888,HOSUR HANDICRAFTS LLP,2026-08-29,2026-09-28,15346.00,false,,paid
INV-2026-000889,AURANGABAD TRANSPORT AND COMPANY,2026-06-20,2026-07-20,21000.00,false,,paid
INV-2026-000890,MADURAI CERAMICS PVT LTD,2026-08-06,2026-09-05,11582.00,false,,paid
INV-2026-000891,AURANGABAD TEXTILES PVT LTD,2026-06-13,2026-07-13,42157.00,false,,paid
INV-2026-000892,AMRAVATI BEARINGS LIMITED,2026-07-15,2026-08-14,2104.00,false,,paid
INV-2026-000893,COIMBATORE MEDIA PVT LTD,2026-06-19,2026-07-19,7988.99,false,,paid
INV-2026-000894,GODAVARI TRANSPORT AND COMPANY,2026-07-23,2026-08-22,205644.99,false,,paid
INV-2026-000895,AMRAVATI CABLES PRIVATE LIMITED,2026-08-11,2026-09-10,29395.25,false,,paid
INV-2026-000896,TRICHY AUTO COMPONENTS PVT LTD,2026-08-13,2026-09-12,25000.00,false,,paid
INV-2026-000897,CHANDRAPUR PAPER MILLS PVT LTD,2026-07-28,2026-08-27,35141.99,false,,paid
INV-2026-000898,HUBLI BEARINGS LIMITED,2026-07-12,2026-08-11,3492.00,false,,paid
INV-2026-000899,ERNAKULAM HANDICRAFTS LLP,2026-08-07,2026-09-06,148000.25,false,,paid
INV-2026-000900,SURAT MEDIA PVT LTD,2026-08-05,2026-09-04,200000.50,false,,paid
INV-2026-000901,RAJKOT BEARINGS LIMITED,2026-07-13,2026-08-12,50000.00,false,,paid
INV-2026-000902,AMRAVATI TEXTILES PVT LTD,2026-07-24,2026-08-23,29253.00,false,,paid
INV-2026-000903,AMRAVATI BEARINGS LIMITED,2026-07-07,2026-08-06,29041.99,false,,paid
INV-2026-000904,ANANTAPUR CONTAINERS PVT LTD,2026-07-26,2026-08-25,38252.50,false,,paid
INV-2026-000905,AMRAVATI AUTO COMPONENTS PVT LTD,2026-08-20,2026-09-19,23227.00,false,,paid
INV-2026-000906,GANDHINAGAR AUTO COMPONENTS PVT LTD,2026-06-19,2026-07-19,100000.00,false,,paid
INV-2026-000907,SALEM HANDICRAFTS LLP,2026-07-01,2026-07-31,9460.00,false,,paid
INV-2026-000908,VARANASI SOFTWARE SERVICES PRIVATE LIMITED,2026-06-06,2026-07-06,143156.50,false,,paid
INV-2026-000909,AMRAVATI TRADERS INDIA PRIVATE LIMITED,2026-08-24,2026-09-23,40000.00,false,,paid
INV-2026-000910,BHOPAL CERAMICS PVT LTD,2026-06-23,2026-07-23,71368.00,false,,paid
INV-2026-000911,COIMBATORE DIAGNOSTICS LIMITED,2026-06-03,2026-07-03,304317.00,false,,paid
INV-2026-000912,NASHIK SPINNERS LLP,2026-08-11,2026-09-10,66146.00,false,,paid
INV-2026-000913,AMRAVATI CERAMICS PVT LTD,2026-08-01,2026-08-31,150000.00,false,,paid
INV-2026-000914,RAIPUR CONTAINERS PVT LTD,2026-07-08,2026-08-07,40000.75,false,,paid
INV-2026-000915,NASHIK SOFTWARE SERVICES PRIVATE LIMITED,2026-08-23,2026-09-22,100000.25,false,,paid
INV-2026-000916,AMRAVATI AGRO EXPORTS PRIVATE LIMITED,2026-07-20,2026-08-19,54452.00,false,,paid
INV-2026-000917,ANANTAPUR PRINTERS PVT LTD,2026-07-11,2026-08-10,47681.00,false,,paid
INV-2026-000918,AMRAVATI GARMENTS PRIVATE LIMITED,2026-08-18,2026-09-17,19256.25,false,,paid
INV-2026-000919,KRISHNA CONSTRUCTIONS PRIVATE LIMITED,2026-08-26,2026-09-25,23442.00,false,,paid
INV-2026-000920,AMRAVATI HOSPITALITY PVT LTD,2026-07-07,2026-08-06,13860.00,false,,paid
INV-2026-000921,JALANDHAR POLYMERS PRIVATE LIMITED,2026-08-26,2026-09-25,69550.00,false,,paid
INV-2026-000922,ANANTAPUR CONTAINERS PVT LTD,2026-07-30,2026-08-29,125000.00,false,,paid
INV-2026-000923,BHAVNAGAR AUTO COMPONENTS PVT LTD,2026-06-24,2026-07-24,57086.00,false,,paid
INV-2026-000924,SILIGURI METALS LIMITED,2026-06-14,2026-07-14,10000.00,false,,paid
INV-2026-000925,AMRAVATI DIAGNOSTICS LIMITED,2026-07-18,2026-08-17,75000.00,false,,paid
INV-2026-000926,HOSUR FABRICATORS AND COMPANY,2026-06-30,2026-07-30,34713.00,false,,paid
INV-2026-000927,ERNAKULAM CABLES PRIVATE LIMITED,2026-06-25,2026-07-25,31863.00,false,,paid
INV-2026-000928,KRISHNA PRINTERS PVT LTD,2026-06-08,2026-07-08,25529.00,false,,paid
INV-2026-000929,AMRAVATI CABLES PRIVATE LIMITED,2026-08-11,2026-09-10,43210.00,false,,paid
INV-2026-000930,CUTTACK ENGINEERING PVT LTD,2026-08-10,2026-09-09,162000.99,false,,paid
INV-2026-000931,SALEM PRINTERS PVT LTD,2026-06-11,2026-07-11,185000.75,false,,paid
INV-2026-000932,ANANTAPUR CONTAINERS PVT LTD,2026-08-29,2026-09-28,5000.00,false,,paid
INV-2026-000933,GWALIOR ENGINEERING PVT LTD,2026-06-27,2026-07-27,99886.00,false,,paid
INV-2026-000934,CUTTACK HOSPITALITY PVT LTD,2026-07-13,2026-08-12,60008.00,false,,paid
INV-2026-000935,AMRAVATI SOFTWARE SERVICES PRIVATE LIMITED,2026-08-15,2026-09-14,48970.00,false,,paid
INV-2026-000936,HUBLI TRANSPORT AND COMPANY,2026-08-11,2026-09-10,34026.99,false,,paid
INV-2026-000937,AMRAVATI CERAMICS PVT LTD,2026-06-10,2026-07-10,98000.75,false,,paid
INV-2026-000938,AMRAVATI AGRO EXPORTS PRIVATE LIMITED,2026-08-14,2026-09-13,50000.00,false,,paid
INV-2026-000939,BHILAI FORGINGS LIMITED,2026-07-06,2026-08-05,94815.00,false,,paid
INV-2026-000940,AMRAVATI CASTINGS LLP,2026-07-18,2026-08-17,242000.00,false,,paid
INV-2026-000941,GWALIOR PHARMACEUTICALS INDIA PRIVATE LIMITED,2026-06-18,2026-07-18,42288.00,false,,paid
INV-2026-000942,AMRAVATI ENTERPRISES INDIA PRIVATE LIMITED,2026-07-24,2026-08-23,17118.00,false,,paid
INV-2026-000943,DEHRADUN MEDIA PVT LTD,2026-08-22,2026-09-21,81293.00,false,,paid
INV-2026-000944,SOLAPUR CHEMICALS INDIA PRIVATE LIMITED,2026-06-16,2026-07-16,5000.00,false,,paid
INV-2026-000945,CHANDRAPUR FORGINGS LIMITED,2026-07-03,2026-08-02,100000.00,false,,paid
INV-2026-000946,INDORE ELECTRICALS LLP,2026-08-17,2026-09-16,21910.50,false,,paid
INV-2026-000947,BHAVNAGAR MOTORS PRIVATE LIMITED,2026-08-29,2026-09-28,82716.00,false,,paid
INV-2026-000948,AMRAVATI AGRO EXPORTS PRIVATE LIMITED,2026-06-30,2026-07-30,100000.99,false,,paid
INV-2026-000949,BHILAI METALS LIMITED,2026-07-25,2026-08-24,200000.00,false,,paid
INV-2026-000950,VARANASI INDUSTRIES INDIA PRIVATE LIMITED,2026-08-24,2026-09-23,135000.00,false,,paid
INV-2026-000951,NAGPUR ENTERPRISES INDIA PRIVATE LIMITED,2026-06-25,2026-07-25,50000.50,false,,paid
INV-2026-000952,AMRAVATI INDUSTRIES INDIA PRIVATE LIMITED,2026-07-23,2026-08-22,12297.75,false,,paid
INV-2026-000953,AMRAVATI GARMENTS PRIVATE LIMITED,2026-06-04,2026-07-04,41761.00,false,,paid
INV-2026-000954,JALANDHAR TRADERS INDIA PRIVATE LIMITED,2026-08-16,2026-09-15,12050.00,false,,paid
INV-2026-000955,ANANTAPUR CONTAINERS PVT LTD,2026-07-10,2026-08-09,36488.00,false,,paid
INV-2026-000956,AURANGABAD SPINNERS LLP,2026-08-21,2026-09-20,54494.75,false,,paid
INV-2026-000957,SURAT SPINNERS LLP,2026-07-03,2026-08-02,39708.00,false,,paid
INV-2026-000958,BELGAUM SPINNERS LLP,2026-08-10,2026-09-09,140390.00,false,,paid
INV-2026-000959,JALANDHAR GARMENTS PRIVATE LIMITED,2026-08-14,2026-09-13,37405.00,false,,paid
INV-2026-000960,NARMADA INDUSTRIES INDIA PRIVATE LIMITED,2026-07-26,2026-08-25,175657.00,false,,paid
INV-2026-000961,AMRAVATI TRADERS INDIA PRIVATE LIMITED,2026-06-03,2026-07-03,85535.00,false,,paid
INV-2026-000962,ANANTAPUR TRADERS INDIA PRIVATE LIMITED,2026-08-27,2026-09-26,23085.25,false,,paid
INV-2026-000963,BELGAUM INFRAPROJECTS AND COMPANY,2026-06-22,2026-07-22,134000.00,false,,paid
INV-2026-000964,AMRAVATI FOODS PVT LTD,2026-06-24,2026-07-24,200000.00,false,,paid
INV-2026-000965,AMRAVATI BEARINGS LIMITED,2026-07-30,2026-08-29,30000.00,false,,paid
INV-2026-000966,AMRAVATI INDUSTRIES INDIA PRIVATE LIMITED,2026-07-18,2026-08-17,33885.00,false,,paid
INV-2026-000967,GWALIOR SOFTWARE SERVICES PRIVATE LIMITED,2026-08-22,2026-09-21,12614.00,false,,paid
INV-2026-000968,NASHIK REFRACTORIES LIMITED,2026-06-03,2026-07-03,164739.00,false,,paid
INV-2026-000969,CHANDRAPUR DIAGNOSTICS LIMITED,2026-07-24,2026-08-23,85832.00,false,,paid
INV-2026-000970,BELGAUM CHEMICALS INDIA PRIVATE LIMITED,2026-06-13,2026-07-13,260000.00,false,,paid
INV-2026-000971,NAGPUR MOTORS PRIVATE LIMITED,2026-08-10,2026-09-09,8496.00,false,,paid
INV-2026-000972,AMRAVATI AGRO EXPORTS PRIVATE LIMITED,2026-08-12,2026-09-11,69000.00,false,,paid
INV-2026-000973,ANANTAPUR CASTINGS LLP,2026-08-25,2026-09-24,12958.00,false,,paid
INV-2026-000974,CHENNAI PHARMACEUTICALS INDIA PRIVATE LIMITED,2026-06-03,2026-07-03,126000.00,false,,paid
INV-2026-000975,RAJKOT DIAGNOSTICS LIMITED,2026-08-12,2026-09-11,11547.00,false,,paid
INV-2026-000976,AURANGABAD MEDIA PVT LTD,2026-06-28,2026-07-28,34984.00,false,,paid
INV-2026-000977,CHANDRAPUR HANDICRAFTS LLP,2026-07-31,2026-08-30,25000.25,false,,paid
INV-2026-000978,ERNAKULAM PLASTICS AND COMPANY,2026-08-02,2026-09-01,82397.00,false,,paid
INV-2026-000979,HOSUR CERAMICS PVT LTD,2026-07-22,2026-08-21,7323.00,false,,paid
INV-2026-000980,AURANGABAD CASTINGS LLP,2026-08-01,2026-08-31,164000.00,false,,paid
INV-2026-000981,GUNTUR INFRAPROJECTS AND COMPANY,2026-07-12,2026-08-11,22286.00,false,,paid
INV-2026-000982,ANANTAPUR FERTILISERS PRIVATE LIMITED,2026-06-05,2026-07-05,42607.99,false,,paid
INV-2026-000983,AMRAVATI AGRO EXPORTS PRIVATE LIMITED,2026-06-09,2026-07-09,209000.00,false,,paid
INV-2026-000984,NASHIK SOFTWARE SERVICES PRIVATE LIMITED,2026-06-30,2026-07-30,136000.00,false,,paid
INV-2026-000985,CUTTACK PHARMACEUTICALS INDIA PRIVATE LIMITED,2026-06-02,2026-07-02,280000.00,false,,paid
INV-2026-000986,JAMNAGAR LOGISTICS PRIVATE LIMITED,2026-08-21,2026-09-20,278000.00,false,,paid
INV-2026-000987,CHENNAI ELECTRICALS LLP,2026-06-12,2026-07-12,41326.00,false,,paid
INV-2026-000988,AMRAVATI PRINTERS PVT LTD,2026-07-20,2026-08-19,20626.00,false,,paid
INV-2026-000989,BHOPAL SPINNERS LLP,2026-08-25,2026-09-24,125000.00,false,,paid
INV-2026-000990,AURANGABAD PACKAGING LLP,2026-07-09,2026-08-08,92719.00,false,,paid
INV-2026-000991,TRICHY MOTORS PRIVATE LIMITED,2026-07-17,2026-08-16,48000.25,false,,paid
INV-2026-000992,SALEM DISTRIBUTORS PRIVATE LIMITED,2026-06-13,2026-07-13,85874.00,false,,paid
INV-2026-000993,AMRAVATI AGRO EXPORTS PRIVATE LIMITED,2026-08-11,2026-09-10,99076.00,false,,paid
INV-2026-000994,UDAIPUR PACKAGING LLP,2026-06-25,2026-07-25,60000.00,false,,paid
INV-2026-000995,HUBLI AGRO EXPORTS PRIVATE LIMITED,2026-06-15,2026-07-15,255000.00,false,,paid
INV-2026-000996,SURAT PHARMACEUTICALS INDIA PRIVATE LIMITED,2026-08-23,2026-09-22,58000.00,false,,paid
INV-2026-000997,BHOPAL HOSPITALITY PVT LTD,2026-07-16,2026-08-15,25000.00,false,,paid
INV-2026-000998,BHILAI GARMENTS PRIVATE LIMITED,2026-06-02,2026-07-02,22448.00,false,,paid
INV-2026-000999,AMRAVATI AGRO EXPORTS PRIVATE LIMITED,2026-08-10,2026-09-09,249000.00,false,,paid
INV-2026-001000,KOLHAPUR GARMENTS PRIVATE LIMITED,2026-08-07,2026-09-06,13564.00,false,,paid
INV-2026-001001,HOSUR CONSTRUCTIONS PRIVATE LIMITED,2026-08-25,2026-09-24,103000.00,false,,paid
INV-2026-001002,ANANTAPUR DISTRIBUTORS PRIVATE LIMITED,2026-06-14,2026-07-14,6680.25,false,,paid
INV-2026-001003,RAIPUR TRANSPORT AND COMPANY,2026-08-20,2026-09-19,32710.00,false,,paid
INV-2026-001004,JALANDHAR MEDIA PVT LTD,2026-08-25,2026-09-24,28593.25,false,,paid
INV-2026-001005,AMRAVATI CONTAINERS PVT LTD,2026-08-27,2026-09-26,8904.75,false,,paid
INV-2026-001006,ANANTAPUR DIAGNOSTICS LIMITED,2026-08-26,2026-09-25,6035.00,false,,paid
INV-2026-001007,AMRAVATI REFRACTORIES LIMITED,2026-06-12,2026-07-12,275000.00,false,,paid
INV-2026-001008,MEERUT CASTINGS LLP,2026-08-07,2026-09-06,3218.00,false,,paid
INV-2026-001009,GANDHINAGAR FOODS PVT LTD,2026-07-29,2026-08-28,15000.75,false,,paid
INV-2026-001010,CHANDRAPUR AGRO EXPORTS PRIVATE LIMITED,2026-06-08,2026-07-08,94935.00,false,,paid
INV-2026-001011,CHANDRAPUR FORGINGS LIMITED,2026-07-11,2026-08-10,95881.25,false,,paid
INV-2026-001012,BHILAI CONTAINERS PVT LTD,2026-06-30,2026-07-30,94437.00,false,,paid
INV-2026-001013,CALICUT COLD STORAGE AND COMPANY,2026-06-17,2026-07-17,9000.50,false,,paid
INV-2026-001014,CHENNAI HOSPITALITY PVT LTD,2026-06-09,2026-07-09,97000.00,false,,paid
INV-2026-001015,INDORE CHEMICALS INDIA PRIVATE LIMITED,2026-06-11,2026-07-11,96889.75,false,,paid
INV-2026-001016,HALDIA DISTRIBUTORS PRIVATE LIMITED,2026-07-31,2026-08-30,12000.00,false,,paid
INV-2026-001017,ERNAKULAM HOSPITALITY PVT LTD,2026-08-21,2026-09-20,19936.00,false,,paid
INV-2026-001018,AMRAVATI CERAMICS PVT LTD,2026-08-17,2026-09-16,26535.25,false,,paid
INV-2026-001019,CALICUT CONTAINERS PVT LTD,2026-06-02,2026-07-02,8677.25,false,,paid
INV-2026-001020,INDORE PACKAGING LLP,2026-08-19,2026-09-18,92518.25,false,,paid
INV-2026-001021,DHANBAD CHEMICALS INDIA PRIVATE LIMITED,2026-08-17,2026-09-16,64430.50,false,,paid
INV-2026-001022,ANANTAPUR FABRICATORS AND COMPANY,2026-06-15,2026-07-15,125007.25,false,,paid
INV-2026-001023,SALEM REFRACTORIES LIMITED,2026-07-14,2026-08-13,30000.75,false,,paid
INV-2026-001024,AURANGABAD HOSPITALITY PVT LTD,2026-07-09,2026-08-08,66866.75,false,,paid
INV-2026-001025,CHENNAI CHEMICALS INDIA PRIVATE LIMITED,2026-08-13,2026-09-12,89761.00,false,,paid
INV-2026-001026,AMRAVATI CASTINGS LLP,2026-08-21,2026-09-20,50583.00,false,,paid
INV-2026-001027,BHILAI COLD STORAGE AND COMPANY,2026-08-11,2026-09-10,23965.00,false,,paid
INV-2026-001028,GWALIOR FABRICATORS AND COMPANY,2026-08-24,2026-09-23,34779.50,false,,paid
INV-2026-001029,DHANBAD FABRICATORS AND COMPANY,2026-07-05,2026-08-04,76000.00,false,,paid
INV-2026-001030,AURANGABAD PHARMACEUTICALS INDIA PRIVATE LIMITED,2026-06-25,2026-07-25,62000.00,false,,paid
INV-2026-001031,MANGALORE HANDICRAFTS LLP,2026-06-08,2026-07-08,96882.00,false,,paid
INV-2026-001032,GANDHINAGAR PAPER MILLS PVT LTD,2026-07-23,2026-08-22,100000.00,false,,paid
INV-2026-001033,AMRAVATI HOSPITALITY PVT LTD,2026-07-23,2026-08-22,76779.00,false,,paid
INV-2026-001034,JAMNAGAR TEXTILES PVT LTD,2026-06-09,2026-07-09,204000.75,false,,paid
INV-2026-001035,GWALIOR TEXTILES PVT LTD,2026-06-15,2026-07-15,30000.00,false,,paid
INV-2026-001036,DHANBAD HANDICRAFTS LLP,2026-07-21,2026-08-20,5750.00,false,,paid
INV-2026-001037,GWALIOR COLD STORAGE AND COMPANY,2026-06-21,2026-07-21,30000.00,false,,paid
INV-2026-001038,MEERUT TRADERS INDIA PRIVATE LIMITED,2026-06-15,2026-07-15,277000.00,false,,paid
INV-2026-001039,ANANTAPUR ENTERPRISES INDIA PRIVATE LIMITED,2026-06-01,2026-07-01,51436.75,false,,paid
INV-2026-001040,INDORE TRADERS INDIA PRIVATE LIMITED,2026-07-12,2026-08-11,46532.50,false,,paid
INV-2026-001041,GUNTUR PRINTERS PVT LTD,2026-08-04,2026-09-03,27101.00,false,,paid
INV-2026-001042,HOSUR CHEMICALS INDIA PRIVATE LIMITED,2026-07-28,2026-08-27,62938.99,false,,paid
INV-2026-001043,CHENNAI CABLES PRIVATE LIMITED,2026-08-13,2026-09-12,91491.00,false,,paid
INV-2026-001044,JALANDHAR POLYMERS PRIVATE LIMITED,2026-06-05,2026-07-05,21764.00,false,,paid
INV-2026-001045,AURANGABAD ENGINEERING PVT LTD,2026-08-13,2026-09-12,64338.00,false,,paid
INV-2026-001046,INDORE COLD STORAGE AND COMPANY,2026-08-13,2026-09-12,206057.00,false,,paid
INV-2026-001047,ERNAKULAM HANDICRAFTS LLP,2026-06-01,2026-07-01,27584.00,false,,paid
INV-2026-001048,AMRAVATI CASTINGS LLP,2026-07-12,2026-08-11,202000.00,false,,paid
INV-2026-001049,SURAT CERAMICS PVT LTD,2026-08-22,2026-09-21,77000.00,false,,paid
INV-2026-001050,AMRAVATI AGRO EXPORTS PRIVATE LIMITED,2026-07-22,2026-08-21,121000.75,false,,paid
INV-2026-001051,CHENNAI DISTRIBUTORS PRIVATE LIMITED,2026-08-15,2026-09-14,29961.00,false,,paid
INV-2026-001052,AMRAVATI GARMENTS PRIVATE LIMITED,2026-06-30,2026-07-30,118000.00,false,,paid
INV-2026-001053,HALDIA CONSTRUCTIONS PRIVATE LIMITED,2026-07-20,2026-08-19,146000.99,false,,paid
INV-2026-001054,BHAVNAGAR BEARINGS LIMITED,2026-06-27,2026-07-27,49212.00,false,,paid
INV-2026-001055,CHENNAI PAPER MILLS PVT LTD,2026-07-15,2026-08-14,47005.00,false,,paid
INV-2026-001056,CHANDRAPUR CERAMICS PVT LTD,2026-06-19,2026-07-19,293000.75,false,,paid
INV-2026-001057,AMRAVATI SOFTWARE SERVICES PRIVATE LIMITED,2026-06-24,2026-07-24,69345.00,false,,paid
INV-2026-001058,ANANTAPUR ENTERPRISES INDIA PRIVATE LIMITED,2026-08-29,2026-09-28,80223.00,false,,paid
INV-2026-001059,DEHRADUN ELECTRICALS LLP,2026-08-03,2026-09-02,130000.00,false,,paid
INV-2026-001060,GWALIOR CERAMICS PVT LTD,2026-06-28,2026-07-28,63509.00,false,,paid
INV-2026-001061,CUTTACK CASTINGS LLP,2026-08-10,2026-09-09,10000.00,false,,paid
INV-2026-001062,ANANTAPUR ENTERPRISES INDIA PRIVATE LIMITED,2026-06-15,2026-07-15,3992.75,false,,paid
INV-2026-001063,AURANGABAD HANDICRAFTS LLP,2026-08-18,2026-09-17,29984.00,false,,paid
INV-2026-001064,BHILAI FABRICATORS AND COMPANY,2026-06-15,2026-07-15,156596.25,false,,paid
INV-2026-001065,RAJKOT COLD STORAGE AND COMPANY,2026-07-19,2026-08-18,19952.00,false,,paid
INV-2026-001066,GANDHINAGAR FORGINGS LIMITED,2026-06-18,2026-07-18,100000.75,false,,paid
INV-2026-001067,JODHPUR PLASTICS AND COMPANY,2026-07-29,2026-08-28,36603.00,false,,paid
INV-2026-001068,AMRAVATI AGRO EXPORTS PRIVATE LIMITED,2026-06-21,2026-07-21,23086.00,false,,paid
INV-2026-001069,GUNTUR AUTO COMPONENTS PVT LTD,2026-06-29,2026-07-29,29532.25,false,,paid
INV-2026-001070,AURANGABAD CHEMICALS INDIA PRIVATE LIMITED,2026-07-03,2026-08-02,32767.50,false,,paid
INV-2026-001071,AURANGABAD AGRO EXPORTS PRIVATE LIMITED,2026-06-02,2026-07-02,10777.00,false,,paid
INV-2026-001072,ANANTAPUR HANDICRAFTS LLP,2026-07-07,2026-08-06,159690.00,false,,paid
INV-2026-001073,HOSUR PAPER MILLS PVT LTD,2026-07-13,2026-08-12,46634.00,false,,paid
INV-2026-001074,AMRAVATI AGRO EXPORTS PRIVATE LIMITED,2026-07-13,2026-08-12,9287.00,false,,paid
INV-2026-001075,ANANTAPUR INDUSTRIES INDIA PRIVATE LIMITED,2026-08-18,2026-09-17,55616.00,false,,paid
INV-2026-001076,BHAVNAGAR HANDICRAFTS LLP,2026-06-13,2026-07-13,8145.00,false,,paid
INV-2026-001077,DEHRADUN TRADERS INDIA PRIVATE LIMITED,2026-07-04,2026-08-03,29963.00,false,,paid
INV-2026-001078,KANPUR SPINNERS LLP,2026-07-01,2026-07-31,259476.25,false,,paid
INV-2026-001079,JALANDHAR TRANSPORT AND COMPANY,2026-06-30,2026-07-30,23673.00,false,,paid
INV-2026-001080,MADURAI HOSPITALITY PVT LTD,2026-08-22,2026-09-21,4807.00,false,,paid
INV-2026-001081,RAJKOT PAPER MILLS PVT LTD,2026-06-30,2026-07-30,29511.00,false,,paid
INV-2026-001082,INDORE CONSTRUCTIONS PRIVATE LIMITED,2026-08-24,2026-09-23,236000.00,false,,paid
INV-2026-001083,AURANGABAD PAPER MILLS PVT LTD,2026-07-14,2026-08-13,5000.00,false,,paid
INV-2026-001084,HOSUR DIAGNOSTICS LIMITED,2026-07-04,2026-08-03,22000.50,false,,paid
INV-2026-001085,HUBLI INFRAPROJECTS AND COMPANY,2026-07-23,2026-08-22,40000.00,false,,paid
INV-2026-001086,AURANGABAD PRINTERS PVT LTD,2026-07-06,2026-08-05,40000.00,false,,paid
INV-2026-001087,LUDHIANA MOTORS PRIVATE LIMITED,2026-07-05,2026-08-04,60000.00,false,,paid
INV-2026-001088,RAJKOT PAPER MILLS PVT LTD,2026-07-14,2026-08-13,114719.00,false,,paid
INV-2026-001089,AMRAVATI CABLES PRIVATE LIMITED,2026-08-11,2026-09-10,112153.00,false,,paid
INV-2026-001090,AURANGABAD FOODS PVT LTD,2026-08-27,2026-09-26,174955.99,false,,paid
INV-2026-001091,COIMBATORE INFRAPROJECTS AND COMPANY,2026-07-11,2026-08-10,250000.75,false,,paid
INV-2026-001092,BHAVNAGAR TEXTILES PVT LTD,2026-06-07,2026-07-07,178000.00,false,,paid
INV-2026-001093,AMRAVATI AGRO EXPORTS PRIVATE LIMITED,2026-06-13,2026-07-13,60000.00,false,,paid
INV-2026-001094,AMRAVATI DISTRIBUTORS PRIVATE LIMITED,2026-06-02,2026-07-02,6480.99,false,,paid
INV-2026-001095,BELGAUM FERTILISERS PRIVATE LIMITED,2026-07-30,2026-08-29,29297.25,false,,paid
INV-2026-001096,AURANGABAD INFRAPROJECTS AND COMPANY,2026-06-19,2026-07-19,240000.00,false,,paid
INV-2026-001097,GODAVARI PACKAGING LLP,2026-08-11,2026-09-10,85915.00,false,,paid
INV-2026-001098,BHAVNAGAR MEDIA PVT LTD,2026-06-19,2026-07-19,29776.00,false,,paid
INV-2026-001099,MADURAI INFRAPROJECTS AND COMPANY,2026-07-03,2026-08-02,89000.00,false,,paid
INV-2026-001100,AMRAVATI COLD STORAGE AND COMPANY,2026-07-01,2026-07-31,74809.75,false,,paid
INV-2026-001101,AMRAVATI AUTO COMPONENTS PVT LTD,2026-08-01,2026-08-31,8059.00,false,,paid
INV-2026-001102,DEHRADUN CHEMICALS INDIA PRIVATE LIMITED,2026-06-04,2026-07-04,20000.99,false,,paid
INV-2026-001103,AMRAVATI MEDIA PVT LTD,2026-07-20,2026-08-19,15000.00,false,,paid
INV-2026-001104,AMRAVATI AUTO COMPONENTS PVT LTD,2026-07-02,2026-08-01,29161.00,false,,paid
INV-2026-001105,LUDHIANA SOFTWARE SERVICES PRIVATE LIMITED,2026-08-15,2026-09-14,8720.75,false,,paid
INV-2026-001106,HUBLI CHEMICALS INDIA PRIVATE LIMITED,2026-07-28,2026-08-27,52582.25,false,,paid
INV-2026-001107,COIMBATORE FOODS PVT LTD,2026-06-02,2026-07-02,57078.00,false,,paid
INV-2026-001108,BHOPAL TRADERS INDIA PRIVATE LIMITED,2026-06-12,2026-07-12,122000.00,false,,paid
INV-2026-001109,BHAVNAGAR CASTINGS LLP,2026-07-13,2026-08-12,15000.75,false,,paid
INV-2026-001110,CUTTACK DISTRIBUTORS PRIVATE LIMITED,2026-07-05,2026-08-04,207000.99,false,,paid
INV-2026-001111,CHANDRAPUR CONTAINERS PVT LTD,2026-08-13,2026-09-12,44027.00,false,,paid
INV-2026-001112,AMRAVATI LOGISTICS PRIVATE LIMITED,2026-08-11,2026-09-10,99363.50,false,,paid
INV-2026-001113,AMRAVATI AGRO EXPORTS PRIVATE LIMITED,2026-06-12,2026-07-12,125000.25,false,,paid
INV-2026-001114,KRISHNA HANDICRAFTS LLP,2026-06-10,2026-07-10,10000.00,false,,paid
INV-2026-001115,DHANBAD HOSPITALITY PVT LTD,2026-07-03,2026-08-02,20311.00,false,,paid
INV-2026-001116,AMRAVATI AGRO EXPORTS PRIVATE LIMITED,2026-08-11,2026-09-10,79000.00,false,,paid
INV-2026-001117,TRICHY FERTILISERS PRIVATE LIMITED,2026-06-29,2026-07-29,15334.00,false,,paid
INV-2026-001118,BELGAUM SOFTWARE SERVICES PRIVATE LIMITED,2026-06-27,2026-07-27,12121.00,false,,paid
INV-2026-001119,SOLAPUR CASTINGS LLP,2026-08-16,2026-09-15,8936.00,false,,paid
INV-2026-001120,HOSUR FABRICATORS AND COMPANY,2026-08-25,2026-09-24,30000.25,false,,paid
INV-2026-001121,PANIPAT CASTINGS LLP,2026-08-19,2026-09-18,133000.00,false,,paid
INV-2026-001122,PANIPAT REFRACTORIES LIMITED,2026-08-26,2026-09-25,60681.75,false,,paid
INV-2026-001123,AURANGABAD FORGINGS LIMITED,2026-08-18,2026-09-17,49442.00,false,,paid
INV-2026-001124,DEHRADUN CONTAINERS PVT LTD,2026-08-10,2026-09-09,14933.00,false,,paid
INV-2026-001125,GUNTUR PRINTERS PVT LTD,2026-06-29,2026-07-29,7750.75,false,,paid
INV-2026-001126,NASHIK DISTRIBUTORS PRIVATE LIMITED,2026-07-03,2026-08-02,20000.00,false,,paid
INV-2026-001127,JAMNAGAR HOSPITALITY PVT LTD,2026-06-20,2026-07-20,21044.00,false,,paid
INV-2026-001128,JODHPUR CASTINGS LLP,2026-07-01,2026-07-31,203000.00,false,,paid
INV-2026-001129,AMRAVATI CASTINGS LLP,2026-08-10,2026-09-09,83000.00,false,,paid
INV-2026-001130,JODHPUR DIAGNOSTICS LIMITED,2026-06-11,2026-07-11,9143.00,false,,paid
INV-2026-001131,MEERUT CASTINGS LLP,2026-06-20,2026-07-20,150000.00,false,,paid
INV-2026-001132,AMRAVATI AUTO COMPONENTS PVT LTD,2026-06-30,2026-07-30,11992.00,false,,paid
INV-2026-001133,GWALIOR INFRAPROJECTS AND COMPANY,2026-06-07,2026-07-07,58300.00,false,,paid
INV-2026-001134,BHILAI MEDIA PVT LTD,2026-06-08,2026-07-08,10754.00,false,,paid
INV-2026-001135,AMRAVATI CASTINGS LLP,2026-07-09,2026-08-08,64180.00,false,,paid
INV-2026-001136,KANPUR PHARMACEUTICALS INDIA PRIVATE LIMITED,2026-06-02,2026-07-02,20000.00,false,,paid
INV-2026-001137,KANPUR TRANSPORT AND COMPANY,2026-07-07,2026-08-06,31000.00,false,,paid
INV-2026-001138,BHAVNAGAR ENTERPRISES INDIA PRIVATE LIMITED,2026-06-16,2026-07-16,92516.00,false,,paid
INV-2026-001139,COIMBATORE FERTILISERS PRIVATE LIMITED,2026-08-19,2026-09-18,38786.00,false,,paid
INV-2026-001140,INDORE AGRO EXPORTS PRIVATE LIMITED,2026-08-25,2026-09-24,6494.75,false,,paid
INV-2026-001141,JODHPUR PAPER MILLS PVT LTD,2026-07-29,2026-08-28,21805.00,false,,paid
INV-2026-001142,SURAT FERTILISERS PRIVATE LIMITED,2026-06-11,2026-07-11,40000.50,false,,paid
INV-2026-001143,AMRAVATI PACKAGING LLP,2026-07-01,2026-07-31,6009.50,false,,paid
INV-2026-001144,NAGPUR TRADERS INDIA PRIVATE LIMITED,2026-07-23,2026-08-22,10000.00,false,,paid
INV-2026-001145,AMRAVATI GARMENTS PRIVATE LIMITED,2026-07-26,2026-08-25,144000.50,false,,paid
INV-2026-001146,BHILAI FERTILISERS PRIVATE LIMITED,2026-07-27,2026-08-26,76000.00,false,,paid
INV-2026-001147,KOLHAPUR REFRACTORIES LIMITED,2026-08-23,2026-09-22,302088.00,false,,paid
INV-2026-001148,ANANTAPUR CONSTRUCTIONS PRIVATE LIMITED,2026-07-21,2026-08-20,35829.00,false,,paid
INV-2026-001149,DHANBAD TRANSPORT AND COMPANY,2026-06-17,2026-07-17,500000.75,false,,paid
INV-2026-001150,HALDIA REFRACTORIES LIMITED,2026-06-17,2026-07-17,37372.00,false,,paid
INV-2026-001151,JAMNAGAR INDUSTRIES INDIA PRIVATE LIMITED,2026-06-02,2026-07-02,40078.00,false,,paid
INV-2026-001152,AMRAVATI SOFTWARE SERVICES PRIVATE LIMITED,2026-08-28,2026-09-27,94000.50,false,,paid
INV-2026-001153,ANANTAPUR AGRO EXPORTS PRIVATE LIMITED,2026-07-02,2026-08-01,33639.99,false,,paid
INV-2026-001154,AMRAVATI FERTILISERS PRIVATE LIMITED,2026-08-24,2026-09-23,47743.00,false,,paid
INV-2026-001155,SALEM FORGINGS LIMITED,2026-06-10,2026-07-10,8644.25,false,,paid
INV-2026-001156,CALICUT REFRACTORIES LIMITED,2026-06-22,2026-07-22,25000.00,false,,paid
INV-2026-001157,CALICUT DISTRIBUTORS PRIVATE LIMITED,2026-06-28,2026-07-28,118833.99,false,,paid
INV-2026-001158,SALEM FABRICATORS AND COMPANY,2026-07-10,2026-08-09,68829.00,false,,paid
INV-2026-001159,BELGAUM METALS LIMITED,2026-07-19,2026-08-18,125000.00,false,,paid
INV-2026-001160,BHILAI CABLES PRIVATE LIMITED,2026-07-24,2026-08-23,85069.25,false,,paid
INV-2026-001161,DHANBAD ELECTRICALS LLP,2026-07-30,2026-08-29,7211.00,false,,paid
INV-2026-001162,BHILAI GARMENTS PRIVATE LIMITED,2026-06-11,2026-07-11,75000.00,false,,paid
INV-2026-001163,KAKINADA SOFTWARE SERVICES PRIVATE LIMITED,2026-08-17,2026-09-16,63000.00,false,,paid
INV-2026-001164,AMRAVATI LOGISTICS PRIVATE LIMITED,2026-06-17,2026-07-17,169000.00,false,,paid
INV-2026-001165,BELGAUM INDUSTRIES INDIA PRIVATE LIMITED,2026-07-31,2026-08-30,212000.00,false,,paid
INV-2026-001166,JODHPUR PHARMACEUTICALS INDIA PRIVATE LIMITED,2026-07-21,2026-08-20,250000.00,false,,paid
INV-2026-001167,ANANTAPUR PACKAGING LLP,2026-06-10,2026-07-10,199000.00,false,,paid
INV-2026-001168,AURANGABAD GARMENTS PRIVATE LIMITED,2026-08-09,2026-09-08,15624.99,false,,paid
INV-2026-001169,AMRAVATI TRANSPORT AND COMPANY,2026-07-17,2026-08-16,80000.00,false,,paid
INV-2026-001170,AMRAVATI ENGINEERING PVT LTD,2026-06-14,2026-07-14,150000.00,false,,paid
INV-2026-001171,JALANDHAR FOODS PVT LTD,2026-08-22,2026-09-21,30000.00,false,,paid
INV-2026-001172,AMRAVATI DISTRIBUTORS PRIVATE LIMITED,2026-06-12,2026-07-12,35000.25,false,,paid
INV-2026-001173,BHAVNAGAR MEDIA PVT LTD,2026-08-26,2026-09-25,115471.00,false,,paid
INV-2026-001174,SILIGURI METALS LIMITED,2026-06-24,2026-07-24,12491.25,false,,paid
INV-2026-001175,DHANBAD PRINTERS PVT LTD,2026-06-23,2026-07-23,129000.00,false,,paid
INV-2026-001176,MEERUT AGRO EXPORTS PRIVATE LIMITED,2026-07-19,2026-08-18,20000.00,false,,paid
INV-2026-001177,DHANBAD SOFTWARE SERVICES PRIVATE LIMITED,2026-07-18,2026-08-17,1550.25,false,,paid
INV-2026-001178,BHILAI HANDICRAFTS LLP,2026-07-11,2026-08-10,232000.99,false,,paid
INV-2026-001179,AMRAVATI BEARINGS LIMITED,2026-06-20,2026-07-20,34103.00,false,,paid
INV-2026-001180,GODAVARI PLASTICS AND COMPANY,2026-08-23,2026-09-22,62062.00,false,,paid
INV-2026-001181,NARMADA PAPER MILLS PVT LTD,2026-07-04,2026-08-03,20000.00,false,,paid
INV-2026-001182,BELGAUM BEARINGS LIMITED,2026-07-10,2026-08-09,10112.99,false,,paid
INV-2026-001183,AMRAVATI HOSPITALITY PVT LTD,2026-07-07,2026-08-06,112000.25,false,,paid
INV-2026-001184,ANANTAPUR CERAMICS PVT LTD,2026-06-08,2026-07-08,29435.25,false,,paid
INV-2026-001185,CUTTACK CONSTRUCTIONS PRIVATE LIMITED,2026-06-21,2026-07-21,125000.00,false,,paid
INV-2026-001186,GWALIOR INFRAPROJECTS AND COMPANY,2026-06-11,2026-07-11,68798.00,false,,paid
INV-2026-001187,AMRAVATI SPINNERS LLP,2026-08-09,2026-09-08,79000.00,false,,paid
INV-2026-001188,BHILAI POLYMERS PRIVATE LIMITED,2026-08-08,2026-09-07,9063.00,false,,paid
INV-2026-001189,DEHRADUN PLASTICS AND COMPANY,2026-08-03,2026-09-02,17714.00,false,,paid
INV-2026-001190,BELGAUM FORGINGS LIMITED,2026-08-20,2026-09-19,140000.00,false,,paid
INV-2026-001191,AMRAVATI AUTO COMPONENTS PVT LTD,2026-08-10,2026-09-09,11802.00,false,,paid
INV-2026-001192,AMRAVATI CONSTRUCTIONS PRIVATE LIMITED,2026-06-27,2026-07-27,6646.75,false,,paid
INV-2026-001193,AMRAVATI AGRO EXPORTS PRIVATE LIMITED,2026-08-09,2026-09-08,83454.00,false,,paid
INV-2026-001194,ANANTAPUR PHARMACEUTICALS INDIA PRIVATE LIMITED,2026-07-01,2026-07-31,29707.00,false,,paid
INV-2026-001195,BHAVNAGAR METALS LIMITED,2026-07-27,2026-08-26,60000.50,false,,paid
INV-2026-001196,BHILAI TRANSPORT AND COMPANY,2026-07-03,2026-08-02,42491.75,false,,paid
INV-2026-001197,AMRAVATI CONTAINERS PVT LTD,2026-07-11,2026-08-10,12592.00,false,,paid
INV-2026-001198,AURANGABAD HOSPITALITY PVT LTD,2026-06-29,2026-07-29,167000.00,false,,paid
INV-2026-001199,HOSUR LOGISTICS PRIVATE LIMITED,2026-06-17,2026-07-17,95618.00,false,,paid
INV-2026-001200,CUTTACK FOODS PVT LTD,2026-07-15,2026-08-14,75000.00,false,,paid
INV-2026-001201,DHANBAD SPINNERS LLP,2026-07-31,2026-08-30,233000.00,false,,paid
INV-2026-001202,CALICUT CHEMICALS INDIA PRIVATE LIMITED,2026-06-30,2026-07-30,105000.00,false,,paid
INV-2026-001203,CALICUT PHARMACEUTICALS INDIA PRIVATE LIMITED,2026-06-23,2026-07-23,176028.00,false,,paid
INV-2026-001204,KOLHAPUR PACKAGING LLP,2026-07-25,2026-08-24,2532.75,false,,paid
INV-2026-001205,ANANTAPUR AGRO EXPORTS PRIVATE LIMITED,2026-07-04,2026-08-03,12546.99,false,,paid
INV-2026-001206,NASHIK SPINNERS LLP,2026-08-05,2026-09-04,75000.00,false,,paid
INV-2026-001207,INDORE REFRACTORIES LIMITED,2026-07-09,2026-08-08,43336.50,false,,paid
INV-2026-001208,JAMNAGAR CONSTRUCTIONS PRIVATE LIMITED,2026-06-11,2026-07-11,150000.25,false,,paid
INV-2026-001209,DEHRADUN LOGISTICS PRIVATE LIMITED,2026-08-13,2026-09-12,73491.00,false,,paid
INV-2026-001210,GANDHINAGAR MEDIA PVT LTD,2026-07-30,2026-08-29,15016.00,false,,paid
INV-2026-001211,AURANGABAD LOGISTICS PRIVATE LIMITED,2026-08-13,2026-09-12,104243.25,false,,paid
INV-2026-001212,SALEM AGRO EXPORTS PRIVATE LIMITED,2026-07-27,2026-08-26,45481.50,false,,paid
INV-2026-001213,BHOPAL POLYMERS PRIVATE LIMITED,2026-07-01,2026-07-31,172000.99,false,,paid
INV-2026-001214,AMRAVATI AGRO EXPORTS PRIVATE LIMITED,2026-07-23,2026-08-22,200000.99,false,,paid
INV-2026-001215,GODAVARI AUTO COMPONENTS PVT LTD,2026-07-04,2026-08-03,75000.00,false,,paid
INV-2026-001216,GANDHINAGAR TRANSPORT AND COMPANY,2026-08-15,2026-09-14,8962.00,false,,paid
INV-2026-001217,CHENNAI CONTAINERS PVT LTD,2026-07-01,2026-07-31,33364.00,false,,paid
INV-2026-001218,AMRAVATI TEXTILES PVT LTD,2026-06-27,2026-07-27,35161.99,false,,paid
INV-2026-001219,AMRAVATI POLYMERS PRIVATE LIMITED,2026-06-17,2026-07-17,56180.00,false,,paid
INV-2026-001220,AMRAVATI AGRO EXPORTS PRIVATE LIMITED,2026-06-13,2026-07-13,11554.00,false,,paid
INV-2026-001221,SOLAPUR CONTAINERS PVT LTD,2026-07-20,2026-08-19,500000.00,false,,paid
INV-2026-001222,BHILAI MOTORS PRIVATE LIMITED,2026-07-10,2026-08-09,10000.00,false,,paid
INV-2026-001223,BHAVNAGAR PLASTICS AND COMPANY,2026-07-23,2026-08-22,70796.00,false,,paid
INV-2026-001224,ERNAKULAM REFRACTORIES LIMITED,2026-06-22,2026-07-22,10000.00,false,,paid
INV-2026-001225,AURANGABAD POLYMERS PRIVATE LIMITED,2026-06-15,2026-07-15,31862.99,false,,paid
INV-2026-001226,AMRAVATI PACKAGING LLP,2026-07-14,2026-08-13,150000.00,false,,paid
INV-2026-001227,ANANTAPUR COLD STORAGE AND COMPANY,2026-07-30,2026-08-29,200000.00,false,,paid
INV-2026-001228,SOLAPUR INDUSTRIES INDIA PRIVATE LIMITED,2026-08-29,2026-09-28,46888.99,false,,paid
INV-2026-001229,AURANGABAD PACKAGING LLP,2026-08-24,2026-09-23,262000.99,false,,paid
INV-2026-001230,BHAVNAGAR PRINTERS PVT LTD,2026-07-06,2026-08-05,54733.50,false,,paid
INV-2026-001231,AMRAVATI INFRAPROJECTS AND COMPANY,2026-06-19,2026-07-19,25001.00,false,,paid
INV-2026-001232,DHANBAD INFRAPROJECTS AND COMPANY,2026-06-16,2026-07-16,1000.25,false,,paid
INV-2026-001233,JABALPUR INDUSTRIES INDIA PRIVATE LIMITED,2026-08-09,2026-09-08,8143.75,false,,paid
INV-2026-001234,AMRAVATI CABLES PRIVATE LIMITED,2026-08-24,2026-09-23,15000.00,false,,paid
INV-2026-001235,AURANGABAD TEXTILES PVT LTD,2026-07-05,2026-08-04,32776.00,false,,paid
INV-2026-001236,DHANBAD PAPER MILLS PVT LTD,2026-06-05,2026-07-05,38484.50,false,,paid
INV-2026-001237,AMRAVATI HANDICRAFTS LLP,2026-07-13,2026-08-12,25000.00,false,,paid
INV-2026-001238,ANANTAPUR CASTINGS LLP,2026-06-11,2026-07-11,210000.00,false,,paid
INV-2026-001239,HUBLI MEDIA PVT LTD,2026-07-12,2026-08-11,200000.00,false,,paid
INV-2026-001240,CHANDRAPUR POLYMERS PRIVATE LIMITED,2026-06-20,2026-07-20,43644.99,false,,paid
INV-2026-001241,MANGALORE AUTO COMPONENTS PVT LTD,2026-07-22,2026-08-21,13934.00,false,,paid
INV-2026-001242,BELGAUM TEXTILES PVT LTD,2026-08-04,2026-09-03,20000.75,false,,paid
INV-2026-001243,BELGAUM DISTRIBUTORS PRIVATE LIMITED,2026-07-16,2026-08-15,20230.50,false,,paid
INV-2026-001244,COIMBATORE DISTRIBUTORS PRIVATE LIMITED,2026-06-29,2026-07-29,5564.00,false,,paid
INV-2026-001245,AMRAVATI CERAMICS PVT LTD,2026-06-24,2026-07-24,53714.25,false,,paid
INV-2026-001246,AMRAVATI COLD STORAGE AND COMPANY,2026-06-11,2026-07-11,20701.25,false,,paid
INV-2026-001247,INDORE CERAMICS PVT LTD,2026-08-21,2026-09-20,298000.00,false,,paid
INV-2026-001248,COIMBATORE CHEMICALS INDIA PRIVATE LIMITED,2026-07-30,2026-08-29,31421.00,false,,paid
INV-2026-001249,CHANDRAPUR AUTO COMPONENTS PVT LTD,2026-07-28,2026-08-27,10214.25,false,,paid
INV-2026-001250,ANANTAPUR BEARINGS LIMITED,2026-08-14,2026-09-13,217874.00,false,,paid
INV-2026-001251,MANGALORE DISTRIBUTORS PRIVATE LIMITED,2026-06-12,2026-07-12,32421.50,false,,paid
INV-2026-001252,NARMADA METALS LIMITED,2026-08-28,2026-09-27,40000.00,false,,paid
INV-2026-001253,AMRAVATI CHEMICALS INDIA PRIVATE LIMITED,2026-08-29,2026-09-28,24895.99,false,,paid
INV-2026-001254,PANIPAT PACKAGING LLP,2026-08-14,2026-09-13,50323.00,false,,paid
INV-2026-001255,DHANBAD GARMENTS PRIVATE LIMITED,2026-06-20,2026-07-20,90256.00,false,,paid
INV-2026-001256,AMRAVATI CHEMICALS INDIA PRIVATE LIMITED,2026-07-20,2026-08-19,2745.00,false,,paid
INV-2026-001257,HOSUR SPINNERS LLP,2026-07-04,2026-08-03,70520.00,false,,paid
INV-2026-001258,AMRAVATI FABRICATORS AND COMPANY,2026-08-10,2026-09-09,28108.50,false,,paid
INV-2026-001259,VARANASI CONSTRUCTIONS PRIVATE LIMITED,2026-07-18,2026-08-17,175346.00,false,,paid
INV-2026-001260,AMRAVATI POLYMERS PRIVATE LIMITED,2026-08-03,2026-09-02,7297.99,false,,paid
INV-2026-001261,AMRAVATI MOTORS PRIVATE LIMITED,2026-06-14,2026-07-14,9744.00,false,,paid
INV-2026-001262,BHAVNAGAR DISTRIBUTORS PRIVATE LIMITED,2026-08-14,2026-09-13,60163.00,false,,paid
INV-2026-001263,BHILAI PLASTICS AND COMPANY,2026-06-03,2026-07-03,15000.00,false,,paid
INV-2026-001264,AMRAVATI PACKAGING LLP,2026-07-27,2026-08-26,41761.00,false,,paid
INV-2026-001265,KRISHNA CONSTRUCTIONS PRIVATE LIMITED,2026-06-17,2026-07-17,5656.50,false,,paid
INV-2026-001266,AMRAVATI DISTRIBUTORS PRIVATE LIMITED,2026-06-22,2026-07-22,11005.00,false,,paid
INV-2026-001267,KRISHNA CABLES PRIVATE LIMITED,2026-06-03,2026-07-03,14562.00,false,,paid
INV-2026-001268,DHANBAD CABLES PRIVATE LIMITED,2026-06-25,2026-07-25,30000.00,false,,paid
INV-2026-001269,KANPUR DISTRIBUTORS PRIVATE LIMITED,2026-08-10,2026-09-09,176724.00,false,,paid
INV-2026-001270,AMRAVATI DIAGNOSTICS LIMITED,2026-08-14,2026-09-13,33259.00,false,,paid
INV-2026-001271,DHANBAD DIAGNOSTICS LIMITED,2026-06-24,2026-07-24,34000.99,false,,paid
INV-2026-001272,SILIGURI ELECTRICALS LLP,2026-08-05,2026-09-04,16237.00,false,,paid
INV-2026-001273,NASHIK MOTORS PRIVATE LIMITED,2026-06-25,2026-07-25,71000.00,false,,paid
INV-2026-001274,ANANTAPUR FABRICATORS AND COMPANY,2026-08-21,2026-09-20,10666.99,false,,paid
INV-2026-001275,CHANDRAPUR CASTINGS LLP,2026-08-13,2026-09-12,500000.00,false,,paid
INV-2026-001276,ANANTAPUR TRANSPORT AND COMPANY,2026-08-09,2026-09-08,6935.50,false,,paid
INV-2026-001277,AURANGABAD INDUSTRIES INDIA PRIVATE LIMITED,2026-08-14,2026-09-13,100000.25,false,,paid
INV-2026-001278,NAGPUR FERTILISERS PRIVATE LIMITED,2026-07-06,2026-08-05,287374.50,false,,paid
INV-2026-001279,SURAT GARMENTS PRIVATE LIMITED,2026-08-01,2026-08-31,100000.00,false,,paid
INV-2026-001280,LUDHIANA TRANSPORT AND COMPANY,2026-06-01,2026-07-01,50000.00,false,,paid
INV-2026-001281,ANANTAPUR CASTINGS LLP,2026-06-30,2026-07-30,47596.00,false,,paid
INV-2026-001282,HUBLI MEDIA PVT LTD,2026-06-26,2026-07-26,65493.00,false,,paid
INV-2026-001283,NAGPUR ELECTRICALS LLP,2026-08-10,2026-09-09,73734.00,false,,paid
INV-2026-001284,ANANTAPUR CASTINGS LLP,2026-08-13,2026-09-12,172000.99,false,,paid
INV-2026-001285,GUNTUR CONSTRUCTIONS PRIVATE LIMITED,2026-07-14,2026-08-13,4985.00,false,,paid
INV-2026-001286,AURANGABAD INDUSTRIES INDIA PRIVATE LIMITED,2026-07-29,2026-08-28,30291.00,false,,paid
INV-2026-001287,JALANDHAR PHARMACEUTICALS INDIA PRIVATE LIMITED,2026-08-24,2026-09-23,46089.75,false,,paid
INV-2026-001288,AMRAVATI AGRO EXPORTS PRIVATE LIMITED,2026-07-01,2026-07-31,18564.00,false,,paid
INV-2026-001289,KRISHNA CONSTRUCTIONS PRIVATE LIMITED,2026-06-18,2026-07-18,59477.00,false,,paid
INV-2026-001290,BELGAUM CASTINGS LLP,2026-07-31,2026-08-30,9150.99,false,,paid
INV-2026-001291,MANGALORE CERAMICS PVT LTD,2026-06-16,2026-07-16,13360.00,false,,paid
INV-2026-001292,BHILAI CERAMICS PVT LTD,2026-08-14,2026-09-13,5000.00,false,,paid
INV-2026-001293,BHILAI POLYMERS PRIVATE LIMITED,2026-06-21,2026-07-21,53799.00,false,,paid
INV-2026-001294,DHANBAD REFRACTORIES LIMITED,2026-06-25,2026-07-25,100000.99,false,,paid
INV-2026-001295,MEERUT DISTRIBUTORS PRIVATE LIMITED,2026-08-24,2026-09-23,150000.75,false,,paid
INV-2026-001296,BHILAI FORGINGS LIMITED,2026-06-04,2026-07-04,229000.50,false,,paid
INV-2026-001297,MANGALORE ENTERPRISES INDIA PRIVATE LIMITED,2026-08-22,2026-09-21,17182.50,false,,paid
INV-2026-001298,COIMBATORE CONTAINERS PVT LTD,2026-06-23,2026-07-23,119679.00,false,,paid
INV-2026-001299,KOLHAPUR INDUSTRIES INDIA PRIVATE LIMITED,2026-07-23,2026-08-22,97241.50,false,,paid
INV-2026-001300,AMRAVATI ELECTRICALS LLP,2026-06-06,2026-07-06,15754.75,false,,paid
INV-2026-001301,MADURAI ENTERPRISES INDIA PRIVATE LIMITED,2026-08-03,2026-09-02,76627.99,false,,paid
INV-2026-001302,AMRAVATI ELECTRICALS LLP,2026-06-18,2026-07-18,10792.50,false,,paid
INV-2026-001303,AMRAVATI PLASTICS AND COMPANY,2026-08-17,2026-09-16,80000.00,false,,paid
INV-2026-001304,AMRAVATI AGRO EXPORTS PRIVATE LIMITED,2026-06-07,2026-07-07,60000.00,false,,paid
INV-2026-001305,AMRAVATI AUTO COMPONENTS PVT LTD,2026-08-18,2026-09-17,73488.00,false,,paid
INV-2026-001306,AURANGABAD TEXTILES PVT LTD,2026-08-18,2026-09-17,18005.00,false,,paid
INV-2026-001307,BHILAI TRANSPORT AND COMPANY,2026-08-19,2026-09-18,268657.00,false,,paid
INV-2026-001308,AMRAVATI FORGINGS LIMITED,2026-07-10,2026-08-09,24902.25,false,,paid
INV-2026-001309,AMRAVATI INFRAPROJECTS AND COMPANY,2026-08-13,2026-09-12,41643.00,false,,paid
INV-2026-001310,INDORE SPINNERS LLP,2026-08-10,2026-09-09,26351.75,false,,paid
INV-2026-001311,AMRAVATI BEARINGS LIMITED,2026-07-16,2026-08-15,355973.00,false,,paid
INV-2026-001312,BELGAUM HOSPITALITY PVT LTD,2026-07-28,2026-08-27,44197.00,false,,paid
INV-2026-001313,AMRAVATI CONTAINERS PVT LTD,2026-08-17,2026-09-16,10000.50,false,,paid
INV-2026-001314,GANDHINAGAR MEDIA PVT LTD,2026-06-20,2026-07-20,2112.00,false,,paid
INV-2026-001315,MANGALORE ELECTRICALS LLP,2026-08-02,2026-09-01,104311.99,false,,paid
INV-2026-001316,AMRAVATI CHEMICALS INDIA PRIVATE LIMITED,2026-08-11,2026-09-10,142000.00,false,,paid
INV-2026-001317,CALICUT REFRACTORIES LIMITED,2026-08-29,2026-09-28,143000.00,false,,paid
INV-2026-001318,ANANTAPUR HOSPITALITY PVT LTD,2026-06-02,2026-07-02,87159.00,false,,paid
INV-2026-001319,BHAVNAGAR REFRACTORIES LIMITED,2026-06-02,2026-07-02,150000.00,false,,paid
INV-2026-001320,GODAVARI ENGINEERING PVT LTD,2026-07-04,2026-08-03,25000.00,false,,paid
INV-2026-001321,AMRAVATI AGRO EXPORTS PRIVATE LIMITED,2026-08-24,2026-09-23,101724.75,false,,paid
INV-2026-001322,GANDHINAGAR PACKAGING LLP,2026-07-13,2026-08-12,79562.00,false,,paid
INV-2026-001323,COIMBATORE POLYMERS PRIVATE LIMITED,2026-08-21,2026-09-20,5000.00,false,,paid
INV-2026-001324,BHILAI POLYMERS PRIVATE LIMITED,2026-08-13,2026-09-12,147704.00,false,,paid
INV-2026-001325,HOSUR CABLES PRIVATE LIMITED,2026-08-13,2026-09-12,111281.25,false,,paid
INV-2026-001326,HUBLI GARMENTS PRIVATE LIMITED,2026-06-01,2026-07-01,12784.00,false,,paid
INV-2026-001327,ERNAKULAM CERAMICS PVT LTD,2026-06-28,2026-07-28,63246.99,false,,paid
INV-2026-001328,AMRAVATI PHARMACEUTICALS INDIA PRIVATE LIMITED,2026-06-29,2026-07-29,500000.50,false,,paid
INV-2026-001329,AMRAVATI ENTERPRISES INDIA PRIVATE LIMITED,2026-06-20,2026-07-20,101241.00,false,,paid
INV-2026-001330,GANDHINAGAR DISTRIBUTORS PRIVATE LIMITED,2026-06-01,2026-07-01,50000.00,false,,paid
INV-2026-001331,RAJKOT HOSPITALITY PVT LTD,2026-08-11,2026-09-10,81702.00,false,,paid
INV-2026-001332,AMRAVATI AGRO EXPORTS PRIVATE LIMITED,2026-06-22,2026-07-22,42901.00,false,,paid
INV-2026-001333,NAGPUR MEDIA PVT LTD,2026-07-28,2026-08-27,31374.00,false,,paid
INV-2026-001334,DHANBAD ENGINEERING PVT LTD,2026-06-19,2026-07-19,17662.50,false,,paid
INV-2026-001335,KOLHAPUR CASTINGS LLP,2026-07-07,2026-08-06,20000.00,false,,paid
INV-2026-001336,AURANGABAD FORGINGS LIMITED,2026-07-30,2026-08-29,40629.00,false,,paid
INV-2026-001337,BHAVNAGAR MOTORS PRIVATE LIMITED,2026-08-29,2026-09-28,15000.50,false,,paid
INV-2026-001338,JODHPUR FOODS PVT LTD,2026-06-20,2026-07-20,19837.99,false,,paid
INV-2026-001339,INDORE TRADERS INDIA PRIVATE LIMITED,2026-08-06,2026-09-05,25726.00,false,,paid
INV-2026-001340,KOLHAPUR ENTERPRISES INDIA PRIVATE LIMITED,2026-07-19,2026-08-18,153735.00,false,,paid
INV-2026-001341,JODHPUR GARMENTS PRIVATE LIMITED,2026-06-03,2026-07-03,51209.99,false,,paid
INV-2026-001342,ERNAKULAM LOGISTICS PRIVATE LIMITED,2026-06-28,2026-07-28,3817.25,false,,paid
INV-2026-001343,ANANTAPUR AGRO EXPORTS PRIVATE LIMITED,2026-06-06,2026-07-06,178544.00,false,,paid
INV-2026-001344,AMRAVATI AGRO EXPORTS PRIVATE LIMITED,2026-07-05,2026-08-04,63944.00,false,,paid
INV-2026-001345,AURANGABAD COLD STORAGE AND COMPANY,2026-06-09,2026-07-09,12195.75,false,,paid
INV-2026-001346,AMRAVATI INFRAPROJECTS AND COMPANY,2026-08-19,2026-09-18,5854.99,false,,paid
INV-2026-001347,RAIPUR AGRO EXPORTS PRIVATE LIMITED,2026-07-30,2026-08-29,15000.25,false,,paid
INV-2026-001348,GUNTUR DISTRIBUTORS PRIVATE LIMITED,2026-06-30,2026-07-30,5000.50,false,,paid
INV-2026-001349,DEHRADUN REFRACTORIES LIMITED,2026-07-11,2026-08-10,60890.00,false,,paid
INV-2026-001350,AMRAVATI INFRAPROJECTS AND COMPANY,2026-07-23,2026-08-22,28057.00,false,,paid
INV-2026-001351,CUTTACK BEARINGS LIMITED,2026-08-09,2026-09-08,250215.00,false,,paid
INV-2026-001352,CHANDRAPUR AGRO EXPORTS PRIVATE LIMITED,2026-08-17,2026-09-16,25000.00,false,,paid
INV-2026-001353,VARANASI INDUSTRIES INDIA PRIVATE LIMITED,2026-06-02,2026-07-02,125000.00,false,,paid
INV-2026-001354,BELGAUM POLYMERS PRIVATE LIMITED,2026-06-29,2026-07-29,13629.00,false,,paid
INV-2026-001355,JALANDHAR INDUSTRIES INDIA PRIVATE LIMITED,2026-07-22,2026-08-21,34884.50,false,,paid
INV-2026-001356,COIMBATORE LOGISTICS PRIVATE LIMITED,2026-08-20,2026-09-19,8655.00,false,,paid
INV-2026-001357,ERNAKULAM PACKAGING LLP,2026-06-16,2026-07-16,15057.00,false,,paid
INV-2026-001358,CUTTACK MOTORS PRIVATE LIMITED,2026-06-30,2026-07-30,18101.50,false,,paid
INV-2026-001359,MADURAI TRADERS INDIA PRIVATE LIMITED,2026-08-20,2026-09-19,26729.00,false,,paid
INV-2026-001360,AMRAVATI CABLES PRIVATE LIMITED,2026-07-07,2026-08-06,8616.00,false,,paid
INV-2026-001361,COIMBATORE HANDICRAFTS LLP,2026-06-20,2026-07-20,124000.25,false,,paid
INV-2026-001362,BHILAI HANDICRAFTS LLP,2026-07-06,2026-08-05,1449641.50,false,,paid
INV-2026-001363,CHANDRAPUR ENGINEERING PVT LTD,2026-06-10,2026-07-10,1673.00,false,,paid
INV-2026-001364,PANIPAT DISTRIBUTORS PRIVATE LIMITED,2026-06-07,2026-07-07,98089.00,false,,paid
INV-2026-001365,KOLHAPUR MOTORS PRIVATE LIMITED,2026-08-10,2026-09-09,24000.00,false,,paid
INV-2026-001366,AURANGABAD GARMENTS PRIVATE LIMITED,2026-07-19,2026-08-18,43732.75,false,,paid
INV-2026-001367,DHANBAD ENGINEERING PVT LTD,2026-08-28,2026-09-27,33000.00,false,,paid
INV-2026-001368,CALICUT TRANSPORT AND COMPANY,2026-06-11,2026-07-11,160000.00,false,,paid
INV-2026-001369,ERNAKULAM PRINTERS PVT LTD,2026-07-29,2026-08-28,11420.00,false,,paid
INV-2026-001370,AMRAVATI AUTO COMPONENTS PVT LTD,2026-07-13,2026-08-12,30000.99,false,,paid
INV-2026-001371,AURANGABAD PLASTICS AND COMPANY,2026-06-13,2026-07-13,290000.00,false,,paid
INV-2026-001372,BHAVNAGAR FABRICATORS AND COMPANY,2026-06-06,2026-07-06,10101.00,false,,paid
INV-2026-001373,ANANTAPUR FORGINGS LIMITED,2026-07-13,2026-08-12,88301.00,false,,paid
INV-2026-001374,SOLAPUR BEARINGS LIMITED,2026-07-31,2026-08-30,233000.00,false,,paid
INV-2026-001375,TRICHY PHARMACEUTICALS INDIA PRIVATE LIMITED,2026-08-02,2026-09-01,17643.00,false,,paid
INV-2026-001376,AMRAVATI HANDICRAFTS LLP,2026-07-26,2026-08-25,66640.99,false,,paid
INV-2026-001377,AURANGABAD FERTILISERS PRIVATE LIMITED,2026-07-29,2026-08-28,42000.00,false,,paid
INV-2026-001378,KAKINADA DISTRIBUTORS PRIVATE LIMITED,2026-08-21,2026-09-20,23546.00,false,,paid
INV-2026-001379,CALICUT PAPER MILLS PVT LTD,2026-06-01,2026-07-01,242000.00,false,,paid
INV-2026-001380,DHANBAD GARMENTS PRIVATE LIMITED,2026-07-12,2026-08-11,227000.00,false,,paid
INV-2026-001381,VARANASI COLD STORAGE AND COMPANY,2026-07-20,2026-08-19,200000.00,false,,paid
INV-2026-001382,BELGAUM LOGISTICS PRIVATE LIMITED,2026-08-12,2026-09-11,3324.00,false,,paid
INV-2026-001383,AMRAVATI AGRO EXPORTS PRIVATE LIMITED,2026-07-26,2026-08-25,30703.25,false,,paid
INV-2026-001384,AMRAVATI FOODS PVT LTD,2026-08-09,2026-09-08,45172.99,false,,paid
INV-2026-001385,BHILAI SPINNERS LLP,2026-08-15,2026-09-14,19300.00,false,,paid
INV-2026-001386,PANIPAT CABLES PRIVATE LIMITED,2026-08-23,2026-09-22,991478.00,false,,paid
INV-2026-001387,CHANDRAPUR FOODS PVT LTD,2026-06-10,2026-07-10,220000.00,false,,paid
INV-2026-001388,BELGAUM INFRAPROJECTS AND COMPANY,2026-07-13,2026-08-12,39633.50,false,,paid
INV-2026-001389,AMRAVATI ENTERPRISES INDIA PRIVATE LIMITED,2026-07-30,2026-08-29,250000.25,false,,paid
INV-2026-001390,BHOPAL CHEMICALS INDIA PRIVATE LIMITED,2026-07-17,2026-08-16,206000.00,false,,paid
INV-2026-001391,GUNTUR SPINNERS LLP,2026-06-29,2026-07-29,60000.00,false,,paid
INV-2026-001392,GWALIOR HOSPITALITY PVT LTD,2026-06-19,2026-07-19,57528.00,false,,paid
INV-2026-001393,COIMBATORE HANDICRAFTS LLP,2026-08-17,2026-09-16,18863.00,false,,paid
INV-2026-001394,AMRAVATI PRINTERS PVT LTD,2026-08-22,2026-09-21,45306.00,false,,paid
INV-2026-001395,NARMADA SOFTWARE SERVICES PRIVATE LIMITED,2026-07-02,2026-08-01,75000.75,false,,paid
INV-2026-001396,AMRAVATI CASTINGS LLP,2026-06-29,2026-07-29,13681.00,false,,paid
INV-2026-001397,KOLHAPUR SPINNERS LLP,2026-08-29,2026-09-28,42842.75,false,,paid
INV-2026-001398,BHAVNAGAR ENTERPRISES INDIA PRIVATE LIMITED,2026-07-28,2026-08-27,9256.00,false,,paid
INV-2026-001399,INDORE CONSTRUCTIONS PRIVATE LIMITED,2026-07-05,2026-08-04,7160.00,false,,paid
INV-2026-001400,BHOPAL TRADERS INDIA PRIVATE LIMITED,2026-07-02,2026-08-01,20000.75,false,,paid
INV-2026-001401,ANANTAPUR CHEMICALS INDIA PRIVATE LIMITED,2026-07-08,2026-08-07,100000.00,false,,paid
INV-2026-001402,BHOPAL HANDICRAFTS LLP,2026-06-17,2026-07-17,75000.50,false,,paid
INV-2026-001403,BHAVNAGAR TEXTILES PVT LTD,2026-06-30,2026-07-30,33068.25,false,,paid
INV-2026-001404,GODAVARI INFRAPROJECTS AND COMPANY,2026-08-02,2026-09-01,50000.00,false,,paid
INV-2026-001405,HOSUR GARMENTS PRIVATE LIMITED,2026-08-16,2026-09-15,125000.00,false,,paid
INV-2026-001406,AURANGABAD CHEMICALS INDIA PRIVATE LIMITED,2026-07-27,2026-08-26,226000.50,false,,paid
INV-2026-001407,AMRAVATI METALS LIMITED,2026-08-13,2026-09-12,21426.00,false,,paid
INV-2026-001408,HALDIA AUTO COMPONENTS PVT LTD,2026-06-27,2026-07-27,63877.00,false,,paid
INV-2026-001409,BHILAI HANDICRAFTS LLP,2026-07-10,2026-08-09,19431.00,false,,paid
INV-2026-001410,DHANBAD SPINNERS LLP,2026-08-01,2026-08-31,21289.00,false,,paid
INV-2026-001411,GWALIOR COLD STORAGE AND COMPANY,2026-08-29,2026-09-28,150000.50,false,,paid
INV-2026-001412,SOLAPUR AGRO EXPORTS PRIVATE LIMITED,2026-07-20,2026-08-19,201000.00,false,,paid
INV-2026-001413,AMRAVATI ENTERPRISES INDIA PRIVATE LIMITED,2026-08-12,2026-09-11,200000.00,false,,paid
INV-2026-001414,DHANBAD AUTO COMPONENTS PVT LTD,2026-06-17,2026-07-17,60000.25,false,,paid
INV-2026-001415,AURANGABAD CONSTRUCTIONS PRIVATE LIMITED,2026-06-18,2026-07-18,253000.99,false,,paid
INV-2026-001416,BHOPAL INFRAPROJECTS AND COMPANY,2026-07-05,2026-08-04,219560.00,false,,paid
INV-2026-001417,NAGPUR METALS LIMITED,2026-08-26,2026-09-25,478476.00,false,,paid
INV-2026-001418,INDORE DISTRIBUTORS PRIVATE LIMITED,2026-08-17,2026-09-16,17077.75,false,,paid
INV-2026-001419,AMRAVATI AUTO COMPONENTS PVT LTD,2026-07-13,2026-08-12,54551.00,false,,paid
INV-2026-001420,AURANGABAD COLD STORAGE AND COMPANY,2026-07-15,2026-08-14,327402.00,false,,paid
INV-2026-001421,CHENNAI CABLES PRIVATE LIMITED,2026-07-22,2026-08-21,5000.00,false,,paid
INV-2026-001422,CHANDRAPUR CERAMICS PVT LTD,2026-08-06,2026-09-05,15000.00,false,,paid
INV-2026-001423,MEERUT PLASTICS AND COMPANY,2026-06-25,2026-07-25,275000.00,false,,paid
INV-2026-001424,AMRAVATI HOSPITALITY PVT LTD,2026-06-13,2026-07-13,150000.00,false,,paid
INV-2026-001425,AMRAVATI AGRO EXPORTS PRIVATE LIMITED,2026-08-01,2026-08-31,76490.50,false,,paid
INV-2026-001426,SALEM TRANSPORT AND COMPANY,2026-06-02,2026-07-02,500000.00,false,,paid
INV-2026-001427,AMRAVATI AGRO EXPORTS PRIVATE LIMITED,2026-06-07,2026-07-07,491325.00,false,,paid
INV-2026-001428,BHAVNAGAR ENGINEERING PVT LTD,2026-07-29,2026-08-28,39568.00,false,,paid
INV-2026-001429,AMRAVATI DISTRIBUTORS PRIVATE LIMITED,2026-08-19,2026-09-18,15000.50,false,,paid
INV-2026-001430,AMRAVATI AGRO EXPORTS PRIVATE LIMITED,2026-07-24,2026-08-23,4046.50,false,,paid
INV-2026-001431,CHANDRAPUR GARMENTS PRIVATE LIMITED,2026-08-13,2026-09-12,30000.00,false,,paid
INV-2026-001432,BHILAI ELECTRICALS LLP,2026-07-21,2026-08-20,266000.00,false,,paid
INV-2026-001433,KAKINADA PAPER MILLS PVT LTD,2026-07-14,2026-08-13,13000.00,false,,paid
INV-2026-001434,KOLHAPUR MOTORS PRIVATE LIMITED,2026-06-05,2026-07-05,10000.00,false,,paid
INV-2026-001435,GANDHINAGAR CONTAINERS PVT LTD,2026-08-21,2026-09-20,135000.00,false,,paid
INV-2026-001436,AMRAVATI BEARINGS LIMITED,2026-08-10,2026-09-09,35131.00,false,,paid
INV-2026-001437,VARANASI PRINTERS PVT LTD,2026-08-02,2026-09-01,145006.99,false,,paid
INV-2026-001438,BELGAUM POLYMERS PRIVATE LIMITED,2026-07-29,2026-08-28,150000.50,false,,paid
INV-2026-001439,AMRAVATI PHARMACEUTICALS INDIA PRIVATE LIMITED,2026-08-17,2026-09-16,74842.00,false,,paid
INV-2026-001440,AURANGABAD FABRICATORS AND COMPANY,2026-07-11,2026-08-10,5443.25,false,,paid
INV-2026-001441,MYSORE AUTO COMPONENTS PVT LTD,2026-07-27,2026-08-26,48000.00,false,,paid
INV-2026-001442,GANDHINAGAR HOSPITALITY PVT LTD,2026-06-14,2026-07-14,17403.00,false,,paid
INV-2026-001443,ANANTAPUR CONTAINERS PVT LTD,2026-07-20,2026-08-19,40000.25,false,,paid
INV-2026-001444,BHOPAL PRINTERS PVT LTD,2026-08-03,2026-09-02,148000.75,false,,paid
INV-2026-001445,GODAVARI PHARMACEUTICALS INDIA PRIVATE LIMITED,2026-07-13,2026-08-12,191000.00,false,,paid
INV-2026-001446,GUNTUR PLASTICS AND COMPANY,2026-07-24,2026-08-23,81497.00,false,,paid
INV-2026-001447,BHILAI ENGINEERING PVT LTD,2026-07-09,2026-08-08,17613.00,false,,paid
INV-2026-001448,AMRAVATI AUTO COMPONENTS PVT LTD,2026-08-12,2026-09-11,30000.50,false,,paid
INV-2026-001449,AMRAVATI CONSTRUCTIONS PRIVATE LIMITED,2026-08-21,2026-09-20,25000.00,false,,paid
INV-2026-001450,KRISHNA REFRACTORIES LIMITED,2026-06-11,2026-07-11,54608.00,false,,paid
INV-2026-001451,PANIPAT CABLES PRIVATE LIMITED,2026-08-03,2026-09-02,19002.00,false,,paid
INV-2026-001452,BELGAUM FORGINGS LIMITED,2026-08-29,2026-09-28,113000.00,false,,paid
INV-2026-001453,AURANGABAD PRINTERS PVT LTD,2026-07-25,2026-08-24,31091.50,false,,paid
INV-2026-001454,ERNAKULAM CERAMICS PVT LTD,2026-06-10,2026-07-10,168545.75,false,,paid
INV-2026-001455,SOLAPUR CONTAINERS PVT LTD,2026-07-10,2026-08-09,50000.25,false,,paid
INV-2026-001456,AMRAVATI COLD STORAGE AND COMPANY,2026-07-18,2026-08-17,242000.00,false,,paid
INV-2026-001457,ANANTAPUR CONSTRUCTIONS PRIVATE LIMITED,2026-08-01,2026-08-31,26833.99,false,,paid
INV-2026-001458,AMRAVATI ENTERPRISES INDIA PRIVATE LIMITED,2026-08-19,2026-09-18,29867.00,false,,paid
INV-2026-001459,CHENNAI FORGINGS LIMITED,2026-08-16,2026-09-15,2906.00,false,,paid
INV-2026-001460,CUTTACK PHARMACEUTICALS INDIA PRIVATE LIMITED,2026-06-08,2026-07-08,61557.75,false,,paid
INV-2026-001461,AURANGABAD FERTILISERS PRIVATE LIMITED,2026-07-25,2026-08-24,25000.00,false,,paid
INV-2026-001462,AMRAVATI CHEMICALS INDIA PRIVATE LIMITED,2026-07-01,2026-07-31,77000.00,false,,paid
INV-2026-001463,GODAVARI TEXTILES PVT LTD,2026-07-30,2026-08-29,32508.00,false,,paid
INV-2026-001464,CUTTACK PHARMACEUTICALS INDIA PRIVATE LIMITED,2026-08-17,2026-09-16,6680.00,false,,paid
INV-2026-001465,ERNAKULAM TEXTILES PVT LTD,2026-07-29,2026-08-28,200000.50,false,,paid
INV-2026-001466,AMRAVATI ENGINEERING PVT LTD,2026-06-29,2026-07-29,58114.00,false,,paid
INV-2026-001467,AURANGABAD FERTILISERS PRIVATE LIMITED,2026-06-28,2026-07-28,7652.00,false,,paid
INV-2026-001468,NARMADA BEARINGS LIMITED,2026-07-19,2026-08-18,65775.00,false,,paid
INV-2026-001469,ANANTAPUR CONTAINERS PVT LTD,2026-06-24,2026-07-24,72830.00,false,,paid
INV-2026-001470,COIMBATORE REFRACTORIES LIMITED,2026-06-16,2026-07-16,30000.00,false,,paid
INV-2026-001471,NARMADA PRINTERS PVT LTD,2026-06-18,2026-07-18,11226.00,false,,paid
INV-2026-001472,BHILAI DIAGNOSTICS LIMITED,2026-06-13,2026-07-13,209000.00,false,,paid
INV-2026-001473,COIMBATORE AGRO EXPORTS PRIVATE LIMITED,2026-07-21,2026-08-20,12800.00,false,,paid
INV-2026-001474,RAIPUR MOTORS PRIVATE LIMITED,2026-07-05,2026-08-04,5781.75,false,,paid
INV-2026-001475,NASHIK PRINTERS PVT LTD,2026-06-16,2026-07-16,7616.00,false,,paid
INV-2026-001476,AURANGABAD TRADERS INDIA PRIVATE LIMITED,2026-08-03,2026-09-02,27781.75,false,,paid
INV-2026-001477,ANANTAPUR ELECTRICALS LLP,2026-06-02,2026-07-02,112000.50,false,,paid
INV-2026-001478,CHANDRAPUR CERAMICS PVT LTD,2026-07-24,2026-08-23,10724.25,false,,paid
INV-2026-001479,RAIPUR INFRAPROJECTS AND COMPANY,2026-07-05,2026-08-04,88000.00,false,,paid
INV-2026-001480,ANANTAPUR REFRACTORIES LIMITED,2026-06-20,2026-07-20,284000.75,false,,paid
INV-2026-001481,UDAIPUR PACKAGING LLP,2026-08-03,2026-09-02,75000.00,false,,paid
INV-2026-001482,BHAVNAGAR LOGISTICS PRIVATE LIMITED,2026-06-26,2026-07-26,15000.00,false,,paid
INV-2026-001483,DHANBAD TEXTILES PVT LTD,2026-06-12,2026-07-12,36814.00,false,,paid
INV-2026-001484,BHILAI SOFTWARE SERVICES PRIVATE LIMITED,2026-06-25,2026-07-25,40000.00,false,,paid
INV-2026-001485,INDORE INDUSTRIES INDIA PRIVATE LIMITED,2026-07-14,2026-08-13,25000.00,false,,paid
INV-2026-001486,MYSORE METALS LIMITED,2026-07-31,2026-08-30,16435.00,false,,paid
INV-2026-001487,BHILAI CASTINGS LLP,2026-08-15,2026-09-14,223000.00,false,,paid
INV-2026-001488,AMRAVATI AGRO EXPORTS PRIVATE LIMITED,2026-06-14,2026-07-14,31339.99,false,,paid
INV-2026-001489,AMRAVATI TEXTILES PVT LTD,2026-08-13,2026-09-12,27557.99,false,,paid
INV-2026-001490,NASHIK INDUSTRIES INDIA PRIVATE LIMITED,2026-08-15,2026-09-14,8655.00,false,,paid
INV-2026-001491,CHENNAI LOGISTICS PRIVATE LIMITED,2026-08-11,2026-09-10,126000.99,false,,paid
INV-2026-001492,SURAT TRADERS INDIA PRIVATE LIMITED,2026-08-04,2026-09-03,36540.00,false,,paid
INV-2026-001493,ANANTAPUR AUTO COMPONENTS PVT LTD,2026-07-02,2026-08-01,43173.00,false,,paid
INV-2026-001494,CALICUT CONTAINERS PVT LTD,2026-07-21,2026-08-20,67356.00,false,,paid
INV-2026-001495,SURAT FERTILISERS PRIVATE LIMITED,2026-07-07,2026-08-06,9419.00,false,,paid
INV-2026-001496,AMRAVATI AUTO COMPONENTS PVT LTD,2026-07-06,2026-08-05,20968.00,false,,paid
INV-2026-001497,SILIGURI AGRO EXPORTS PRIVATE LIMITED,2026-06-05,2026-07-05,10744.25,false,,paid
INV-2026-001498,KAKINADA HANDICRAFTS LLP,2026-07-10,2026-08-09,219000.00,false,,paid
INV-2026-001499,AMRAVATI AGRO EXPORTS PRIVATE LIMITED,2026-07-14,2026-08-13,69000.00,false,,paid
INV-2026-001500,HALDIA CABLES PRIVATE LIMITED,2026-06-08,2026-07-08,107473.00,false,,paid
INV-2026-001501,BHOPAL TRANSPORT AND COMPANY,2026-07-04,2026-08-03,62681.00,false,,paid
INV-2026-001502,TIRUPUR DIAGNOSTICS LIMITED,2026-07-16,2026-08-15,11044.00,false,,paid
INV-2026-001503,AURANGABAD HOSPITALITY PVT LTD,2026-08-10,2026-09-09,61948.00,false,,paid
INV-2026-001504,INDORE TEXTILES PVT LTD,2026-07-20,2026-08-19,43195.00,false,,paid
INV-2026-001505,AMRAVATI BEARINGS LIMITED,2026-06-12,2026-07-12,242000.75,false,,paid
INV-2026-001506,AMRAVATI AGRO EXPORTS PRIVATE LIMITED,2026-07-17,2026-08-16,19061.99,false,,paid
INV-2026-001507,DHANBAD FOODS PVT LTD,2026-06-08,2026-07-08,60000.00,false,,paid
INV-2026-001508,KANPUR MEDIA PVT LTD,2026-08-04,2026-09-03,25000.00,false,,paid
INV-2026-001509,BELGAUM HANDICRAFTS LLP,2026-06-17,2026-07-17,181000.00,false,,paid
INV-2026-001510,ERNAKULAM HOSPITALITY PVT LTD,2026-06-06,2026-07-06,100000.00,false,,paid
INV-2026-001511,BHOPAL PRINTERS PVT LTD,2026-08-14,2026-09-13,16249.00,false,,paid
INV-2026-001512,CHENNAI CONTAINERS PVT LTD,2026-08-18,2026-09-17,17797.00,false,,paid
INV-2026-001513,CHENNAI CONTAINERS PVT LTD,2026-08-06,2026-09-05,20000.75,false,,paid
INV-2026-001514,BHOPAL FOODS PVT LTD,2026-07-31,2026-08-30,73175.99,false,,paid
INV-2026-001515,JODHPUR FABRICATORS AND COMPANY,2026-08-08,2026-09-07,52191.50,false,,paid
INV-2026-001516,PANIPAT CERAMICS PVT LTD,2026-07-12,2026-08-11,12768.00,false,,paid
INV-2026-001517,HALDIA ELECTRICALS LLP,2026-08-19,2026-09-18,58488.00,false,,paid
INV-2026-001518,KAKINADA PAPER MILLS PVT LTD,2026-07-23,2026-08-22,16364.00,false,,paid
INV-2026-001519,JABALPUR DIAGNOSTICS LIMITED,2026-06-11,2026-07-11,222073.25,false,,paid
INV-2026-001520,GUNTUR ENTERPRISES INDIA PRIVATE LIMITED,2026-07-06,2026-08-05,15000.25,false,,paid
INV-2026-001521,BHILAI LOGISTICS PRIVATE LIMITED,2026-07-21,2026-08-20,50000.00,false,,paid
INV-2026-001522,RAJKOT CHEMICALS INDIA PRIVATE LIMITED,2026-08-28,2026-09-27,7620.00,false,,paid
INV-2026-001523,MADURAI COLD STORAGE AND COMPANY,2026-07-29,2026-08-28,50000.99,false,,paid
INV-2026-001524,BHOPAL MEDIA PVT LTD,2026-08-25,2026-09-24,44835.25,false,,paid
INV-2026-001525,RAIPUR ENGINEERING PVT LTD,2026-08-24,2026-09-23,36841.75,false,,paid
INV-2026-001526,UDAIPUR AGRO EXPORTS PRIVATE LIMITED,2026-07-23,2026-08-22,9067.00,false,,paid
INV-2026-001527,AMRAVATI DISTRIBUTORS PRIVATE LIMITED,2026-07-13,2026-08-12,10000.00,false,,paid
INV-2026-001528,ANANTAPUR MEDIA PVT LTD,2026-08-21,2026-09-20,139000.00,false,,paid
INV-2026-001529,KAKINADA ENTERPRISES INDIA PRIVATE LIMITED,2026-08-04,2026-09-03,11723.75,false,,paid
INV-2026-001530,BHOPAL INDUSTRIES INDIA PRIVATE LIMITED,2026-07-22,2026-08-21,239000.00,false,,paid
INV-2026-001531,HUBLI HOSPITALITY PVT LTD,2026-07-20,2026-08-19,274765.00,false,,paid
INV-2026-001532,AURANGABAD PAPER MILLS PVT LTD,2026-07-17,2026-08-16,21819.00,false,,paid
INV-2026-001533,CHANDRAPUR ENTERPRISES INDIA PRIVATE LIMITED,2026-06-11,2026-07-11,4235.00,false,,paid
INV-2026-001534,BHILAI CONTAINERS PVT LTD,2026-07-27,2026-08-26,5437.99,false,,paid
INV-2026-001535,SILIGURI POLYMERS PRIVATE LIMITED,2026-06-09,2026-07-09,26128.75,false,,paid
INV-2026-001536,KOLHAPUR CABLES PRIVATE LIMITED,2026-08-22,2026-09-21,20000.00,false,,paid
INV-2026-001537,AURANGABAD CABLES PRIVATE LIMITED,2026-06-11,2026-07-11,200151.75,false,,paid
INV-2026-001538,BHAVNAGAR HANDICRAFTS LLP,2026-08-24,2026-09-23,5000.75,false,,paid
INV-2026-001539,RAIPUR LOGISTICS PRIVATE LIMITED,2026-07-24,2026-08-23,28552.00,false,,paid
INV-2026-001540,BHILAI INFRAPROJECTS AND COMPANY,2026-08-06,2026-09-05,108622.00,false,,paid
INV-2026-001541,AURANGABAD FOODS PVT LTD,2026-08-27,2026-09-26,320580.00,false,,paid
INV-2026-001542,HOSUR SOFTWARE SERVICES PRIVATE LIMITED,2026-07-18,2026-08-17,63278.00,false,,paid
INV-2026-001543,INDORE METALS LIMITED,2026-06-23,2026-07-23,67924.50,false,,paid
INV-2026-001544,GODAVARI ELECTRICALS LLP,2026-07-12,2026-08-11,125000.00,false,,paid
INV-2026-001545,DEHRADUN ENGINEERING PVT LTD,2026-08-12,2026-09-11,299000.00,false,,paid
INV-2026-001546,BHILAI FERTILISERS PRIVATE LIMITED,2026-07-03,2026-08-02,3453.00,false,,paid
INV-2026-001547,JAMNAGAR HANDICRAFTS LLP,2026-07-20,2026-08-19,17224.25,false,,paid
INV-2026-001548,JALANDHAR CONTAINERS PVT LTD,2026-07-14,2026-08-13,101632.75,false,,paid
INV-2026-001549,AMRAVATI HOSPITALITY PVT LTD,2026-08-01,2026-08-31,125000.75,false,,paid
INV-2026-001550,AMRAVATI INDUSTRIES INDIA PRIVATE LIMITED,2026-08-27,2026-09-26,5150.00,false,,paid
INV-2026-001551,CALICUT PRINTERS PVT LTD,2026-08-16,2026-09-15,50227.99,false,,paid
INV-2026-001552,DHANBAD PHARMACEUTICALS INDIA PRIVATE LIMITED,2026-08-23,2026-09-22,10000.00,false,,paid
INV-2026-001553,DEHRADUN BEARINGS LIMITED,2026-08-18,2026-09-17,22663.00,false,,paid
INV-2026-001554,ANANTAPUR LOGISTICS PRIVATE LIMITED,2026-07-14,2026-08-13,25232.00,false,,paid
INV-2026-001555,BHAVNAGAR AUTO COMPONENTS PVT LTD,2026-08-09,2026-09-08,73796.99,false,,paid
INV-2026-001556,RAIPUR REFRACTORIES LIMITED,2026-07-31,2026-08-30,22165.00,false,,paid
INV-2026-001557,RAIPUR CASTINGS LLP,2026-06-25,2026-07-25,109850.00,false,,paid
INV-2026-001558,JALANDHAR HOSPITALITY PVT LTD,2026-07-17,2026-08-16,500000.00,false,,paid
INV-2026-001559,JODHPUR REFRACTORIES LIMITED,2026-08-13,2026-09-12,208000.00,false,,paid
INV-2026-001560,COIMBATORE FORGINGS LIMITED,2026-07-28,2026-08-27,48421.75,false,,paid
INV-2026-001561,BHOPAL CERAMICS PVT LTD,2026-08-19,2026-09-18,18002.00,false,,paid
INV-2026-001562,BELGAUM FORGINGS LIMITED,2026-06-16,2026-07-16,16350.00,false,,paid
INV-2026-001563,LUDHIANA BEARINGS LIMITED,2026-08-06,2026-09-05,130231.00,false,,paid
INV-2026-001564,NAGPUR HANDICRAFTS LLP,2026-06-26,2026-07-26,98000.00,false,,paid
INV-2026-001565,MEERUT TRADERS INDIA PRIVATE LIMITED,2026-06-29,2026-07-29,20387.00,false,,paid
INV-2026-001566,CHANDRAPUR CASTINGS LLP,2026-08-28,2026-09-27,153934.00,false,,paid
INV-2026-001567,CALICUT FOODS PVT LTD,2026-06-24,2026-07-24,20000.50,false,,paid
INV-2026-001568,COIMBATORE CASTINGS LLP,2026-08-08,2026-09-07,20749.00,false,,paid
INV-2026-001569,JAMNAGAR TEXTILES PVT LTD,2026-07-01,2026-07-31,75000.00,false,,paid
INV-2026-001570,AURANGABAD GARMENTS PRIVATE LIMITED,2026-07-11,2026-08-10,65289.00,false,,paid
INV-2026-001571,AURANGABAD INFRAPROJECTS AND COMPANY,2026-06-03,2026-07-03,295000.00,false,,paid
INV-2026-001572,NARMADA INDUSTRIES INDIA PRIVATE LIMITED,2026-07-14,2026-08-13,247000.00,false,,paid
INV-2026-001573,AMRAVATI GARMENTS PRIVATE LIMITED,2026-06-10,2026-07-10,178000.00,false,,paid
INV-2026-001574,SILIGURI INDUSTRIES INDIA PRIVATE LIMITED,2026-07-18,2026-08-17,4415.00,false,,paid
INV-2026-001575,HUBLI FORGINGS LIMITED,2026-08-03,2026-09-02,6929.75,false,,paid
INV-2026-001576,MADURAI REFRACTORIES LIMITED,2026-07-01,2026-07-31,125000.99,false,,paid
INV-2026-001577,HALDIA TRADERS INDIA PRIVATE LIMITED,2026-06-14,2026-07-14,20993.25,false,,paid
INV-2026-001578,GUNTUR FORGINGS LIMITED,2026-08-05,2026-09-04,5723.00,false,,paid
INV-2026-001579,CHENNAI TEXTILES PVT LTD,2026-06-21,2026-07-21,25000.00,false,,paid
INV-2026-001580,JAMNAGAR SOFTWARE SERVICES PRIVATE LIMITED,2026-08-20,2026-09-19,23728.00,false,,paid
INV-2026-001581,COIMBATORE BEARINGS LIMITED,2026-08-02,2026-09-01,109893.00,false,,paid
INV-2026-001582,BHOPAL FABRICATORS AND COMPANY,2026-08-07,2026-09-06,22277.00,false,,paid
INV-2026-001583,BHAVNAGAR COLD STORAGE AND COMPANY,2026-07-04,2026-08-03,83366.00,false,,paid
INV-2026-001584,MADURAI TRANSPORT AND COMPANY,2026-07-10,2026-08-09,8946.00,false,,paid
INV-2026-001585,UDAIPUR DIAGNOSTICS LIMITED,2026-08-12,2026-09-11,31494.00,false,,paid
INV-2026-001586,AMRAVATI FERTILISERS PRIVATE LIMITED,2026-06-08,2026-07-08,100000.00,false,,paid
INV-2026-001587,LUDHIANA AGRO EXPORTS PRIVATE LIMITED,2026-07-14,2026-08-13,30000.25,false,,paid
INV-2026-001588,CUTTACK INDUSTRIES INDIA PRIVATE LIMITED,2026-08-18,2026-09-17,17294.00,false,,paid
INV-2026-001589,CALICUT DIAGNOSTICS LIMITED,2026-06-10,2026-07-10,22000.00,false,,paid
INV-2026-001590,MYSORE MEDIA PVT LTD,2026-07-11,2026-08-10,48646.50,false,,paid
INV-2026-001591,CHENNAI HOSPITALITY PVT LTD,2026-07-14,2026-08-13,20000.00,false,,paid
INV-2026-001592,BHOPAL SPINNERS LLP,2026-06-28,2026-07-28,258000.00,false,,paid
INV-2026-001593,DHANBAD SPINNERS LLP,2026-07-28,2026-08-27,28382.00,false,,paid
INV-2026-001594,AMRAVATI AGRO EXPORTS PRIVATE LIMITED,2026-06-09,2026-07-09,250000.00,false,,paid
INV-2026-001595,AURANGABAD TEXTILES PVT LTD,2026-07-27,2026-08-26,23226.00,false,,paid
INV-2026-001596,BHILAI CONTAINERS PVT LTD,2026-07-30,2026-08-29,10000.99,false,,paid
INV-2026-001597,RAJKOT SOFTWARE SERVICES PRIVATE LIMITED,2026-07-25,2026-08-24,20000.00,false,,paid
INV-2026-001598,SALEM PRINTERS PVT LTD,2026-08-27,2026-09-26,56000.00,false,,paid
INV-2026-001599,SOLAPUR PRINTERS PVT LTD,2026-07-29,2026-08-28,12807.00,false,,paid
INV-2026-001600,MEERUT REFRACTORIES LIMITED,2026-08-29,2026-09-28,8242.00,false,,paid
INV-2026-001601,AMRAVATI CHEMICALS INDIA PRIVATE LIMITED,2026-06-16,2026-07-16,17434.00,false,,paid
INV-2026-001602,AMRAVATI CHEMICALS INDIA PRIVATE LIMITED,2026-06-01,2026-07-01,168000.00,false,,paid
INV-2026-001603,LUDHIANA PAPER MILLS PVT LTD,2026-06-07,2026-07-07,10580.00,false,,paid
INV-2026-001604,TIRUPUR CABLES PRIVATE LIMITED,2026-06-01,2026-07-01,79495.50,false,,paid
INV-2026-001605,GWALIOR POLYMERS PRIVATE LIMITED,2026-07-23,2026-08-22,13369.00,false,,paid
INV-2026-001606,CHANDRAPUR AGRO EXPORTS PRIVATE LIMITED,2026-06-25,2026-07-25,50000.50,false,,paid
INV-2026-001607,GWALIOR CERAMICS PVT LTD,2026-08-08,2026-09-07,20984.50,false,,paid
INV-2026-001608,BHILAI HOSPITALITY PVT LTD,2026-07-06,2026-08-05,155000.00,false,,paid
INV-2026-001609,AMRAVATI AGRO EXPORTS PRIVATE LIMITED,2026-07-15,2026-08-14,65438.00,false,,paid
INV-2026-001610,SOLAPUR HANDICRAFTS LLP,2026-07-21,2026-08-20,86162.00,false,,paid
INV-2026-001611,ERNAKULAM AUTO COMPONENTS PVT LTD,2026-07-15,2026-08-14,251000.75,false,,paid
INV-2026-001612,SURAT ELECTRICALS LLP,2026-06-21,2026-07-21,61774.00,false,,paid
INV-2026-001613,SURAT ENGINEERING PVT LTD,2026-06-11,2026-07-11,149463.50,false,,paid
INV-2026-001614,CUTTACK CONTAINERS PVT LTD,2026-08-26,2026-09-25,500000.00,false,,paid
INV-2026-001615,AMRAVATI CERAMICS PVT LTD,2026-08-05,2026-09-04,4713.00,false,,paid
INV-2026-001616,HOSUR SOFTWARE SERVICES PRIVATE LIMITED,2026-08-21,2026-09-20,60000.00,false,,paid
INV-2026-001617,ERNAKULAM METALS LIMITED,2026-06-27,2026-07-27,18451.00,false,,paid
INV-2026-001618,CUTTACK ENGINEERING PVT LTD,2026-07-09,2026-08-08,20000.00,false,,paid
INV-2026-001619,AMRAVATI CHEMICALS INDIA PRIVATE LIMITED,2026-07-13,2026-08-12,13182.00,false,,paid
INV-2026-001620,SOLAPUR HANDICRAFTS LLP,2026-07-14,2026-08-13,165209.00,false,,paid
INV-2026-001621,COIMBATORE MEDIA PVT LTD,2026-08-15,2026-09-14,201619.00,false,,paid
INV-2026-001622,LUDHIANA CABLES PRIVATE LIMITED,2026-08-29,2026-09-28,50000.00,false,,paid
INV-2026-001623,AMRAVATI COLD STORAGE AND COMPANY,2026-06-03,2026-07-03,250000.50,false,,paid
INV-2026-001624,TIRUPUR CABLES PRIVATE LIMITED,2026-08-24,2026-09-23,50938.75,false,,paid
INV-2026-001625,HALDIA HOSPITALITY PVT LTD,2026-08-13,2026-09-12,129219.50,false,,paid
INV-2026-001626,CHENNAI FOODS PVT LTD,2026-07-21,2026-08-20,25168.00,false,,paid
INV-2026-001627,KAKINADA AGRO EXPORTS PRIVATE LIMITED,2026-07-06,2026-08-05,130000.75,false,,paid
INV-2026-001628,VARANASI COLD STORAGE AND COMPANY,2026-07-04,2026-08-03,150000.00,false,,paid
INV-2026-001629,GWALIOR CABLES PRIVATE LIMITED,2026-06-28,2026-07-28,3031.00,false,,paid
INV-2026-001630,CHENNAI COLD STORAGE AND COMPANY,2026-06-26,2026-07-26,30000.00,false,,paid
INV-2026-001631,RAJKOT METALS LIMITED,2026-07-11,2026-08-10,53186.00,false,,paid
INV-2026-001632,NAGPUR TRADERS INDIA PRIVATE LIMITED,2026-07-28,2026-08-27,23396.00,false,,paid
INV-2026-001633,GWALIOR REFRACTORIES LIMITED,2026-07-22,2026-08-21,2279.00,false,,paid
INV-2026-001634,SALEM FORGINGS LIMITED,2026-08-14,2026-09-13,166000.75,false,,paid
INV-2026-001635,DEHRADUN LOGISTICS PRIVATE LIMITED,2026-08-06,2026-09-05,70588.00,false,,paid
INV-2026-001636,BHILAI BEARINGS LIMITED,2026-06-04,2026-07-04,12627.99,false,,paid
INV-2026-001637,INDORE LOGISTICS PRIVATE LIMITED,2026-06-30,2026-07-30,38072.00,false,,paid
INV-2026-001638,AMRAVATI AGRO EXPORTS PRIVATE LIMITED,2026-08-23,2026-09-22,25000.50,false,,paid
INV-2026-001639,AMRAVATI HANDICRAFTS LLP,2026-06-11,2026-07-11,32503.00,false,,paid
INV-2026-001640,GODAVARI POLYMERS PRIVATE LIMITED,2026-07-03,2026-08-02,24099.00,false,,paid
INV-2026-001641,CALICUT SPINNERS LLP,2026-08-18,2026-09-17,57490.00,false,,paid
INV-2026-001642,AMRAVATI CABLES PRIVATE LIMITED,2026-08-09,2026-09-08,16356.99,false,,paid
INV-2026-001643,CUTTACK INDUSTRIES INDIA PRIVATE LIMITED,2026-07-05,2026-08-04,192000.00,false,,paid
INV-2026-001644,CHANDRAPUR CONTAINERS PVT LTD,2026-06-14,2026-07-14,138873.00,false,,paid
INV-2026-001645,AMRAVATI CABLES PRIVATE LIMITED,2026-08-13,2026-09-12,15000.00,false,,paid
INV-2026-001646,AMRAVATI HOSPITALITY PVT LTD,2026-06-05,2026-07-05,24504.00,false,,paid
INV-2026-001647,JALANDHAR CONSTRUCTIONS PRIVATE LIMITED,2026-07-20,2026-08-19,86000.00,false,,paid
INV-2026-001648,ANANTAPUR FABRICATORS AND COMPANY,2026-07-21,2026-08-20,33555.99,false,,paid
INV-2026-001649,KANPUR LOGISTICS PRIVATE LIMITED,2026-07-06,2026-08-05,14745.00,false,,paid
INV-2026-001650,AMRAVATI TRANSPORT AND COMPANY,2026-07-27,2026-08-26,125000.00,false,,paid
INV-2026-001651,ANANTAPUR FORGINGS LIMITED,2026-08-24,2026-09-23,8117.00,false,,paid
INV-2026-001652,BELGAUM CONTAINERS PVT LTD,2026-08-10,2026-09-09,280000.99,false,,paid
INV-2026-001653,SOLAPUR TRADERS INDIA PRIVATE LIMITED,2026-06-24,2026-07-24,32370.00,false,,paid
INV-2026-001654,GODAVARI TRADERS INDIA PRIVATE LIMITED,2026-07-08,2026-08-07,29096.75,false,,paid
INV-2026-001655,AMRAVATI PACKAGING LLP,2026-06-27,2026-07-27,78843.00,false,,paid
INV-2026-001656,HOSUR SOFTWARE SERVICES PRIVATE LIMITED,2026-06-04,2026-07-04,134623.99,false,,paid
INV-2026-001657,SURAT COLD STORAGE AND COMPANY,2026-07-23,2026-08-22,500000.00,false,,paid
INV-2026-001658,CUTTACK LOGISTICS PRIVATE LIMITED,2026-06-10,2026-07-10,69325.00,false,,paid
INV-2026-001659,AMRAVATI INDUSTRIES INDIA PRIVATE LIMITED,2026-06-22,2026-07-22,49654.00,false,,paid
INV-2026-001660,BHOPAL PHARMACEUTICALS INDIA PRIVATE LIMITED,2026-06-11,2026-07-11,25000.00,false,,paid
INV-2026-001661,COIMBATORE TRADERS INDIA PRIVATE LIMITED,2026-06-19,2026-07-19,100000.00,false,,paid
INV-2026-001662,GODAVARI CONTAINERS PVT LTD,2026-07-14,2026-08-13,189000.00,false,,paid
INV-2026-001663,SILIGURI AGRO EXPORTS PRIVATE LIMITED,2026-08-10,2026-09-09,9913.50,false,,paid
INV-2026-001664,AMRAVATI COLD STORAGE AND COMPANY,2026-08-14,2026-09-13,25656.75,false,,paid
INV-2026-001665,CHANDRAPUR POLYMERS PRIVATE LIMITED,2026-08-19,2026-09-18,96000.00,false,,paid
INV-2026-001666,DEHRADUN TRADERS INDIA PRIVATE LIMITED,2026-06-05,2026-07-05,59613.00,false,,paid
INV-2026-001667,AMRAVATI FABRICATORS AND COMPANY,2026-08-19,2026-09-18,183000.00,false,,paid
INV-2026-001668,CHANDRAPUR FOODS PVT LTD,2026-08-17,2026-09-16,121412.75,false,,paid
INV-2026-001669,AMRAVATI AGRO EXPORTS PRIVATE LIMITED,2026-07-20,2026-08-19,123000.00,false,,paid
INV-2026-001670,NASHIK CABLES PRIVATE LIMITED,2026-06-10,2026-07-10,10000.50,false,,paid
INV-2026-001671,CALICUT PACKAGING LLP,2026-08-05,2026-09-04,30410.00,false,,paid
INV-2026-001672,DEHRADUN TRADERS INDIA PRIVATE LIMITED,2026-08-13,2026-09-12,23561.25,false,,paid
INV-2026-001673,NASHIK SOFTWARE SERVICES PRIVATE LIMITED,2026-08-10,2026-09-09,209000.00,false,,paid
INV-2026-001674,HALDIA SPINNERS LLP,2026-07-01,2026-07-31,10070.00,false,,paid
INV-2026-001675,GANDHINAGAR AGRO EXPORTS PRIVATE LIMITED,2026-06-09,2026-07-09,2802.00,false,,paid
INV-2026-001676,INDORE HOSPITALITY PVT LTD,2026-07-26,2026-08-25,298899.00,false,,paid
INV-2026-001677,AMRAVATI CERAMICS PVT LTD,2026-07-12,2026-08-11,500000.00,false,,paid
INV-2026-001678,AMRAVATI AUTO COMPONENTS PVT LTD,2026-08-23,2026-09-22,33168.00,false,,paid
INV-2026-001679,TRICHY CASTINGS LLP,2026-07-19,2026-08-18,33509.00,false,,paid
INV-2026-001680,AMRAVATI AUTO COMPONENTS PVT LTD,2026-08-14,2026-09-13,23452.25,false,,paid
INV-2026-001681,AURANGABAD ENGINEERING PVT LTD,2026-08-23,2026-09-22,10435.00,false,,paid
INV-2026-001682,GANDHINAGAR CERAMICS PVT LTD,2026-07-10,2026-08-09,200000.50,false,,paid
INV-2026-001683,BHILAI FERTILISERS PRIVATE LIMITED,2026-08-06,2026-09-05,11746.75,false,,paid
INV-2026-001684,BELGAUM PRINTERS PVT LTD,2026-07-05,2026-08-04,263000.00,false,,paid
INV-2026-001685,MEERUT DIAGNOSTICS LIMITED,2026-06-03,2026-07-03,3070.00,false,,paid
INV-2026-001686,KOLHAPUR CONTAINERS PVT LTD,2026-07-11,2026-08-10,60000.00,false,,paid
INV-2026-001687,SOLAPUR PAPER MILLS PVT LTD,2026-08-28,2026-09-27,9379.50,false,,paid
INV-2026-001688,AMRAVATI AGRO EXPORTS PRIVATE LIMITED,2026-08-28,2026-09-27,40000.00,false,,paid
INV-2026-001689,MYSORE TEXTILES PVT LTD,2026-07-16,2026-08-15,30000.00,false,,paid
INV-2026-001690,BHILAI HOSPITALITY PVT LTD,2026-06-09,2026-07-09,48446.00,false,,paid
INV-2026-001691,CUTTACK DIAGNOSTICS LIMITED,2026-08-02,2026-09-01,104932.00,false,,paid
INV-2026-001692,CUTTACK PACKAGING LLP,2026-08-21,2026-09-20,75000.00,false,,paid
INV-2026-001693,RAIPUR FERTILISERS PRIVATE LIMITED,2026-07-31,2026-08-30,25965.00,false,,paid
INV-2026-001694,UDAIPUR LOGISTICS PRIVATE LIMITED,2026-07-03,2026-08-02,75000.75,false,,paid
INV-2026-001695,TIRUPUR ENGINEERING PVT LTD,2026-07-08,2026-08-07,500000.99,false,,paid
INV-2026-001696,INDORE HOSPITALITY PVT LTD,2026-08-01,2026-08-31,497614.99,false,,paid
INV-2026-001697,AURANGABAD LOGISTICS PRIVATE LIMITED,2026-06-01,2026-07-01,61649.00,false,,paid
INV-2026-001698,JALANDHAR GARMENTS PRIVATE LIMITED,2026-08-13,2026-09-12,192224.25,false,,paid
INV-2026-001699,KANPUR GARMENTS PRIVATE LIMITED,2026-06-18,2026-07-18,13166.00,false,,paid
INV-2026-001700,AMRAVATI PRINTERS PVT LTD,2026-06-24,2026-07-24,68000.25,false,,paid
INV-2026-001701,JALANDHAR MEDIA PVT LTD,2026-07-13,2026-08-12,67914.00,false,,paid
INV-2026-001702,INDORE AGRO EXPORTS PRIVATE LIMITED,2026-07-23,2026-08-22,108000.00,false,,paid
INV-2026-001703,GWALIOR METALS LIMITED,2026-06-30,2026-07-30,40000.00,false,,paid
INV-2026-001704,HALDIA DIAGNOSTICS LIMITED,2026-07-06,2026-08-05,50794.00,false,,paid
INV-2026-001705,COIMBATORE PAPER MILLS PVT LTD,2026-07-16,2026-08-15,15797.00,false,,paid
INV-2026-001706,GODAVARI SOFTWARE SERVICES PRIVATE LIMITED,2026-06-27,2026-07-27,11539.00,false,,paid
INV-2026-001707,AMRAVATI CERAMICS PVT LTD,2026-07-15,2026-08-14,46725.00,false,,paid
INV-2026-001708,MYSORE FABRICATORS AND COMPANY,2026-08-11,2026-09-10,11168.00,false,,paid
INV-2026-001709,AURANGABAD ENTERPRISES INDIA PRIVATE LIMITED,2026-08-18,2026-09-17,33679.00,false,,paid
INV-2026-001710,AMRAVATI AUTO COMPONENTS PVT LTD,2026-06-27,2026-07-27,9848.99,false,,paid
INV-2026-001711,BHILAI TEXTILES PVT LTD,2026-06-02,2026-07-02,17687.00,false,,paid
INV-2026-001712,GANDHINAGAR LOGISTICS PRIVATE LIMITED,2026-08-18,2026-09-17,500000.00,false,,paid
INV-2026-001713,GODAVARI DISTRIBUTORS PRIVATE LIMITED,2026-07-02,2026-08-01,5446.00,false,,paid
INV-2026-001714,BHOPAL ELECTRICALS LLP,2026-07-09,2026-08-08,75637.00,false,,paid
INV-2026-001715,AMRAVATI AUTO COMPONENTS PVT LTD,2026-07-06,2026-08-05,262000.99,false,,paid
INV-2026-001716,BHAVNAGAR PACKAGING LLP,2026-06-06,2026-07-06,101921.00,false,,paid
INV-2026-001717,JABALPUR CERAMICS PVT LTD,2026-06-24,2026-07-24,66636.00,false,,paid
INV-2026-001718,AMRAVATI AGRO EXPORTS PRIVATE LIMITED,2026-06-28,2026-07-28,3896.00,false,,paid
INV-2026-001719,AMRAVATI COLD STORAGE AND COMPANY,2026-07-16,2026-08-15,99559.00,false,,paid
INV-2026-001720,AMRAVATI DIAGNOSTICS LIMITED,2026-08-08,2026-09-07,50000.99,false,,paid
INV-2026-001721,AMRAVATI AGRO EXPORTS PRIVATE LIMITED,2026-08-15,2026-09-14,16089.00,false,,paid
INV-2026-001722,CHANDRAPUR METALS LIMITED,2026-08-09,2026-09-08,77699.00,false,,paid
INV-2026-001723,AURANGABAD REFRACTORIES LIMITED,2026-08-22,2026-09-21,142007.00,false,,paid
INV-2026-001724,DEHRADUN REFRACTORIES LIMITED,2026-07-07,2026-08-06,59294.00,false,,paid
INV-2026-001725,JALANDHAR PAPER MILLS PVT LTD,2026-07-06,2026-08-05,67198.00,false,,paid
INV-2026-001726,MYSORE PRINTERS PVT LTD,2026-08-27,2026-09-26,150000.00,false,,paid
INV-2026-001727,DEHRADUN ENGINEERING PVT LTD,2026-07-06,2026-08-05,60000.00,false,,paid
INV-2026-001728,BHOPAL TEXTILES PVT LTD,2026-06-06,2026-07-06,70198.50,false,,paid
INV-2026-001729,SOLAPUR PRINTERS PVT LTD,2026-08-09,2026-09-08,150000.00,false,,paid
INV-2026-001730,MADURAI DIAGNOSTICS LIMITED,2026-07-17,2026-08-16,27307.00,false,,paid
INV-2026-001731,AURANGABAD SPINNERS LLP,2026-06-09,2026-07-09,26211.00,false,,paid
INV-2026-001732,AMRAVATI AGRO EXPORTS PRIVATE LIMITED,2026-07-02,2026-08-01,35623.00,false,,paid
INV-2026-001733,MEERUT HANDICRAFTS LLP,2026-07-04,2026-08-03,43948.00,false,,paid
INV-2026-001734,AMRAVATI FERTILISERS PRIVATE LIMITED,2026-08-12,2026-09-11,500000.00,false,,paid
INV-2026-001735,KOLHAPUR INFRAPROJECTS AND COMPANY,2026-06-17,2026-07-17,7503.75,false,,paid
INV-2026-001736,TIRUPUR ENGINEERING PVT LTD,2026-07-02,2026-08-01,15690.00,false,,paid
INV-2026-001737,AURANGABAD FOODS PVT LTD,2026-06-08,2026-07-08,17858.50,false,,paid
INV-2026-001738,GUNTUR ENTERPRISES INDIA PRIVATE LIMITED,2026-07-04,2026-08-03,122648.00,false,,paid
INV-2026-001739,AMRAVATI BEARINGS LIMITED,2026-07-17,2026-08-16,53699.00,false,,paid
INV-2026-001740,AURANGABAD HANDICRAFTS LLP,2026-08-09,2026-09-08,255000.00,false,,paid
INV-2026-001741,ANANTAPUR CASTINGS LLP,2026-07-07,2026-08-06,21342.00,false,,paid
INV-2026-001742,INDORE SPINNERS LLP,2026-07-10,2026-08-09,19358.99,false,,paid
INV-2026-001743,MANGALORE INDUSTRIES INDIA PRIVATE LIMITED,2026-06-16,2026-07-16,30000.50,false,,paid
INV-2026-001744,PANIPAT CABLES PRIVATE LIMITED,2026-08-24,2026-09-23,9084.50,false,,paid
INV-2026-001745,DEHRADUN PACKAGING LLP,2026-07-26,2026-08-25,310371.00,false,,paid
INV-2026-001746,HALDIA PACKAGING LLP,2026-08-13,2026-09-12,87525.75,false,,paid
INV-2026-001747,CHENNAI PAPER MILLS PVT LTD,2026-06-10,2026-07-10,47753.99,false,,paid
INV-2026-001748,HALDIA AUTO COMPONENTS PVT LTD,2026-06-13,2026-07-13,13081.00,false,,paid
INV-2026-001749,AMRAVATI AGRO EXPORTS PRIVATE LIMITED,2026-07-20,2026-08-19,150000.00,false,,paid
INV-2026-001750,BHOPAL TRADERS INDIA PRIVATE LIMITED,2026-06-24,2026-07-24,15798.00,false,,paid
INV-2026-001751,TRICHY MEDIA PVT LTD,2026-08-25,2026-09-24,23640.00,false,,paid
INV-2026-001752,KRISHNA COLD STORAGE AND COMPANY,2026-08-08,2026-09-07,11892.00,false,,paid
INV-2026-001753,ANANTAPUR SPINNERS LLP,2026-08-03,2026-09-02,60088.00,false,,paid
INV-2026-001754,JABALPUR SPINNERS LLP,2026-07-27,2026-08-26,123000.00,false,,paid
INV-2026-001755,GODAVARI GARMENTS PRIVATE LIMITED,2026-07-15,2026-08-14,14000.00,false,,paid
INV-2026-001756,BHILAI DISTRIBUTORS PRIVATE LIMITED,2026-07-06,2026-08-05,269000.00,false,,paid
INV-2026-001757,BELGAUM SPINNERS LLP,2026-08-14,2026-09-13,273000.00,false,,paid
INV-2026-001758,GANDHINAGAR CABLES PRIVATE LIMITED,2026-06-07,2026-07-07,172000.00,false,,paid
INV-2026-001759,CALICUT POLYMERS PRIVATE LIMITED,2026-06-03,2026-07-03,61168.00,false,,paid
INV-2026-001760,BHILAI FABRICATORS AND COMPANY,2026-07-22,2026-08-21,250000.00,false,,paid
INV-2026-001761,MEERUT INDUSTRIES INDIA PRIVATE LIMITED,2026-08-16,2026-09-15,3909.00,false,,paid
INV-2026-001762,DEHRADUN PAPER MILLS PVT LTD,2026-06-16,2026-07-16,33671.75,false,,paid
INV-2026-001763,CALICUT DIAGNOSTICS LIMITED,2026-06-01,2026-07-01,24296.00,false,,paid
INV-2026-001764,CHANDRAPUR TRADERS INDIA PRIVATE LIMITED,2026-08-10,2026-09-09,134000.25,false,,paid
INV-2026-001765,AMRAVATI HANDICRAFTS LLP,2026-08-16,2026-09-15,72118.00,false,,paid
INV-2026-001766,ANANTAPUR TRANSPORT AND COMPANY,2026-06-21,2026-07-21,94854.00,false,,paid
INV-2026-001767,AURANGABAD GARMENTS PRIVATE LIMITED,2026-06-08,2026-07-08,67606.00,false,,paid
INV-2026-001768,COIMBATORE AUTO COMPONENTS PVT LTD,2026-08-02,2026-09-01,15000.00,false,,paid
INV-2026-001769,BELGAUM DISTRIBUTORS PRIVATE LIMITED,2026-08-05,2026-09-04,22000.00,false,,paid
INV-2026-001770,CHENNAI ELECTRICALS LLP,2026-07-08,2026-08-07,60000.00,false,,paid
INV-2026-001771,BHOPAL ENTERPRISES INDIA PRIVATE LIMITED,2026-08-20,2026-09-19,229000.99,false,,paid
INV-2026-001772,CHANDRAPUR CABLES PRIVATE LIMITED,2026-07-13,2026-08-12,2259.00,false,,paid
INV-2026-001773,GUNTUR MEDIA PVT LTD,2026-06-04,2026-07-04,8659.00,false,,paid
INV-2026-001774,SILIGURI BEARINGS LIMITED,2026-06-14,2026-07-14,29175.00,false,,paid
INV-2026-001775,VARANASI AGRO EXPORTS PRIVATE LIMITED,2026-08-29,2026-09-28,43204.99,false,,paid
INV-2026-001776,AMRAVATI CASTINGS LLP,2026-08-20,2026-09-19,13927.25,false,,paid
INV-2026-001777,BHAVNAGAR CASTINGS LLP,2026-07-18,2026-08-17,12863.00,false,,paid
INV-2026-001778,COIMBATORE SOFTWARE SERVICES PRIVATE LIMITED,2026-08-11,2026-09-10,101552.25,false,,paid
INV-2026-001779,COIMBATORE SOFTWARE SERVICES PRIVATE LIMITED,2026-06-24,2026-07-24,48000.00,false,,paid
INV-2026-001780,JAMNAGAR ELECTRICALS LLP,2026-08-23,2026-09-22,35897.00,false,,paid
INV-2026-001781,ANANTAPUR CABLES PRIVATE LIMITED,2026-07-12,2026-08-11,19430.00,false,,paid
INV-2026-001782,AMRAVATI BEARINGS LIMITED,2026-07-02,2026-08-01,12988.50,false,,paid
INV-2026-001783,BHILAI HANDICRAFTS LLP,2026-08-04,2026-09-03,78644.99,false,,paid
INV-2026-001784,AMRAVATI BEARINGS LIMITED,2026-07-25,2026-08-24,24704.00,false,,paid
INV-2026-001785,AMRAVATI METALS LIMITED,2026-08-27,2026-09-26,25000.00,false,,paid
INV-2026-001786,KOLHAPUR AGRO EXPORTS PRIVATE LIMITED,2026-08-10,2026-09-09,36050.00,false,,paid
INV-2026-001787,HALDIA SPINNERS LLP,2026-06-27,2026-07-27,60000.00,false,,paid
INV-2026-001788,NASHIK FOODS PVT LTD,2026-07-17,2026-08-16,27484.99,false,,paid
INV-2026-001789,AURANGABAD PACKAGING LLP,2026-06-16,2026-07-16,12028.75,false,,paid
INV-2026-001790,SURAT SPINNERS LLP,2026-08-18,2026-09-17,75000.00,false,,paid
INV-2026-001791,JAMNAGAR FERTILISERS PRIVATE LIMITED,2026-06-20,2026-07-20,167000.00,false,,paid
INV-2026-001792,CUTTACK CONSTRUCTIONS PRIVATE LIMITED,2026-06-10,2026-07-10,5000.00,false,,paid
INV-2026-001793,GANDHINAGAR PAPER MILLS PVT LTD,2026-08-14,2026-09-13,272000.00,false,,paid
INV-2026-001794,BHILAI FORGINGS LIMITED,2026-06-15,2026-07-15,133462.00,false,,paid
INV-2026-001795,INDORE DIAGNOSTICS LIMITED,2026-07-01,2026-07-31,214000.00,false,,paid
INV-2026-001796,KAKINADA FERTILISERS PRIVATE LIMITED,2026-06-15,2026-07-15,60000.00,false,,paid
INV-2026-001797,BHAVNAGAR FERTILISERS PRIVATE LIMITED,2026-07-01,2026-07-31,3868.00,false,,paid
INV-2026-001798,AURANGABAD CONSTRUCTIONS PRIVATE LIMITED,2026-07-09,2026-08-08,24980.00,false,,paid
INV-2026-001799,MEERUT PLASTICS AND COMPANY,2026-06-02,2026-07-02,60000.00,false,,paid
INV-2026-001800,MEERUT ENTERPRISES INDIA PRIVATE LIMITED,2026-08-17,2026-09-16,20000.00,false,,paid
INV-2026-001801,RAJKOT INFRAPROJECTS AND COMPANY,2026-08-02,2026-09-01,12908.00,false,,paid
INV-2026-001802,PANIPAT ENTERPRISES INDIA PRIVATE LIMITED,2026-06-26,2026-07-26,15000.99,false,,paid
INV-2026-001803,MANGALORE PRINTERS PVT LTD,2026-07-07,2026-08-06,30323.00,false,,paid
INV-2026-001804,ANANTAPUR PHARMACEUTICALS INDIA PRIVATE LIMITED,2026-07-18,2026-08-17,26661.00,false,,paid
INV-2026-001805,AMRAVATI AUTO COMPONENTS PVT LTD,2026-08-13,2026-09-12,131000.00,false,,paid
INV-2026-001806,CUTTACK INDUSTRIES INDIA PRIVATE LIMITED,2026-08-05,2026-09-04,150000.00,false,,paid
INV-2026-001807,AMRAVATI GARMENTS PRIVATE LIMITED,2026-07-28,2026-08-27,44825.25,false,,paid
INV-2026-001808,BHAVNAGAR DIAGNOSTICS LIMITED,2026-08-01,2026-08-31,22129.99,false,,paid
INV-2026-001809,BELGAUM METALS LIMITED,2026-08-19,2026-09-18,252533.00,false,,paid
INV-2026-001810,COIMBATORE HANDICRAFTS LLP,2026-07-12,2026-08-11,66915.75,false,,paid
INV-2026-001811,JODHPUR PRINTERS PVT LTD,2026-08-14,2026-09-13,60128.00,false,,paid
INV-2026-001812,COIMBATORE CHEMICALS INDIA PRIVATE LIMITED,2026-08-03,2026-09-02,51676.00,false,,paid
INV-2026-001813,AMRAVATI AGRO EXPORTS PRIVATE LIMITED,2026-07-03,2026-08-02,20000.75,false,,paid
INV-2026-001814,HALDIA FOODS PVT LTD,2026-06-07,2026-07-07,375325.25,false,,paid
INV-2026-001815,AMRAVATI BEARINGS LIMITED,2026-06-11,2026-07-11,25735.00,false,,paid
INV-2026-001816,NASHIK TEXTILES PVT LTD,2026-08-18,2026-09-17,19840.00,false,,paid
INV-2026-001817,AMRAVATI HANDICRAFTS LLP,2026-07-07,2026-08-06,11523.00,false,,paid
INV-2026-001818,LUDHIANA DIAGNOSTICS LIMITED,2026-06-07,2026-07-07,2346.50,false,,paid
INV-2026-001819,AMRAVATI DIAGNOSTICS LIMITED,2026-07-24,2026-08-23,17201.25,false,,paid
INV-2026-001820,AMRAVATI CHEMICALS INDIA PRIVATE LIMITED,2026-07-08,2026-08-07,34850.50,false,,paid
INV-2026-001821,AMRAVATI HANDICRAFTS LLP,2026-07-20,2026-08-19,120898.00,false,,paid
INV-2026-001822,CHANDRAPUR DIAGNOSTICS LIMITED,2026-07-14,2026-08-13,10000.00,false,,paid
INV-2026-001823,KANPUR FORGINGS LIMITED,2026-07-08,2026-08-07,23231.00,false,,paid
INV-2026-001824,CUTTACK COLD STORAGE AND COMPANY,2026-07-06,2026-08-05,290787.25,false,,paid
INV-2026-001825,AMRAVATI PHARMACEUTICALS INDIA PRIVATE LIMITED,2026-07-10,2026-08-09,40000.00,false,,paid
INV-2026-001826,DEHRADUN BEARINGS LIMITED,2026-07-15,2026-08-14,43256.00,false,,paid
INV-2026-001827,DEHRADUN TRADERS INDIA PRIVATE LIMITED,2026-06-05,2026-07-05,101000.50,false,,paid
INV-2026-001828,TRICHY CONSTRUCTIONS PRIVATE LIMITED,2026-08-17,2026-09-16,10776.00,false,,paid
INV-2026-001829,MYSORE CERAMICS PVT LTD,2026-06-28,2026-07-28,34175.50,false,,paid
INV-2026-001830,NASHIK PHARMACEUTICALS INDIA PRIVATE LIMITED,2026-08-03,2026-09-02,8201.00,false,,paid
INV-2026-001831,GWALIOR LOGISTICS PRIVATE LIMITED,2026-08-05,2026-09-04,50000.25,false,,paid
INV-2026-001832,AMRAVATI AGRO EXPORTS PRIVATE LIMITED,2026-07-04,2026-08-03,10000.00,false,,paid
INV-2026-001833,AURANGABAD PACKAGING LLP,2026-06-14,2026-07-14,55045.00,false,,paid
INV-2026-001834,AMRAVATI AGRO EXPORTS PRIVATE LIMITED,2026-08-26,2026-09-25,37817.00,false,,paid
INV-2026-001835,RAIPUR ENTERPRISES INDIA PRIVATE LIMITED,2026-06-17,2026-07-17,5326.00,false,,paid
INV-2026-001836,JABALPUR GARMENTS PRIVATE LIMITED,2026-07-29,2026-08-28,58729.00,false,,paid
INV-2026-001837,JAMNAGAR PLASTICS AND COMPANY,2026-07-17,2026-08-16,14340.25,false,,paid
INV-2026-001838,AMRAVATI ENTERPRISES INDIA PRIVATE LIMITED,2026-07-16,2026-08-15,250000.25,false,,paid
INV-2026-001839,CALICUT GARMENTS PRIVATE LIMITED,2026-08-22,2026-09-21,19375.50,false,,paid
INV-2026-001840,HALDIA MEDIA PVT LTD,2026-06-02,2026-07-02,252000.00,false,,paid
INV-2026-001841,AMRAVATI AUTO COMPONENTS PVT LTD,2026-06-11,2026-07-11,281000.00,false,,paid
INV-2026-001842,ANANTAPUR FORGINGS LIMITED,2026-08-07,2026-09-06,193000.00,false,,paid
INV-2026-001843,GANDHINAGAR FABRICATORS AND COMPANY,2026-07-22,2026-08-21,11568.00,false,,paid
INV-2026-001844,RAIPUR PRINTERS PVT LTD,2026-07-30,2026-08-29,56952.50,false,,paid
INV-2026-001845,AMRAVATI ENTERPRISES INDIA PRIVATE LIMITED,2026-06-10,2026-07-10,25000.00,false,,paid
INV-2026-001846,KAKINADA CONSTRUCTIONS PRIVATE LIMITED,2026-08-26,2026-09-25,66000.00,false,,paid
INV-2026-001847,LUDHIANA LOGISTICS PRIVATE LIMITED,2026-08-19,2026-09-18,100000.00,false,,paid
INV-2026-001848,COIMBATORE CONSTRUCTIONS PRIVATE LIMITED,2026-08-18,2026-09-17,84683.00,false,,paid
INV-2026-001849,MYSORE SPINNERS LLP,2026-08-03,2026-09-02,5000.00,false,,paid
INV-2026-001850,CHANDRAPUR ENGINEERING PVT LTD,2026-07-04,2026-08-03,141000.00,false,,paid
INV-2026-001851,CHANDRAPUR MOTORS PRIVATE LIMITED,2026-08-23,2026-09-22,44022.00,false,,paid
INV-2026-001852,JALANDHAR POLYMERS PRIVATE LIMITED,2026-08-20,2026-09-19,50000.00,false,,paid
INV-2026-001853,GODAVARI TRADERS INDIA PRIVATE LIMITED,2026-08-26,2026-09-25,300000.00,false,,paid
INV-2026-001854,BELGAUM DISTRIBUTORS PRIVATE LIMITED,2026-08-19,2026-09-18,32525.00,false,,paid
INV-2026-001855,NASHIK METALS LIMITED,2026-08-25,2026-09-24,40000.00,false,,paid
INV-2026-001856,AMRAVATI HOSPITALITY PVT LTD,2026-06-16,2026-07-16,259000.00,false,,paid
INV-2026-001857,CHANDRAPUR AUTO COMPONENTS PVT LTD,2026-07-11,2026-08-10,106000.00,false,,paid
INV-2026-001858,CHANDRAPUR FABRICATORS AND COMPANY,2026-07-03,2026-08-02,76413.00,false,,paid
INV-2026-001859,AMRAVATI BEARINGS LIMITED,2026-07-31,2026-08-30,91166.25,false,,paid
INV-2026-001860,HALDIA ENTERPRISES INDIA PRIVATE LIMITED,2026-08-29,2026-09-28,24003.00,false,,paid
INV-2026-001861,AMRAVATI MOTORS PRIVATE LIMITED,2026-06-05,2026-07-05,21190.00,false,,paid
INV-2026-001862,AMRAVATI REFRACTORIES LIMITED,2026-08-17,2026-09-16,10000.25,false,,paid
INV-2026-001863,BELGAUM AGRO EXPORTS PRIVATE LIMITED,2026-08-13,2026-09-12,153864.00,false,,paid
INV-2026-001864,SOLAPUR LOGISTICS PRIVATE LIMITED,2026-08-28,2026-09-27,20000.00,false,,paid
INV-2026-001865,ERNAKULAM CONSTRUCTIONS PRIVATE LIMITED,2026-07-19,2026-08-18,75000.00,false,,paid
INV-2026-001866,CALICUT CABLES PRIVATE LIMITED,2026-06-12,2026-07-12,200000.00,false,,paid
INV-2026-001867,BELGAUM PLASTICS AND COMPANY,2026-07-27,2026-08-26,67578.50,false,,paid
INV-2026-001868,GWALIOR DIAGNOSTICS LIMITED,2026-06-16,2026-07-16,225417.99,false,,paid
INV-2026-001869,ANANTAPUR ENGINEERING PVT LTD,2026-06-01,2026-07-01,44825.00,false,,paid
INV-2026-001870,KRISHNA LOGISTICS PRIVATE LIMITED,2026-07-26,2026-08-25,65114.00,false,,paid
INV-2026-001871,AMRAVATI CHEMICALS INDIA PRIVATE LIMITED,2026-07-27,2026-08-26,123000.00,false,,paid
INV-2026-001872,ANANTAPUR FABRICATORS AND COMPANY,2026-07-16,2026-08-15,54708.00,false,,paid
INV-2026-001873,AMRAVATI BEARINGS LIMITED,2026-07-03,2026-08-02,125000.25,false,,paid
INV-2026-001874,AURANGABAD PHARMACEUTICALS INDIA PRIVATE LIMITED,2026-06-18,2026-07-18,12458.00,false,,paid
INV-2026-001875,GUNTUR AUTO COMPONENTS PVT LTD,2026-07-24,2026-08-23,4000.00,false,,paid
INV-2026-001876,KRISHNA CASTINGS LLP,2026-07-21,2026-08-20,83634.00,false,,paid
INV-2026-001877,DEHRADUN FOODS PVT LTD,2026-08-02,2026-09-01,75139.00,false,,paid
INV-2026-001878,GODAVARI PAPER MILLS PVT LTD,2026-08-01,2026-08-31,80077.00,false,,paid
INV-2026-001879,ANANTAPUR FOODS PVT LTD,2026-06-15,2026-07-15,15000.00,false,,paid
INV-2026-001880,AURANGABAD AGRO EXPORTS PRIVATE LIMITED,2026-08-06,2026-09-05,32069.00,false,,paid
INV-2026-001881,GUNTUR TRANSPORT AND COMPANY,2026-08-27,2026-09-26,25000.00,false,,paid
INV-2026-001882,BHAVNAGAR REFRACTORIES LIMITED,2026-07-17,2026-08-16,30304.00,false,,paid
INV-2026-001883,COIMBATORE PACKAGING LLP,2026-07-17,2026-08-16,186158.00,false,,paid
INV-2026-001884,ANANTAPUR CABLES PRIVATE LIMITED,2026-08-06,2026-09-05,94282.00,false,,paid
INV-2026-001885,JALANDHAR SPINNERS LLP,2026-06-19,2026-07-19,22857.00,false,,paid
INV-2026-001886,AMRAVATI AGRO EXPORTS PRIVATE LIMITED,2026-06-26,2026-07-26,3000.00,false,,paid
INV-2026-001887,ANANTAPUR MOTORS PRIVATE LIMITED,2026-06-29,2026-07-29,9258.00,false,,paid
INV-2026-001888,JABALPUR TRADERS INDIA PRIVATE LIMITED,2026-06-07,2026-07-07,60000.00,false,,paid
INV-2026-001889,AMRAVATI PLASTICS AND COMPANY,2026-08-17,2026-09-16,58454.00,false,,paid
INV-2026-001890,TRICHY SPINNERS LLP,2026-08-16,2026-09-15,150000.75,false,,paid
INV-2026-001891,AMRAVATI GARMENTS PRIVATE LIMITED,2026-08-20,2026-09-19,49965.00,false,,paid
INV-2026-001892,AMRAVATI PHARMACEUTICALS INDIA PRIVATE LIMITED,2026-06-08,2026-07-08,203865.00,false,,paid
INV-2026-001893,AMRAVATI INDUSTRIES INDIA PRIVATE LIMITED,2026-07-06,2026-08-05,27969.00,false,,paid
INV-2026-001894,AURANGABAD PHARMACEUTICALS INDIA PRIVATE LIMITED,2026-08-03,2026-09-02,372986.00,false,,paid
INV-2026-001895,AMRAVATI FORGINGS LIMITED,2026-06-18,2026-07-18,26968.00,false,,paid
INV-2026-001896,CHANDRAPUR COLD STORAGE AND COMPANY,2026-06-28,2026-07-28,22779.75,false,,paid
INV-2026-001897,NARMADA MEDIA PVT LTD,2026-06-05,2026-07-05,55717.00,false,,paid
INV-2026-001898,AURANGABAD ENGINEERING PVT LTD,2026-07-27,2026-08-26,12893.00,false,,paid
INV-2026-001899,PANIPAT AGRO EXPORTS PRIVATE LIMITED,2026-06-24,2026-07-24,100000.00,false,,paid
INV-2026-001900,ANANTAPUR GARMENTS PRIVATE LIMITED,2026-07-31,2026-08-30,61724.50,false,,paid
INV-2026-001901,AMRAVATI CASTINGS LLP,2026-06-22,2026-07-22,150000.99,false,,paid
INV-2026-001902,SOLAPUR POLYMERS PRIVATE LIMITED,2026-07-09,2026-08-08,53484.00,false,,paid
INV-2026-001903,SURAT POLYMERS PRIVATE LIMITED,2026-06-01,2026-07-01,20039.00,false,,paid
INV-2026-001904,AMRAVATI FOODS PVT LTD,2026-07-21,2026-08-20,40000.00,false,,paid
INV-2026-001905,AMRAVATI AGRO EXPORTS PRIVATE LIMITED,2026-07-02,2026-08-01,125000.00,false,,paid
INV-2026-001906,BHAVNAGAR ENGINEERING PVT LTD,2026-07-08,2026-08-07,109000.50,false,,paid
INV-2026-001907,CALICUT FABRICATORS AND COMPANY,2026-06-18,2026-07-18,27459.00,false,,paid
INV-2026-001908,AMRAVATI INFRAPROJECTS AND COMPANY,2026-06-23,2026-07-23,81520.50,false,,paid
INV-2026-001909,BHOPAL DISTRIBUTORS PRIVATE LIMITED,2026-06-22,2026-07-22,50277.50,false,,paid
INV-2026-001910,AURANGABAD SOFTWARE SERVICES PRIVATE LIMITED,2026-07-03,2026-08-02,260000.00,false,,paid
INV-2026-001911,CHENNAI PRINTERS PVT LTD,2026-07-11,2026-08-10,8369.00,false,,paid
INV-2026-001912,VARANASI HANDICRAFTS LLP,2026-08-05,2026-09-04,15211.75,false,,paid
INV-2026-001913,AMRAVATI ELECTRICALS LLP,2026-06-25,2026-07-25,47000.25,false,,paid
INV-2026-001914,GODAVARI DIAGNOSTICS LIMITED,2026-06-12,2026-07-12,18427.00,false,,paid
INV-2026-001915,LUDHIANA ENGINEERING PVT LTD,2026-08-09,2026-09-08,84521.00,false,,paid
INV-2026-001916,DHANBAD BEARINGS LIMITED,2026-06-04,2026-07-04,138000.00,false,,paid
INV-2026-001917,AURANGABAD INFRAPROJECTS AND COMPANY,2026-06-25,2026-07-25,4716.00,false,,paid
INV-2026-001918,HOSUR HOSPITALITY PVT LTD,2026-08-18,2026-09-17,55555.25,false,,paid
INV-2026-001919,KANPUR DIAGNOSTICS LIMITED,2026-08-10,2026-09-09,123000.00,false,,paid
INV-2026-001920,ANANTAPUR PHARMACEUTICALS INDIA PRIVATE LIMITED,2026-08-28,2026-09-27,5207.00,false,,paid
INV-2026-001921,JABALPUR INDUSTRIES INDIA PRIVATE LIMITED,2026-06-11,2026-07-11,36445.50,false,,paid
INV-2026-001922,AMRAVATI MOTORS PRIVATE LIMITED,2026-07-17,2026-08-16,37286.00,false,,paid
INV-2026-001923,AMRAVATI MEDIA PVT LTD,2026-07-18,2026-08-17,49762.99,false,,paid
INV-2026-001924,AMRAVATI METALS LIMITED,2026-08-11,2026-09-10,12653.00,false,,paid
INV-2026-001925,AURANGABAD MEDIA PVT LTD,2026-06-02,2026-07-02,29486.99,false,,paid
INV-2026-001926,PANIPAT POLYMERS PRIVATE LIMITED,2026-07-25,2026-08-24,77879.00,false,,paid
INV-2026-001927,AMRAVATI PHARMACEUTICALS INDIA PRIVATE LIMITED,2026-07-24,2026-08-23,197698.00,false,,paid
INV-2026-001928,CHENNAI BEARINGS LIMITED,2026-07-07,2026-08-06,17000.25,false,,paid
INV-2026-001929,TIRUPUR TRADERS INDIA PRIVATE LIMITED,2026-08-29,2026-09-28,40274.99,false,,paid
INV-2026-001930,AMRAVATI AGRO EXPORTS PRIVATE LIMITED,2026-07-11,2026-08-10,28755.00,false,,paid
INV-2026-001931,BELGAUM POLYMERS PRIVATE LIMITED,2026-06-11,2026-07-11,22875.75,false,,paid
INV-2026-001932,GANDHINAGAR TRADERS INDIA PRIVATE LIMITED,2026-06-21,2026-07-21,192000.00,false,,paid
INV-2026-001933,INDORE INDUSTRIES INDIA PRIVATE LIMITED,2026-07-24,2026-08-23,69492.75,false,,paid
INV-2026-001934,CHANDRAPUR MOTORS PRIVATE LIMITED,2026-06-19,2026-07-19,89296.00,false,,paid
INV-2026-001935,NARMADA DIAGNOSTICS LIMITED,2026-06-26,2026-07-26,279000.00,false,,paid
INV-2026-001936,BELGAUM PAPER MILLS PVT LTD,2026-07-23,2026-08-22,50000.00,false,,paid
INV-2026-001937,AMRAVATI AUTO COMPONENTS PVT LTD,2026-07-18,2026-08-17,119000.00,false,,paid
INV-2026-001938,DEHRADUN PRINTERS PVT LTD,2026-07-29,2026-08-28,114508.99,false,,paid
INV-2026-001939,AMRAVATI SPINNERS LLP,2026-07-19,2026-08-18,63593.00,false,,paid
INV-2026-001940,AURANGABAD PACKAGING LLP,2026-06-03,2026-07-03,31793.00,false,,paid
INV-2026-001941,SURAT BEARINGS LIMITED,2026-07-29,2026-08-28,190510.00,false,,paid
INV-2026-001942,BHOPAL TEXTILES PVT LTD,2026-08-07,2026-09-06,4800.00,false,,paid
INV-2026-001943,ANANTAPUR INFRAPROJECTS AND COMPANY,2026-06-04,2026-07-04,122000.25,false,,paid
INV-2026-001944,JAMNAGAR INDUSTRIES INDIA PRIVATE LIMITED,2026-06-06,2026-07-06,75000.00,false,,paid
INV-2026-001945,NASHIK FORGINGS LIMITED,2026-08-29,2026-09-28,500000.00,false,,paid
INV-2026-001946,AURANGABAD CONTAINERS PVT LTD,2026-08-02,2026-09-01,40000.99,false,,paid
INV-2026-001947,GWALIOR SOFTWARE SERVICES PRIVATE LIMITED,2026-08-14,2026-09-13,200000.00,false,,paid
INV-2026-001948,ANANTAPUR CASTINGS LLP,2026-07-18,2026-08-17,55804.00,false,,paid
INV-2026-001949,JALANDHAR METALS LIMITED,2026-08-13,2026-09-12,13620.00,false,,paid
INV-2026-001950,AMRAVATI ELECTRICALS LLP,2026-07-07,2026-08-06,20000.00,false,,paid
INV-2026-001951,KOLHAPUR PAPER MILLS PVT LTD,2026-06-02,2026-07-02,25000.00,false,,paid
INV-2026-001952,KANPUR INDUSTRIES INDIA PRIVATE LIMITED,2026-06-21,2026-07-21,28129.00,false,,paid
INV-2026-001953,AMRAVATI CONTAINERS PVT LTD,2026-08-09,2026-09-08,72308.00,false,,paid
INV-2026-001954,JAMNAGAR ENTERPRISES INDIA PRIVATE LIMITED,2026-07-25,2026-08-24,66058.99,false,,paid
INV-2026-001955,ERNAKULAM INFRAPROJECTS AND COMPANY,2026-06-29,2026-07-29,15382.25,false,,paid
INV-2026-001956,KOLHAPUR PRINTERS PVT LTD,2026-07-29,2026-08-28,71821.00,false,,paid
INV-2026-001957,BELGAUM CABLES PRIVATE LIMITED,2026-07-23,2026-08-22,240000.00,false,,paid
INV-2026-001958,AMRAVATI COLD STORAGE AND COMPANY,2026-06-17,2026-07-17,27289.25,false,,paid
INV-2026-001959,BELGAUM FORGINGS LIMITED,2026-08-14,2026-09-13,18000.00,false,,paid
INV-2026-001960,AMRAVATI FORGINGS LIMITED,2026-07-23,2026-08-22,98169.50,false,,paid
INV-2026-001961,MANGALORE HOSPITALITY PVT LTD,2026-08-22,2026-09-21,84227.00,false,,paid
INV-2026-001962,MADURAI CONTAINERS PVT LTD,2026-07-04,2026-08-03,11182.00,false,,paid
INV-2026-001963,MANGALORE DISTRIBUTORS PRIVATE LIMITED,2026-08-15,2026-09-14,49000.00,false,,paid
INV-2026-001964,JAMNAGAR SOFTWARE SERVICES PRIVATE LIMITED,2026-08-14,2026-09-13,5000.00,false,,paid
INV-2026-001965,CUTTACK FOODS PVT LTD,2026-08-07,2026-09-06,108000.00,false,,paid
INV-2026-001966,BELGAUM PRINTERS PVT LTD,2026-06-26,2026-07-26,15000.25,false,,paid
INV-2026-001967,HALDIA AGRO EXPORTS PRIVATE LIMITED,2026-06-22,2026-07-22,8901.99,false,,paid
INV-2026-001968,AMRAVATI AGRO EXPORTS PRIVATE LIMITED,2026-06-21,2026-07-21,40000.00,false,,paid
INV-2026-001969,BELGAUM AUTO COMPONENTS PVT LTD,2026-07-31,2026-08-30,54000.00,false,,paid
INV-2026-001970,TIRUPUR ENGINEERING PVT LTD,2026-08-04,2026-09-03,7581.00,false,,paid
INV-2026-001971,GUNTUR REFRACTORIES LIMITED,2026-07-30,2026-08-29,100000.00,false,,paid
INV-2026-001972,HUBLI TEXTILES PVT LTD,2026-07-12,2026-08-11,60506.50,false,,paid
INV-2026-001973,CALICUT CHEMICALS INDIA PRIVATE LIMITED,2026-06-05,2026-07-05,216000.00,false,,paid
INV-2026-001974,AURANGABAD SOFTWARE SERVICES PRIVATE LIMITED,2026-07-15,2026-08-14,312866.00,false,,paid
INV-2026-001975,AMRAVATI POLYMERS PRIVATE LIMITED,2026-07-05,2026-08-04,39817.00,false,,paid
INV-2026-001976,SOLAPUR DISTRIBUTORS PRIVATE LIMITED,2026-07-15,2026-08-14,88688.00,false,,paid
INV-2026-001977,AMRAVATI CASTINGS LLP,2026-06-18,2026-07-18,42754.00,false,,paid
INV-2026-001978,NASHIK CHEMICALS INDIA PRIVATE LIMITED,2026-06-30,2026-07-30,47908.25,false,,paid
INV-2026-001979,BELGAUM SOFTWARE SERVICES PRIVATE LIMITED,2026-06-12,2026-07-12,200000.00,false,,paid
INV-2026-001980,ANANTAPUR AGRO EXPORTS PRIVATE LIMITED,2026-08-16,2026-09-15,18520.00,false,,paid
INV-2026-001981,JABALPUR SOFTWARE SERVICES PRIVATE LIMITED,2026-06-27,2026-07-27,42143.00,false,,paid
INV-2026-001982,SILIGURI CHEMICALS INDIA PRIVATE LIMITED,2026-07-01,2026-07-31,20000.00,false,,paid
INV-2026-001983,GANDHINAGAR TRANSPORT AND COMPANY,2026-07-24,2026-08-23,93162.00,false,,paid
INV-2026-001984,PANIPAT FABRICATORS AND COMPANY,2026-06-10,2026-07-10,45954.00,false,,paid
INV-2026-001985,JODHPUR ENTERPRISES INDIA PRIVATE LIMITED,2026-07-29,2026-08-28,30587.25,false,,paid
INV-2026-001986,AMRAVATI CERAMICS PVT LTD,2026-06-16,2026-07-16,44759.00,false,,paid
INV-2026-001987,AMRAVATI BEARINGS LIMITED,2026-06-18,2026-07-18,4730.75,false,,paid
INV-2026-001988,AURANGABAD AUTO COMPONENTS PVT LTD,2026-06-07,2026-07-07,214173.00,false,,paid
INV-2026-001989,ANANTAPUR METALS LIMITED,2026-08-07,2026-09-06,60356.75,false,,paid
INV-2026-001990,BELGAUM COLD STORAGE AND COMPANY,2026-08-24,2026-09-23,60000.99,false,,paid
INV-2026-001991,DEHRADUN CHEMICALS INDIA PRIVATE LIMITED,2026-06-02,2026-07-02,9126.00,false,,paid
INV-2026-001992,SILIGURI GARMENTS PRIVATE LIMITED,2026-07-08,2026-08-07,8765.00,false,,paid
INV-2026-001993,AMRAVATI AGRO EXPORTS PRIVATE LIMITED,2026-07-22,2026-08-21,50000.25,false,,paid
INV-2026-001994,CALICUT INDUSTRIES INDIA PRIVATE LIMITED,2026-08-22,2026-09-21,100000.00,false,,paid
INV-2026-001995,CHENNAI PRINTERS PVT LTD,2026-07-01,2026-07-31,62584.99,false,,paid
INV-2026-001996,AURANGABAD MOTORS PRIVATE LIMITED,2026-07-28,2026-08-27,82502.00,false,,paid
INV-2026-001997,AURANGABAD ENGINEERING PVT LTD,2026-07-25,2026-08-24,500000.75,false,,paid
INV-2026-001998,BHAVNAGAR METALS LIMITED,2026-06-09,2026-07-09,6372.00,false,,paid
INV-2026-001999,MADURAI FOODS PVT LTD,2026-08-23,2026-09-22,117150.75,false,,paid
INV-2026-002000,AMRAVATI TEXTILES PVT LTD,2026-08-03,2026-09-02,9704.00,false,,paid
INV-2026-002001,AMRAVATI AUTO COMPONENTS PVT LTD,2026-06-21,2026-07-21,42409.99,false,,paid
INV-2026-002002,AMRAVATI CONSTRUCTIONS PRIVATE LIMITED,2026-07-23,2026-08-22,21452.00,false,,paid
INV-2026-002003,BELGAUM PAPER MILLS PVT LTD,2026-06-16,2026-07-16,3333.99,false,,paid
INV-2026-002004,AURANGABAD ENGINEERING PVT LTD,2026-07-21,2026-08-20,20000.00,false,,paid
INV-2026-002005,AMRAVATI AGRO EXPORTS PRIVATE LIMITED,2026-06-21,2026-07-21,46036.00,false,,paid
INV-2026-002006,ANANTAPUR HANDICRAFTS LLP,2026-07-11,2026-08-10,50000.00,false,,paid
INV-2026-002007,HUBLI CONTAINERS PVT LTD,2026-06-09,2026-07-09,94903.00,false,,paid
INV-2026-002008,ANANTAPUR ENGINEERING PVT LTD,2026-08-28,2026-09-27,10179.00,false,,paid
INV-2026-002009,TRICHY BEARINGS LIMITED,2026-06-29,2026-07-29,24105.00,false,,paid
INV-2026-002010,AMRAVATI AGRO EXPORTS PRIVATE LIMITED,2026-07-22,2026-08-21,221529.00,false,,paid
INV-2026-002011,ANANTAPUR HANDICRAFTS LLP,2026-07-15,2026-08-14,6480.00,false,,paid
INV-2026-002012,JAMNAGAR LOGISTICS PRIVATE LIMITED,2026-06-03,2026-07-03,172000.00,false,,paid
INV-2026-002013,JODHPUR AGRO EXPORTS PRIVATE LIMITED,2026-08-26,2026-09-25,73000.00,false,,paid
INV-2026-002014,JODHPUR FABRICATORS AND COMPANY,2026-07-09,2026-08-08,24597.00,false,,paid
INV-2026-002015,BELGAUM CASTINGS LLP,2026-06-03,2026-07-03,38141.00,false,,paid
INV-2026-002016,BHOPAL CERAMICS PVT LTD,2026-06-09,2026-07-09,16088.50,false,,paid
INV-2026-002017,DEHRADUN AUTO COMPONENTS PVT LTD,2026-07-05,2026-08-04,71333.00,false,,paid
INV-2026-002018,TIRUPUR CHEMICALS INDIA PRIVATE LIMITED,2026-07-16,2026-08-15,62000.99,false,,paid
INV-2026-002019,AMRAVATI PLASTICS AND COMPANY,2026-06-19,2026-07-19,50810.00,false,,paid
INV-2026-002020,HALDIA LOGISTICS PRIVATE LIMITED,2026-08-06,2026-09-05,34697.25,false,,paid
INV-2026-002021,AMRAVATI METALS LIMITED,2026-08-28,2026-09-27,48702.99,false,,paid
INV-2026-002022,AMRAVATI HANDICRAFTS LLP,2026-08-05,2026-09-04,41708.00,false,,paid
INV-2026-002023,BHOPAL TRANSPORT AND COMPANY,2026-08-29,2026-09-28,27919.75,false,,paid
INV-2026-002024,CALICUT LOGISTICS PRIVATE LIMITED,2026-08-24,2026-09-23,240026.25,false,,paid
INV-2026-002025,GODAVARI METALS LIMITED,2026-07-12,2026-08-11,75000.00,false,,paid
INV-2026-002026,VARANASI FABRICATORS AND COMPANY,2026-06-13,2026-07-13,77622.00,false,,paid
INV-2026-002027,NASHIK FOODS PVT LTD,2026-08-24,2026-09-23,35286.00,false,,paid
INV-2026-002028,AURANGABAD MOTORS PRIVATE LIMITED,2026-08-22,2026-09-21,200000.00,false,,paid
INV-2026-002029,BELGAUM AGRO EXPORTS PRIVATE LIMITED,2026-06-09,2026-07-09,23195.50,false,,paid
INV-2026-002030,RAIPUR BEARINGS LIMITED,2026-08-26,2026-09-25,23967.99,false,,paid
INV-2026-002031,DHANBAD PACKAGING LLP,2026-07-14,2026-08-13,16458.00,false,,paid
INV-2026-002032,NASHIK FOODS PVT LTD,2026-08-26,2026-09-25,90000.00,false,,paid
INV-2026-002033,AMRAVATI BEARINGS LIMITED,2026-07-12,2026-08-11,32163.50,false,,paid
INV-2026-002034,AMRAVATI TRADERS INDIA PRIVATE LIMITED,2026-08-15,2026-09-14,75000.00,false,,paid
INV-2026-002035,NARMADA CABLES PRIVATE LIMITED,2026-07-31,2026-08-30,11454.00,false,,paid
INV-2026-002036,BHAVNAGAR CONSTRUCTIONS PRIVATE LIMITED,2026-07-28,2026-08-27,125000.00,false,,paid
INV-2026-002037,KOLHAPUR MOTORS PRIVATE LIMITED,2026-06-24,2026-07-24,25444.25,false,,paid
INV-2026-002038,AURANGABAD REFRACTORIES LIMITED,2026-06-03,2026-07-03,20111.50,false,,paid
INV-2026-002039,AMRAVATI AUTO COMPONENTS PVT LTD,2026-06-27,2026-07-27,257000.00,false,,paid
INV-2026-002040,DEHRADUN REFRACTORIES LIMITED,2026-07-17,2026-08-16,8791.00,false,,paid
INV-2026-002041,AMRAVATI AGRO EXPORTS PRIVATE LIMITED,2026-06-14,2026-07-14,41296.00,false,,paid
INV-2026-002042,ANANTAPUR POLYMERS PRIVATE LIMITED,2026-07-23,2026-08-22,81238.00,false,,paid
INV-2026-002043,AMRAVATI PRINTERS PVT LTD,2026-08-17,2026-09-16,111478.50,false,,paid
INV-2026-002044,BHILAI FABRICATORS AND COMPANY,2026-08-26,2026-09-25,18078.00,false,,paid
INV-2026-002045,JALANDHAR ENTERPRISES INDIA PRIVATE LIMITED,2026-08-07,2026-09-06,107368.00,false,,paid
INV-2026-002046,AMRAVATI PRINTERS PVT LTD,2026-06-29,2026-07-29,15260.00,false,,paid
INV-2026-002047,RAJKOT CERAMICS PVT LTD,2026-07-08,2026-08-07,93000.00,false,,paid
INV-2026-002048,AMRAVATI AGRO EXPORTS PRIVATE LIMITED,2026-06-10,2026-07-10,21544.00,false,,paid
INV-2026-002049,BHAVNAGAR AGRO EXPORTS PRIVATE LIMITED,2026-07-09,2026-08-08,12480.00,false,,paid
INV-2026-002050,ANANTAPUR FORGINGS LIMITED,2026-08-01,2026-08-31,4798.00,false,,paid
INV-2026-002051,AMRAVATI DISTRIBUTORS PRIVATE LIMITED,2026-06-04,2026-07-04,10000.00,false,,paid
INV-2026-002052,AURANGABAD HOSPITALITY PVT LTD,2026-08-24,2026-09-23,200000.00,false,,paid
INV-2026-002053,ERNAKULAM MOTORS PRIVATE LIMITED,2026-06-03,2026-07-03,38927.00,false,,paid
INV-2026-002054,JODHPUR PACKAGING LLP,2026-06-07,2026-07-07,27372.50,false,,paid
INV-2026-002055,GODAVARI INDUSTRIES INDIA PRIVATE LIMITED,2026-07-27,2026-08-26,187000.00,false,,paid
INV-2026-002056,BHILAI CONSTRUCTIONS PRIVATE LIMITED,2026-07-20,2026-08-19,30000.00,false,,paid
INV-2026-002057,CUTTACK FERTILISERS PRIVATE LIMITED,2026-08-25,2026-09-24,60681.00,false,,paid
INV-2026-002058,CHENNAI POLYMERS PRIVATE LIMITED,2026-08-29,2026-09-28,46337.00,false,,paid
INV-2026-002059,ANANTAPUR COLD STORAGE AND COMPANY,2026-08-13,2026-09-12,35888.00,false,,paid
INV-2026-002060,AMRAVATI TEXTILES PVT LTD,2026-07-27,2026-08-26,34907.99,false,,paid
INV-2026-002061,SILIGURI CONTAINERS PVT LTD,2026-07-16,2026-08-15,13638.50,false,,paid
INV-2026-002062,AMRAVATI FOODS PVT LTD,2026-07-17,2026-08-16,258000.00,false,,paid
INV-2026-002063,JAMNAGAR PACKAGING LLP,2026-07-26,2026-08-25,7073.00,false,,paid
INV-2026-002064,GANDHINAGAR HANDICRAFTS LLP,2026-07-10,2026-08-09,10000.99,false,,paid
INV-2026-002065,AURANGABAD ELECTRICALS LLP,2026-07-12,2026-08-11,30000.00,false,,paid
INV-2026-002066,BHILAI CASTINGS LLP,2026-07-04,2026-08-03,19000.25,false,,paid
INV-2026-002067,JABALPUR FORGINGS LIMITED,2026-08-03,2026-09-02,250000.00,false,,paid
INV-2026-002068,HALDIA AGRO EXPORTS PRIVATE LIMITED,2026-07-04,2026-08-03,109093.00,false,,paid
INV-2026-002069,DHANBAD BEARINGS LIMITED,2026-08-11,2026-09-10,144000.00,false,,paid
INV-2026-002070,ANANTAPUR POLYMERS PRIVATE LIMITED,2026-06-05,2026-07-05,145082.00,false,,paid
INV-2026-002071,LUDHIANA SOFTWARE SERVICES PRIVATE LIMITED,2026-08-04,2026-09-03,17629.00,false,,paid
INV-2026-002072,AMRAVATI AGRO EXPORTS PRIVATE LIMITED,2026-07-04,2026-08-03,15506.00,false,,paid
INV-2026-002073,HUBLI TRANSPORT AND COMPANY,2026-08-28,2026-09-27,30694.00,false,,paid
INV-2026-002074,NASHIK TEXTILES PVT LTD,2026-06-21,2026-07-21,57588.00,false,,paid
INV-2026-002075,ANANTAPUR FORGINGS LIMITED,2026-07-08,2026-08-07,4346.99,false,,paid
INV-2026-002076,ANANTAPUR REFRACTORIES LIMITED,2026-08-21,2026-09-20,40901.00,false,,paid
INV-2026-002077,AMRAVATI POLYMERS PRIVATE LIMITED,2026-06-14,2026-07-14,29289.00,false,,paid
INV-2026-002078,CHENNAI FABRICATORS AND COMPANY,2026-06-02,2026-07-02,150000.00,false,,paid
INV-2026-002079,BELGAUM REFRACTORIES LIMITED,2026-06-03,2026-07-03,45000.25,false,,paid
INV-2026-002080,KOLHAPUR HANDICRAFTS LLP,2026-08-17,2026-09-16,254000.00,false,,paid
INV-2026-002081,AMRAVATI AGRO EXPORTS PRIVATE LIMITED,2026-08-23,2026-09-22,246000.99,false,,paid
INV-2026-002082,JAMNAGAR FERTILISERS PRIVATE LIMITED,2026-06-06,2026-07-06,61251.00,false,,paid
INV-2026-002083,AMRAVATI METALS LIMITED,2026-08-03,2026-09-02,13997.75,false,,paid
INV-2026-002084,SALEM PHARMACEUTICALS INDIA PRIVATE LIMITED,2026-08-13,2026-09-12,40000.00,false,,paid
INV-2026-002085,KAKINADA HANDICRAFTS LLP,2026-06-07,2026-07-07,138000.00,false,,paid
INV-2026-002086,AMRAVATI AGRO EXPORTS PRIVATE LIMITED,2026-06-05,2026-07-05,34833.00,false,,paid
INV-2026-002087,HOSUR TRANSPORT AND COMPANY,2026-06-15,2026-07-15,40000.00,false,,paid
INV-2026-002088,UDAIPUR DISTRIBUTORS PRIVATE LIMITED,2026-07-20,2026-08-19,18688.00,false,,paid
INV-2026-002089,AMRAVATI DIAGNOSTICS LIMITED,2026-07-13,2026-08-12,6626.25,false,,paid
INV-2026-002090,VARANASI PACKAGING LLP,2026-07-26,2026-08-25,189000.00,false,,paid
INV-2026-002091,AURANGABAD ENTERPRISES INDIA PRIVATE LIMITED,2026-07-28,2026-08-27,40000.00,false,,paid
INV-2026-002092,HOSUR BEARINGS LIMITED,2026-08-07,2026-09-06,9913.00,false,,paid
INV-2026-002093,AMRAVATI CONTAINERS PVT LTD,2026-07-17,2026-08-16,257000.00,false,,paid
INV-2026-002094,NASHIK SPINNERS LLP,2026-07-31,2026-08-30,28000.00,false,,paid
INV-2026-002095,AMRAVATI CHEMICALS INDIA PRIVATE LIMITED,2026-06-12,2026-07-12,40000.00,false,,paid
INV-2026-002096,RAJKOT MOTORS PRIVATE LIMITED,2026-06-08,2026-07-08,101788.00,false,,paid
INV-2026-002097,NAGPUR CHEMICALS INDIA PRIVATE LIMITED,2026-07-06,2026-08-05,24572.50,false,,paid
INV-2026-002098,GANDHINAGAR LOGISTICS PRIVATE LIMITED,2026-08-28,2026-09-27,77000.00,false,,paid
INV-2026-002099,JODHPUR PLASTICS AND COMPANY,2026-08-23,2026-09-22,128493.99,false,,paid
INV-2026-002100,AMRAVATI AUTO COMPONENTS PVT LTD,2026-06-14,2026-07-14,36622.00,false,,paid
INV-2026-002101,CALICUT SOFTWARE SERVICES PRIVATE LIMITED,2026-07-17,2026-08-16,200000.00,false,,paid
INV-2026-002102,GODAVARI METALS LIMITED,2026-08-24,2026-09-23,8253.00,false,,paid
INV-2026-002103,ERNAKULAM DIAGNOSTICS LIMITED,2026-06-12,2026-07-12,7473.00,false,,paid
INV-2026-002104,CHENNAI ELECTRICALS LLP,2026-06-26,2026-07-26,20794.00,false,,paid
INV-2026-002105,KRISHNA REFRACTORIES LIMITED,2026-06-16,2026-07-16,98293.99,false,,paid
INV-2026-002106,PANIPAT ELECTRICALS LLP,2026-08-17,2026-09-16,75000.25,false,,paid
INV-2026-002107,ANANTAPUR CONSTRUCTIONS PRIVATE LIMITED,2026-07-16,2026-08-15,75048.75,false,,paid
INV-2026-002108,CHENNAI PLASTICS AND COMPANY,2026-08-14,2026-09-13,18415.50,false,,paid
INV-2026-002109,TIRUPUR REFRACTORIES LIMITED,2026-06-14,2026-07-14,269000.75,false,,paid
INV-2026-002110,CUTTACK PRINTERS PVT LTD,2026-06-29,2026-07-29,9971.00,false,,paid
INV-2026-002111,HUBLI INDUSTRIES INDIA PRIVATE LIMITED,2026-06-26,2026-07-26,41873.00,false,,paid
INV-2026-002112,BHOPAL FERTILISERS PRIVATE LIMITED,2026-07-12,2026-08-11,39714.75,false,,paid
INV-2026-002113,KOLHAPUR CHEMICALS INDIA PRIVATE LIMITED,2026-08-15,2026-09-14,60000.00,false,,paid
INV-2026-002114,BHILAI FERTILISERS PRIVATE LIMITED,2026-07-22,2026-08-21,15256.00,false,,paid
INV-2026-002115,HALDIA FOODS PVT LTD,2026-07-30,2026-08-29,253000.00,false,,paid
INV-2026-002116,BHAVNAGAR PLASTICS AND COMPANY,2026-07-26,2026-08-25,20584.00,false,,paid
INV-2026-002117,GANDHINAGAR FABRICATORS AND COMPANY,2026-06-05,2026-07-05,5000.50,false,,paid
INV-2026-002118,ANANTAPUR PLASTICS AND COMPANY,2026-08-21,2026-09-20,11160.00,false,,paid
INV-2026-002119,ERNAKULAM AUTO COMPONENTS PVT LTD,2026-06-29,2026-07-29,158427.00,false,,paid
INV-2026-002120,BELGAUM REFRACTORIES LIMITED,2026-07-08,2026-08-07,826113.00,false,,paid
INV-2026-002121,AMRAVATI AGRO EXPORTS PRIVATE LIMITED,2026-07-25,2026-08-24,13293.99,false,,paid
INV-2026-002122,AMRAVATI METALS LIMITED,2026-07-13,2026-08-12,10607.00,false,,paid
INV-2026-002123,GANDHINAGAR GARMENTS PRIVATE LIMITED,2026-07-02,2026-08-01,35743.00,false,,paid
INV-2026-002124,CHENNAI BEARINGS LIMITED,2026-08-25,2026-09-24,14875.00,false,,paid
INV-2026-002125,JALANDHAR CONSTRUCTIONS PRIVATE LIMITED,2026-07-05,2026-08-04,295000.00,false,,paid
INV-2026-002126,CUTTACK PAPER MILLS PVT LTD,2026-08-21,2026-09-20,34507.00,false,,paid
INV-2026-002127,BHOPAL TRADERS INDIA PRIVATE LIMITED,2026-07-26,2026-08-25,19045.00,false,,paid
INV-2026-002128,BHOPAL PAPER MILLS PVT LTD,2026-07-16,2026-08-15,100627.00,false,,paid
INV-2026-002129,RAIPUR CONTAINERS PVT LTD,2026-07-30,2026-08-29,11584.00,false,,paid
INV-2026-002130,KOLHAPUR PAPER MILLS PVT LTD,2026-08-02,2026-09-01,150000.50,false,,paid
INV-2026-002131,HUBLI CERAMICS PVT LTD,2026-06-28,2026-07-28,2449.00,false,,paid
INV-2026-002132,AMRAVATI AUTO COMPONENTS PVT LTD,2026-08-22,2026-09-21,28126.50,false,,paid
INV-2026-002133,AMRAVATI REFRACTORIES LIMITED,2026-06-14,2026-07-14,29000.99,false,,paid
INV-2026-002134,AMRAVATI POLYMERS PRIVATE LIMITED,2026-06-23,2026-07-23,96997.99,false,,paid
INV-2026-002135,JALANDHAR PACKAGING LLP,2026-08-01,2026-08-31,18545.00,false,,paid
INV-2026-002136,AMRAVATI CONTAINERS PVT LTD,2026-07-02,2026-08-01,23242.25,false,,paid
INV-2026-002137,CUTTACK SOFTWARE SERVICES PRIVATE LIMITED,2026-07-20,2026-08-19,40271.00,false,,paid
INV-2026-002138,ANANTAPUR FOODS PVT LTD,2026-07-12,2026-08-11,9607.00,false,,paid
INV-2026-002139,AMRAVATI REFRACTORIES LIMITED,2026-08-26,2026-09-25,61604.75,false,,paid
INV-2026-002140,AMRAVATI INDUSTRIES INDIA PRIVATE LIMITED,2026-08-18,2026-09-17,49715.00,false,,paid
INV-2026-002141,CHENNAI FORGINGS LIMITED,2026-06-10,2026-07-10,75000.00,false,,paid
INV-2026-002142,AURANGABAD DISTRIBUTORS PRIVATE LIMITED,2026-06-27,2026-07-27,24593.00,false,,paid
INV-2026-002143,HOSUR ELECTRICALS LLP,2026-06-25,2026-07-25,250000.00,false,,paid
INV-2026-002144,AMRAVATI AGRO EXPORTS PRIVATE LIMITED,2026-08-12,2026-09-11,51226.75,false,,paid
INV-2026-002145,RAJKOT ELECTRICALS LLP,2026-07-02,2026-08-01,100000.75,false,,paid
INV-2026-002146,HUBLI BEARINGS LIMITED,2026-06-08,2026-07-08,152402.99,false,,paid
INV-2026-002147,BHAVNAGAR ENGINEERING PVT LTD,2026-07-05,2026-08-04,180000.00,false,,paid
INV-2026-002148,KANPUR AUTO COMPONENTS PVT LTD,2026-07-19,2026-08-18,286000.25,false,,paid
INV-2026-002149,NARMADA CASTINGS LLP,2026-07-09,2026-08-08,149000.00,false,,paid
INV-2026-002150,GWALIOR ELECTRICALS LLP,2026-07-03,2026-08-02,38476.00,false,,paid
INV-2026-002151,AMRAVATI AGRO EXPORTS PRIVATE LIMITED,2026-07-31,2026-08-30,35940.00,false,,paid
INV-2026-002152,AMRAVATI CABLES PRIVATE LIMITED,2026-08-08,2026-09-07,35036.00,false,,paid
INV-2026-002153,KANPUR HOSPITALITY PVT LTD,2026-06-21,2026-07-21,20390.00,false,,paid
INV-2026-002154,ANANTAPUR CHEMICALS INDIA PRIVATE LIMITED,2026-08-28,2026-09-27,56772.00,false,,paid
INV-2026-002155,GWALIOR FORGINGS LIMITED,2026-08-08,2026-09-07,150000.25,false,,paid
INV-2026-002156,NAGPUR PRINTERS PVT LTD,2026-07-26,2026-08-25,9569.25,false,,paid
INV-2026-002157,AMRAVATI PHARMACEUTICALS INDIA PRIVATE LIMITED,2026-06-23,2026-07-23,10000.00,false,,paid
INV-2026-002158,KRISHNA METALS LIMITED,2026-08-08,2026-09-07,18546.00,false,,paid
INV-2026-002159,SOLAPUR HANDICRAFTS LLP,2026-07-11,2026-08-10,155943.00,false,,paid
INV-2026-002160,LUDHIANA FERTILISERS PRIVATE LIMITED,2026-07-04,2026-08-03,284000.25,false,,paid
INV-2026-002161,RAIPUR CASTINGS LLP,2026-08-09,2026-09-08,247000.00,false,,paid
INV-2026-002162,HOSUR AGRO EXPORTS PRIVATE LIMITED,2026-06-08,2026-07-08,17412.00,false,,paid
INV-2026-002163,JALANDHAR AUTO COMPONENTS PVT LTD,2026-06-04,2026-07-04,60000.00,false,,paid
INV-2026-002164,ANANTAPUR CABLES PRIVATE LIMITED,2026-07-19,2026-08-18,22116.00,false,,paid
INV-2026-002165,BHAVNAGAR CABLES PRIVATE LIMITED,2026-06-20,2026-07-20,10000.00,false,,paid
INV-2026-002166,BHOPAL CABLES PRIVATE LIMITED,2026-08-28,2026-09-27,200000.00,false,,paid
INV-2026-002167,RAIPUR CHEMICALS INDIA PRIVATE LIMITED,2026-08-19,2026-09-18,11783.99,false,,paid
INV-2026-002168,ERNAKULAM INDUSTRIES INDIA PRIVATE LIMITED,2026-07-10,2026-08-09,248234.00,false,,paid
INV-2026-002169,AMRAVATI SPINNERS LLP,2026-08-07,2026-09-06,144669.00,false,,paid
INV-2026-002170,AMRAVATI COLD STORAGE AND COMPANY,2026-07-23,2026-08-22,64984.00,false,,paid
INV-2026-002171,CHANDRAPUR CONTAINERS PVT LTD,2026-08-09,2026-09-08,30000.00,false,,paid
INV-2026-002172,AMRAVATI AGRO EXPORTS PRIVATE LIMITED,2026-07-04,2026-08-03,10000.00,false,,paid
INV-2026-002173,RAIPUR CHEMICALS INDIA PRIVATE LIMITED,2026-08-25,2026-09-24,59456.00,false,,paid
INV-2026-002174,MADURAI HANDICRAFTS LLP,2026-07-01,2026-07-31,30000.75,false,,paid
INV-2026-002175,KRISHNA ELECTRICALS LLP,2026-06-18,2026-07-18,3850.00,false,,paid
INV-2026-002176,COIMBATORE CASTINGS LLP,2026-07-22,2026-08-21,22135.00,false,,paid
INV-2026-002177,KAKINADA INFRAPROJECTS AND COMPANY,2026-07-30,2026-08-29,76904.00,false,,paid
INV-2026-002178,CUTTACK INFRAPROJECTS AND COMPANY,2026-06-26,2026-07-26,107803.00,false,,paid
INV-2026-002179,GODAVARI GARMENTS PRIVATE LIMITED,2026-08-23,2026-09-22,75000.00,false,,paid
INV-2026-002180,GODAVARI CHEMICALS INDIA PRIVATE LIMITED,2026-08-17,2026-09-16,200000.00,false,,paid
INV-2026-002181,GUNTUR ENGINEERING PVT LTD,2026-06-21,2026-07-21,56562.00,false,,paid
INV-2026-002182,BHAVNAGAR DIAGNOSTICS LIMITED,2026-07-28,2026-08-27,96373.00,false,,paid
INV-2026-002183,VARANASI CONTAINERS PVT LTD,2026-07-10,2026-08-09,17359.00,false,,paid
INV-2026-002184,HOSUR INFRAPROJECTS AND COMPANY,2026-07-14,2026-08-13,89892.99,false,,paid
INV-2026-002185,JAMNAGAR FERTILISERS PRIVATE LIMITED,2026-07-06,2026-08-05,20000.00,false,,paid
INV-2026-002186,AURANGABAD ENTERPRISES INDIA PRIVATE LIMITED,2026-08-21,2026-09-20,9571.00,false,,paid
INV-2026-002187,AMRAVATI AGRO EXPORTS PRIVATE LIMITED,2026-08-14,2026-09-13,23239.50,false,,paid
INV-2026-002188,BELGAUM FOODS PVT LTD,2026-06-12,2026-07-12,289000.00,false,,paid
INV-2026-002189,HALDIA SPINNERS LLP,2026-07-01,2026-07-31,193742.00,false,,paid
INV-2026-002190,AMRAVATI CHEMICALS INDIA PRIVATE LIMITED,2026-06-20,2026-07-20,150000.00,false,,paid
INV-2026-002191,AMRAVATI AGRO EXPORTS PRIVATE LIMITED,2026-06-17,2026-07-17,11000.00,false,,paid
INV-2026-002192,AMRAVATI AUTO COMPONENTS PVT LTD,2026-07-27,2026-08-26,2312.50,false,,paid
INV-2026-002193,AURANGABAD AGRO EXPORTS PRIVATE LIMITED,2026-07-28,2026-08-27,50000.75,false,,paid
INV-2026-002194,SOLAPUR SOFTWARE SERVICES PRIVATE LIMITED,2026-06-27,2026-07-27,170000.50,false,,paid
INV-2026-002195,GANDHINAGAR PLASTICS AND COMPANY,2026-06-22,2026-07-22,5000.25,false,,paid
INV-2026-002196,CHENNAI FERTILISERS PRIVATE LIMITED,2026-08-18,2026-09-17,37067.00,false,,paid
INV-2026-002197,JODHPUR FERTILISERS PRIVATE LIMITED,2026-06-12,2026-07-12,500000.00,false,,paid
INV-2026-002198,ANANTAPUR INFRAPROJECTS AND COMPANY,2026-08-12,2026-09-11,40466.00,false,,paid
INV-2026-002199,GWALIOR CABLES PRIVATE LIMITED,2026-08-26,2026-09-25,12830.00,false,,paid
INV-2026-002200,AURANGABAD AUTO COMPONENTS PVT LTD,2026-07-23,2026-08-22,124138.00,false,,paid
INV-2026-002201,HOSUR CABLES PRIVATE LIMITED,2026-07-17,2026-08-16,13817.99,false,,paid
INV-2026-002202,ANANTAPUR FORGINGS LIMITED,2026-06-16,2026-07-16,102569.50,false,,paid
INV-2026-002203,AMRAVATI INDUSTRIES INDIA PRIVATE LIMITED,2026-07-24,2026-08-23,30207.00,false,,paid
INV-2026-002204,AMRAVATI AUTO COMPONENTS PVT LTD,2026-08-13,2026-09-12,113865.00,false,,paid
INV-2026-002205,CUTTACK COLD STORAGE AND COMPANY,2026-06-20,2026-07-20,216000.50,false,,paid
INV-2026-002206,JODHPUR METALS LIMITED,2026-06-23,2026-07-23,91113.99,false,,paid
INV-2026-002207,BHAVNAGAR INFRAPROJECTS AND COMPANY,2026-07-28,2026-08-27,67118.99,false,,paid
INV-2026-002208,BHILAI PACKAGING LLP,2026-08-21,2026-09-20,291000.00,false,,paid
INV-2026-002209,HUBLI COLD STORAGE AND COMPANY,2026-07-27,2026-08-26,97122.00,false,,paid
INV-2026-002210,VARANASI TRADERS INDIA PRIVATE LIMITED,2026-07-26,2026-08-25,27922.00,false,,paid
INV-2026-002211,JAMNAGAR CASTINGS LLP,2026-07-31,2026-08-30,29393.99,false,,paid
INV-2026-002212,TIRUPUR TEXTILES PVT LTD,2026-06-01,2026-07-01,248000.00,false,,paid
INV-2026-002213,ANANTAPUR PLASTICS AND COMPANY,2026-06-24,2026-07-24,13600.50,false,,paid
INV-2026-002214,DEHRADUN METALS LIMITED,2026-08-24,2026-09-23,4490.00,false,,paid
INV-2026-002215,ERNAKULAM BEARINGS LIMITED,2026-08-19,2026-09-18,17266.50,false,,paid
INV-2026-002216,AURANGABAD SOFTWARE SERVICES PRIVATE LIMITED,2026-06-29,2026-07-29,100000.00,false,,paid
INV-2026-002217,BHAVNAGAR DIAGNOSTICS LIMITED,2026-07-12,2026-08-11,60000.75,false,,paid
INV-2026-002218,AMRAVATI AGRO EXPORTS PRIVATE LIMITED,2026-08-04,2026-09-03,19116.00,false,,paid
INV-2026-002219,AMRAVATI CASTINGS LLP,2026-07-28,2026-08-27,25000.00,false,,paid
INV-2026-002220,ANANTAPUR AUTO COMPONENTS PVT LTD,2026-08-08,2026-09-07,6270.00,false,,paid
INV-2026-002221,CHANDRAPUR DIAGNOSTICS LIMITED,2026-08-20,2026-09-19,21949.00,false,,paid
INV-2026-002222,RAIPUR CERAMICS PVT LTD,2026-07-04,2026-08-03,17688.00,false,,paid
INV-2026-002223,KANPUR COLD STORAGE AND COMPANY,2026-08-23,2026-09-22,10000.00,false,,paid
INV-2026-002224,AMRAVATI BEARINGS LIMITED,2026-08-09,2026-09-08,30000.00,false,,paid
INV-2026-002225,CHENNAI ENGINEERING PVT LTD,2026-07-04,2026-08-03,7690.00,false,,paid
INV-2026-002226,CHENNAI FERTILISERS PRIVATE LIMITED,2026-08-15,2026-09-14,124000.00,false,,paid
INV-2026-002227,AURANGABAD BEARINGS LIMITED,2026-08-28,2026-09-27,15000.00,false,,paid
INV-2026-002228,AURANGABAD MEDIA PVT LTD,2026-08-09,2026-09-08,18830.00,false,,paid
INV-2026-002229,AMRAVATI CASTINGS LLP,2026-06-06,2026-07-06,4463.00,false,,paid
INV-2026-002230,BHOPAL PAPER MILLS PVT LTD,2026-08-16,2026-09-15,5000.25,false,,paid
INV-2026-002231,HOSUR CONSTRUCTIONS PRIVATE LIMITED,2026-08-28,2026-09-27,11518.50,false,,paid
INV-2026-002232,SALEM MEDIA PVT LTD,2026-07-14,2026-08-13,278490.00,false,,paid
INV-2026-002233,BHILAI HOSPITALITY PVT LTD,2026-07-20,2026-08-19,289000.00,false,,paid
INV-2026-002234,CHANDRAPUR ELECTRICALS LLP,2026-07-01,2026-07-31,75000.00,false,,paid
INV-2026-002235,BHAVNAGAR PACKAGING LLP,2026-08-22,2026-09-21,82520.00,false,,paid
INV-2026-002236,AMRAVATI AGRO EXPORTS PRIVATE LIMITED,2026-06-21,2026-07-21,282134.00,false,,paid
INV-2026-002237,SILIGURI HANDICRAFTS LLP,2026-08-08,2026-09-07,22457.00,false,,paid
INV-2026-002238,CHANDRAPUR ELECTRICALS LLP,2026-07-31,2026-08-30,18108.00,false,,paid
INV-2026-002239,BELGAUM MEDIA PVT LTD,2026-07-28,2026-08-27,26501.50,false,,paid
INV-2026-002240,BHOPAL GARMENTS PRIVATE LIMITED,2026-07-27,2026-08-26,40000.00,false,,paid
INV-2026-002241,CUTTACK AGRO EXPORTS PRIVATE LIMITED,2026-07-05,2026-08-04,128930.00,false,,paid
INV-2026-002242,JAMNAGAR CONTAINERS PVT LTD,2026-08-23,2026-09-22,20130.99,false,,paid
INV-2026-002243,BHAVNAGAR HANDICRAFTS LLP,2026-07-16,2026-08-15,25000.00,false,,paid
INV-2026-002244,ANANTAPUR INFRAPROJECTS AND COMPANY,2026-06-02,2026-07-02,25468.00,false,,paid
INV-2026-002245,MANGALORE ENGINEERING PVT LTD,2026-06-29,2026-07-29,8000.99,false,,paid
INV-2026-002246,JABALPUR CASTINGS LLP,2026-06-05,2026-07-05,251000.99,false,,paid
INV-2026-002247,AURANGABAD INDUSTRIES INDIA PRIVATE LIMITED,2026-07-23,2026-08-22,100000.75,false,,paid
INV-2026-002248,AMRAVATI PLASTICS AND COMPANY,2026-07-23,2026-08-22,12928.75,false,,paid
INV-2026-002249,AMRAVATI CASTINGS LLP,2026-08-14,2026-09-13,113685.25,false,,paid
INV-2026-002250,VARANASI FERTILISERS PRIVATE LIMITED,2026-08-26,2026-09-25,15000.00,false,,paid
INV-2026-002251,INDORE TRANSPORT AND COMPANY,2026-07-15,2026-08-14,144000.75,false,,paid
INV-2026-002252,MYSORE CASTINGS LLP,2026-06-16,2026-07-16,39105.00,false,,paid
INV-2026-002253,NASHIK CASTINGS LLP,2026-07-07,2026-08-06,33083.00,false,,paid
INV-2026-002254,AMRAVATI PLASTICS AND COMPANY,2026-06-01,2026-07-01,17098.00,false,,paid
INV-2026-002255,CUTTACK PLASTICS AND COMPANY,2026-08-23,2026-09-22,84065.99,false,,paid
INV-2026-002256,ANANTAPUR HOSPITALITY PVT LTD,2026-06-07,2026-07-07,5167.00,false,,paid
INV-2026-002257,COIMBATORE DIAGNOSTICS LIMITED,2026-07-02,2026-08-01,100000.00,false,,paid
INV-2026-002258,KAKINADA GARMENTS PRIVATE LIMITED,2026-07-02,2026-08-01,27434.00,false,,paid
INV-2026-002259,VARANASI COLD STORAGE AND COMPANY,2026-08-13,2026-09-12,8388.00,false,,paid
INV-2026-002260,AURANGABAD CHEMICALS INDIA PRIVATE LIMITED,2026-07-28,2026-08-27,12006.00,false,,paid
INV-2026-002261,BHILAI ELECTRICALS LLP,2026-06-10,2026-07-10,12353.75,false,,paid
INV-2026-002262,ANANTAPUR CHEMICALS INDIA PRIVATE LIMITED,2026-08-12,2026-09-11,9239.00,false,,paid
INV-2026-002263,AMRAVATI AGRO EXPORTS PRIVATE LIMITED,2026-06-24,2026-07-24,60000.00,false,,paid
INV-2026-002264,JAMNAGAR HANDICRAFTS LLP,2026-06-04,2026-07-04,204424.00,false,,paid
INV-2026-002265,MEERUT TRADERS INDIA PRIVATE LIMITED,2026-07-01,2026-07-31,40721.25,false,,paid
INV-2026-002266,CHENNAI POLYMERS PRIVATE LIMITED,2026-06-02,2026-07-02,25000.00,false,,paid
INV-2026-002267,AMRAVATI CONTAINERS PVT LTD,2026-07-19,2026-08-18,866239.00,false,,paid
INV-2026-002268,AMRAVATI CASTINGS LLP,2026-07-13,2026-08-12,150000.99,false,,paid
INV-2026-002269,AURANGABAD MOTORS PRIVATE LIMITED,2026-06-07,2026-07-07,24883.00,false,,paid
INV-2026-002270,AMRAVATI COLD STORAGE AND COMPANY,2026-08-18,2026-09-17,109686.99,false,,paid
INV-2026-002271,AMRAVATI PAPER MILLS PVT LTD,2026-06-17,2026-07-17,51169.00,false,,paid
INV-2026-002272,BHOPAL TRANSPORT AND COMPANY,2026-06-17,2026-07-17,30750.50,false,,paid
INV-2026-002273,BELGAUM CONTAINERS PVT LTD,2026-08-28,2026-09-27,21818.00,false,,paid
INV-2026-002274,CHENNAI PACKAGING LLP,2026-07-09,2026-08-08,9291.00,false,,paid
INV-2026-002275,AMRAVATI AUTO COMPONENTS PVT LTD,2026-06-20,2026-07-20,75000.00,false,,paid
INV-2026-002276,KANPUR FOODS PVT LTD,2026-08-11,2026-09-10,280000.00,false,,paid
INV-2026-002277,DEHRADUN INDUSTRIES INDIA PRIVATE LIMITED,2026-07-12,2026-08-11,59735.00,false,,paid
INV-2026-002278,BHILAI DIAGNOSTICS LIMITED,2026-07-22,2026-08-21,53532.00,false,,paid
INV-2026-002279,ANANTAPUR LOGISTICS PRIVATE LIMITED,2026-06-04,2026-07-04,29303.00,false,,paid
INV-2026-002280,NASHIK TRADERS INDIA PRIVATE LIMITED,2026-07-03,2026-08-02,27333.50,false,,paid
INV-2026-002281,RAJKOT FERTILISERS PRIVATE LIMITED,2026-06-18,2026-07-18,40305.75,false,,paid
INV-2026-002282,KOLHAPUR AGRO EXPORTS PRIVATE LIMITED,2026-08-18,2026-09-17,169000.00,false,,paid
INV-2026-002283,AMRAVATI AUTO COMPONENTS PVT LTD,2026-06-09,2026-07-09,57124.00,false,,paid
INV-2026-002284,KRISHNA DISTRIBUTORS PRIVATE LIMITED,2026-07-23,2026-08-22,36561.00,false,,paid
INV-2026-002285,ANANTAPUR PHARMACEUTICALS INDIA PRIVATE LIMITED,2026-08-08,2026-09-07,200000.00,false,,paid
INV-2026-002286,JODHPUR FERTILISERS PRIVATE LIMITED,2026-06-03,2026-07-03,138447.75,false,,paid
INV-2026-002287,AMRAVATI CERAMICS PVT LTD,2026-08-21,2026-09-20,36793.00,false,,paid
INV-2026-002288,DHANBAD BEARINGS LIMITED,2026-07-16,2026-08-15,40000.00,false,,paid
INV-2026-002289,KRISHNA ENGINEERING PVT LTD,2026-07-15,2026-08-14,6465.00,false,,paid
INV-2026-002290,KAKINADA ELECTRICALS LLP,2026-08-01,2026-08-31,25496.00,false,,paid
INV-2026-002291,AURANGABAD ELECTRICALS LLP,2026-07-14,2026-08-13,29212.75,false,,paid
INV-2026-002292,CUTTACK ENGINEERING PVT LTD,2026-07-14,2026-08-13,25000.00,false,,paid
INV-2026-002293,AMRAVATI AGRO EXPORTS PRIVATE LIMITED,2026-06-02,2026-07-02,131000.75,false,,paid
INV-2026-002294,KOLHAPUR CASTINGS LLP,2026-08-21,2026-09-20,65000.25,false,,paid
INV-2026-002295,COIMBATORE SOFTWARE SERVICES PRIVATE LIMITED,2026-06-01,2026-07-01,40000.00,false,,paid
INV-2026-002296,SILIGURI SPINNERS LLP,2026-08-24,2026-09-23,14333.00,false,,paid
INV-2026-002297,CHANDRAPUR FORGINGS LIMITED,2026-06-16,2026-07-16,13798.00,false,,paid
INV-2026-002298,ANANTAPUR SPINNERS LLP,2026-07-18,2026-08-17,31039.00,false,,paid
INV-2026-002299,AMRAVATI HOSPITALITY PVT LTD,2026-07-04,2026-08-03,24743.50,false,,paid
INV-2026-002300,KOLHAPUR BEARINGS LIMITED,2026-07-14,2026-08-13,4221.00,false,,paid
INV-2026-002301,NAGPUR FABRICATORS AND COMPANY,2026-07-09,2026-08-08,30000.25,false,,paid
INV-2026-002302,CUTTACK TRANSPORT AND COMPANY,2026-07-25,2026-08-24,38843.99,false,,paid
INV-2026-002303,ANANTAPUR TRADERS INDIA PRIVATE LIMITED,2026-07-01,2026-07-31,54945.00,false,,paid
INV-2026-002304,DEHRADUN TRADERS INDIA PRIVATE LIMITED,2026-08-27,2026-09-26,27391.50,false,,paid
INV-2026-002305,KANPUR DIAGNOSTICS LIMITED,2026-08-18,2026-09-17,150018.00,false,,paid
INV-2026-002306,HALDIA HOSPITALITY PVT LTD,2026-07-08,2026-08-07,60050.00,false,,paid
INV-2026-002307,GODAVARI ELECTRICALS LLP,2026-08-12,2026-09-11,40000.00,false,,paid
INV-2026-002308,CALICUT ELECTRICALS LLP,2026-06-03,2026-07-03,500000.50,false,,paid
INV-2026-002309,HUBLI CONSTRUCTIONS PRIVATE LIMITED,2026-08-07,2026-09-06,75000.00,false,,paid
INV-2026-002310,ANANTAPUR POLYMERS PRIVATE LIMITED,2026-07-03,2026-08-02,54000.00,false,,paid
INV-2026-002311,CALICUT CONTAINERS PVT LTD,2026-07-09,2026-08-08,74000.00,false,,paid
INV-2026-002312,BHILAI MOTORS PRIVATE LIMITED,2026-07-02,2026-08-01,81119.00,false,,paid
INV-2026-002313,MYSORE INDUSTRIES INDIA PRIVATE LIMITED,2026-08-02,2026-09-01,39573.00,false,,paid
INV-2026-002314,DEHRADUN CHEMICALS INDIA PRIVATE LIMITED,2026-07-11,2026-08-10,23066.50,false,,paid
INV-2026-002315,LUDHIANA METALS LIMITED,2026-08-02,2026-09-01,250000.00,false,,paid
INV-2026-002316,AMRAVATI AGRO EXPORTS PRIVATE LIMITED,2026-07-24,2026-08-23,6994.00,false,,paid
INV-2026-002317,GWALIOR ELECTRICALS LLP,2026-07-02,2026-08-01,5000.00,false,,paid
INV-2026-002318,PANIPAT ELECTRICALS LLP,2026-07-25,2026-08-24,583234.25,false,,paid
INV-2026-002319,TIRUPUR TRANSPORT AND COMPANY,2026-07-29,2026-08-28,397915.50,false,,paid
INV-2026-002320,CUTTACK PACKAGING LLP,2026-07-05,2026-08-04,12515.00,false,,paid
INV-2026-002321,NARMADA CABLES PRIVATE LIMITED,2026-08-11,2026-09-10,5000.00,false,,paid
INV-2026-002322,GUNTUR CHEMICALS INDIA PRIVATE LIMITED,2026-07-04,2026-08-03,20000.00,false,,paid
INV-2026-002323,JABALPUR CHEMICALS INDIA PRIVATE LIMITED,2026-06-03,2026-07-03,26619.00,false,,paid
INV-2026-002324,AMRAVATI DISTRIBUTORS PRIVATE LIMITED,2026-08-04,2026-09-03,192000.99,false,,paid
INV-2026-002325,GODAVARI PAPER MILLS PVT LTD,2026-07-15,2026-08-14,23908.00,false,,paid
INV-2026-002326,COIMBATORE ENTERPRISES INDIA PRIVATE LIMITED,2026-08-27,2026-09-26,34863.25,false,,paid
INV-2026-002327,GANDHINAGAR INFRAPROJECTS AND COMPANY,2026-06-06,2026-07-06,55407.50,false,,paid
INV-2026-002328,BELGAUM GARMENTS PRIVATE LIMITED,2026-07-23,2026-08-22,20343.00,false,,paid
INV-2026-002329,ANANTAPUR PAPER MILLS PVT LTD,2026-08-19,2026-09-18,33074.00,false,,paid
INV-2026-002330,GODAVARI TRADERS INDIA PRIVATE LIMITED,2026-06-26,2026-07-26,11993.00,false,,paid
INV-2026-002331,MEERUT ENTERPRISES INDIA PRIVATE LIMITED,2026-06-25,2026-07-25,20374.00,false,,paid
INV-2026-002332,TIRUPUR CONTAINERS PVT LTD,2026-08-06,2026-09-05,246000.00,false,,paid
INV-2026-002333,AMRAVATI PLASTICS AND COMPANY,2026-08-12,2026-09-11,18431.99,false,,paid
INV-2026-002334,RAJKOT ELECTRICALS LLP,2026-08-13,2026-09-12,103442.00,false,,paid
INV-2026-002335,BELGAUM CABLES PRIVATE LIMITED,2026-06-08,2026-07-08,66268.00,false,,paid
INV-2026-002336,DHANBAD PHARMACEUTICALS INDIA PRIVATE LIMITED,2026-06-20,2026-07-20,83537.00,false,,paid
INV-2026-002337,AMRAVATI AGRO EXPORTS PRIVATE LIMITED,2026-07-02,2026-08-01,32707.50,false,,paid
INV-2026-002338,ANANTAPUR SOFTWARE SERVICES PRIVATE LIMITED,2026-07-31,2026-08-30,72524.25,false,,paid
INV-2026-002339,ANANTAPUR METALS LIMITED,2026-06-06,2026-07-06,47635.50,false,,paid
INV-2026-002340,AMRAVATI AGRO EXPORTS PRIVATE LIMITED,2026-06-29,2026-07-29,288000.50,false,,paid
INV-2026-002341,MYSORE PAPER MILLS PVT LTD,2026-08-07,2026-09-06,110823.50,false,,paid
INV-2026-002342,BELGAUM CONSTRUCTIONS PRIVATE LIMITED,2026-08-18,2026-09-17,43698.00,false,,paid
INV-2026-002343,BHILAI AUTO COMPONENTS PVT LTD,2026-06-13,2026-07-13,69142.99,false,,paid
INV-2026-002344,ANANTAPUR CABLES PRIVATE LIMITED,2026-06-01,2026-07-01,73000.75,false,,paid
INV-2026-002345,AMRAVATI AGRO EXPORTS PRIVATE LIMITED,2026-08-17,2026-09-16,25000.00,false,,paid
INV-2026-002346,GODAVARI CERAMICS PVT LTD,2026-07-23,2026-08-22,9996.75,false,,paid
INV-2026-002347,DHANBAD PLASTICS AND COMPANY,2026-08-02,2026-09-01,34154.00,false,,paid
INV-2026-002348,GWALIOR DIAGNOSTICS LIMITED,2026-06-24,2026-07-24,58526.00,false,,paid
INV-2026-002349,ERNAKULAM AGRO EXPORTS PRIVATE LIMITED,2026-06-04,2026-07-04,25000.00,false,,paid
INV-2026-002350,BHOPAL HANDICRAFTS LLP,2026-06-30,2026-07-30,50000.00,false,,paid
INV-2026-002351,AMRAVATI TRANSPORT AND COMPANY,2026-08-19,2026-09-18,103204.00,false,,paid
INV-2026-002352,BELGAUM HANDICRAFTS LLP,2026-06-25,2026-07-25,79343.00,false,,paid
INV-2026-002353,AMRAVATI CHEMICALS INDIA PRIVATE LIMITED,2026-07-17,2026-08-16,71777.00,false,,paid
INV-2026-002354,KANPUR DIAGNOSTICS LIMITED,2026-07-23,2026-08-22,33082.00,false,,paid
INV-2026-002355,MADURAI FORGINGS LIMITED,2026-06-04,2026-07-04,54156.00,false,,paid
INV-2026-002356,AMRAVATI PLASTICS AND COMPANY,2026-07-23,2026-08-22,15000.00,false,,paid
INV-2026-002357,GANDHINAGAR HANDICRAFTS LLP,2026-06-30,2026-07-30,6186.00,false,,paid
INV-2026-002358,SILIGURI CASTINGS LLP,2026-08-15,2026-09-14,500000.00,false,,paid
INV-2026-002359,AMRAVATI LOGISTICS PRIVATE LIMITED,2026-07-24,2026-08-23,40000.00,false,,paid
INV-2026-002360,BHAVNAGAR METALS LIMITED,2026-07-16,2026-08-15,200000.00,false,,paid
INV-2026-002361,AMRAVATI BEARINGS LIMITED,2026-06-16,2026-07-16,78841.25,false,,paid
INV-2026-002362,SURAT INDUSTRIES INDIA PRIVATE LIMITED,2026-06-24,2026-07-24,60000.99,false,,paid
INV-2026-002363,KOLHAPUR REFRACTORIES LIMITED,2026-06-05,2026-07-05,165224.00,false,,paid
INV-2026-002364,JODHPUR CONTAINERS PVT LTD,2026-08-19,2026-09-18,20000.00,false,,paid
INV-2026-002365,GANDHINAGAR DISTRIBUTORS PRIVATE LIMITED,2026-06-06,2026-07-06,60657.00,false,,paid
INV-2026-002366,AMRAVATI FERTILISERS PRIVATE LIMITED,2026-07-31,2026-08-30,10000.99,false,,paid
INV-2026-002367,AMRAVATI CABLES PRIVATE LIMITED,2026-07-29,2026-08-28,39609.75,false,,paid
INV-2026-002368,GODAVARI METALS LIMITED,2026-08-15,2026-09-14,11628.99,false,,paid
INV-2026-002369,NARMADA CHEMICALS INDIA PRIVATE LIMITED,2026-07-21,2026-08-20,125000.00,false,,paid
INV-2026-002370,AMRAVATI AGRO EXPORTS PRIVATE LIMITED,2026-08-04,2026-09-03,206212.00,false,,paid
INV-2026-002371,DHANBAD PACKAGING LLP,2026-06-12,2026-07-12,95546.00,false,,paid
INV-2026-002372,TIRUPUR POLYMERS PRIVATE LIMITED,2026-08-28,2026-09-27,16758.00,false,,paid
INV-2026-002373,COIMBATORE MEDIA PVT LTD,2026-06-28,2026-07-28,108750.25,false,,paid
INV-2026-002374,AURANGABAD CHEMICALS INDIA PRIVATE LIMITED,2026-06-08,2026-07-08,266986.00,false,,paid
INV-2026-002375,DHANBAD PLASTICS AND COMPANY,2026-08-08,2026-09-07,17442.00,false,,paid
INV-2026-002376,HUBLI POLYMERS PRIVATE LIMITED,2026-07-30,2026-08-29,65671.00,false,,paid
INV-2026-002377,COIMBATORE CONTAINERS PVT LTD,2026-07-22,2026-08-21,277000.00,false,,paid
INV-2026-002378,KAKINADA DISTRIBUTORS PRIVATE LIMITED,2026-06-29,2026-07-29,131000.00,false,,paid
INV-2026-002379,JALANDHAR METALS LIMITED,2026-06-24,2026-07-24,40000.00,false,,paid
INV-2026-002380,BHILAI CHEMICALS INDIA PRIVATE LIMITED,2026-06-03,2026-07-03,200000.00,false,,paid
INV-2026-002381,ANANTAPUR CASTINGS LLP,2026-08-24,2026-09-23,10665.00,false,,paid
INV-2026-002382,AURANGABAD ENGINEERING PVT LTD,2026-07-13,2026-08-12,34810.00,false,,paid
INV-2026-002383,PANIPAT PACKAGING LLP,2026-06-23,2026-07-23,142000.25,false,,paid
INV-2026-002384,AMRAVATI AGRO EXPORTS PRIVATE LIMITED,2026-06-26,2026-07-26,6712.00,false,,paid
INV-2026-002385,ANANTAPUR CERAMICS PVT LTD,2026-06-24,2026-07-24,210598.00,false,,paid
INV-2026-002386,SURAT CONTAINERS PVT LTD,2026-08-09,2026-09-08,124000.00,false,,paid
INV-2026-002387,JAMNAGAR METALS LIMITED,2026-08-15,2026-09-14,119988.00,false,,paid
INV-2026-002388,ANANTAPUR COLD STORAGE AND COMPANY,2026-06-25,2026-07-25,83389.00,false,,paid
INV-2026-002389,AMRAVATI MOTORS PRIVATE LIMITED,2026-07-04,2026-08-03,129000.00,false,,paid
INV-2026-002390,BELGAUM CHEMICALS INDIA PRIVATE LIMITED,2026-08-29,2026-09-28,12124.00,false,,paid
INV-2026-002391,MANGALORE FOODS PVT LTD,2026-08-23,2026-09-22,266000.00,false,,paid
INV-2026-002392,AURANGABAD GARMENTS PRIVATE LIMITED,2026-08-09,2026-09-08,23164.25,false,,paid
INV-2026-002393,KAKINADA AUTO COMPONENTS PVT LTD,2026-06-21,2026-07-21,9117.99,false,,paid
INV-2026-002394,PANIPAT AUTO COMPONENTS PVT LTD,2026-06-16,2026-07-16,20118.00,false,,paid
INV-2026-002395,CHANDRAPUR INFRAPROJECTS AND COMPANY,2026-08-27,2026-09-26,20321.00,false,,paid
INV-2026-002396,VARANASI INDUSTRIES INDIA PRIVATE LIMITED,2026-07-08,2026-08-07,411412.50,false,,paid
INV-2026-002397,AMRAVATI CASTINGS LLP,2026-06-04,2026-07-04,5000.00,false,,paid
INV-2026-002398,MANGALORE POLYMERS PRIVATE LIMITED,2026-06-12,2026-07-12,17974.50,false,,paid
INV-2026-002399,AMRAVATI AGRO EXPORTS PRIVATE LIMITED,2026-06-24,2026-07-24,64557.00,false,,paid
INV-2026-002400,TRICHY SOFTWARE SERVICES PRIVATE LIMITED,2026-06-04,2026-07-04,159000.25,false,,paid
INV-2026-002401,ERNAKULAM SOFTWARE SERVICES PRIVATE LIMITED,2026-07-28,2026-08-27,63809.75,false,,paid
INV-2026-002402,DHANBAD CONTAINERS PVT LTD,2026-07-18,2026-08-17,56319.00,false,,paid
INV-2026-002403,AMRAVATI AGRO EXPORTS PRIVATE LIMITED,2026-06-11,2026-07-11,24335.25,false,,paid
INV-2026-002404,ANANTAPUR PRINTERS PVT LTD,2026-08-27,2026-09-26,67000.00,false,,paid
INV-2026-002405,AMRAVATI DISTRIBUTORS PRIVATE LIMITED,2026-08-21,2026-09-20,62429.00,false,,paid
INV-2026-002406,AURANGABAD ELECTRICALS LLP,2026-07-05,2026-08-04,75832.00,false,,paid
INV-2026-002407,JABALPUR TRADERS INDIA PRIVATE LIMITED,2026-08-11,2026-09-10,83037.00,false,,paid
INV-2026-002408,AMRAVATI HOSPITALITY PVT LTD,2026-08-26,2026-09-25,171000.99,false,,paid
INV-2026-002409,MYSORE AUTO COMPONENTS PVT LTD,2026-08-26,2026-09-25,246317.75,false,,paid
INV-2026-002410,ERNAKULAM FORGINGS LIMITED,2026-07-28,2026-08-27,49741.00,false,,paid
INV-2026-002411,TIRUPUR TEXTILES PVT LTD,2026-07-11,2026-08-10,13828.25,false,,paid
INV-2026-002412,HALDIA CONSTRUCTIONS PRIVATE LIMITED,2026-08-26,2026-09-25,87101.75,false,,paid
INV-2026-002413,AMRAVATI AUTO COMPONENTS PVT LTD,2026-07-13,2026-08-12,81616.00,false,,paid
INV-2026-002414,RAJKOT REFRACTORIES LIMITED,2026-08-12,2026-09-11,179907.99,false,,paid
INV-2026-002415,AMRAVATI PHARMACEUTICALS INDIA PRIVATE LIMITED,2026-08-04,2026-09-03,87104.00,false,,paid
INV-2026-002416,CHENNAI TRADERS INDIA PRIVATE LIMITED,2026-07-13,2026-08-12,50000.00,false,,paid
INV-2026-002417,BELGAUM ENTERPRISES INDIA PRIVATE LIMITED,2026-07-18,2026-08-17,75000.00,false,,paid
INV-2026-002418,AMRAVATI HOSPITALITY PVT LTD,2026-06-23,2026-07-23,17333.00,false,,paid
INV-2026-002419,AMRAVATI ENGINEERING PVT LTD,2026-06-18,2026-07-18,32000.00,false,,paid
INV-2026-002420,BELGAUM DIAGNOSTICS LIMITED,2026-07-31,2026-08-30,133249.00,false,,paid
INV-2026-002421,AMRAVATI CABLES PRIVATE LIMITED,2026-07-08,2026-08-07,5000.99,false,,paid
INV-2026-002422,AMRAVATI AGRO EXPORTS PRIVATE LIMITED,2026-06-09,2026-07-09,60340.00,false,,paid
INV-2026-002423,ANANTAPUR AUTO COMPONENTS PVT LTD,2026-07-10,2026-08-09,40241.99,false,,paid
INV-2026-002424,ANANTAPUR FERTILISERS PRIVATE LIMITED,2026-07-12,2026-08-11,40000.00,false,,paid
INV-2026-002425,JABALPUR LOGISTICS PRIVATE LIMITED,2026-08-10,2026-09-09,54731.00,false,,paid
INV-2026-002426,AURANGABAD AGRO EXPORTS PRIVATE LIMITED,2026-07-25,2026-08-24,60791.00,false,,paid
INV-2026-002427,TIRUPUR LOGISTICS PRIVATE LIMITED,2026-08-22,2026-09-21,92710.50,false,,paid
INV-2026-002428,INDORE DISTRIBUTORS PRIVATE LIMITED,2026-06-08,2026-07-08,14142.00,false,,paid
INV-2026-002429,GODAVARI DISTRIBUTORS PRIVATE LIMITED,2026-07-04,2026-08-03,14173.00,false,,paid
INV-2026-002430,ANANTAPUR CABLES PRIVATE LIMITED,2026-06-04,2026-07-04,259000.50,false,,paid
INV-2026-002431,AMRAVATI AGRO EXPORTS PRIVATE LIMITED,2026-06-08,2026-07-08,24098.00,false,,paid
INV-2026-002432,PANIPAT HOSPITALITY PVT LTD,2026-07-05,2026-08-04,100000.75,false,,paid
INV-2026-002433,AURANGABAD FERTILISERS PRIVATE LIMITED,2026-07-17,2026-08-16,34349.00,false,,paid
INV-2026-002434,ANANTAPUR SPINNERS LLP,2026-06-06,2026-07-06,10000.00,false,,paid
INV-2026-002435,AMRAVATI AGRO EXPORTS PRIVATE LIMITED,2026-08-25,2026-09-24,97562.00,false,,paid
INV-2026-002436,BELGAUM DIAGNOSTICS LIMITED,2026-08-23,2026-09-22,269000.99,false,,paid
INV-2026-002437,BELGAUM AGRO EXPORTS PRIVATE LIMITED,2026-06-26,2026-07-26,240000.00,false,,paid
INV-2026-002438,GUNTUR PRINTERS PVT LTD,2026-06-06,2026-07-06,32401.00,false,,paid
INV-2026-002439,GWALIOR CONSTRUCTIONS PRIVATE LIMITED,2026-08-08,2026-09-07,35297.00,false,,paid
INV-2026-002440,CHENNAI CONTAINERS PVT LTD,2026-06-22,2026-07-22,125000.00,false,,paid
INV-2026-002441,KAKINADA PLASTICS AND COMPANY,2026-08-26,2026-09-25,46398.00,false,,paid
INV-2026-002442,AURANGABAD CASTINGS LLP,2026-06-28,2026-07-28,42990.00,false,,paid
INV-2026-002443,DHANBAD ELECTRICALS LLP,2026-06-19,2026-07-19,190096.00,false,,paid
INV-2026-002444,KOLHAPUR AGRO EXPORTS PRIVATE LIMITED,2026-08-12,2026-09-11,91000.00,false,,paid
INV-2026-002445,SALEM POLYMERS PRIVATE LIMITED,2026-07-10,2026-08-09,18997.00,false,,paid
INV-2026-002446,COIMBATORE FOODS PVT LTD,2026-06-23,2026-07-23,9758.00,false,,paid
INV-2026-002447,NARMADA TRADERS INDIA PRIVATE LIMITED,2026-06-19,2026-07-19,100000.50,false,,paid
INV-2026-002448,KOLHAPUR TRADERS INDIA PRIVATE LIMITED,2026-06-23,2026-07-23,17138.00,false,,paid
INV-2026-002449,PANIPAT CERAMICS PVT LTD,2026-06-18,2026-07-18,39813.00,false,,paid
INV-2026-002450,NAGPUR INDUSTRIES INDIA PRIVATE LIMITED,2026-08-14,2026-09-13,17575.00,false,,paid
INV-2026-002451,HALDIA HANDICRAFTS LLP,2026-08-27,2026-09-26,13433.50,false,,paid
INV-2026-002452,HALDIA AUTO COMPONENTS PVT LTD,2026-06-25,2026-07-25,20000.99,false,,paid
INV-2026-002453,AMRAVATI INFRAPROJECTS AND COMPANY,2026-07-12,2026-08-11,75000.00,false,,paid
INV-2026-002454,ANANTAPUR DIAGNOSTICS LIMITED,2026-08-29,2026-09-28,31110.00,false,,paid
INV-2026-002455,BHAVNAGAR TRANSPORT AND COMPANY,2026-07-14,2026-08-13,16598.75,false,,paid
INV-2026-002456,ERNAKULAM CONTAINERS PVT LTD,2026-07-24,2026-08-23,75000.00,false,,paid
INV-2026-002457,HALDIA CONSTRUCTIONS PRIVATE LIMITED,2026-07-31,2026-08-30,23787.00,false,,paid
INV-2026-002458,AMRAVATI ENTERPRISES INDIA PRIVATE LIMITED,2026-06-12,2026-07-12,76490.00,false,,paid
INV-2026-002459,ANANTAPUR HANDICRAFTS LLP,2026-06-01,2026-07-01,100000.00,false,,paid
INV-2026-002460,BHILAI METALS LIMITED,2026-07-16,2026-08-15,16493.00,false,,paid
INV-2026-002461,CHANDRAPUR CONTAINERS PVT LTD,2026-07-16,2026-08-15,75000.00,false,,paid
INV-2026-002462,CHANDRAPUR ELECTRICALS LLP,2026-06-10,2026-07-10,60743.00,false,,paid
INV-2026-002463,ERNAKULAM ENGINEERING PVT LTD,2026-08-20,2026-09-19,13730.00,false,,paid
INV-2026-002464,DEHRADUN PLASTICS AND COMPANY,2026-07-17,2026-08-16,19116.00,false,,paid
INV-2026-002465,SURAT PACKAGING LLP,2026-07-12,2026-08-11,13424.99,false,,paid
INV-2026-002466,BELGAUM TRADERS INDIA PRIVATE LIMITED,2026-06-09,2026-07-09,20000.00,false,,paid
INV-2026-002467,AURANGABAD HOSPITALITY PVT LTD,2026-08-13,2026-09-12,229000.00,false,,paid
INV-2026-002468,AURANGABAD CERAMICS PVT LTD,2026-06-27,2026-07-27,150000.00,false,,paid
INV-2026-002469,BHILAI CONTAINERS PVT LTD,2026-08-14,2026-09-13,97491.00,false,,paid
INV-2026-002470,AMRAVATI AGRO EXPORTS PRIVATE LIMITED,2026-06-20,2026-07-20,56735.00,false,,paid
INV-2026-002471,KOLHAPUR CASTINGS LLP,2026-07-01,2026-07-31,10000.00,false,,paid
INV-2026-002472,NASHIK PLASTICS AND COMPANY,2026-08-28,2026-09-27,19260.99,false,,paid
INV-2026-002473,AMRAVATI AGRO EXPORTS PRIVATE LIMITED,2026-08-19,2026-09-18,5000.00,false,,paid
INV-2026-002474,BHAVNAGAR INDUSTRIES INDIA PRIVATE LIMITED,2026-08-25,2026-09-24,61481.00,false,,paid
INV-2026-002475,HOSUR FORGINGS LIMITED,2026-07-09,2026-08-08,27518.00,false,,paid
INV-2026-002476,BHOPAL REFRACTORIES LIMITED,2026-07-03,2026-08-02,28000.00,false,,paid
INV-2026-002477,AMRAVATI LOGISTICS PRIVATE LIMITED,2026-07-16,2026-08-15,230000.00,false,,paid
INV-2026-002478,BHOPAL AUTO COMPONENTS PVT LTD,2026-07-07,2026-08-06,52461.99,false,,paid
INV-2026-002479,DHANBAD AGRO EXPORTS PRIVATE LIMITED,2026-07-17,2026-08-16,20506.99,false,,paid
INV-2026-002480,BHILAI MEDIA PVT LTD,2026-08-02,2026-09-01,166000.00,false,,paid
INV-2026-002481,AMRAVATI AGRO EXPORTS PRIVATE LIMITED,2026-07-29,2026-08-28,44449.00,false,,paid
INV-2026-002482,CHENNAI AUTO COMPONENTS PVT LTD,2026-06-19,2026-07-19,75000.00,false,,paid
INV-2026-002483,NASHIK CONSTRUCTIONS PRIVATE LIMITED,2026-07-08,2026-08-07,166000.25,false,,paid
INV-2026-002484,DEHRADUN DISTRIBUTORS PRIVATE LIMITED,2026-08-15,2026-09-14,14822.99,false,,paid
INV-2026-002485,CALICUT CABLES PRIVATE LIMITED,2026-07-01,2026-07-31,19981.00,false,,paid
INV-2026-002486,AMRAVATI AGRO EXPORTS PRIVATE LIMITED,2026-07-04,2026-08-03,16445.00,false,,paid
INV-2026-002487,LUDHIANA MOTORS PRIVATE LIMITED,2026-07-10,2026-08-09,12906.00,false,,paid
INV-2026-002488,DHANBAD COLD STORAGE AND COMPANY,2026-08-09,2026-09-08,125000.50,false,,paid
INV-2026-002489,GANDHINAGAR CABLES PRIVATE LIMITED,2026-08-24,2026-09-23,25000.00,false,,paid
INV-2026-002490,KOLHAPUR SPINNERS LLP,2026-08-15,2026-09-14,4412.75,false,,paid
INV-2026-002491,DEHRADUN CASTINGS LLP,2026-08-09,2026-09-08,16149.00,false,,paid
INV-2026-002492,AMRAVATI TRANSPORT AND COMPANY,2026-06-11,2026-07-11,50000.00,false,,paid
INV-2026-002493,GODAVARI PHARMACEUTICALS INDIA PRIVATE LIMITED,2026-06-07,2026-07-07,44375.50,false,,paid
INV-2026-002494,UDAIPUR TRADERS INDIA PRIVATE LIMITED,2026-08-05,2026-09-04,60086.00,false,,paid
INV-2026-002495,UDAIPUR FABRICATORS AND COMPANY,2026-06-22,2026-07-22,31463.00,false,,paid
INV-2026-002496,SOLAPUR MOTORS PRIVATE LIMITED,2026-06-23,2026-07-23,12378.99,false,,paid
INV-2026-002497,BHAVNAGAR PACKAGING LLP,2026-07-13,2026-08-12,35775.00,false,,paid
INV-2026-002498,ANANTAPUR SPINNERS LLP,2026-07-16,2026-08-15,29716.00,false,,paid
INV-2026-002499,SALEM TRANSPORT AND COMPANY,2026-07-10,2026-08-09,98539.00,false,,paid
INV-2026-002500,AURANGABAD FERTILISERS PRIVATE LIMITED,2026-06-04,2026-07-04,9000.50,false,,paid
INV-2026-002501,CHANDRAPUR COLD STORAGE AND COMPANY,2026-06-16,2026-07-16,47050.00,false,,paid
INV-2026-002502,TIRUPUR SOFTWARE SERVICES PRIVATE LIMITED,2026-06-09,2026-07-09,50480.00,false,,paid
INV-2026-002503,COIMBATORE DIAGNOSTICS LIMITED,2026-08-27,2026-09-26,9702.00,false,,paid
INV-2026-002504,CUTTACK TEXTILES PVT LTD,2026-06-16,2026-07-16,24332.00,false,,paid
INV-2026-002505,AMRAVATI PHARMACEUTICALS INDIA PRIVATE LIMITED,2026-08-26,2026-09-25,97000.00,false,,paid
INV-2026-002506,GODAVARI PACKAGING LLP,2026-06-25,2026-07-25,25130.00,false,,paid
INV-2026-002507,PANIPAT INFRAPROJECTS AND COMPANY,2026-08-09,2026-09-08,500000.00,false,,paid
INV-2026-002508,BHAVNAGAR INDUSTRIES INDIA PRIVATE LIMITED,2026-06-11,2026-07-11,21714.50,false,,paid
INV-2026-002509,JALANDHAR FORGINGS LIMITED,2026-06-13,2026-07-13,95624.50,false,,paid
INV-2026-002510,VARANASI CONSTRUCTIONS PRIVATE LIMITED,2026-08-21,2026-09-20,139000.99,false,,paid
INV-2026-002511,AMRAVATI PRINTERS PVT LTD,2026-06-18,2026-07-18,29127.00,false,,paid
INV-2026-002512,MEERUT METALS LIMITED,2026-07-21,2026-08-20,30000.00,false,,paid
INV-2026-002513,AMRAVATI HANDICRAFTS LLP,2026-07-25,2026-08-24,125485.00,false,,paid
INV-2026-002514,HALDIA SPINNERS LLP,2026-06-19,2026-07-19,219000.00,false,,paid
INV-2026-002515,AMRAVATI COLD STORAGE AND COMPANY,2026-07-14,2026-08-13,125000.00,false,,paid
INV-2026-002516,ERNAKULAM INFRAPROJECTS AND COMPANY,2026-08-07,2026-09-06,15365.00,false,,paid
INV-2026-002517,DEHRADUN HANDICRAFTS LLP,2026-07-08,2026-08-07,31129.00,false,,paid
INV-2026-002518,PANIPAT CONSTRUCTIONS PRIVATE LIMITED,2026-08-05,2026-09-04,14797.00,false,,paid
INV-2026-002519,KANPUR TEXTILES PVT LTD,2026-08-15,2026-09-14,19087.00,false,,paid
INV-2026-002520,BELGAUM MEDIA PVT LTD,2026-08-12,2026-09-11,40000.25,false,,paid
INV-2026-002521,BHILAI TRADERS INDIA PRIVATE LIMITED,2026-06-29,2026-07-29,8000.00,false,,paid
INV-2026-002522,DHANBAD FOODS PVT LTD,2026-08-21,2026-09-20,21801.00,false,,paid
INV-2026-002523,AMRAVATI AUTO COMPONENTS PVT LTD,2026-07-21,2026-08-20,7719.00,false,,paid
INV-2026-002524,AMRAVATI ELECTRICALS LLP,2026-06-28,2026-07-28,150000.00,false,,paid
INV-2026-002525,BHOPAL DISTRIBUTORS PRIVATE LIMITED,2026-07-07,2026-08-06,106240.25,false,,paid
INV-2026-002526,AMRAVATI DIAGNOSTICS LIMITED,2026-06-20,2026-07-20,194016.00,false,,paid
INV-2026-002527,SILIGURI MOTORS PRIVATE LIMITED,2026-06-19,2026-07-19,42410.75,false,,paid
INV-2026-002528,AMRAVATI FORGINGS LIMITED,2026-06-27,2026-07-27,150000.00,false,,paid
INV-2026-002529,RAIPUR PACKAGING LLP,2026-07-20,2026-08-19,37340.00,false,,paid
INV-2026-002530,KRISHNA LOGISTICS PRIVATE LIMITED,2026-07-09,2026-08-08,57752.75,false,,paid
INV-2026-002531,KOLHAPUR CERAMICS PVT LTD,2026-06-17,2026-07-17,18268.75,false,,paid
INV-2026-002532,BHILAI INDUSTRIES INDIA PRIVATE LIMITED,2026-06-26,2026-07-26,20712.00,false,,paid
INV-2026-002533,ERNAKULAM CONSTRUCTIONS PRIVATE LIMITED,2026-06-15,2026-07-15,83770.25,false,,paid
INV-2026-002534,AMRAVATI COLD STORAGE AND COMPANY,2026-07-05,2026-08-04,207560.00,false,,paid
INV-2026-002535,NARMADA AUTO COMPONENTS PVT LTD,2026-07-18,2026-08-17,41485.00,false,,paid
INV-2026-002536,AMRAVATI FERTILISERS PRIVATE LIMITED,2026-07-19,2026-08-18,12643.50,false,,paid
INV-2026-002537,VARANASI BEARINGS LIMITED,2026-07-26,2026-08-25,137000.50,false,,paid
INV-2026-002538,BHILAI GARMENTS PRIVATE LIMITED,2026-08-16,2026-09-15,69000.00,false,,paid
INV-2026-002539,CHANDRAPUR CHEMICALS INDIA PRIVATE LIMITED,2026-08-12,2026-09-11,20172.00,false,,paid
INV-2026-002540,AMRAVATI COLD STORAGE AND COMPANY,2026-06-27,2026-07-27,9261.75,false,,paid
INV-2026-002541,BELGAUM HOSPITALITY PVT LTD,2026-08-24,2026-09-23,101000.00,false,,paid
INV-2026-002542,KOLHAPUR CONSTRUCTIONS PRIVATE LIMITED,2026-06-09,2026-07-09,20000.25,false,,paid
INV-2026-002543,ANANTAPUR CERAMICS PVT LTD,2026-07-12,2026-08-11,93233.50,false,,paid
INV-2026-002544,BELGAUM CERAMICS PVT LTD,2026-07-25,2026-08-24,500000.00,false,,paid
INV-2026-002545,AMRAVATI CHEMICALS INDIA PRIVATE LIMITED,2026-08-28,2026-09-27,226000.25,false,,paid
INV-2026-002546,AURANGABAD COLD STORAGE AND COMPANY,2026-07-11,2026-08-10,39568.00,false,,paid
INV-2026-002547,ANANTAPUR INDUSTRIES INDIA PRIVATE LIMITED,2026-06-22,2026-07-22,190000.75,false,,paid
INV-2026-002548,SOLAPUR ENTERPRISES INDIA PRIVATE LIMITED,2026-07-30,2026-08-29,102000.00,false,,paid
INV-2026-002549,AMRAVATI CERAMICS PVT LTD,2026-07-02,2026-08-01,90000.50,false,,paid
INV-2026-002550,BHILAI TRANSPORT AND COMPANY,2026-08-26,2026-09-25,150000.00,false,,paid
INV-2026-002551,CHANDRAPUR MOTORS PRIVATE LIMITED,2026-07-05,2026-08-04,30963.00,false,,paid
INV-2026-002552,NASHIK LOGISTICS PRIVATE LIMITED,2026-08-15,2026-09-14,44357.25,false,,paid
INV-2026-002553,AMRAVATI CERAMICS PVT LTD,2026-06-02,2026-07-02,27033.00,false,,paid
INV-2026-002554,CHENNAI ELECTRICALS LLP,2026-06-11,2026-07-11,28580.00,false,,paid
INV-2026-002555,KAKINADA CHEMICALS INDIA PRIVATE LIMITED,2026-08-24,2026-09-23,127000.99,false,,paid
INV-2026-002556,HOSUR AGRO EXPORTS PRIVATE LIMITED,2026-07-07,2026-08-06,72804.50,false,,paid
INV-2026-002557,HUBLI CHEMICALS INDIA PRIVATE LIMITED,2026-06-28,2026-07-28,115175.99,false,,paid
INV-2026-002558,AMRAVATI BEARINGS LIMITED,2026-08-09,2026-09-08,195000.00,false,,paid
INV-2026-002559,AMRAVATI INDUSTRIES INDIA PRIVATE LIMITED,2026-08-21,2026-09-20,12294.00,false,,paid
INV-2026-002560,GANDHINAGAR REFRACTORIES LIMITED,2026-08-27,2026-09-26,34655.99,false,,paid
INV-2026-002561,AMRAVATI AGRO EXPORTS PRIVATE LIMITED,2026-08-27,2026-09-26,34601.00,false,,paid
INV-2026-002562,CALICUT PHARMACEUTICALS INDIA PRIVATE LIMITED,2026-08-07,2026-09-06,91957.00,false,,paid
INV-2026-002563,AMRAVATI CASTINGS LLP,2026-08-18,2026-09-17,24660.00,false,,paid
INV-2026-002564,COIMBATORE POLYMERS PRIVATE LIMITED,2026-06-03,2026-07-03,11648.00,false,,paid
INV-2026-002565,BHAVNAGAR DIAGNOSTICS LIMITED,2026-06-23,2026-07-23,50000.00,false,,paid
INV-2026-002566,AMRAVATI TRADERS INDIA PRIVATE LIMITED,2026-08-12,2026-09-11,12934.00,false,,paid
INV-2026-002567,HALDIA ENGINEERING PVT LTD,2026-07-02,2026-08-01,296000.75,false,,paid
INV-2026-002568,AMRAVATI PACKAGING LLP,2026-06-10,2026-07-10,252000.50,false,,paid
INV-2026-002569,INDORE INFRAPROJECTS AND COMPANY,2026-06-14,2026-07-14,50725.00,false,,paid
INV-2026-002570,MEERUT TEXTILES PVT LTD,2026-07-24,2026-08-23,51009.00,false,,paid
INV-2026-002571,AMRAVATI HOSPITALITY PVT LTD,2026-07-28,2026-08-27,18701.00,false,,paid
INV-2026-002572,AMRAVATI AGRO EXPORTS PRIVATE LIMITED,2026-07-25,2026-08-24,250000.00,false,,paid
INV-2026-002573,JABALPUR FABRICATORS AND COMPANY,2026-07-09,2026-08-08,200000.00,false,,paid
INV-2026-002574,HALDIA FERTILISERS PRIVATE LIMITED,2026-07-07,2026-08-06,143246.75,false,,paid
INV-2026-002575,BHAVNAGAR COLD STORAGE AND COMPANY,2026-07-21,2026-08-20,71000.00,false,,paid
INV-2026-002576,AMRAVATI FERTILISERS PRIVATE LIMITED,2026-08-11,2026-09-10,10641.00,false,,paid
INV-2026-002577,ERNAKULAM CASTINGS LLP,2026-08-18,2026-09-17,34308.50,false,,paid
INV-2026-002578,PANIPAT LOGISTICS PRIVATE LIMITED,2026-07-13,2026-08-12,93000.50,false,,paid
INV-2026-002579,AMRAVATI REFRACTORIES LIMITED,2026-08-18,2026-09-17,75000.00,false,,paid
INV-2026-002580,KOLHAPUR CONSTRUCTIONS PRIVATE LIMITED,2026-08-29,2026-09-28,8886.00,false,,paid
INV-2026-002581,AMRAVATI GARMENTS PRIVATE LIMITED,2026-07-01,2026-07-31,199000.00,false,,paid
INV-2026-002582,TIRUPUR HOSPITALITY PVT LTD,2026-06-27,2026-07-27,250000.00,false,,paid
INV-2026-002583,AMRAVATI AGRO EXPORTS PRIVATE LIMITED,2026-08-27,2026-09-26,11179.00,false,,paid
INV-2026-002584,ANANTAPUR TRADERS INDIA PRIVATE LIMITED,2026-08-19,2026-09-18,28445.75,false,,paid
INV-2026-002585,INDORE POLYMERS PRIVATE LIMITED,2026-06-05,2026-07-05,100000.50,false,,paid
INV-2026-002586,ANANTAPUR INFRAPROJECTS AND COMPANY,2026-08-16,2026-09-15,284000.00,false,,paid
INV-2026-002587,MEERUT PLASTICS AND COMPANY,2026-06-24,2026-07-24,11270.00,false,,paid
INV-2026-002588,BHILAI CASTINGS LLP,2026-07-11,2026-08-10,191266.00,false,,paid
INV-2026-002589,CHENNAI MOTORS PRIVATE LIMITED,2026-06-09,2026-07-09,83193.00,false,,paid
INV-2026-002590,JALANDHAR TRANSPORT AND COMPANY,2026-06-01,2026-07-01,7884.50,false,,paid
INV-2026-002591,ANANTAPUR PHARMACEUTICALS INDIA PRIVATE LIMITED,2026-07-12,2026-08-11,149253.00,false,,paid
INV-2026-002592,GODAVARI GARMENTS PRIVATE LIMITED,2026-07-10,2026-08-09,17434.00,false,,paid
INV-2026-002593,MADURAI ENGINEERING PVT LTD,2026-07-24,2026-08-23,28514.25,false,,paid
INV-2026-002594,BHILAI TRANSPORT AND COMPANY,2026-08-14,2026-09-13,36930.50,false,,paid
INV-2026-002595,INDORE SPINNERS LLP,2026-06-18,2026-07-18,64929.00,false,,paid
INV-2026-002596,BHILAI INFRAPROJECTS AND COMPANY,2026-06-29,2026-07-29,5998.25,false,,paid
INV-2026-002597,CHENNAI HANDICRAFTS LLP,2026-07-11,2026-08-10,79000.99,false,,paid
INV-2026-002598,RAIPUR METALS LIMITED,2026-07-18,2026-08-17,129841.00,false,,paid
INV-2026-002599,KANPUR HOSPITALITY PVT LTD,2026-08-25,2026-09-24,38033.00,false,,paid
INV-2026-002600,RAIPUR FOODS PVT LTD,2026-08-10,2026-09-09,6342.00,false,,paid
INV-2026-002601,GUNTUR SOFTWARE SERVICES PRIVATE LIMITED,2026-08-11,2026-09-10,68000.00,false,,paid
INV-2026-002602,HUBLI FERTILISERS PRIVATE LIMITED,2026-06-12,2026-07-12,5700.00,false,,paid
INV-2026-002603,TRICHY DISTRIBUTORS PRIVATE LIMITED,2026-08-19,2026-09-18,81736.00,false,,paid
INV-2026-002604,ANANTAPUR CABLES PRIVATE LIMITED,2026-06-02,2026-07-02,16866.00,false,,paid
INV-2026-002605,DHANBAD ENTERPRISES INDIA PRIVATE LIMITED,2026-07-04,2026-08-03,196483.75,false,,paid
INV-2026-002606,CUTTACK BEARINGS LIMITED,2026-08-25,2026-09-24,200000.25,false,,paid
INV-2026-002607,BHAVNAGAR GARMENTS PRIVATE LIMITED,2026-07-19,2026-08-18,200000.25,false,,paid
INV-2026-002608,AMRAVATI AGRO EXPORTS PRIVATE LIMITED,2026-08-01,2026-08-31,20000.00,false,,paid
INV-2026-002609,DHANBAD MEDIA PVT LTD,2026-07-03,2026-08-02,164802.00,false,,paid
INV-2026-002610,INDORE DIAGNOSTICS LIMITED,2026-06-01,2026-07-01,188366.00,false,,paid
INV-2026-002611,KRISHNA PRINTERS PVT LTD,2026-06-24,2026-07-24,72000.99,false,,paid
INV-2026-002612,ANANTAPUR ELECTRICALS LLP,2026-08-24,2026-09-23,25000.00,false,,paid
INV-2026-002613,KOLHAPUR FORGINGS LIMITED,2026-06-08,2026-07-08,7787.00,false,,paid
INV-2026-002614,HOSUR INFRAPROJECTS AND COMPANY,2026-08-29,2026-09-28,24755.50,false,,paid
INV-2026-002615,ERNAKULAM GARMENTS PRIVATE LIMITED,2026-07-18,2026-08-17,12589.75,false,,paid
INV-2026-002616,CHENNAI HANDICRAFTS LLP,2026-07-26,2026-08-25,82578.00,false,,paid
INV-2026-002617,CHANDRAPUR HOSPITALITY PVT LTD,2026-06-10,2026-07-10,21589.00,false,,paid
INV-2026-002618,BHAVNAGAR CONSTRUCTIONS PRIVATE LIMITED,2026-06-25,2026-07-25,19000.00,false,,paid
INV-2026-002619,TIRUPUR INFRAPROJECTS AND COMPANY,2026-07-12,2026-08-11,53000.99,false,,paid
INV-2026-002620,DHANBAD PAPER MILLS PVT LTD,2026-07-16,2026-08-15,98000.00,false,,paid
INV-2026-002621,AURANGABAD TEXTILES PVT LTD,2026-08-10,2026-09-09,8249.00,false,,paid
INV-2026-002622,KANPUR AGRO EXPORTS PRIVATE LIMITED,2026-08-12,2026-09-11,41874.00,false,,paid
INV-2026-002623,INDORE PAPER MILLS PVT LTD,2026-06-24,2026-07-24,19751.00,false,,paid
INV-2026-002624,DEHRADUN CONTAINERS PVT LTD,2026-08-12,2026-09-11,5363.00,false,,paid
INV-2026-002625,MANGALORE CASTINGS LLP,2026-06-27,2026-07-27,203000.99,false,,paid
INV-2026-002626,AMRAVATI AUTO COMPONENTS PVT LTD,2026-08-29,2026-09-28,82590.75,false,,paid
INV-2026-002627,HALDIA CABLES PRIVATE LIMITED,2026-06-06,2026-07-06,15807.00,false,,paid
INV-2026-002628,AMRAVATI INDUSTRIES INDIA PRIVATE LIMITED,2026-08-10,2026-09-09,125000.00,false,,paid
INV-2026-002629,AMRAVATI DIAGNOSTICS LIMITED,2026-06-08,2026-07-08,26658.00,false,,paid
INV-2026-002630,BHOPAL SOFTWARE SERVICES PRIVATE LIMITED,2026-08-29,2026-09-28,137000.00,false,,paid
INV-2026-002631,GWALIOR INDUSTRIES INDIA PRIVATE LIMITED,2026-08-07,2026-09-06,48573.99,false,,paid
INV-2026-002632,BHAVNAGAR PAPER MILLS PVT LTD,2026-08-17,2026-09-16,36160.00,false,,paid
INV-2026-002633,ANANTAPUR ENGINEERING PVT LTD,2026-08-03,2026-09-02,107674.50,false,,paid
INV-2026-002634,HALDIA FABRICATORS AND COMPANY,2026-06-01,2026-07-01,123000.00,false,,paid
INV-2026-002635,BHILAI HOSPITALITY PVT LTD,2026-06-21,2026-07-21,149000.75,false,,paid
INV-2026-002636,CHANDRAPUR METALS LIMITED,2026-06-26,2026-07-26,75000.00,false,,paid
INV-2026-002637,ANANTAPUR AUTO COMPONENTS PVT LTD,2026-07-27,2026-08-26,209000.00,false,,paid
INV-2026-002638,AURANGABAD CABLES PRIVATE LIMITED,2026-06-02,2026-07-02,60000.50,false,,paid
INV-2026-002639,AMRAVATI SPINNERS LLP,2026-06-24,2026-07-24,39835.25,false,,paid
INV-2026-002640,BHAVNAGAR MEDIA PVT LTD,2026-06-27,2026-07-27,78429.50,false,,paid
INV-2026-002641,GANDHINAGAR ELECTRICALS LLP,2026-07-25,2026-08-24,19098.00,false,,paid
INV-2026-002642,AMRAVATI BEARINGS LIMITED,2026-06-09,2026-07-09,15929.00,false,,paid
INV-2026-002643,AURANGABAD COLD STORAGE AND COMPANY,2026-06-11,2026-07-11,63478.25,false,,paid
INV-2026-002644,TRICHY PAPER MILLS PVT LTD,2026-06-06,2026-07-06,25000.00,false,,paid
INV-2026-002645,TRICHY INDUSTRIES INDIA PRIVATE LIMITED,2026-08-10,2026-09-09,33426.00,false,,paid
INV-2026-002646,AMRAVATI REFRACTORIES LIMITED,2026-07-10,2026-08-09,244066.00,false,,paid
INV-2026-002647,HOSUR SOFTWARE SERVICES PRIVATE LIMITED,2026-08-21,2026-09-20,15000.00,false,,paid
INV-2026-002648,HOSUR TRADERS INDIA PRIVATE LIMITED,2026-07-23,2026-08-22,136000.25,false,,paid
INV-2026-002649,CHANDRAPUR CABLES PRIVATE LIMITED,2026-06-21,2026-07-21,36541.00,false,,paid
INV-2026-002650,BHILAI FOODS PVT LTD,2026-08-01,2026-08-31,7069.75,false,,paid
INV-2026-002651,AMRAVATI CERAMICS PVT LTD,2026-07-14,2026-08-13,40576.00,false,,paid
INV-2026-002652,AMRAVATI AUTO COMPONENTS PVT LTD,2026-08-21,2026-09-20,9533.00,false,,paid
INV-2026-002653,GODAVARI TEXTILES PVT LTD,2026-06-24,2026-07-24,14099.25,false,,paid
INV-2026-002654,DEHRADUN CASTINGS LLP,2026-07-23,2026-08-22,63158.00,false,,paid
INV-2026-002655,GWALIOR CERAMICS PVT LTD,2026-07-27,2026-08-26,10000.00,false,,paid
INV-2026-002656,TIRUPUR PLASTICS AND COMPANY,2026-08-06,2026-09-05,75996.00,false,,paid
INV-2026-002657,KAKINADA POLYMERS PRIVATE LIMITED,2026-06-04,2026-07-04,52389.50,false,,paid
INV-2026-002658,BHILAI PRINTERS PVT LTD,2026-06-13,2026-07-13,33497.00,false,,paid
INV-2026-002659,BHAVNAGAR MOTORS PRIVATE LIMITED,2026-07-25,2026-08-24,143000.00,false,,paid
INV-2026-002660,HALDIA TRADERS INDIA PRIVATE LIMITED,2026-07-25,2026-08-24,43172.00,false,,paid
INV-2026-002661,ANANTAPUR MOTORS PRIVATE LIMITED,2026-07-26,2026-08-25,200000.00,false,,paid
INV-2026-002662,ANANTAPUR FERTILISERS PRIVATE LIMITED,2026-06-02,2026-07-02,56104.00,false,,paid
INV-2026-002663,AMRAVATI FERTILISERS PRIVATE LIMITED,2026-08-26,2026-09-25,281000.00,false,,paid
INV-2026-002664,JAMNAGAR FERTILISERS PRIVATE LIMITED,2026-07-05,2026-08-04,50205.00,false,,paid
INV-2026-002665,BHILAI FERTILISERS PRIVATE LIMITED,2026-06-24,2026-07-24,23433.00,false,,paid
INV-2026-002666,KANPUR CHEMICALS INDIA PRIVATE LIMITED,2026-07-14,2026-08-13,14331.99,false,,paid
INV-2026-002667,BHOPAL ENTERPRISES INDIA PRIVATE LIMITED,2026-06-22,2026-07-22,42000.00,false,,paid
INV-2026-002668,HALDIA INFRAPROJECTS AND COMPANY,2026-06-28,2026-07-28,125000.50,false,,paid
INV-2026-002669,MEERUT POLYMERS PRIVATE LIMITED,2026-06-14,2026-07-14,8798.00,false,,paid
INV-2026-002670,AMRAVATI CERAMICS PVT LTD,2026-06-21,2026-07-21,125000.00,false,,paid
INV-2026-002671,MANGALORE FOODS PVT LTD,2026-07-28,2026-08-27,36589.75,false,,paid
INV-2026-002672,AURANGABAD SPINNERS LLP,2026-07-21,2026-08-20,45036.00,false,,paid
INV-2026-002673,CALICUT POLYMERS PRIVATE LIMITED,2026-06-27,2026-07-27,24532.00,false,,paid
INV-2026-002674,CUTTACK CHEMICALS INDIA PRIVATE LIMITED,2026-06-23,2026-07-23,131821.00,false,,paid
INV-2026-002675,TIRUPUR TRANSPORT AND COMPANY,2026-07-30,2026-08-29,20000.00,false,,paid
INV-2026-002676,SOLAPUR FOODS PVT LTD,2026-06-23,2026-07-23,5002.00,false,,paid
INV-2026-002677,BELGAUM CERAMICS PVT LTD,2026-07-08,2026-08-07,55010.00,false,,paid
INV-2026-002678,GWALIOR PRINTERS PVT LTD,2026-08-18,2026-09-17,267000.00,false,,paid
INV-2026-002679,CHANDRAPUR INFRAPROJECTS AND COMPANY,2026-07-30,2026-08-29,15556.00,false,,paid
INV-2026-002680,BELGAUM SPINNERS LLP,2026-06-15,2026-07-15,47114.75,false,,paid
INV-2026-002681,JALANDHAR CABLES PRIVATE LIMITED,2026-07-27,2026-08-26,20289.75,false,,paid
INV-2026-002682,KAKINADA SPINNERS LLP,2026-08-19,2026-09-18,9718.75,false,,paid
INV-2026-002683,NASHIK GARMENTS PRIVATE LIMITED,2026-07-04,2026-08-03,10000.00,false,,paid
INV-2026-002684,TIRUPUR PHARMACEUTICALS INDIA PRIVATE LIMITED,2026-07-13,2026-08-12,103882.00,false,,paid
INV-2026-002685,SILIGURI LOGISTICS PRIVATE LIMITED,2026-08-27,2026-09-26,21413.25,false,,paid
INV-2026-002686,HUBLI LOGISTICS PRIVATE LIMITED,2026-08-08,2026-09-07,42218.00,false,,paid
INV-2026-002687,AMRAVATI HANDICRAFTS LLP,2026-08-21,2026-09-20,6020.00,false,,paid
INV-2026-002688,CUTTACK CASTINGS LLP,2026-08-17,2026-09-16,4012.75,false,,paid
INV-2026-002689,AMRAVATI CONSTRUCTIONS PRIVATE LIMITED,2026-07-28,2026-08-27,15579.00,false,,paid
INV-2026-002690,KANPUR METALS LIMITED,2026-06-21,2026-07-21,13992.00,false,,paid
INV-2026-002691,AMRAVATI AGRO EXPORTS PRIVATE LIMITED,2026-06-18,2026-07-18,17319.00,false,,paid
INV-2026-002692,KOLHAPUR SOFTWARE SERVICES PRIVATE LIMITED,2026-07-02,2026-08-01,63436.00,false,,paid
INV-2026-002693,AMRAVATI PLASTICS AND COMPANY,2026-06-10,2026-07-10,14000.00,false,,paid
INV-2026-002694,UDAIPUR DIAGNOSTICS LIMITED,2026-07-20,2026-08-19,5000.00,false,,paid
INV-2026-002695,AMRAVATI POLYMERS PRIVATE LIMITED,2026-06-08,2026-07-08,150000.00,false,,paid
INV-2026-002696,AMRAVATI AGRO EXPORTS PRIVATE LIMITED,2026-06-08,2026-07-08,41372.00,false,,paid
INV-2026-002697,BHILAI FOODS PVT LTD,2026-06-02,2026-07-02,97809.00,false,,paid
INV-2026-002698,BELGAUM AGRO EXPORTS PRIVATE LIMITED,2026-08-01,2026-08-31,13112.00,false,,paid
INV-2026-002699,VARANASI PRINTERS PVT LTD,2026-07-15,2026-08-14,7099.00,false,,paid
INV-2026-002700,BHAVNAGAR SOFTWARE SERVICES PRIVATE LIMITED,2026-07-11,2026-08-10,81371.25,false,,paid
INV-2026-002701,AMRAVATI AUTO COMPONENTS PVT LTD,2026-08-21,2026-09-20,30812.00,false,,paid
INV-2026-002702,UDAIPUR REFRACTORIES LIMITED,2026-07-02,2026-08-01,160003.99,false,,paid
INV-2026-002703,AMRAVATI GARMENTS PRIVATE LIMITED,2026-08-16,2026-09-15,12431.00,false,,paid
INV-2026-002704,AMRAVATI CASTINGS LLP,2026-06-12,2026-07-12,11155.00,false,,paid
INV-2026-002705,DEHRADUN PACKAGING LLP,2026-08-14,2026-09-13,7750.00,false,,paid
INV-2026-002706,AMRAVATI AGRO EXPORTS PRIVATE LIMITED,2026-06-20,2026-07-20,59321.00,false,,paid
INV-2026-002707,CHENNAI MEDIA PVT LTD,2026-06-11,2026-07-11,7010.00,false,,paid
INV-2026-002708,AMRAVATI ENTERPRISES INDIA PRIVATE LIMITED,2026-07-31,2026-08-30,3582.00,false,,paid
INV-2026-002709,BHOPAL TRANSPORT AND COMPANY,2026-07-05,2026-08-04,6915.00,false,,paid
INV-2026-002710,AMRAVATI CERAMICS PVT LTD,2026-06-21,2026-07-21,49354.00,false,,paid
INV-2026-002711,CUTTACK PLASTICS AND COMPANY,2026-06-26,2026-07-26,18818.00,false,,paid
INV-2026-002712,HOSUR ELECTRICALS LLP,2026-08-06,2026-09-05,1575.00,false,,paid
INV-2026-002713,BHAVNAGAR INFRAPROJECTS AND COMPANY,2026-07-28,2026-08-27,50270.99,false,,paid
INV-2026-002714,CHANDRAPUR FERTILISERS PRIVATE LIMITED,2026-06-03,2026-07-03,41634.00,false,,paid
INV-2026-002715,CHANDRAPUR PLASTICS AND COMPANY,2026-08-22,2026-09-21,17406.00,false,,paid
INV-2026-002716,GODAVARI DIAGNOSTICS LIMITED,2026-08-20,2026-09-19,9399.00,false,,paid
INV-2026-002717,CHENNAI REFRACTORIES LIMITED,2026-08-14,2026-09-13,10000.00,false,,paid
INV-2026-002718,COIMBATORE PLASTICS AND COMPANY,2026-07-08,2026-08-07,17659.50,false,,paid
INV-2026-002719,SURAT LOGISTICS PRIVATE LIMITED,2026-07-19,2026-08-18,5000.00,false,,paid
INV-2026-002720,AMRAVATI CONSTRUCTIONS PRIVATE LIMITED,2026-08-13,2026-09-12,171000.00,false,,paid
INV-2026-002721,GODAVARI SOFTWARE SERVICES PRIVATE LIMITED,2026-07-10,2026-08-09,10000.00,false,,paid
INV-2026-002722,SOLAPUR TRADERS INDIA PRIVATE LIMITED,2026-07-24,2026-08-23,26659.00,false,,paid
INV-2026-002723,BHOPAL METALS LIMITED,2026-07-11,2026-08-10,107000.00,false,,paid
INV-2026-002724,ANANTAPUR POLYMERS PRIVATE LIMITED,2026-07-06,2026-08-05,176000.00,false,,paid
INV-2026-002725,AMRAVATI AGRO EXPORTS PRIVATE LIMITED,2026-07-03,2026-08-02,24213.00,false,,paid
INV-2026-002726,SURAT REFRACTORIES LIMITED,2026-08-18,2026-09-17,242000.00,false,,paid
INV-2026-002727,MYSORE FERTILISERS PRIVATE LIMITED,2026-08-28,2026-09-27,43324.00,false,,paid
INV-2026-002728,HALDIA CONSTRUCTIONS PRIVATE LIMITED,2026-07-31,2026-08-30,3040.00,false,,paid
INV-2026-002729,HUBLI TRADERS INDIA PRIVATE LIMITED,2026-07-05,2026-08-04,30796.00,false,,paid
INV-2026-002730,AMRAVATI HANDICRAFTS LLP,2026-06-01,2026-07-01,12000.00,false,,paid
INV-2026-002731,INDORE FABRICATORS AND COMPANY,2026-07-08,2026-08-07,50853.00,false,,paid
INV-2026-002732,BELGAUM FORGINGS LIMITED,2026-06-24,2026-07-24,82676.00,false,,paid
INV-2026-002733,CHANDRAPUR CABLES PRIVATE LIMITED,2026-06-16,2026-07-16,101018.00,false,,paid
INV-2026-002734,CUTTACK CASTINGS LLP,2026-06-15,2026-07-15,32748.99,false,,paid
INV-2026-002735,CHANDRAPUR SPINNERS LLP,2026-06-23,2026-07-23,224794.75,false,,paid
INV-2026-002736,AMRAVATI INDUSTRIES INDIA PRIVATE LIMITED,2026-06-22,2026-07-22,5000.50,false,,paid
INV-2026-002737,AURANGABAD FORGINGS LIMITED,2026-06-02,2026-07-02,18503.00,false,,paid
INV-2026-002738,KRISHNA LOGISTICS PRIVATE LIMITED,2026-06-15,2026-07-15,10000.00,false,,paid
INV-2026-002739,ANANTAPUR ENGINEERING PVT LTD,2026-07-31,2026-08-30,257000.50,false,,paid
INV-2026-002740,GANDHINAGAR METALS LIMITED,2026-08-12,2026-09-11,75000.50,false,,paid
INV-2026-002741,HOSUR PRINTERS PVT LTD,2026-06-29,2026-07-29,64512.00,false,,paid
INV-2026-002742,ANANTAPUR HOSPITALITY PVT LTD,2026-08-09,2026-09-08,29326.00,false,,paid
INV-2026-002743,BELGAUM AGRO EXPORTS PRIVATE LIMITED,2026-07-20,2026-08-19,60013.00,false,,paid
INV-2026-002744,NASHIK CASTINGS LLP,2026-07-05,2026-08-04,85000.00,false,,paid
INV-2026-002745,UDAIPUR REFRACTORIES LIMITED,2026-08-11,2026-09-10,95241.00,false,,paid
INV-2026-002746,SOLAPUR METALS LIMITED,2026-08-08,2026-09-07,9986.00,false,,paid
INV-2026-002747,AMRAVATI AGRO EXPORTS PRIVATE LIMITED,2026-06-08,2026-07-08,150000.00,false,,paid
INV-2026-002748,HALDIA POLYMERS PRIVATE LIMITED,2026-07-26,2026-08-25,67368.00,false,,paid
INV-2026-002749,AMRAVATI AGRO EXPORTS PRIVATE LIMITED,2026-06-23,2026-07-23,31638.50,false,,paid
INV-2026-002750,GODAVARI POLYMERS PRIVATE LIMITED,2026-07-24,2026-08-23,70392.99,false,,paid
INV-2026-002751,CHANDRAPUR PACKAGING LLP,2026-07-15,2026-08-14,60000.00,false,,paid
INV-2026-002752,AURANGABAD GARMENTS PRIVATE LIMITED,2026-06-15,2026-07-15,14535.50,false,,paid
INV-2026-002753,AMRAVATI AGRO EXPORTS PRIVATE LIMITED,2026-08-15,2026-09-14,299979.00,false,,paid
INV-2026-002754,GWALIOR PHARMACEUTICALS INDIA PRIVATE LIMITED,2026-06-18,2026-07-18,72086.00,false,,paid
INV-2026-002755,AMRAVATI DISTRIBUTORS PRIVATE LIMITED,2026-07-28,2026-08-27,10339.50,false,,paid
INV-2026-002756,JODHPUR TEXTILES PVT LTD,2026-06-15,2026-07-15,125000.00,false,,paid
INV-2026-002757,BELGAUM GARMENTS PRIVATE LIMITED,2026-08-06,2026-09-05,20484.00,false,,paid
INV-2026-002758,AMRAVATI AGRO EXPORTS PRIVATE LIMITED,2026-07-13,2026-08-12,53135.00,false,,paid
INV-2026-002759,DHANBAD HOSPITALITY PVT LTD,2026-07-31,2026-08-30,176000.00,false,,paid
INV-2026-002760,BELGAUM FABRICATORS AND COMPANY,2026-06-01,2026-07-01,89000.00,false,,paid
INV-2026-002761,RAIPUR CHEMICALS INDIA PRIVATE LIMITED,2026-06-09,2026-07-09,12388.25,false,,paid
INV-2026-002762,GODAVARI AUTO COMPONENTS PVT LTD,2026-08-28,2026-09-27,29701.00,false,,paid
INV-2026-002763,NASHIK DIAGNOSTICS LIMITED,2026-08-10,2026-09-09,14636.00,false,,paid
INV-2026-002764,JODHPUR DIAGNOSTICS LIMITED,2026-07-31,2026-08-30,27931.00,false,,paid
INV-2026-002765,BELGAUM FOODS PVT LTD,2026-08-27,2026-09-26,233000.00,false,,paid
INV-2026-002766,GODAVARI AUTO COMPONENTS PVT LTD,2026-07-09,2026-08-08,49398.00,false,,paid
INV-2026-002767,AMRAVATI ENTERPRISES INDIA PRIVATE LIMITED,2026-08-01,2026-08-31,153266.00,false,,paid
INV-2026-002768,RAIPUR METALS LIMITED,2026-06-23,2026-07-23,38140.99,false,,paid
INV-2026-002769,BELGAUM FORGINGS LIMITED,2026-08-24,2026-09-23,130777.00,false,,paid
INV-2026-002770,BELGAUM ENTERPRISES INDIA PRIVATE LIMITED,2026-07-15,2026-08-14,201000.00,false,,paid
INV-2026-002771,AURANGABAD METALS LIMITED,2026-07-17,2026-08-16,61253.00,false,,paid
INV-2026-002772,AURANGABAD TRANSPORT AND COMPANY,2026-08-23,2026-09-22,2000.00,false,,paid
INV-2026-002773,HUBLI POLYMERS PRIVATE LIMITED,2026-08-15,2026-09-14,39983.00,false,,paid
INV-2026-002774,HALDIA PRINTERS PVT LTD,2026-08-25,2026-09-24,210000.00,false,,paid
INV-2026-002775,BHOPAL AUTO COMPONENTS PVT LTD,2026-08-21,2026-09-20,32000.00,false,,paid
INV-2026-002776,AURANGABAD SPINNERS LLP,2026-08-23,2026-09-22,52000.00,false,,paid
INV-2026-002777,AURANGABAD CASTINGS LLP,2026-08-08,2026-09-07,198855.00,false,,paid
INV-2026-002778,AURANGABAD PHARMACEUTICALS INDIA PRIVATE LIMITED,2026-07-26,2026-08-25,16067.25,false,,paid
INV-2026-002779,GUNTUR AGRO EXPORTS PRIVATE LIMITED,2026-08-12,2026-09-11,3000.99,false,,paid
INV-2026-002780,AMRAVATI LOGISTICS PRIVATE LIMITED,2026-06-06,2026-07-06,11212.00,false,,paid
INV-2026-002781,DHANBAD ELECTRICALS LLP,2026-07-29,2026-08-28,20000.50,false,,paid
INV-2026-002782,CALICUT LOGISTICS PRIVATE LIMITED,2026-08-13,2026-09-12,199163.00,false,,paid
INV-2026-002783,JAMNAGAR FORGINGS LIMITED,2026-06-13,2026-07-13,8594.00,false,,paid
INV-2026-002784,AURANGABAD GARMENTS PRIVATE LIMITED,2026-06-27,2026-07-27,11700.00,false,,paid
INV-2026-002785,KOLHAPUR PAPER MILLS PVT LTD,2026-07-31,2026-08-30,68771.00,false,,paid
INV-2026-002786,CHANDRAPUR PHARMACEUTICALS INDIA PRIVATE LIMITED,2026-07-05,2026-08-04,14639.00,false,,paid
INV-2026-002787,CHANDRAPUR CERAMICS PVT LTD,2026-08-29,2026-09-28,63422.50,false,,paid
INV-2026-002788,AMRAVATI LOGISTICS PRIVATE LIMITED,2026-07-12,2026-08-11,79674.00,false,,paid
INV-2026-002789,GANDHINAGAR AGRO EXPORTS PRIVATE LIMITED,2026-08-16,2026-09-15,151000.99,false,,paid
INV-2026-002790,AMRAVATI AGRO EXPORTS PRIVATE LIMITED,2026-08-08,2026-09-07,4398.00,false,,paid
INV-2026-002791,GANDHINAGAR ENGINEERING PVT LTD,2026-06-23,2026-07-23,100000.50,false,,paid
INV-2026-002792,ANANTAPUR MEDIA PVT LTD,2026-08-25,2026-09-24,28888.50,false,,paid
INV-2026-002793,AMRAVATI FERTILISERS PRIVATE LIMITED,2026-08-28,2026-09-27,8354.00,false,,paid
INV-2026-002794,PANIPAT ENGINEERING PVT LTD,2026-06-28,2026-07-28,63787.00,false,,paid
INV-2026-002795,GODAVARI ELECTRICALS LLP,2026-08-01,2026-08-31,6507.00,false,,paid
INV-2026-002796,SURAT SPINNERS LLP,2026-07-12,2026-08-11,75000.25,false,,paid
INV-2026-002797,NAGPUR CONTAINERS PVT LTD,2026-07-29,2026-08-28,74054.00,false,,paid
INV-2026-002798,CALICUT CHEMICALS INDIA PRIVATE LIMITED,2026-06-06,2026-07-06,127000.00,false,,paid
INV-2026-002799,AMRAVATI AUTO COMPONENTS PVT LTD,2026-06-29,2026-07-29,30000.50,false,,paid
INV-2026-002800,AMRAVATI AUTO COMPONENTS PVT LTD,2026-07-18,2026-08-17,69816.00,false,,paid
INV-2026-002801,AMRAVATI COLD STORAGE AND COMPANY,2026-06-30,2026-07-30,14486.99,false,,paid
INV-2026-002802,AURANGABAD AGRO EXPORTS PRIVATE LIMITED,2026-06-06,2026-07-06,10665.00,false,,paid
INV-2026-002803,KRISHNA TEXTILES PVT LTD,2026-07-14,2026-08-13,9112.00,false,,paid
INV-2026-002804,AMRAVATI HANDICRAFTS LLP,2026-08-28,2026-09-27,47216.00,false,,paid
INV-2026-002805,SOLAPUR TEXTILES PVT LTD,2026-07-27,2026-08-26,82000.00,false,,paid
INV-2026-002806,RAIPUR FOODS PVT LTD,2026-06-08,2026-07-08,226000.00,false,,paid
INV-2026-002807,ERNAKULAM PLASTICS AND COMPANY,2026-06-03,2026-07-03,15277.00,false,,paid
INV-2026-002808,COIMBATORE PACKAGING LLP,2026-06-08,2026-07-08,296775.00,false,,paid
INV-2026-002809,PANIPAT PAPER MILLS PVT LTD,2026-06-23,2026-07-23,103399.00,false,,paid
INV-2026-002810,HALDIA CERAMICS PVT LTD,2026-08-17,2026-09-16,112000.00,false,,paid
INV-2026-002811,AMRAVATI AGRO EXPORTS PRIVATE LIMITED,2026-06-11,2026-07-11,15000.00,false,,paid
INV-2026-002812,JALANDHAR PRINTERS PVT LTD,2026-08-04,2026-09-03,47736.00,false,,paid
INV-2026-002813,CUTTACK REFRACTORIES LIMITED,2026-08-23,2026-09-22,30000.00,false,,paid
INV-2026-002814,AMRAVATI AUTO COMPONENTS PVT LTD,2026-08-02,2026-09-01,19245.00,false,,paid
INV-2026-002815,UDAIPUR TRANSPORT AND COMPANY,2026-08-12,2026-09-11,47678.00,false,,paid
INV-2026-002816,CUTTACK CHEMICALS INDIA PRIVATE LIMITED,2026-07-14,2026-08-13,27544.00,false,,paid
INV-2026-002817,RAJKOT LOGISTICS PRIVATE LIMITED,2026-08-09,2026-09-08,188921.00,false,,paid
INV-2026-002818,AMRAVATI SPINNERS LLP,2026-08-01,2026-08-31,200000.00,false,,paid
INV-2026-002819,GODAVARI AUTO COMPONENTS PVT LTD,2026-08-16,2026-09-15,162827.00,false,,paid
INV-2026-002820,HUBLI FORGINGS LIMITED,2026-08-15,2026-09-14,25000.00,false,,paid
INV-2026-002821,AMRAVATI AGRO EXPORTS PRIVATE LIMITED,2026-06-14,2026-07-14,35605.00,false,,paid
INV-2026-002822,JAMNAGAR PACKAGING LLP,2026-08-02,2026-09-01,2682.00,false,,paid
INV-2026-002823,DEHRADUN HANDICRAFTS LLP,2026-07-09,2026-08-08,20671.00,false,,paid
INV-2026-002824,AURANGABAD PACKAGING LLP,2026-06-22,2026-07-22,29146.50,false,,paid
INV-2026-002825,BHAVNAGAR PAPER MILLS PVT LTD,2026-07-18,2026-08-17,12194.00,false,,paid
INV-2026-002826,CHANDRAPUR COLD STORAGE AND COMPANY,2026-08-06,2026-09-05,276000.00,false,,paid
INV-2026-002827,BHOPAL CONTAINERS PVT LTD,2026-08-29,2026-09-28,500000.00,false,,paid
INV-2026-002828,HOSUR BEARINGS LIMITED,2026-08-03,2026-09-02,88660.50,false,,paid
INV-2026-002829,AMRAVATI TEXTILES PVT LTD,2026-08-01,2026-08-31,300000.50,false,,paid
INV-2026-002830,NAGPUR LOGISTICS PRIVATE LIMITED,2026-07-08,2026-08-07,250000.00,false,,paid
INV-2026-002831,ANANTAPUR CHEMICALS INDIA PRIVATE LIMITED,2026-07-19,2026-08-18,35873.00,false,,paid
INV-2026-002832,HOSUR CASTINGS LLP,2026-08-26,2026-09-25,50214.99,false,,paid
INV-2026-002833,AMRAVATI BEARINGS LIMITED,2026-08-26,2026-09-25,15000.00,false,,paid
INV-2026-002834,TIRUPUR FERTILISERS PRIVATE LIMITED,2026-07-11,2026-08-10,291000.00,false,,paid
INV-2026-002835,AMRAVATI BEARINGS LIMITED,2026-07-23,2026-08-22,167166.00,false,,paid
INV-2026-002836,BHAVNAGAR INDUSTRIES INDIA PRIVATE LIMITED,2026-08-22,2026-09-21,30000.00,false,,paid
INV-2026-002837,UDAIPUR MOTORS PRIVATE LIMITED,2026-07-01,2026-07-31,5789.00,false,,paid
INV-2026-002838,BHAVNAGAR PHARMACEUTICALS INDIA PRIVATE LIMITED,2026-08-09,2026-09-08,76339.00,false,,paid
INV-2026-002839,NARMADA TEXTILES PVT LTD,2026-07-23,2026-08-22,2000.00,false,,paid
INV-2026-002840,HALDIA TEXTILES PVT LTD,2026-06-05,2026-07-05,60000.00,false,,paid
INV-2026-002841,BELGAUM BEARINGS LIMITED,2026-07-20,2026-08-19,9832.99,false,,paid
INV-2026-002842,AMRAVATI FERTILISERS PRIVATE LIMITED,2026-08-18,2026-09-17,209000.75,false,,paid
INV-2026-002843,JALANDHAR CABLES PRIVATE LIMITED,2026-08-03,2026-09-02,20885.00,false,,paid
INV-2026-002844,GANDHINAGAR REFRACTORIES LIMITED,2026-07-26,2026-08-25,29294.00,false,,paid
INV-2026-002845,ANANTAPUR GARMENTS PRIVATE LIMITED,2026-06-14,2026-07-14,19468.00,false,,paid
INV-2026-002846,AMRAVATI CABLES PRIVATE LIMITED,2026-06-13,2026-07-13,40651.00,false,,paid
INV-2026-002847,CHANDRAPUR TRADERS INDIA PRIVATE LIMITED,2026-07-24,2026-08-23,79536.50,false,,paid
INV-2026-002848,JAMNAGAR REFRACTORIES LIMITED,2026-06-20,2026-07-20,18445.00,false,,paid
INV-2026-002849,BELGAUM ENTERPRISES INDIA PRIVATE LIMITED,2026-06-05,2026-07-05,62954.50,false,,paid
INV-2026-002850,JODHPUR CABLES PRIVATE LIMITED,2026-07-20,2026-08-19,15000.00,false,,paid
INV-2026-002851,ANANTAPUR CHEMICALS INDIA PRIVATE LIMITED,2026-07-27,2026-08-26,125000.00,false,,paid
INV-2026-002852,HALDIA SPINNERS LLP,2026-06-25,2026-07-25,7870.00,false,,paid
INV-2026-002853,BELGAUM CASTINGS LLP,2026-07-27,2026-08-26,91000.00,false,,paid
INV-2026-002854,ANANTAPUR MEDIA PVT LTD,2026-08-15,2026-09-14,63000.00,false,,paid
INV-2026-002855,AMRAVATI CHEMICALS INDIA PRIVATE LIMITED,2026-07-15,2026-08-14,59798.00,false,,paid
INV-2026-002856,MADURAI DIAGNOSTICS LIMITED,2026-07-13,2026-08-12,62972.00,false,,paid
INV-2026-002857,NAGPUR ELECTRICALS LLP,2026-06-11,2026-07-11,55905.00,false,,paid
INV-2026-002858,BHAVNAGAR CONTAINERS PVT LTD,2026-06-13,2026-07-13,84999.50,false,,paid
INV-2026-002859,ERNAKULAM SPINNERS LLP,2026-08-28,2026-09-27,21307.00,false,,paid
INV-2026-002860,MYSORE FORGINGS LIMITED,2026-08-22,2026-09-21,40000.00,false,,paid
INV-2026-002861,ERNAKULAM DIAGNOSTICS LIMITED,2026-06-10,2026-07-10,4064.25,false,,paid
INV-2026-002862,TRICHY BEARINGS LIMITED,2026-06-26,2026-07-26,50619.00,false,,paid
INV-2026-002863,MADURAI SPINNERS LLP,2026-08-12,2026-09-11,27894.00,false,,paid
INV-2026-002864,DEHRADUN SOFTWARE SERVICES PRIVATE LIMITED,2026-06-22,2026-07-22,6653.00,false,,paid
INV-2026-002865,HALDIA METALS LIMITED,2026-08-07,2026-09-06,29250.99,false,,paid
INV-2026-002866,SILIGURI BEARINGS LIMITED,2026-06-15,2026-07-15,36202.00,false,,paid
INV-2026-002867,KAKINADA LOGISTICS PRIVATE LIMITED,2026-07-10,2026-08-09,29544.00,false,,paid
INV-2026-002868,BELGAUM HANDICRAFTS LLP,2026-06-15,2026-07-15,154848.00,false,,paid
INV-2026-002869,CALICUT CABLES PRIVATE LIMITED,2026-07-13,2026-08-12,50000.00,false,,paid
INV-2026-002870,LUDHIANA FERTILISERS PRIVATE LIMITED,2026-07-17,2026-08-16,10198.00,false,,paid
INV-2026-002871,AMRAVATI AGRO EXPORTS PRIVATE LIMITED,2026-07-21,2026-08-20,34359.00,false,,paid
INV-2026-002872,CALICUT HOSPITALITY PVT LTD,2026-08-03,2026-09-02,66821.00,false,,paid
INV-2026-002873,MYSORE ELECTRICALS LLP,2026-07-25,2026-08-24,127762.00,false,,paid
INV-2026-002874,AMRAVATI AGRO EXPORTS PRIVATE LIMITED,2026-06-27,2026-07-27,43366.00,false,,paid
INV-2026-002875,MYSORE AUTO COMPONENTS PVT LTD,2026-07-28,2026-08-27,56325.00,false,,paid
INV-2026-002876,AURANGABAD HANDICRAFTS LLP,2026-08-28,2026-09-27,223000.00,false,,paid
INV-2026-002877,ANANTAPUR DISTRIBUTORS PRIVATE LIMITED,2026-07-09,2026-08-08,26197.25,false,,paid
INV-2026-002878,JABALPUR INDUSTRIES INDIA PRIVATE LIMITED,2026-06-23,2026-07-23,19944.00,false,,paid
INV-2026-002879,AMRAVATI AUTO COMPONENTS PVT LTD,2026-06-11,2026-07-11,22654.00,false,,paid
INV-2026-002880,HALDIA LOGISTICS PRIVATE LIMITED,2026-07-01,2026-07-31,32957.00,false,,paid
INV-2026-002881,CHENNAI BEARINGS LIMITED,2026-07-07,2026-08-06,12356.00,false,,paid
INV-2026-002882,AMRAVATI GARMENTS PRIVATE LIMITED,2026-08-26,2026-09-25,25000.00,false,,paid
INV-2026-002883,AMRAVATI FOODS PVT LTD,2026-08-16,2026-09-15,150000.00,false,,paid
INV-2026-002884,DHANBAD PLASTICS AND COMPANY,2026-08-15,2026-09-14,75000.00,false,,paid
INV-2026-002885,MADURAI DISTRIBUTORS PRIVATE LIMITED,2026-07-30,2026-08-29,34000.99,false,,paid
INV-2026-002886,BHAVNAGAR CABLES PRIVATE LIMITED,2026-07-10,2026-08-09,84589.00,false,,paid
INV-2026-002887,ERNAKULAM FORGINGS LIMITED,2026-06-04,2026-07-04,4984.00,false,,paid
INV-2026-002888,NARMADA ENGINEERING PVT LTD,2026-06-17,2026-07-17,53875.00,false,,paid
INV-2026-002889,AMRAVATI AGRO EXPORTS PRIVATE LIMITED,2026-06-18,2026-07-18,40000.00,false,,paid
INV-2026-002890,AMRAVATI CHEMICALS INDIA PRIVATE LIMITED,2026-07-09,2026-08-08,144000.00,false,,paid
INV-2026-002891,ANANTAPUR CABLES PRIVATE LIMITED,2026-08-10,2026-09-09,55225.00,false,,paid
INV-2026-002892,AMRAVATI AUTO COMPONENTS PVT LTD,2026-06-26,2026-07-26,32679.00,false,,paid
INV-2026-002893,GODAVARI DISTRIBUTORS PRIVATE LIMITED,2026-07-09,2026-08-08,40000.00,false,,paid
INV-2026-002894,AMRAVATI CHEMICALS INDIA PRIVATE LIMITED,2026-07-29,2026-08-28,86765.25,false,,paid
INV-2026-002895,JODHPUR FORGINGS LIMITED,2026-06-26,2026-07-26,35273.99,false,,paid
INV-2026-002896,AMRAVATI CHEMICALS INDIA PRIVATE LIMITED,2026-06-03,2026-07-03,30000.00,false,,paid
INV-2026-002897,TRICHY CABLES PRIVATE LIMITED,2026-08-06,2026-09-05,113925.00,false,,paid
INV-2026-002898,INDORE CERAMICS PVT LTD,2026-08-23,2026-09-22,60865.00,false,,paid
INV-2026-002899,JABALPUR LOGISTICS PRIVATE LIMITED,2026-06-30,2026-07-30,43363.50,false,,paid
INV-2026-002900,AMRAVATI CONSTRUCTIONS PRIVATE LIMITED,2026-06-03,2026-07-03,6000.00,false,,paid
INV-2026-002901,AMRAVATI INFRAPROJECTS AND COMPANY,2026-07-07,2026-08-06,32634.00,false,,paid
INV-2026-002902,ANANTAPUR ELECTRICALS LLP,2026-08-08,2026-09-07,188127.00,false,,paid
INV-2026-002903,HUBLI INDUSTRIES INDIA PRIVATE LIMITED,2026-06-22,2026-07-22,54850.00,false,,paid
INV-2026-002904,ANANTAPUR PHARMACEUTICALS INDIA PRIVATE LIMITED,2026-06-04,2026-07-04,41419.25,false,,paid
INV-2026-002905,CHANDRAPUR ELECTRICALS LLP,2026-07-04,2026-08-03,7292.00,false,,paid
INV-2026-002906,KANPUR DISTRIBUTORS PRIVATE LIMITED,2026-07-12,2026-08-11,31000.00,false,,paid
INV-2026-002907,AMRAVATI FABRICATORS AND COMPANY,2026-07-25,2026-08-24,44259.00,false,,paid
INV-2026-002908,CHANDRAPUR ELECTRICALS LLP,2026-06-30,2026-07-30,27136.00,false,,paid
INV-2026-002909,UDAIPUR FORGINGS LIMITED,2026-06-28,2026-07-28,31833.99,false,,paid
INV-2026-002910,BHILAI BEARINGS LIMITED,2026-07-06,2026-08-05,74177.99,false,,paid
INV-2026-002911,MYSORE CABLES PRIVATE LIMITED,2026-06-20,2026-07-20,20000.75,false,,paid
INV-2026-002912,DEHRADUN TRANSPORT AND COMPANY,2026-08-29,2026-09-28,55501.00,false,,paid
INV-2026-002913,INDORE REFRACTORIES LIMITED,2026-07-26,2026-08-25,16256.00,false,,paid
INV-2026-002914,JODHPUR CERAMICS PVT LTD,2026-06-27,2026-07-27,86671.00,false,,paid
INV-2026-002915,ANANTAPUR CERAMICS PVT LTD,2026-06-28,2026-07-28,262192.99,false,,paid
INV-2026-002916,BHILAI AGRO EXPORTS PRIVATE LIMITED,2026-08-29,2026-09-28,53560.50,false,,paid
INV-2026-002917,CALICUT PLASTICS AND COMPANY,2026-06-02,2026-07-02,85197.00,false,,paid
INV-2026-002918,AMRAVATI AGRO EXPORTS PRIVATE LIMITED,2026-08-22,2026-09-21,14625.99,false,,paid
INV-2026-002919,PANIPAT AUTO COMPONENTS PVT LTD,2026-07-20,2026-08-19,75000.00,false,,paid
INV-2026-002920,AMRAVATI SPINNERS LLP,2026-08-06,2026-09-05,231098.00,false,,paid
INV-2026-002921,HALDIA CONSTRUCTIONS PRIVATE LIMITED,2026-07-30,2026-08-29,26247.75,false,,paid
INV-2026-002922,MADURAI FERTILISERS PRIVATE LIMITED,2026-06-06,2026-07-06,200000.00,false,,paid
INV-2026-002923,JODHPUR DIAGNOSTICS LIMITED,2026-07-14,2026-08-13,30000.00,false,,paid
INV-2026-002924,KRISHNA GARMENTS PRIVATE LIMITED,2026-07-22,2026-08-21,172811.00,false,,paid
INV-2026-002925,MYSORE POLYMERS PRIVATE LIMITED,2026-08-26,2026-09-25,13258.00,false,,paid
INV-2026-002926,BHILAI HOSPITALITY PVT LTD,2026-06-29,2026-07-29,60669.00,false,,paid
INV-2026-002927,HUBLI DIAGNOSTICS LIMITED,2026-08-16,2026-09-15,19772.50,false,,paid
INV-2026-002928,ANANTAPUR AUTO COMPONENTS PVT LTD,2026-08-22,2026-09-21,44190.00,false,,paid
INV-2026-002929,NARMADA AUTO COMPONENTS PVT LTD,2026-06-18,2026-07-18,281024.00,false,,paid
INV-2026-002930,MEERUT COLD STORAGE AND COMPANY,2026-07-21,2026-08-20,19273.00,false,,paid
INV-2026-002931,INDORE PACKAGING LLP,2026-08-29,2026-09-28,32684.00,false,,paid
INV-2026-002932,LUDHIANA TRANSPORT AND COMPANY,2026-07-20,2026-08-19,104883.50,false,,paid
INV-2026-002933,NAGPUR CHEMICALS INDIA PRIVATE LIMITED,2026-06-28,2026-07-28,100000.25,false,,paid
INV-2026-002934,BELGAUM CONSTRUCTIONS PRIVATE LIMITED,2026-06-06,2026-07-06,34583.00,false,,paid
INV-2026-002935,ERNAKULAM ELECTRICALS LLP,2026-06-16,2026-07-16,35799.00,false,,paid
INV-2026-002936,ERNAKULAM FABRICATORS AND COMPANY,2026-06-22,2026-07-22,13266.00,false,,paid
INV-2026-002937,DEHRADUN FORGINGS LIMITED,2026-08-05,2026-09-04,297000.99,false,,paid
INV-2026-002938,HALDIA AUTO COMPONENTS PVT LTD,2026-06-01,2026-07-01,5000.00,false,,paid
INV-2026-002939,AMRAVATI AUTO COMPONENTS PVT LTD,2026-07-16,2026-08-15,500000.00,false,,paid
INV-2026-002940,JODHPUR BEARINGS LIMITED,2026-06-23,2026-07-23,24338.00,false,,paid
INV-2026-002941,GWALIOR TRADERS INDIA PRIVATE LIMITED,2026-06-14,2026-07-14,15000.99,false,,paid
INV-2026-002942,ANANTAPUR FORGINGS LIMITED,2026-07-09,2026-08-08,75000.00,false,,paid
INV-2026-002943,AMRAVATI AGRO EXPORTS PRIVATE LIMITED,2026-07-26,2026-08-25,82000.00,false,,paid
INV-2026-002944,BHILAI DIAGNOSTICS LIMITED,2026-08-28,2026-09-27,136713.25,false,,paid
INV-2026-002945,CALICUT CONTAINERS PVT LTD,2026-06-21,2026-07-21,316521.75,false,,paid
INV-2026-002946,ERNAKULAM CONSTRUCTIONS PRIVATE LIMITED,2026-06-10,2026-07-10,102157.99,false,,paid
INV-2026-002947,PANIPAT CASTINGS LLP,2026-06-29,2026-07-29,64829.00,false,,paid
INV-2026-002948,AMRAVATI FERTILISERS PRIVATE LIMITED,2026-07-24,2026-08-23,25000.00,false,,paid
INV-2026-002949,JODHPUR FORGINGS LIMITED,2026-08-01,2026-08-31,40000.00,false,,paid
INV-2026-002950,AURANGABAD PACKAGING LLP,2026-07-23,2026-08-22,4920.00,false,,paid
INV-2026-002951,AMRAVATI BEARINGS LIMITED,2026-08-10,2026-09-09,20000.00,false,,paid
INV-2026-002952,AMRAVATI BEARINGS LIMITED,2026-06-10,2026-07-10,82000.00,false,,paid
INV-2026-002953,CHANDRAPUR CERAMICS PVT LTD,2026-06-15,2026-07-15,15137.00,false,,paid
INV-2026-002954,KOLHAPUR PAPER MILLS PVT LTD,2026-06-26,2026-07-26,10048.00,false,,paid
INV-2026-002955,AMRAVATI ENTERPRISES INDIA PRIVATE LIMITED,2026-07-11,2026-08-10,149851.00,false,,paid
INV-2026-002956,VARANASI ELECTRICALS LLP,2026-08-02,2026-09-01,88056.00,false,,paid
INV-2026-002957,MEERUT ELECTRICALS LLP,2026-06-15,2026-07-15,43241.00,false,,paid
INV-2026-002958,CALICUT FOODS PVT LTD,2026-08-22,2026-09-21,27000.00,false,,paid
INV-2026-002959,DHANBAD PAPER MILLS PVT LTD,2026-07-25,2026-08-24,17301.00,false,,paid
INV-2026-002960,HUBLI TEXTILES PVT LTD,2026-08-03,2026-09-02,500000.50,false,,paid
INV-2026-002961,KANPUR SOFTWARE SERVICES PRIVATE LIMITED,2026-08-11,2026-09-10,19170.00,false,,paid
INV-2026-002962,DEHRADUN PACKAGING LLP,2026-07-25,2026-08-24,79107.00,false,,paid
INV-2026-002963,TIRUPUR INDUSTRIES INDIA PRIVATE LIMITED,2026-07-20,2026-08-19,8856.00,false,,paid
INV-2026-002964,NASHIK TEXTILES PVT LTD,2026-08-02,2026-09-01,48882.00,false,,paid
INV-2026-002965,RAIPUR TRANSPORT AND COMPANY,2026-06-28,2026-07-28,250000.50,false,,paid
INV-2026-002966,NARMADA CASTINGS LLP,2026-08-18,2026-09-17,500000.00,false,,paid
INV-2026-002967,HALDIA FORGINGS LIMITED,2026-06-04,2026-07-04,196000.00,false,,paid
INV-2026-002968,COIMBATORE FERTILISERS PRIVATE LIMITED,2026-06-03,2026-07-03,60158.25,false,,paid
INV-2026-002969,AMRAVATI AGRO EXPORTS PRIVATE LIMITED,2026-06-23,2026-07-23,282000.00,false,,paid
INV-2026-002970,SOLAPUR MEDIA PVT LTD,2026-07-14,2026-08-13,240331.00,false,,paid
INV-2026-002971,KANPUR GARMENTS PRIVATE LIMITED,2026-08-09,2026-09-08,224872.25,false,,paid
INV-2026-002972,ANANTAPUR PRINTERS PVT LTD,2026-07-27,2026-08-26,25000.00,false,,paid
INV-2026-002973,BHILAI AGRO EXPORTS PRIVATE LIMITED,2026-08-14,2026-09-13,30000.50,false,,paid
INV-2026-002974,AMRAVATI FOODS PVT LTD,2026-06-10,2026-07-10,62571.00,false,,paid
INV-2026-002975,ANANTAPUR SPINNERS LLP,2026-06-08,2026-07-08,465145.00,false,,paid
INV-2026-002976,ANANTAPUR HOSPITALITY PVT LTD,2026-08-14,2026-09-13,148546.75,false,,paid
INV-2026-002977,AMRAVATI AUTO COMPONENTS PVT LTD,2026-08-09,2026-09-08,27003.00,false,,paid
INV-2026-002978,JODHPUR REFRACTORIES LIMITED,2026-08-21,2026-09-20,30000.00,false,,paid
INV-2026-002979,TRICHY REFRACTORIES LIMITED,2026-07-30,2026-08-29,10000.75,false,,paid
INV-2026-002980,AMRAVATI AGRO EXPORTS PRIVATE LIMITED,2026-06-09,2026-07-09,221000.25,false,,paid
INV-2026-002981,AMRAVATI FABRICATORS AND COMPANY,2026-06-21,2026-07-21,20000.99,false,,paid
INV-2026-002982,MADURAI MEDIA PVT LTD,2026-06-09,2026-07-09,33162.00,false,,paid
INV-2026-002983,AURANGABAD HANDICRAFTS LLP,2026-06-03,2026-07-03,18301.00,false,,paid
INV-2026-002984,AMRAVATI FOODS PVT LTD,2026-08-07,2026-09-06,34000.00,false,,paid
INV-2026-002985,ANANTAPUR PAPER MILLS PVT LTD,2026-08-23,2026-09-22,125000.00,false,,paid
INV-2026-002986,GWALIOR METALS LIMITED,2026-07-14,2026-08-13,30033.00,false,,paid
INV-2026-002987,AMRAVATI AGRO EXPORTS PRIVATE LIMITED,2026-08-17,2026-09-16,36397.00,false,,paid
INV-2026-002988,HUBLI GARMENTS PRIVATE LIMITED,2026-07-06,2026-08-05,10000.00,false,,paid
INV-2026-002989,KAKINADA AGRO EXPORTS PRIVATE LIMITED,2026-07-05,2026-08-04,28251.50,false,,paid
INV-2026-002990,BELGAUM ENTERPRISES INDIA PRIVATE LIMITED,2026-06-27,2026-07-27,59548.00,false,,paid
INV-2026-002991,BELGAUM MEDIA PVT LTD,2026-06-25,2026-07-25,500000.00,false,,paid
INV-2026-002992,BHILAI SPINNERS LLP,2026-08-16,2026-09-15,25456.00,false,,paid
INV-2026-002993,BELGAUM ENTERPRISES INDIA PRIVATE LIMITED,2026-06-30,2026-07-30,40000.00,false,,paid
INV-2026-002994,GANDHINAGAR INDUSTRIES INDIA PRIVATE LIMITED,2026-08-08,2026-09-07,85000.00,false,,paid
INV-2026-002995,AURANGABAD FABRICATORS AND COMPANY,2026-06-16,2026-07-16,15275.00,false,,paid
INV-2026-002996,AMRAVATI AGRO EXPORTS PRIVATE LIMITED,2026-08-03,2026-09-02,12207.25,false,,paid
INV-2026-002997,CALICUT CHEMICALS INDIA PRIVATE LIMITED,2026-07-19,2026-08-18,19035.00,false,,paid
INV-2026-002998,BELGAUM AGRO EXPORTS PRIVATE LIMITED,2026-06-27,2026-07-27,100000.00,false,,paid
INV-2026-002999,PANIPAT ENTERPRISES INDIA PRIVATE LIMITED,2026-06-02,2026-07-02,41256.00,false,,paid
INV-2026-003000,ANANTAPUR ENTERPRISES INDIA PRIVATE LIMITED,2026-08-28,2026-09-27,10000.00,false,,paid
INV-2026-003001,AMRAVATI DISTRIBUTORS PRIVATE LIMITED,2026-07-20,2026-08-19,27935.99,false,,paid
INV-2026-003002,BHAVNAGAR CERAMICS PVT LTD,2026-08-19,2026-09-18,279000.75,false,,paid
INV-2026-003003,TRICHY TRANSPORT AND COMPANY,2026-07-08,2026-08-07,64786.00,false,,paid
INV-2026-003004,DHANBAD GARMENTS PRIVATE LIMITED,2026-08-06,2026-09-05,90000.00,false,,paid
INV-2026-003005,AURANGABAD PLASTICS AND COMPANY,2026-06-09,2026-07-09,40000.00,false,,paid
INV-2026-003006,DEHRADUN DISTRIBUTORS PRIVATE LIMITED,2026-07-08,2026-08-07,60000.00,false,,paid
INV-2026-003007,RAJKOT HOSPITALITY PVT LTD,2026-08-28,2026-09-27,79000.00,false,,paid
INV-2026-003008,CHENNAI PLASTICS AND COMPANY,2026-07-12,2026-08-11,178000.00,false,,paid
INV-2026-003009,BELGAUM PHARMACEUTICALS INDIA PRIVATE LIMITED,2026-07-29,2026-08-28,17420.00,false,,paid
INV-2026-003010,AMRAVATI FORGINGS LIMITED,2026-07-09,2026-08-08,5000.00,false,,paid
INV-2026-003011,BHAVNAGAR ENGINEERING PVT LTD,2026-06-25,2026-07-25,100000.00,false,,paid
INV-2026-003012,AMRAVATI DIAGNOSTICS LIMITED,2026-06-25,2026-07-25,33250.00,false,,paid
INV-2026-003013,SALEM TRANSPORT AND COMPANY,2026-07-26,2026-08-25,99739.25,false,,paid
INV-2026-003014,BHAVNAGAR ENTERPRISES INDIA PRIVATE LIMITED,2026-08-05,2026-09-04,29702.00,false,,paid
INV-2026-003015,AMRAVATI FORGINGS LIMITED,2026-06-29,2026-07-29,40000.00,false,,paid
INV-2026-003016,MANGALORE CERAMICS PVT LTD,2026-07-24,2026-08-23,45306.00,false,,paid
INV-2026-003017,GODAVARI METALS LIMITED,2026-07-04,2026-08-03,126045.99,false,,paid
INV-2026-003018,BHILAI FABRICATORS AND COMPANY,2026-07-10,2026-08-09,20005.50,false,,paid
INV-2026-003019,GWALIOR ENTERPRISES INDIA PRIVATE LIMITED,2026-07-08,2026-08-07,242000.00,false,,paid
INV-2026-003020,TRICHY REFRACTORIES LIMITED,2026-06-26,2026-07-26,53811.00,false,,paid
INV-2026-003021,NAGPUR ELECTRICALS LLP,2026-07-15,2026-08-14,157000.00,false,,paid
INV-2026-003022,AMRAVATI AUTO COMPONENTS PVT LTD,2026-07-10,2026-08-09,37001.00,false,,paid
INV-2026-003023,HUBLI TEXTILES PVT LTD,2026-08-09,2026-09-08,76731.75,false,,paid
INV-2026-003024,DHANBAD CASTINGS LLP,2026-07-07,2026-08-06,22749.00,false,,paid
INV-2026-003025,AMRAVATI CHEMICALS INDIA PRIVATE LIMITED,2026-07-16,2026-08-15,30000.99,false,,paid
INV-2026-003026,HOSUR ENGINEERING PVT LTD,2026-07-18,2026-08-17,260000.00,false,,paid
INV-2026-003027,BHOPAL CONSTRUCTIONS PRIVATE LIMITED,2026-06-23,2026-07-23,94904.50,false,,paid
INV-2026-003028,ANANTAPUR REFRACTORIES LIMITED,2026-08-25,2026-09-24,100000.25,false,,paid
INV-2026-003029,JABALPUR FOODS PVT LTD,2026-08-24,2026-09-23,137098.25,false,,paid
INV-2026-003030,BHOPAL CABLES PRIVATE LIMITED,2026-06-03,2026-07-03,18865.50,false,,paid
INV-2026-003031,AMRAVATI COLD STORAGE AND COMPANY,2026-08-08,2026-09-07,6121.99,false,,paid
INV-2026-003032,AMRAVATI AGRO EXPORTS PRIVATE LIMITED,2026-06-24,2026-07-24,40000.75,false,,paid
INV-2026-003033,BELGAUM INDUSTRIES INDIA PRIVATE LIMITED,2026-06-08,2026-07-08,25346.00,false,,paid
INV-2026-003034,AMRAVATI FABRICATORS AND COMPANY,2026-06-26,2026-07-26,10138.75,false,,paid
INV-2026-003035,SALEM LOGISTICS PRIVATE LIMITED,2026-07-01,2026-07-31,33427.00,false,,paid
INV-2026-003036,SILIGURI COLD STORAGE AND COMPANY,2026-08-19,2026-09-18,11080.00,false,,paid
INV-2026-003037,SALEM HANDICRAFTS LLP,2026-08-02,2026-09-01,51504.00,false,,paid
INV-2026-003038,KOLHAPUR MEDIA PVT LTD,2026-08-23,2026-09-22,40000.99,false,,paid
INV-2026-003039,ANANTAPUR ENTERPRISES INDIA PRIVATE LIMITED,2026-07-09,2026-08-08,16000.25,false,,paid
INV-2026-003040,CHENNAI MOTORS PRIVATE LIMITED,2026-08-10,2026-09-09,295835.00,false,,paid
INV-2026-003041,SURAT CERAMICS PVT LTD,2026-07-20,2026-08-19,500000.00,false,,paid
INV-2026-003042,HOSUR PLASTICS AND COMPANY,2026-06-07,2026-07-07,54168.00,false,,paid
INV-2026-003043,AMRAVATI AGRO EXPORTS PRIVATE LIMITED,2026-06-05,2026-07-05,75000.00,false,,paid
INV-2026-003044,JABALPUR TRADERS INDIA PRIVATE LIMITED,2026-06-18,2026-07-18,37545.99,false,,paid
INV-2026-003045,AMRAVATI CABLES PRIVATE LIMITED,2026-08-20,2026-09-19,25544.00,false,,paid
INV-2026-003046,MANGALORE COLD STORAGE AND COMPANY,2026-06-29,2026-07-29,237000.00,false,,paid
INV-2026-003047,AMRAVATI AUTO COMPONENTS PVT LTD,2026-06-16,2026-07-16,125000.75,false,,paid
INV-2026-003048,ERNAKULAM MOTORS PRIVATE LIMITED,2026-07-16,2026-08-15,6269.99,false,,paid
INV-2026-003049,JODHPUR PHARMACEUTICALS INDIA PRIVATE LIMITED,2026-07-16,2026-08-15,200000.75,false,,paid
INV-2026-003050,MADURAI AGRO EXPORTS PRIVATE LIMITED,2026-08-19,2026-09-18,258000.00,false,,paid
INV-2026-003051,AMRAVATI AGRO EXPORTS PRIVATE LIMITED,2026-08-09,2026-09-08,36838.00,false,,paid
INV-2026-003052,AMRAVATI MEDIA PVT LTD,2026-07-13,2026-08-12,78708.00,false,,paid
INV-2026-003053,BELGAUM ELECTRICALS LLP,2026-06-12,2026-07-12,64683.00,false,,paid
INV-2026-003054,CALICUT INDUSTRIES INDIA PRIVATE LIMITED,2026-07-14,2026-08-13,15000.00,false,,paid
INV-2026-003055,BHAVNAGAR ELECTRICALS LLP,2026-06-27,2026-07-27,31700.00,false,,paid
INV-2026-003056,HOSUR DISTRIBUTORS PRIVATE LIMITED,2026-06-23,2026-07-23,20000.99,false,,paid
INV-2026-003057,AURANGABAD CABLES PRIVATE LIMITED,2026-06-08,2026-07-08,11138.00,false,,paid
INV-2026-003058,BHAVNAGAR CABLES PRIVATE LIMITED,2026-07-01,2026-07-31,100000.00,false,,paid
INV-2026-003059,MEERUT REFRACTORIES LIMITED,2026-07-02,2026-08-01,28359.00,false,,paid
INV-2026-003060,AMRAVATI CASTINGS LLP,2026-06-25,2026-07-25,125000.00,false,,paid
INV-2026-003061,CALICUT COLD STORAGE AND COMPANY,2026-07-14,2026-08-13,8111.00,false,,paid
INV-2026-003062,GWALIOR CERAMICS PVT LTD,2026-06-19,2026-07-19,19104.00,false,,paid
INV-2026-003063,DEHRADUN TEXTILES PVT LTD,2026-08-20,2026-09-19,52287.25,false,,paid
INV-2026-003064,AMRAVATI DIAGNOSTICS LIMITED,2026-07-09,2026-08-08,74064.00,false,,paid
INV-2026-003065,AMRAVATI METALS LIMITED,2026-08-23,2026-09-22,150000.00,false,,paid
INV-2026-003066,RAJKOT DISTRIBUTORS PRIVATE LIMITED,2026-08-21,2026-09-20,15843.00,false,,paid
INV-2026-003067,AURANGABAD HOSPITALITY PVT LTD,2026-07-29,2026-08-28,30000.00,false,,paid
INV-2026-003068,GUNTUR INFRAPROJECTS AND COMPANY,2026-08-27,2026-09-26,19905.00,false,,paid
INV-2026-003069,TIRUPUR AGRO EXPORTS PRIVATE LIMITED,2026-08-18,2026-09-17,78998.00,false,,paid
INV-2026-003070,SALEM CABLES PRIVATE LIMITED,2026-08-04,2026-09-03,20079.00,false,,paid
INV-2026-003071,AMRAVATI CASTINGS LLP,2026-08-01,2026-08-31,73571.00,false,,paid
INV-2026-003072,ANANTAPUR ENTERPRISES INDIA PRIVATE LIMITED,2026-08-06,2026-09-05,200000.00,false,,paid
INV-2026-003073,CUTTACK AGRO EXPORTS PRIVATE LIMITED,2026-06-16,2026-07-16,500000.00,false,,paid
INV-2026-003074,DHANBAD DIAGNOSTICS LIMITED,2026-06-03,2026-07-03,14091.00,false,,paid
INV-2026-003075,GANDHINAGAR GARMENTS PRIVATE LIMITED,2026-06-18,2026-07-18,60000.00,false,,paid
INV-2026-003076,KANPUR TRADERS INDIA PRIVATE LIMITED,2026-06-08,2026-07-08,40000.00,false,,paid
INV-2026-003077,BHAVNAGAR INDUSTRIES INDIA PRIVATE LIMITED,2026-07-24,2026-08-23,10000.25,false,,paid
INV-2026-003078,PANIPAT PAPER MILLS PVT LTD,2026-06-13,2026-07-13,40543.00,false,,paid
INV-2026-003079,BHILAI HOSPITALITY PVT LTD,2026-08-29,2026-09-28,82519.00,false,,paid
INV-2026-003080,MANGALORE CABLES PRIVATE LIMITED,2026-08-02,2026-09-01,39246.75,false,,paid
INV-2026-003081,CALICUT DISTRIBUTORS PRIVATE LIMITED,2026-07-03,2026-08-02,7014.75,false,,paid
INV-2026-003082,CHENNAI ELECTRICALS LLP,2026-08-28,2026-09-27,29222.00,false,,paid
INV-2026-003083,AMRAVATI CASTINGS LLP,2026-06-12,2026-07-12,14360.25,false,,paid
INV-2026-003084,MANGALORE ELECTRICALS LLP,2026-07-09,2026-08-08,500000.00,false,,paid
INV-2026-003085,AURANGABAD CONSTRUCTIONS PRIVATE LIMITED,2026-06-19,2026-07-19,28198.00,false,,paid
INV-2026-003086,BELGAUM CERAMICS PVT LTD,2026-08-20,2026-09-19,291986.00,false,,paid
INV-2026-003087,BHOPAL FABRICATORS AND COMPANY,2026-08-13,2026-09-12,69985.00,false,,paid
INV-2026-003088,AMRAVATI AGRO EXPORTS PRIVATE LIMITED,2026-07-31,2026-08-30,115865.00,false,,paid
INV-2026-003089,ANANTAPUR DIAGNOSTICS LIMITED,2026-07-04,2026-08-03,10000.00,false,,paid
INV-2026-003090,AMRAVATI PHARMACEUTICALS INDIA PRIVATE LIMITED,2026-06-13,2026-07-13,60000.00,false,,paid
INV-2026-003091,HALDIA FERTILISERS PRIVATE LIMITED,2026-06-28,2026-07-28,87220.00,false,,paid
INV-2026-003092,JALANDHAR CONTAINERS PVT LTD,2026-08-26,2026-09-25,150000.00,false,,paid
INV-2026-003093,AMRAVATI FOODS PVT LTD,2026-08-11,2026-09-10,100000.00,false,,paid
INV-2026-003094,BHAVNAGAR CONSTRUCTIONS PRIVATE LIMITED,2026-08-28,2026-09-27,16411.00,false,,paid
INV-2026-003095,CALICUT INFRAPROJECTS AND COMPANY,2026-07-31,2026-08-30,35702.00,false,,paid
INV-2026-003096,ANANTAPUR LOGISTICS PRIVATE LIMITED,2026-07-01,2026-07-31,89039.00,false,,paid
INV-2026-003097,AMRAVATI AGRO EXPORTS PRIVATE LIMITED,2026-07-26,2026-08-25,139045.00,false,,paid
INV-2026-003098,UDAIPUR REFRACTORIES LIMITED,2026-06-10,2026-07-10,166387.00,false,,paid
INV-2026-003099,AURANGABAD PACKAGING LLP,2026-06-11,2026-07-11,82000.00,false,,paid
INV-2026-003100,CALICUT GARMENTS PRIVATE LIMITED,2026-08-22,2026-09-21,134986.75,false,,paid
INV-2026-003101,AMRAVATI POLYMERS PRIVATE LIMITED,2026-07-11,2026-08-10,12000.75,false,,paid
INV-2026-003102,AMRAVATI FERTILISERS PRIVATE LIMITED,2026-06-28,2026-07-28,11185.00,false,,paid
INV-2026-003103,AMRAVATI MOTORS PRIVATE LIMITED,2026-08-20,2026-09-19,32231.00,false,,paid
INV-2026-003104,AMRAVATI AGRO EXPORTS PRIVATE LIMITED,2026-06-11,2026-07-11,2822.00,false,,paid
INV-2026-003105,UDAIPUR BEARINGS LIMITED,2026-08-11,2026-09-10,190000.00,false,,paid
INV-2026-003106,ANANTAPUR TRADERS INDIA PRIVATE LIMITED,2026-08-21,2026-09-20,79600.00,false,,paid
INV-2026-003107,RAJKOT ELECTRICALS LLP,2026-07-30,2026-08-29,11169.00,false,,paid
INV-2026-003108,LUDHIANA PRINTERS PVT LTD,2026-07-01,2026-07-31,12868.00,false,,paid
INV-2026-003109,AURANGABAD INFRAPROJECTS AND COMPANY,2026-08-07,2026-09-06,15818.25,false,,paid
INV-2026-003110,BHILAI MEDIA PVT LTD,2026-07-16,2026-08-15,180000.00,false,,paid
INV-2026-003111,AMRAVATI COLD STORAGE AND COMPANY,2026-07-22,2026-08-21,226000.99,false,,paid
INV-2026-003112,CALICUT HANDICRAFTS LLP,2026-06-01,2026-07-01,32748.00,false,,paid
INV-2026-003113,HOSUR FORGINGS LIMITED,2026-08-04,2026-09-03,41093.00,false,,paid
INV-2026-003114,HOSUR MOTORS PRIVATE LIMITED,2026-07-31,2026-08-30,21572.00,false,,paid
INV-2026-003115,AMRAVATI INDUSTRIES INDIA PRIVATE LIMITED,2026-08-05,2026-09-04,156000.00,false,,paid
INV-2026-003116,DHANBAD ENTERPRISES INDIA PRIVATE LIMITED,2026-07-24,2026-08-23,15416.00,false,,paid
INV-2026-003117,LUDHIANA PHARMACEUTICALS INDIA PRIVATE LIMITED,2026-08-16,2026-09-15,9297.99,false,,paid
INV-2026-003118,BHOPAL FABRICATORS AND COMPANY,2026-06-03,2026-07-03,11761.00,false,,paid
INV-2026-003119,BHILAI AGRO EXPORTS PRIVATE LIMITED,2026-07-14,2026-08-13,250000.00,false,,paid
INV-2026-003120,PANIPAT SPINNERS LLP,2026-08-03,2026-09-02,14511.50,false,,paid
INV-2026-003121,CHENNAI ENTERPRISES INDIA PRIVATE LIMITED,2026-06-02,2026-07-02,125000.00,false,,paid
INV-2026-003122,AURANGABAD COLD STORAGE AND COMPANY,2026-06-25,2026-07-25,165000.00,false,,paid
INV-2026-003123,CALICUT TEXTILES PVT LTD,2026-08-12,2026-09-11,5000.00,false,,paid
INV-2026-003124,ANANTAPUR GARMENTS PRIVATE LIMITED,2026-06-21,2026-07-21,42016.00,false,,paid
INV-2026-003125,SALEM ELECTRICALS LLP,2026-07-11,2026-08-10,25000.00,false,,paid
INV-2026-003126,AMRAVATI AUTO COMPONENTS PVT LTD,2026-06-19,2026-07-19,9720.00,false,,paid
INV-2026-003127,AMRAVATI DIAGNOSTICS LIMITED,2026-08-05,2026-09-04,150000.25,false,,paid
INV-2026-003128,AMRAVATI CONSTRUCTIONS PRIVATE LIMITED,2026-06-08,2026-07-08,32284.00,false,,paid
INV-2026-003129,AURANGABAD PRINTERS PVT LTD,2026-08-19,2026-09-18,20000.00,false,,paid
INV-2026-003130,VARANASI TRANSPORT AND COMPANY,2026-06-12,2026-07-12,49875.00,false,,paid
INV-2026-003131,GWALIOR AGRO EXPORTS PRIVATE LIMITED,2026-07-15,2026-08-14,58399.25,false,,paid
INV-2026-003132,ANANTAPUR PHARMACEUTICALS INDIA PRIVATE LIMITED,2026-06-04,2026-07-04,75000.00,false,,paid
INV-2026-003133,VARANASI PRINTERS PVT LTD,2026-07-30,2026-08-29,180000.00,false,,paid
INV-2026-003134,AURANGABAD SPINNERS LLP,2026-08-20,2026-09-19,30000.00,false,,paid
INV-2026-003135,KRISHNA ENTERPRISES INDIA PRIVATE LIMITED,2026-07-05,2026-08-04,125000.00,false,,paid
INV-2026-003136,KANPUR FABRICATORS AND COMPANY,2026-06-03,2026-07-03,59000.00,false,,paid
INV-2026-003137,DEHRADUN SPINNERS LLP,2026-07-02,2026-08-01,20000.00,false,,paid
INV-2026-003138,BELGAUM FABRICATORS AND COMPANY,2026-07-14,2026-08-13,125000.00,false,,paid
INV-2026-003139,JODHPUR BEARINGS LIMITED,2026-08-29,2026-09-28,113437.75,false,,paid
INV-2026-003140,MADURAI ELECTRICALS LLP,2026-08-04,2026-09-03,294000.00,false,,paid
INV-2026-003141,COIMBATORE DISTRIBUTORS PRIVATE LIMITED,2026-08-09,2026-09-08,72587.00,false,,paid
INV-2026-003142,AMRAVATI HANDICRAFTS LLP,2026-07-18,2026-08-17,25112.75,false,,paid
INV-2026-003143,RAJKOT SOFTWARE SERVICES PRIVATE LIMITED,2026-06-19,2026-07-19,51960.00,false,,paid
INV-2026-003144,AURANGABAD METALS LIMITED,2026-06-15,2026-07-15,10895.00,false,,paid
INV-2026-003145,AMRAVATI SPINNERS LLP,2026-07-24,2026-08-23,171663.00,false,,paid
INV-2026-003146,AMRAVATI CONTAINERS PVT LTD,2026-08-27,2026-09-26,45213.00,false,,paid
INV-2026-003147,GANDHINAGAR LOGISTICS PRIVATE LIMITED,2026-08-03,2026-09-02,20741.00,false,,paid
INV-2026-003148,BHILAI CONSTRUCTIONS PRIVATE LIMITED,2026-06-12,2026-07-12,20000.50,false,,paid
INV-2026-003149,RAJKOT FABRICATORS AND COMPANY,2026-07-04,2026-08-03,23722.00,false,,paid
INV-2026-003150,JABALPUR MEDIA PVT LTD,2026-08-14,2026-09-13,40000.00,false,,paid
INV-2026-003151,DHANBAD MOTORS PRIVATE LIMITED,2026-06-27,2026-07-27,21385.50,false,,paid
INV-2026-003152,TRICHY PHARMACEUTICALS INDIA PRIVATE LIMITED,2026-06-26,2026-07-26,18847.00,false,,paid
INV-2026-003153,SILIGURI DIAGNOSTICS LIMITED,2026-06-28,2026-07-28,70499.00,false,,paid
INV-2026-003154,BHAVNAGAR TRANSPORT AND COMPANY,2026-08-13,2026-09-12,270000.00,false,,paid
INV-2026-003155,AMRAVATI INFRAPROJECTS AND COMPANY,2026-07-29,2026-08-28,5954.50,false,,paid
INV-2026-003156,SURAT ENGINEERING PVT LTD,2026-07-06,2026-08-05,67177.00,false,,paid
INV-2026-003157,AMRAVATI PRINTERS PVT LTD,2026-07-29,2026-08-28,38017.00,false,,paid
INV-2026-003158,AMRAVATI TEXTILES PVT LTD,2026-07-12,2026-08-11,11422.00,false,,paid
INV-2026-003159,ANANTAPUR CASTINGS LLP,2026-07-28,2026-08-27,1000.00,false,,paid
INV-2026-003160,AMRAVATI AGRO EXPORTS PRIVATE LIMITED,2026-07-12,2026-08-11,29340.00,false,,paid
INV-2026-003161,BHILAI ELECTRICALS LLP,2026-07-02,2026-08-01,12219.00,false,,paid
INV-2026-003162,AMRAVATI REFRACTORIES LIMITED,2026-07-22,2026-08-21,60000.25,false,,paid
INV-2026-003163,KOLHAPUR PRINTERS PVT LTD,2026-07-15,2026-08-14,20261.00,false,,paid
INV-2026-003164,NASHIK GARMENTS PRIVATE LIMITED,2026-07-05,2026-08-04,27457.00,false,,paid
INV-2026-003165,GANDHINAGAR TRANSPORT AND COMPANY,2026-08-14,2026-09-13,31824.00,false,,paid
INV-2026-003166,KAKINADA PLASTICS AND COMPANY,2026-08-15,2026-09-14,32959.00,false,,paid
INV-2026-003167,JALANDHAR FABRICATORS AND COMPANY,2026-08-20,2026-09-19,270000.75,false,,paid
INV-2026-003168,ANANTAPUR MOTORS PRIVATE LIMITED,2026-08-10,2026-09-09,22797.00,false,,paid
INV-2026-003169,AMRAVATI LOGISTICS PRIVATE LIMITED,2026-07-15,2026-08-14,81260.00,false,,paid
INV-2026-003170,GUNTUR POLYMERS PRIVATE LIMITED,2026-06-04,2026-07-04,35435.25,false,,paid
INV-2026-003171,CUTTACK ELECTRICALS LLP,2026-06-29,2026-07-29,44260.25,false,,paid
INV-2026-003172,DHANBAD LOGISTICS PRIVATE LIMITED,2026-06-19,2026-07-19,13398.00,false,,paid
INV-2026-003173,RAJKOT AUTO COMPONENTS PVT LTD,2026-08-02,2026-09-01,24973.00,false,,paid
INV-2026-003174,CALICUT FERTILISERS PRIVATE LIMITED,2026-07-11,2026-08-10,40000.00,false,,paid
INV-2026-003175,AMRAVATI AGRO EXPORTS PRIVATE LIMITED,2026-06-29,2026-07-29,10000.00,false,,paid
INV-2026-003176,ANANTAPUR INFRAPROJECTS AND COMPANY,2026-07-14,2026-08-13,12826.00,false,,paid
INV-2026-003177,JABALPUR PLASTICS AND COMPANY,2026-06-23,2026-07-23,40000.00,false,,paid
INV-2026-003178,ERNAKULAM HOSPITALITY PVT LTD,2026-07-31,2026-08-30,25000.00,false,,paid
INV-2026-003179,AMRAVATI GARMENTS PRIVATE LIMITED,2026-06-09,2026-07-09,191000.00,false,,paid
INV-2026-003180,KAKINADA CABLES PRIVATE LIMITED,2026-06-07,2026-07-07,40000.00,false,,paid
INV-2026-003181,CALICUT PLASTICS AND COMPANY,2026-08-29,2026-09-28,26081.75,false,,paid
INV-2026-003182,COIMBATORE CHEMICALS INDIA PRIVATE LIMITED,2026-07-05,2026-08-04,6174.00,false,,paid
INV-2026-003183,BHOPAL CONSTRUCTIONS PRIVATE LIMITED,2026-08-15,2026-09-14,222000.00,false,,paid
INV-2026-003184,GANDHINAGAR TRADERS INDIA PRIVATE LIMITED,2026-07-28,2026-08-27,500000.50,false,,paid
INV-2026-003185,VARANASI PHARMACEUTICALS INDIA PRIVATE LIMITED,2026-06-30,2026-07-30,150000.00,false,,paid
INV-2026-003186,AMRAVATI CABLES PRIVATE LIMITED,2026-08-28,2026-09-27,20000.00,false,,paid
INV-2026-003187,MEERUT FORGINGS LIMITED,2026-06-16,2026-07-16,11909.00,false,,paid
INV-2026-003188,AMRAVATI AUTO COMPONENTS PVT LTD,2026-08-28,2026-09-27,23707.75,false,,paid
INV-2026-003189,CALICUT INDUSTRIES INDIA PRIVATE LIMITED,2026-07-24,2026-08-23,250000.00,false,,paid
INV-2026-003190,AMRAVATI TRANSPORT AND COMPANY,2026-07-28,2026-08-27,26174.50,false,,paid
INV-2026-003191,RAJKOT CABLES PRIVATE LIMITED,2026-08-05,2026-09-04,20000.75,false,,paid
INV-2026-003192,CUTTACK FOODS PVT LTD,2026-06-29,2026-07-29,51936.00,false,,paid
INV-2026-003193,UDAIPUR ENGINEERING PVT LTD,2026-08-14,2026-09-13,168000.75,false,,paid
INV-2026-003194,ANANTAPUR GARMENTS PRIVATE LIMITED,2026-07-04,2026-08-03,20000.00,false,,paid
INV-2026-003195,HALDIA PHARMACEUTICALS INDIA PRIVATE LIMITED,2026-07-30,2026-08-29,4147.00,false,,paid
INV-2026-003196,CUTTACK BEARINGS LIMITED,2026-07-27,2026-08-26,22151.00,false,,paid
INV-2026-003197,AMRAVATI TEXTILES PVT LTD,2026-07-22,2026-08-21,5000.00,false,,paid
INV-2026-003198,DHANBAD PHARMACEUTICALS INDIA PRIVATE LIMITED,2026-07-10,2026-08-09,5000.00,false,,paid
INV-2026-003199,DEHRADUN SOFTWARE SERVICES PRIVATE LIMITED,2026-06-30,2026-07-30,4954.00,false,,paid
INV-2026-003200,RAIPUR DISTRIBUTORS PRIVATE LIMITED,2026-06-10,2026-07-10,99093.25,false,,paid
INV-2026-003201,AMRAVATI METALS LIMITED,2026-08-13,2026-09-12,25837.00,false,,paid
INV-2026-003202,TRICHY CABLES PRIVATE LIMITED,2026-08-06,2026-09-05,37223.00,false,,paid
INV-2026-003203,BHAVNAGAR CHEMICALS INDIA PRIVATE LIMITED,2026-08-08,2026-09-07,131000.00,false,,paid
INV-2026-003204,JABALPUR TRADERS INDIA PRIVATE LIMITED,2026-08-19,2026-09-18,243000.00,false,,paid
INV-2026-003205,RAIPUR FORGINGS LIMITED,2026-08-07,2026-09-06,139000.75,false,,paid
INV-2026-003206,PANIPAT FOODS PVT LTD,2026-06-14,2026-07-14,111117.99,false,,paid
INV-2026-003207,COIMBATORE HOSPITALITY PVT LTD,2026-06-15,2026-07-15,250000.99,false,,paid
INV-2026-003208,BHILAI FERTILISERS PRIVATE LIMITED,2026-06-13,2026-07-13,62879.75,false,,paid
INV-2026-003209,CALICUT DIAGNOSTICS LIMITED,2026-08-19,2026-09-18,72013.00,false,,paid
INV-2026-003210,DEHRADUN ENTERPRISES INDIA PRIVATE LIMITED,2026-07-28,2026-08-27,295000.00,false,,paid
INV-2026-003211,NAGPUR PACKAGING LLP,2026-07-17,2026-08-16,9241.50,false,,paid
INV-2026-003212,CHANDRAPUR METALS LIMITED,2026-06-30,2026-07-30,4861.00,false,,paid
INV-2026-003213,COIMBATORE CERAMICS PVT LTD,2026-07-28,2026-08-27,70348.00,false,,paid
INV-2026-003214,CHENNAI HANDICRAFTS LLP,2026-06-19,2026-07-19,4486.25,false,,paid
INV-2026-003215,AMRAVATI CHEMICALS INDIA PRIVATE LIMITED,2026-07-18,2026-08-17,10939.50,false,,paid
INV-2026-003216,CUTTACK LOGISTICS PRIVATE LIMITED,2026-07-29,2026-08-28,95785.00,false,,paid
INV-2026-003217,KANPUR TEXTILES PVT LTD,2026-07-28,2026-08-27,27004.00,false,,paid
INV-2026-003218,ANANTAPUR PRINTERS PVT LTD,2026-08-24,2026-09-23,40000.00,false,,paid
INV-2026-003219,BHAVNAGAR FABRICATORS AND COMPANY,2026-08-08,2026-09-07,8163.25,false,,paid
INV-2026-003220,GODAVARI SPINNERS LLP,2026-08-18,2026-09-17,250000.00,false,,paid
INV-2026-003221,JALANDHAR PACKAGING LLP,2026-06-18,2026-07-18,25000.75,false,,paid
INV-2026-003222,AMRAVATI AUTO COMPONENTS PVT LTD,2026-07-09,2026-08-08,161426.00,false,,paid
INV-2026-003223,GWALIOR TRADERS INDIA PRIVATE LIMITED,2026-07-02,2026-08-01,30416.00,false,,paid
INV-2026-003224,BHILAI DISTRIBUTORS PRIVATE LIMITED,2026-08-17,2026-09-16,28702.00,false,,paid
INV-2026-003225,ANANTAPUR SPINNERS LLP,2026-07-29,2026-08-28,32019.00,false,,paid
INV-2026-003226,ANANTAPUR SPINNERS LLP,2026-06-28,2026-07-28,40000.00,false,,paid
INV-2026-003227,CUTTACK HANDICRAFTS LLP,2026-07-02,2026-08-01,8478.00,false,,paid
INV-2026-003228,BELGAUM TRADERS INDIA PRIVATE LIMITED,2026-07-10,2026-08-09,23966.00,false,,paid
INV-2026-003229,ERNAKULAM BEARINGS LIMITED,2026-08-28,2026-09-27,37164.00,false,,paid
INV-2026-003230,CHENNAI CHEMICALS INDIA PRIVATE LIMITED,2026-07-15,2026-08-14,11000.99,false,,paid
INV-2026-003231,SURAT BEARINGS LIMITED,2026-08-15,2026-09-14,66432.00,false,,paid
INV-2026-003232,COIMBATORE HOSPITALITY PVT LTD,2026-08-02,2026-09-01,78136.00,false,,paid
INV-2026-003233,AMRAVATI FOODS PVT LTD,2026-08-20,2026-09-19,39722.50,false,,paid
INV-2026-003234,GANDHINAGAR ENGINEERING PVT LTD,2026-08-13,2026-09-12,25984.25,false,,paid
INV-2026-003235,CHENNAI FERTILISERS PRIVATE LIMITED,2026-08-02,2026-09-01,37750.00,false,,paid
INV-2026-003236,AURANGABAD CHEMICALS INDIA PRIVATE LIMITED,2026-06-29,2026-07-29,262509.99,false,,paid
INV-2026-003237,COIMBATORE PLASTICS AND COMPANY,2026-06-14,2026-07-14,40000.25,false,,paid
INV-2026-003238,BELGAUM TEXTILES PVT LTD,2026-06-29,2026-07-29,38687.00,false,,paid
INV-2026-003239,AMRAVATI ENTERPRISES INDIA PRIVATE LIMITED,2026-07-29,2026-08-28,65758.00,false,,paid
INV-2026-003240,KOLHAPUR CONSTRUCTIONS PRIVATE LIMITED,2026-07-11,2026-08-10,47903.99,false,,paid
INV-2026-003241,SALEM CASTINGS LLP,2026-07-20,2026-08-19,66000.00,false,,paid
INV-2026-003242,KRISHNA TRADERS INDIA PRIVATE LIMITED,2026-06-15,2026-07-15,19301.00,false,,paid
INV-2026-003243,BHOPAL CHEMICALS INDIA PRIVATE LIMITED,2026-07-29,2026-08-28,5000.00,false,,paid
INV-2026-003244,SURAT TRADERS INDIA PRIVATE LIMITED,2026-06-21,2026-07-21,50000.00,false,,paid
INV-2026-003245,GANDHINAGAR ENTERPRISES INDIA PRIVATE LIMITED,2026-08-21,2026-09-20,49503.00,false,,paid
INV-2026-003246,DEHRADUN SOFTWARE SERVICES PRIVATE LIMITED,2026-07-25,2026-08-24,38803.00,false,,paid
INV-2026-003247,JODHPUR GARMENTS PRIVATE LIMITED,2026-07-19,2026-08-18,125000.00,false,,paid
INV-2026-003248,TRICHY LOGISTICS PRIVATE LIMITED,2026-06-10,2026-07-10,37056.00,false,,paid
INV-2026-003249,DHANBAD TEXTILES PVT LTD,2026-06-01,2026-07-01,109809.25,false,,paid
INV-2026-003250,AMRAVATI FABRICATORS AND COMPANY,2026-08-21,2026-09-20,9000.00,false,,paid
INV-2026-003251,TRICHY TRADERS INDIA PRIVATE LIMITED,2026-07-10,2026-08-09,75554.00,false,,paid
INV-2026-003252,JABALPUR PLASTICS AND COMPANY,2026-07-25,2026-08-24,53000.00,false,,paid
INV-2026-003253,DHANBAD PRINTERS PVT LTD,2026-07-29,2026-08-28,36561.99,false,,paid
INV-2026-003254,RAJKOT CONTAINERS PVT LTD,2026-07-01,2026-07-31,32393.00,false,,paid
INV-2026-003255,AMRAVATI ENGINEERING PVT LTD,2026-06-19,2026-07-19,9391.25,false,,paid
INV-2026-003256,AMRAVATI MOTORS PRIVATE LIMITED,2026-07-18,2026-08-17,88704.00,false,,paid
INV-2026-003257,ANANTAPUR SPINNERS LLP,2026-06-05,2026-07-05,6723.00,false,,paid
INV-2026-003258,AMRAVATI BEARINGS LIMITED,2026-08-11,2026-09-10,187000.00,false,,paid
INV-2026-003259,BHILAI AGRO EXPORTS PRIVATE LIMITED,2026-07-12,2026-08-11,16639.00,false,,paid
INV-2026-003260,LUDHIANA CERAMICS PVT LTD,2026-08-17,2026-09-16,15000.00,false,,paid
INV-2026-003261,DHANBAD AUTO COMPONENTS PVT LTD,2026-08-18,2026-09-17,97000.75,false,,paid
INV-2026-003262,HUBLI SPINNERS LLP,2026-08-18,2026-09-17,44291.00,false,,paid
INV-2026-003263,ANANTAPUR HOSPITALITY PVT LTD,2026-08-08,2026-09-07,100000.50,false,,paid
INV-2026-003264,MYSORE SOFTWARE SERVICES PRIVATE LIMITED,2026-07-17,2026-08-16,94928.25,false,,paid
INV-2026-003265,AMRAVATI ENTERPRISES INDIA PRIVATE LIMITED,2026-08-07,2026-09-06,373196.00,false,,paid
INV-2026-003266,AMRAVATI AGRO EXPORTS PRIVATE LIMITED,2026-06-15,2026-07-15,8390.00,false,,paid
INV-2026-003267,AMRAVATI FABRICATORS AND COMPANY,2026-06-09,2026-07-09,5478.00,false,,paid
INV-2026-003268,AURANGABAD ELECTRICALS LLP,2026-06-16,2026-07-16,250000.00,false,,paid
INV-2026-003269,GODAVARI TRADERS INDIA PRIVATE LIMITED,2026-07-28,2026-08-27,54749.00,false,,paid
INV-2026-003270,BHAVNAGAR ELECTRICALS LLP,2026-08-28,2026-09-27,69692.00,false,,paid
INV-2026-003271,AMRAVATI INDUSTRIES INDIA PRIVATE LIMITED,2026-06-11,2026-07-11,236878.50,false,,paid
INV-2026-003272,AURANGABAD PHARMACEUTICALS INDIA PRIVATE LIMITED,2026-07-02,2026-08-01,176000.75,false,,paid
INV-2026-003273,BHOPAL ENTERPRISES INDIA PRIVATE LIMITED,2026-07-24,2026-08-23,326183.00,false,,paid
INV-2026-003274,JALANDHAR FERTILISERS PRIVATE LIMITED,2026-06-15,2026-07-15,60000.00,false,,paid
INV-2026-003275,CHANDRAPUR FOODS PVT LTD,2026-07-15,2026-08-14,5000.00,false,,paid
INV-2026-003276,KANPUR MOTORS PRIVATE LIMITED,2026-07-13,2026-08-12,8316.00,false,,paid
INV-2026-003277,RAJKOT METALS LIMITED,2026-08-17,2026-09-16,5000.75,false,,paid
INV-2026-003278,JALANDHAR AUTO COMPONENTS PVT LTD,2026-06-08,2026-07-08,5000.50,false,,paid
INV-2026-003279,ANANTAPUR DIAGNOSTICS LIMITED,2026-08-23,2026-09-22,6916.50,false,,paid
INV-2026-003280,AMRAVATI AGRO EXPORTS PRIVATE LIMITED,2026-07-05,2026-08-04,53151.50,false,,paid
INV-2026-003281,AMRAVATI AUTO COMPONENTS PVT LTD,2026-08-05,2026-09-04,52274.00,false,,paid
INV-2026-003282,AMRAVATI PLASTICS AND COMPANY,2026-08-01,2026-08-31,8058.75,false,,paid
INV-2026-003283,ANANTAPUR PLASTICS AND COMPANY,2026-06-29,2026-07-29,12154.00,false,,paid
INV-2026-003284,CHENNAI SPINNERS LLP,2026-06-13,2026-07-13,8385.00,false,,paid
INV-2026-003285,KRISHNA CABLES PRIVATE LIMITED,2026-08-07,2026-09-06,30414.50,false,,paid
INV-2026-003286,TIRUPUR FABRICATORS AND COMPANY,2026-08-25,2026-09-24,38288.00,false,,paid
INV-2026-003287,GODAVARI AGRO EXPORTS PRIVATE LIMITED,2026-06-18,2026-07-18,30000.50,false,,paid
INV-2026-003288,BHILAI HANDICRAFTS LLP,2026-08-17,2026-09-16,31768.00,false,,paid
INV-2026-003289,SILIGURI TEXTILES PVT LTD,2026-07-17,2026-08-16,4666.00,false,,paid
INV-2026-003290,CUTTACK POLYMERS PRIVATE LIMITED,2026-06-29,2026-07-29,50337.75,false,,paid
INV-2026-003291,AMRAVATI AGRO EXPORTS PRIVATE LIMITED,2026-07-09,2026-08-08,16752.00,false,,paid
INV-2026-003292,SALEM BEARINGS LIMITED,2026-06-21,2026-07-21,21711.00,false,,paid
INV-2026-003293,MADURAI FORGINGS LIMITED,2026-08-04,2026-09-03,40704.00,false,,paid
INV-2026-003294,AMRAVATI LOGISTICS PRIVATE LIMITED,2026-07-26,2026-08-25,49000.25,false,,paid
INV-2026-003295,JODHPUR DIAGNOSTICS LIMITED,2026-07-22,2026-08-21,53648.00,false,,paid
INV-2026-003296,CHANDRAPUR PRINTERS PVT LTD,2026-07-15,2026-08-14,166000.00,false,,paid
INV-2026-003297,CALICUT AUTO COMPONENTS PVT LTD,2026-08-17,2026-09-16,125000.00,false,,paid
INV-2026-003298,AMRAVATI HANDICRAFTS LLP,2026-07-21,2026-08-20,42000.50,false,,paid
INV-2026-003299,HUBLI MEDIA PVT LTD,2026-07-10,2026-08-09,58239.00,false,,paid
INV-2026-003300,VARANASI PACKAGING LLP,2026-08-02,2026-09-01,67284.00,false,,paid
INV-2026-003301,INDORE ELECTRICALS LLP,2026-06-16,2026-07-16,46940.00,false,,paid
INV-2026-003302,HALDIA HOSPITALITY PVT LTD,2026-06-19,2026-07-19,55188.00,false,,paid
INV-2026-003303,SILIGURI ELECTRICALS LLP,2026-07-28,2026-08-27,157472.50,false,,paid
INV-2026-003304,AMRAVATI AGRO EXPORTS PRIVATE LIMITED,2026-07-18,2026-08-17,250000.25,false,,paid
INV-2026-003305,BELGAUM COLD STORAGE AND COMPANY,2026-08-13,2026-09-12,7162.00,false,,paid
INV-2026-003306,VARANASI SOFTWARE SERVICES PRIVATE LIMITED,2026-06-18,2026-07-18,58733.00,false,,paid
INV-2026-003307,KAKINADA HOSPITALITY PVT LTD,2026-06-06,2026-07-06,14941.00,false,,paid
INV-2026-003308,KRISHNA DISTRIBUTORS PRIVATE LIMITED,2026-06-12,2026-07-12,14130.00,false,,paid
INV-2026-003309,COIMBATORE PACKAGING LLP,2026-06-30,2026-07-30,23777.00,false,,paid
INV-2026-003310,SILIGURI TEXTILES PVT LTD,2026-07-07,2026-08-06,25000.00,false,,paid
INV-2026-003311,BELGAUM CHEMICALS INDIA PRIVATE LIMITED,2026-08-21,2026-09-20,36000.25,false,,paid
INV-2026-003312,AMRAVATI BEARINGS LIMITED,2026-08-06,2026-09-05,125000.00,false,,paid
INV-2026-003313,TIRUPUR DISTRIBUTORS PRIVATE LIMITED,2026-07-06,2026-08-05,38147.99,false,,paid
INV-2026-003314,CHENNAI AUTO COMPONENTS PVT LTD,2026-08-09,2026-09-08,100000.00,false,,paid
INV-2026-003315,AURANGABAD CERAMICS PVT LTD,2026-06-05,2026-07-05,38673.00,false,,paid
INV-2026-003316,AURANGABAD TRANSPORT AND COMPANY,2026-07-04,2026-08-03,5000.00,false,,paid
INV-2026-003317,RAJKOT CONSTRUCTIONS PRIVATE LIMITED,2026-08-28,2026-09-27,170000.00,false,,paid
INV-2026-003318,INDORE SOFTWARE SERVICES PRIVATE LIMITED,2026-08-15,2026-09-14,23887.25,false,,paid
INV-2026-003319,CHENNAI DIAGNOSTICS LIMITED,2026-07-23,2026-08-22,194274.75,false,,paid
INV-2026-003320,NASHIK CABLES PRIVATE LIMITED,2026-08-07,2026-09-06,62655.00,false,,paid
INV-2026-003321,SURAT PACKAGING LLP,2026-08-22,2026-09-21,50000.00,false,,paid
INV-2026-003322,CHENNAI CHEMICALS INDIA PRIVATE LIMITED,2026-06-30,2026-07-30,9166.00,false,,paid
INV-2026-003323,BELGAUM HANDICRAFTS LLP,2026-07-18,2026-08-17,150000.00,false,,paid
INV-2026-003324,AURANGABAD AUTO COMPONENTS PVT LTD,2026-06-25,2026-07-25,3409.00,false,,paid
INV-2026-003325,AMRAVATI AGRO EXPORTS PRIVATE LIMITED,2026-07-18,2026-08-17,87553.00,false,,paid
INV-2026-003326,KANPUR DIAGNOSTICS LIMITED,2026-07-30,2026-08-29,8189.00,false,,paid
INV-2026-003327,VARANASI PRINTERS PVT LTD,2026-07-10,2026-08-09,68000.25,false,,paid
INV-2026-003328,TIRUPUR SPINNERS LLP,2026-08-25,2026-09-24,75000.00,false,,paid
INV-2026-003329,BHOPAL CONSTRUCTIONS PRIVATE LIMITED,2026-08-28,2026-09-27,60000.00,false,,paid
INV-2026-003330,SURAT GARMENTS PRIVATE LIMITED,2026-07-11,2026-08-10,22000.00,false,,paid
INV-2026-003331,CHENNAI AGRO EXPORTS PRIVATE LIMITED,2026-08-19,2026-09-18,7786.00,false,,paid
INV-2026-003332,ANANTAPUR FOODS PVT LTD,2026-07-07,2026-08-06,147000.00,false,,paid
INV-2026-003333,ANANTAPUR TRADERS INDIA PRIVATE LIMITED,2026-06-28,2026-07-28,90521.00,false,,paid
INV-2026-003334,AMRAVATI ENTERPRISES INDIA PRIVATE LIMITED,2026-08-26,2026-09-25,16410.00,false,,paid
INV-2026-003335,AMRAVATI CABLES PRIVATE LIMITED,2026-06-05,2026-07-05,60000.00,false,,paid
INV-2026-003336,AMRAVATI FERTILISERS PRIVATE LIMITED,2026-07-06,2026-08-05,65941.99,false,,paid
INV-2026-003337,BHILAI ENGINEERING PVT LTD,2026-08-01,2026-08-31,86051.00,false,,paid
INV-2026-003338,AMRAVATI AGRO EXPORTS PRIVATE LIMITED,2026-06-17,2026-07-17,5831.50,false,,paid
INV-2026-003339,UDAIPUR PHARMACEUTICALS INDIA PRIVATE LIMITED,2026-08-01,2026-08-31,122113.00,false,,paid
INV-2026-003340,JABALPUR METALS LIMITED,2026-08-07,2026-09-06,73778.00,false,,paid
INV-2026-003341,GWALIOR PLASTICS AND COMPANY,2026-07-27,2026-08-26,26541.99,false,,paid
INV-2026-003342,LUDHIANA HANDICRAFTS LLP,2026-06-30,2026-07-30,92731.00,false,,paid
INV-2026-003343,SURAT HANDICRAFTS LLP,2026-06-15,2026-07-15,44961.00,false,,paid
INV-2026-003344,CHENNAI AGRO EXPORTS PRIVATE LIMITED,2026-08-10,2026-09-09,35079.00,false,,paid
INV-2026-003345,AMRAVATI CASTINGS LLP,2026-07-23,2026-08-22,60000.00,false,,paid
INV-2026-003346,AMRAVATI LOGISTICS PRIVATE LIMITED,2026-07-12,2026-08-11,15163.00,false,,paid
INV-2026-003347,BHILAI INFRAPROJECTS AND COMPANY,2026-06-15,2026-07-15,50000.50,false,,paid
INV-2026-003348,CHANDRAPUR ENGINEERING PVT LTD,2026-08-21,2026-09-20,76000.25,false,,paid
INV-2026-003349,GANDHINAGAR HOSPITALITY PVT LTD,2026-08-17,2026-09-16,200000.50,false,,paid
INV-2026-003350,AMRAVATI AUTO COMPONENTS PVT LTD,2026-07-22,2026-08-21,20786.00,false,,paid
INV-2026-003351,CALICUT FOODS PVT LTD,2026-08-05,2026-09-04,39191.00,false,,paid
INV-2026-003352,SOLAPUR ENTERPRISES INDIA PRIVATE LIMITED,2026-06-03,2026-07-03,8438.00,false,,paid
INV-2026-003353,AMRAVATI DIAGNOSTICS LIMITED,2026-07-07,2026-08-06,36000.99,false,,paid
INV-2026-003354,GANDHINAGAR FERTILISERS PRIVATE LIMITED,2026-08-06,2026-09-05,500000.00,false,,paid
INV-2026-003355,AMRAVATI AUTO COMPONENTS PVT LTD,2026-06-12,2026-07-12,100000.00,false,,paid
INV-2026-003356,BHILAI COLD STORAGE AND COMPANY,2026-06-14,2026-07-14,106839.25,false,,paid
INV-2026-003357,CALICUT MEDIA PVT LTD,2026-06-04,2026-07-04,20366.00,false,,paid
INV-2026-003358,UDAIPUR ENGINEERING PVT LTD,2026-07-08,2026-08-07,87444.00,false,,paid
INV-2026-003359,DHANBAD METALS LIMITED,2026-07-20,2026-08-19,46894.50,false,,paid
INV-2026-003360,CHENNAI PRINTERS PVT LTD,2026-06-24,2026-07-24,30705.00,false,,paid
INV-2026-003361,BHOPAL MEDIA PVT LTD,2026-08-22,2026-09-21,20000.75,false,,paid
INV-2026-003362,HUBLI BEARINGS LIMITED,2026-06-08,2026-07-08,282000.99,false,,paid
INV-2026-003363,AURANGABAD SPINNERS LLP,2026-08-10,2026-09-09,282000.25,false,,paid
INV-2026-003364,AMRAVATI HOSPITALITY PVT LTD,2026-06-10,2026-07-10,12300.00,false,,paid
INV-2026-003365,CHANDRAPUR MOTORS PRIVATE LIMITED,2026-06-02,2026-07-02,143000.00,false,,paid
INV-2026-003366,BELGAUM COLD STORAGE AND COMPANY,2026-08-25,2026-09-24,45242.00,false,,paid
INV-2026-003367,AMRAVATI SOFTWARE SERVICES PRIVATE LIMITED,2026-06-02,2026-07-02,5380.99,false,,paid
INV-2026-003368,BHAVNAGAR TRADERS INDIA PRIVATE LIMITED,2026-08-06,2026-09-05,28649.99,false,,paid
INV-2026-003369,CUTTACK ENTERPRISES INDIA PRIVATE LIMITED,2026-06-12,2026-07-12,32608.00,false,,paid
INV-2026-003370,ANANTAPUR TRADERS INDIA PRIVATE LIMITED,2026-08-25,2026-09-24,32759.00,false,,paid
INV-2026-003371,ERNAKULAM MOTORS PRIVATE LIMITED,2026-08-12,2026-09-11,11323.00,false,,paid
INV-2026-003372,BHAVNAGAR PLASTICS AND COMPANY,2026-06-18,2026-07-18,6239.00,false,,paid
INV-2026-003373,GUNTUR LOGISTICS PRIVATE LIMITED,2026-07-03,2026-08-02,71949.00,false,,paid
INV-2026-003374,BHOPAL TRANSPORT AND COMPANY,2026-06-07,2026-07-07,39926.00,false,,paid
INV-2026-003375,ANANTAPUR CERAMICS PVT LTD,2026-08-11,2026-09-10,13224.25,false,,paid
INV-2026-003376,SOLAPUR MEDIA PVT LTD,2026-08-20,2026-09-19,50377.25,false,,paid
INV-2026-003377,INDORE FABRICATORS AND COMPANY,2026-07-16,2026-08-15,35594.00,false,,paid
INV-2026-003378,DHANBAD INDUSTRIES INDIA PRIVATE LIMITED,2026-06-24,2026-07-24,5000.00,false,,paid
INV-2026-003379,BHAVNAGAR FORGINGS LIMITED,2026-06-14,2026-07-14,40000.00,false,,paid
INV-2026-003380,JODHPUR POLYMERS PRIVATE LIMITED,2026-07-04,2026-08-03,203000.00,false,,paid
INV-2026-003381,GWALIOR TRADERS INDIA PRIVATE LIMITED,2026-06-06,2026-07-06,180000.00,false,,paid
INV-2026-003382,AURANGABAD CONTAINERS PVT LTD,2026-06-02,2026-07-02,60000.00,false,,paid
INV-2026-003383,HALDIA AUTO COMPONENTS PVT LTD,2026-06-21,2026-07-21,139951.00,false,,paid
INV-2026-003384,AMRAVATI CONSTRUCTIONS PRIVATE LIMITED,2026-07-25,2026-08-24,24855.00,false,,paid
INV-2026-003385,GANDHINAGAR FERTILISERS PRIVATE LIMITED,2026-07-30,2026-08-29,125000.00,false,,paid
INV-2026-003386,UDAIPUR PHARMACEUTICALS INDIA PRIVATE LIMITED,2026-06-27,2026-07-27,76461.00,false,,paid
INV-2026-003387,BELGAUM DIAGNOSTICS LIMITED,2026-08-13,2026-09-12,500000.00,false,,paid
INV-2026-003388,ANANTAPUR CERAMICS PVT LTD,2026-07-08,2026-08-07,125000.50,false,,paid
INV-2026-003389,ERNAKULAM ENGINEERING PVT LTD,2026-07-11,2026-08-10,167000.75,false,,paid
INV-2026-003390,DEHRADUN COLD STORAGE AND COMPANY,2026-06-16,2026-07-16,564433.50,false,,paid
INV-2026-003391,AMRAVATI AGRO EXPORTS PRIVATE LIMITED,2026-08-14,2026-09-13,109210.99,false,,paid
INV-2026-003392,HUBLI FOODS PVT LTD,2026-08-25,2026-09-24,54708.00,false,,paid
INV-2026-003393,AURANGABAD SOFTWARE SERVICES PRIVATE LIMITED,2026-08-03,2026-09-02,37022.00,false,,paid
INV-2026-003394,SILIGURI HANDICRAFTS LLP,2026-08-29,2026-09-28,75757.00,false,,paid
INV-2026-003395,ANANTAPUR CHEMICALS INDIA PRIVATE LIMITED,2026-07-16,2026-08-15,253916.00,false,,paid
INV-2026-003396,KANPUR DISTRIBUTORS PRIVATE LIMITED,2026-06-26,2026-07-26,34235.00,false,,paid
INV-2026-003397,AMRAVATI DIAGNOSTICS LIMITED,2026-08-23,2026-09-22,7407.00,false,,paid
INV-2026-003398,DHANBAD ENTERPRISES INDIA PRIVATE LIMITED,2026-08-14,2026-09-13,31356.00,false,,paid
INV-2026-003399,DHANBAD MOTORS PRIVATE LIMITED,2026-08-03,2026-09-02,80194.00,false,,paid
INV-2026-003400,AMRAVATI AGRO EXPORTS PRIVATE LIMITED,2026-07-31,2026-08-30,152288.00,false,,paid
INV-2026-003401,JALANDHAR PRINTERS PVT LTD,2026-07-09,2026-08-08,42000.00,false,,paid
INV-2026-003402,AMRAVATI CONTAINERS PVT LTD,2026-08-19,2026-09-18,26003.00,false,,paid
INV-2026-003403,JALANDHAR ELECTRICALS LLP,2026-07-18,2026-08-17,64357.00,false,,paid
INV-2026-003404,AMRAVATI FOODS PVT LTD,2026-06-26,2026-07-26,98339.99,false,,paid
INV-2026-003405,JAMNAGAR METALS LIMITED,2026-07-24,2026-08-23,500000.50,false,,paid
INV-2026-003406,JAMNAGAR DIAGNOSTICS LIMITED,2026-06-15,2026-07-15,21959.00,false,,paid
INV-2026-003407,JAMNAGAR CONSTRUCTIONS PRIVATE LIMITED,2026-06-30,2026-07-30,34965.00,false,,paid
INV-2026-003408,AMRAVATI CASTINGS LLP,2026-06-23,2026-07-23,15252.25,false,,paid
INV-2026-003409,AMRAVATI AGRO EXPORTS PRIVATE LIMITED,2026-08-11,2026-09-10,33741.00,false,,paid
INV-2026-003410,BELGAUM FOODS PVT LTD,2026-08-11,2026-09-10,63708.00,false,,paid
INV-2026-003411,ANANTAPUR PAPER MILLS PVT LTD,2026-08-14,2026-09-13,135796.00,false,,paid
INV-2026-003412,AMRAVATI CABLES PRIVATE LIMITED,2026-08-14,2026-09-13,36644.00,false,,paid
INV-2026-003413,BELGAUM INFRAPROJECTS AND COMPANY,2026-08-28,2026-09-27,150000.50,false,,paid
INV-2026-003414,GUNTUR PLASTICS AND COMPANY,2026-06-19,2026-07-19,44340.00,false,,paid
INV-2026-003415,SOLAPUR FABRICATORS AND COMPANY,2026-07-26,2026-08-25,11041.25,false,,paid
INV-2026-003416,ERNAKULAM FORGINGS LIMITED,2026-07-19,2026-08-18,224000.00,false,,paid
INV-2026-003417,ANANTAPUR BEARINGS LIMITED,2026-06-19,2026-07-19,30000.00,false,,paid
INV-2026-003418,ERNAKULAM DISTRIBUTORS PRIVATE LIMITED,2026-07-08,2026-08-07,203000.00,false,,paid
INV-2026-003419,AMRAVATI ELECTRICALS LLP,2026-06-11,2026-07-11,5049.00,false,,paid
INV-2026-003420,BHAVNAGAR PAPER MILLS PVT LTD,2026-06-12,2026-07-12,40000.00,false,,paid
INV-2026-003421,BHOPAL FABRICATORS AND COMPANY,2026-06-10,2026-07-10,196000.00,false,,paid
INV-2026-003422,ERNAKULAM CHEMICALS INDIA PRIVATE LIMITED,2026-07-13,2026-08-12,82720.00,false,,paid
INV-2026-003423,DHANBAD TRANSPORT AND COMPANY,2026-06-08,2026-07-08,93695.00,false,,paid
INV-2026-003424,VARANASI PAPER MILLS PVT LTD,2026-08-03,2026-09-02,96612.99,false,,paid
INV-2026-003425,JALANDHAR TEXTILES PVT LTD,2026-06-26,2026-07-26,49353.50,false,,paid
INV-2026-003426,AURANGABAD PRINTERS PVT LTD,2026-07-18,2026-08-17,22425.25,false,,paid
INV-2026-003427,AMRAVATI AGRO EXPORTS PRIVATE LIMITED,2026-07-24,2026-08-23,10788.00,false,,paid
INV-2026-003428,ANANTAPUR PACKAGING LLP,2026-08-23,2026-09-22,238000.50,false,,paid
INV-2026-003429,BHAVNAGAR FERTILISERS PRIVATE LIMITED,2026-08-22,2026-09-21,5706.50,false,,paid
INV-2026-003430,CUTTACK DIAGNOSTICS LIMITED,2026-06-28,2026-07-28,19312.00,false,,paid
INV-2026-003431,COIMBATORE SOFTWARE SERVICES PRIVATE LIMITED,2026-08-15,2026-09-14,9157.00,false,,paid
INV-2026-003432,ANANTAPUR REFRACTORIES LIMITED,2026-08-07,2026-09-06,38992.50,false,,paid
INV-2026-003433,AURANGABAD ENTERPRISES INDIA PRIVATE LIMITED,2026-07-17,2026-08-16,22934.00,false,,paid
INV-2026-003434,AMRAVATI COLD STORAGE AND COMPANY,2026-08-14,2026-09-13,243000.75,false,,paid
INV-2026-003435,MADURAI CONTAINERS PVT LTD,2026-07-07,2026-08-06,27000.00,false,,paid
INV-2026-003436,AMRAVATI HOSPITALITY PVT LTD,2026-08-16,2026-09-15,127000.75,false,,paid
INV-2026-003437,CHANDRAPUR TEXTILES PVT LTD,2026-07-27,2026-08-26,60000.00,false,,paid
INV-2026-003438,BHILAI METALS LIMITED,2026-08-27,2026-09-26,83067.00,false,,paid
INV-2026-003439,AMRAVATI BEARINGS LIMITED,2026-06-29,2026-07-29,69633.00,false,,paid
INV-2026-003440,GUNTUR INFRAPROJECTS AND COMPANY,2026-07-13,2026-08-12,60000.75,false,,paid
INV-2026-003441,AMRAVATI ENGINEERING PVT LTD,2026-08-15,2026-09-14,49346.00,false,,paid
INV-2026-003442,CALICUT HANDICRAFTS LLP,2026-07-06,2026-08-05,39890.00,false,,paid
INV-2026-003443,COIMBATORE COLD STORAGE AND COMPANY,2026-08-12,2026-09-11,65908.00,false,,paid
INV-2026-003444,MYSORE ELECTRICALS LLP,2026-07-23,2026-08-22,41025.50,false,,paid
INV-2026-003445,MEERUT MOTORS PRIVATE LIMITED,2026-06-21,2026-07-21,5000.00,false,,paid
INV-2026-003446,ANANTAPUR TEXTILES PVT LTD,2026-06-02,2026-07-02,142591.00,false,,paid
INV-2026-003447,COIMBATORE INFRAPROJECTS AND COMPANY,2026-06-19,2026-07-19,193000.50,false,,paid
INV-2026-003448,BELGAUM REFRACTORIES LIMITED,2026-07-27,2026-08-26,69897.00,false,,paid
INV-2026-003449,MYSORE AGRO EXPORTS PRIVATE LIMITED,2026-07-21,2026-08-20,47959.00,false,,paid
INV-2026-003450,CALICUT AGRO EXPORTS PRIVATE LIMITED,2026-08-14,2026-09-13,273000.50,false,,paid
INV-2026-003451,BHAVNAGAR METALS LIMITED,2026-07-15,2026-08-14,10000.00,false,,paid
INV-2026-003452,COIMBATORE ELECTRICALS LLP,2026-06-24,2026-07-24,44022.00,false,,paid
INV-2026-003453,BELGAUM AGRO EXPORTS PRIVATE LIMITED,2026-07-23,2026-08-22,40282.25,false,,paid
INV-2026-003454,BELGAUM REFRACTORIES LIMITED,2026-07-12,2026-08-11,9369.00,false,,paid
INV-2026-003455,AMRAVATI COLD STORAGE AND COMPANY,2026-07-27,2026-08-26,214000.00,false,,paid
INV-2026-003456,CALICUT ENGINEERING PVT LTD,2026-07-17,2026-08-16,75281.00,false,,paid
INV-2026-003457,AMRAVATI MEDIA PVT LTD,2026-08-21,2026-09-20,56846.00,false,,paid
INV-2026-003458,INDORE INFRAPROJECTS AND COMPANY,2026-08-13,2026-09-12,236000.00,false,,paid
INV-2026-003459,AMRAVATI TEXTILES PVT LTD,2026-07-05,2026-08-04,52202.00,false,,paid
INV-2026-003460,AMRAVATI FABRICATORS AND COMPANY,2026-07-03,2026-08-02,17499.00,false,,paid
INV-2026-003461,BHILAI DISTRIBUTORS PRIVATE LIMITED,2026-07-06,2026-08-05,8975.99,false,,paid
INV-2026-003462,BHOPAL PACKAGING LLP,2026-07-09,2026-08-08,823686.00,false,,paid
INV-2026-003463,UDAIPUR POLYMERS PRIVATE LIMITED,2026-08-01,2026-08-31,9342.50,false,,paid
INV-2026-003464,JAMNAGAR ELECTRICALS LLP,2026-08-02,2026-09-01,282767.00,false,,paid
INV-2026-003465,JODHPUR INFRAPROJECTS AND COMPANY,2026-06-11,2026-07-11,100172.00,false,,paid
INV-2026-003466,ERNAKULAM CHEMICALS INDIA PRIVATE LIMITED,2026-08-15,2026-09-14,86778.00,false,,paid
INV-2026-003467,PANIPAT FOODS PVT LTD,2026-06-07,2026-07-07,79481.00,false,,paid
INV-2026-003468,AURANGABAD FERTILISERS PRIVATE LIMITED,2026-08-21,2026-09-20,16950.00,false,,paid
INV-2026-003469,GWALIOR REFRACTORIES LIMITED,2026-08-25,2026-09-24,16583.00,false,,paid
INV-2026-003470,KANPUR PHARMACEUTICALS INDIA PRIVATE LIMITED,2026-06-07,2026-07-07,375153.00,false,,paid
INV-2026-003471,COIMBATORE PACKAGING LLP,2026-08-17,2026-09-16,21600.00,false,,paid
INV-2026-003472,GUNTUR PACKAGING LLP,2026-06-06,2026-07-06,11290.00,false,,paid
INV-2026-003473,AMRAVATI AGRO EXPORTS PRIVATE LIMITED,2026-06-02,2026-07-02,16131.00,false,,paid
INV-2026-003474,ERNAKULAM GARMENTS PRIVATE LIMITED,2026-06-23,2026-07-23,10549.00,false,,paid
INV-2026-003475,SILIGURI PAPER MILLS PVT LTD,2026-06-02,2026-07-02,255000.50,false,,paid
INV-2026-003476,AURANGABAD DIAGNOSTICS LIMITED,2026-06-29,2026-07-29,20064.75,false,,paid
INV-2026-003477,BHILAI PHARMACEUTICALS INDIA PRIVATE LIMITED,2026-07-18,2026-08-17,113000.00,false,,paid
INV-2026-003478,NARMADA CERAMICS PVT LTD,2026-08-23,2026-09-22,126000.00,false,,paid
INV-2026-003479,JABALPUR TRADERS INDIA PRIVATE LIMITED,2026-06-09,2026-07-09,500000.00,false,,paid
INV-2026-003480,NASHIK CHEMICALS INDIA PRIVATE LIMITED,2026-07-27,2026-08-26,269000.00,false,,paid
INV-2026-003481,JODHPUR BEARINGS LIMITED,2026-06-07,2026-07-07,189117.00,false,,paid
INV-2026-003482,AMRAVATI AUTO COMPONENTS PVT LTD,2026-06-11,2026-07-11,9620.00,false,,paid
INV-2026-003483,BELGAUM MEDIA PVT LTD,2026-07-01,2026-07-31,66023.00,false,,paid
INV-2026-003484,CUTTACK COLD STORAGE AND COMPANY,2026-06-02,2026-07-02,20000.00,false,,paid
INV-2026-003485,AURANGABAD MEDIA PVT LTD,2026-07-30,2026-08-29,22779.00,false,,paid
INV-2026-003486,JAMNAGAR CASTINGS LLP,2026-07-22,2026-08-21,75000.00,false,,paid
INV-2026-003487,GWALIOR CHEMICALS INDIA PRIVATE LIMITED,2026-06-30,2026-07-30,10503.00,false,,paid
INV-2026-003488,ANANTAPUR SOFTWARE SERVICES PRIVATE LIMITED,2026-07-17,2026-08-16,95000.75,false,,paid
INV-2026-003489,HALDIA CONSTRUCTIONS PRIVATE LIMITED,2026-07-06,2026-08-05,20986.00,false,,paid
INV-2026-003490,BHAVNAGAR LOGISTICS PRIVATE LIMITED,2026-06-03,2026-07-03,250000.25,false,,paid
INV-2026-003491,AURANGABAD CHEMICALS INDIA PRIVATE LIMITED,2026-07-13,2026-08-12,160000.00,false,,paid
INV-2026-003492,BHILAI FOODS PVT LTD,2026-08-01,2026-08-31,37872.99,false,,paid
INV-2026-003493,DHANBAD ENTERPRISES INDIA PRIVATE LIMITED,2026-08-06,2026-09-05,78308.00,false,,paid
INV-2026-003494,SOLAPUR BEARINGS LIMITED,2026-06-28,2026-07-28,200000.99,false,,paid
INV-2026-003495,SILIGURI SPINNERS LLP,2026-07-12,2026-08-11,13715.00,false,,paid
INV-2026-003496,ANANTAPUR SOFTWARE SERVICES PRIVATE LIMITED,2026-07-14,2026-08-13,125000.00,false,,paid
INV-2026-003497,AMRAVATI AUTO COMPONENTS PVT LTD,2026-07-09,2026-08-08,39000.00,false,,paid
INV-2026-003498,ANANTAPUR TRANSPORT AND COMPANY,2026-08-18,2026-09-17,80126.00,false,,paid
INV-2026-003499,CALICUT CABLES PRIVATE LIMITED,2026-08-19,2026-09-18,30000.00,false,,paid
INV-2026-003500,BELGAUM METALS LIMITED,2026-08-06,2026-09-05,500000.00,false,,paid
INV-2026-003501,AURANGABAD CHEMICALS INDIA PRIVATE LIMITED,2026-07-24,2026-08-23,295000.00,false,,paid
INV-2026-003502,SURAT MOTORS PRIVATE LIMITED,2026-06-30,2026-07-30,14617.99,false,,paid
INV-2026-003503,MANGALORE CHEMICALS INDIA PRIVATE LIMITED,2026-06-27,2026-07-27,77425.00,false,,paid
INV-2026-003504,ANANTAPUR AGRO EXPORTS PRIVATE LIMITED,2026-07-25,2026-08-24,100000.00,false,,paid
INV-2026-003505,AMRAVATI COLD STORAGE AND COMPANY,2026-06-10,2026-07-10,153000.00,false,,paid
INV-2026-003506,JAMNAGAR HOSPITALITY PVT LTD,2026-06-27,2026-07-27,11760.00,false,,paid
INV-2026-003507,MEERUT FORGINGS LIMITED,2026-06-29,2026-07-29,333746.00,false,,paid
INV-2026-003508,GANDHINAGAR DIAGNOSTICS LIMITED,2026-07-03,2026-08-02,36985.00,false,,paid
INV-2026-003509,BHAVNAGAR DISTRIBUTORS PRIVATE LIMITED,2026-08-28,2026-09-27,6822.00,false,,paid
INV-2026-003510,CHANDRAPUR MOTORS PRIVATE LIMITED,2026-08-04,2026-09-03,62200.00,false,,paid
INV-2026-003511,CHENNAI CONSTRUCTIONS PRIVATE LIMITED,2026-08-15,2026-09-14,8405.00,false,,paid
INV-2026-003512,GODAVARI SPINNERS LLP,2026-06-12,2026-07-12,286000.00,false,,paid
INV-2026-003513,KAKINADA FABRICATORS AND COMPANY,2026-06-09,2026-07-09,204000.00,false,,paid
INV-2026-003514,SURAT PLASTICS AND COMPANY,2026-07-17,2026-08-16,15482.00,false,,paid
INV-2026-003515,JALANDHAR AUTO COMPONENTS PVT LTD,2026-07-17,2026-08-16,65795.75,false,,paid
INV-2026-003516,MYSORE PLASTICS AND COMPANY,2026-06-07,2026-07-07,18927.00,false,,paid
INV-2026-003517,AMRAVATI AGRO EXPORTS PRIVATE LIMITED,2026-06-20,2026-07-20,91051.50,false,,paid
INV-2026-003518,AMRAVATI AGRO EXPORTS PRIVATE LIMITED,2026-08-24,2026-09-23,23000.00,false,,paid
INV-2026-003519,ANANTAPUR HANDICRAFTS LLP,2026-06-27,2026-07-27,51378.00,false,,paid
INV-2026-003520,BELGAUM POLYMERS PRIVATE LIMITED,2026-06-03,2026-07-03,25661.00,false,,paid
INV-2026-003521,SOLAPUR PAPER MILLS PVT LTD,2026-06-06,2026-07-06,58965.00,false,,paid
INV-2026-003522,NARMADA PHARMACEUTICALS INDIA PRIVATE LIMITED,2026-08-08,2026-09-07,256000.00,false,,paid
INV-2026-003523,AMRAVATI LOGISTICS PRIVATE LIMITED,2026-06-11,2026-07-11,16000.00,false,,paid
INV-2026-003524,BELGAUM CONSTRUCTIONS PRIVATE LIMITED,2026-08-16,2026-09-15,75000.25,false,,paid
INV-2026-003525,BHAVNAGAR FORGINGS LIMITED,2026-08-11,2026-09-10,242000.00,false,,paid
INV-2026-003526,HALDIA FABRICATORS AND COMPANY,2026-07-23,2026-08-22,37000.00,false,,paid
INV-2026-003527,MANGALORE TRANSPORT AND COMPANY,2026-07-11,2026-08-10,150000.00,false,,paid
INV-2026-003528,AMRAVATI PLASTICS AND COMPANY,2026-06-07,2026-07-07,39338.50,false,,paid
INV-2026-003529,BHAVNAGAR ENTERPRISES INDIA PRIVATE LIMITED,2026-06-20,2026-07-20,10000.00,false,,paid
INV-2026-003530,KRISHNA HOSPITALITY PVT LTD,2026-08-22,2026-09-21,52432.75,false,,paid
INV-2026-003531,BHILAI AUTO COMPONENTS PVT LTD,2026-08-12,2026-09-11,16703.00,false,,paid
INV-2026-003532,AMRAVATI COLD STORAGE AND COMPANY,2026-07-05,2026-08-04,49712.99,false,,paid
INV-2026-003533,AMRAVATI PAPER MILLS PVT LTD,2026-08-20,2026-09-19,12808.50,false,,paid
INV-2026-003534,DHANBAD CABLES PRIVATE LIMITED,2026-07-10,2026-08-09,138173.25,false,,paid
INV-2026-003535,AMRAVATI PHARMACEUTICALS INDIA PRIVATE LIMITED,2026-08-19,2026-09-18,126000.00,false,,paid
INV-2026-003536,BHOPAL CABLES PRIVATE LIMITED,2026-08-16,2026-09-15,13994.00,false,,paid
INV-2026-003537,AMRAVATI SPINNERS LLP,2026-07-23,2026-08-22,200000.00,false,,paid
INV-2026-003538,JAMNAGAR ELECTRICALS LLP,2026-07-07,2026-08-06,204000.00,false,,paid
INV-2026-003539,KOLHAPUR FERTILISERS PRIVATE LIMITED,2026-08-13,2026-09-12,3319.00,false,,paid
INV-2026-003540,AMRAVATI FORGINGS LIMITED,2026-07-04,2026-08-03,29471.00,false,,paid
INV-2026-003541,SURAT CONSTRUCTIONS PRIVATE LIMITED,2026-07-11,2026-08-10,7417.00,false,,paid
INV-2026-003542,CHANDRAPUR PHARMACEUTICALS INDIA PRIVATE LIMITED,2026-07-03,2026-08-02,60000.00,false,,paid
INV-2026-003543,BHILAI CONTAINERS PVT LTD,2026-08-23,2026-09-22,231000.00,false,,paid
INV-2026-003544,PANIPAT GARMENTS PRIVATE LIMITED,2026-07-01,2026-07-31,27061.50,false,,paid
INV-2026-003545,ANANTAPUR REFRACTORIES LIMITED,2026-07-27,2026-08-26,151590.00,false,,paid
INV-2026-003546,CUTTACK CONSTRUCTIONS PRIVATE LIMITED,2026-08-02,2026-09-01,25000.00,false,,paid
INV-2026-003547,CHENNAI ENTERPRISES INDIA PRIVATE LIMITED,2026-06-05,2026-07-05,20000.99,false,,paid
INV-2026-003548,JAMNAGAR PRINTERS PVT LTD,2026-06-30,2026-07-30,15000.00,false,,paid
INV-2026-003549,UDAIPUR SOFTWARE SERVICES PRIVATE LIMITED,2026-08-10,2026-09-09,60000.00,false,,paid
INV-2026-003550,AURANGABAD POLYMERS PRIVATE LIMITED,2026-07-24,2026-08-23,100000.99,false,,paid
INV-2026-003551,MANGALORE BEARINGS LIMITED,2026-07-14,2026-08-13,161463.00,false,,paid
INV-2026-003552,AMRAVATI TRADERS INDIA PRIVATE LIMITED,2026-06-03,2026-07-03,10167.00,false,,paid
INV-2026-003553,ANANTAPUR PACKAGING LLP,2026-06-22,2026-07-22,45088.00,false,,paid
INV-2026-003554,SALEM COLD STORAGE AND COMPANY,2026-08-09,2026-09-08,13010.00,false,,paid
INV-2026-003555,AMRAVATI AUTO COMPONENTS PVT LTD,2026-08-18,2026-09-17,37000.00,false,,paid
INV-2026-003556,AURANGABAD SPINNERS LLP,2026-06-27,2026-07-27,7901.00,false,,paid
INV-2026-003557,CALICUT ENTERPRISES INDIA PRIVATE LIMITED,2026-06-04,2026-07-04,250000.00,false,,paid
INV-2026-003558,ANANTAPUR ENTERPRISES INDIA PRIVATE LIMITED,2026-07-14,2026-08-13,100000.00,false,,paid
INV-2026-003559,GANDHINAGAR PLASTICS AND COMPANY,2026-08-23,2026-09-22,129694.25,false,,paid
INV-2026-003560,CALICUT FOODS PVT LTD,2026-06-07,2026-07-07,150000.00,false,,paid
INV-2026-003561,ANANTAPUR INFRAPROJECTS AND COMPANY,2026-08-13,2026-09-12,150000.00,false,,paid
INV-2026-003562,TIRUPUR INFRAPROJECTS AND COMPANY,2026-07-13,2026-08-12,14000.00,false,,paid
INV-2026-003563,NARMADA ELECTRICALS LLP,2026-06-17,2026-07-17,8769.00,false,,paid
INV-2026-003564,ANANTAPUR PLASTICS AND COMPANY,2026-06-20,2026-07-20,175729.00,false,,paid
INV-2026-003565,BHAVNAGAR HOSPITALITY PVT LTD,2026-08-17,2026-09-16,28139.00,false,,paid
INV-2026-003566,CHANDRAPUR AGRO EXPORTS PRIVATE LIMITED,2026-07-26,2026-08-25,37050.00,false,,paid
INV-2026-003567,AMRAVATI AUTO COMPONENTS PVT LTD,2026-06-28,2026-07-28,31511.00,false,,paid
INV-2026-003568,BELGAUM ENTERPRISES INDIA PRIVATE LIMITED,2026-07-02,2026-08-01,128119.00,false,,paid
INV-2026-003569,ANANTAPUR INDUSTRIES INDIA PRIVATE LIMITED,2026-07-28,2026-08-27,28637.50,false,,paid
INV-2026-003570,ANANTAPUR ELECTRICALS LLP,2026-08-12,2026-09-11,96000.00,false,,paid
INV-2026-003571,KRISHNA COLD STORAGE AND COMPANY,2026-08-25,2026-09-24,12336.50,false,,paid
INV-2026-003572,CALICUT FORGINGS LIMITED,2026-08-14,2026-09-13,125000.00,false,,paid
INV-2026-003573,DHANBAD PACKAGING LLP,2026-07-13,2026-08-12,60152.00,false,,paid
INV-2026-003574,ANANTAPUR FORGINGS LIMITED,2026-08-24,2026-09-23,200000.00,false,,paid
INV-2026-003575,AMRAVATI PHARMACEUTICALS INDIA PRIVATE LIMITED,2026-06-01,2026-07-01,41232.25,false,,paid
INV-2026-003576,AURANGABAD AGRO EXPORTS PRIVATE LIMITED,2026-08-05,2026-09-04,96545.00,false,,paid
INV-2026-003577,BELGAUM ENTERPRISES INDIA PRIVATE LIMITED,2026-07-13,2026-08-12,16150.00,false,,paid
INV-2026-003578,BHAVNAGAR CABLES PRIVATE LIMITED,2026-06-22,2026-07-22,25787.00,false,,paid
INV-2026-003579,NAGPUR BEARINGS LIMITED,2026-06-06,2026-07-06,147000.00,false,,paid
INV-2026-003580,RAIPUR AUTO COMPONENTS PVT LTD,2026-06-15,2026-07-15,113000.00,false,,paid
INV-2026-003581,ANANTAPUR CASTINGS LLP,2026-06-22,2026-07-22,185916.00,false,,paid
INV-2026-003582,JODHPUR DISTRIBUTORS PRIVATE LIMITED,2026-07-10,2026-08-09,201000.75,false,,paid
INV-2026-003583,AMRAVATI DISTRIBUTORS PRIVATE LIMITED,2026-07-31,2026-08-30,23422.25,false,,paid
INV-2026-003584,COIMBATORE CONTAINERS PVT LTD,2026-07-26,2026-08-25,22311.00,false,,paid
INV-2026-003585,ANANTAPUR ELECTRICALS LLP,2026-06-25,2026-07-25,164000.00,false,,paid
INV-2026-003586,AMRAVATI CABLES PRIVATE LIMITED,2026-06-09,2026-07-09,158000.00,false,,paid
INV-2026-003587,BHOPAL GARMENTS PRIVATE LIMITED,2026-08-07,2026-09-06,14444.00,false,,paid
INV-2026-003588,AMRAVATI PAPER MILLS PVT LTD,2026-07-16,2026-08-15,130589.00,false,,paid
INV-2026-003589,BHILAI CONTAINERS PVT LTD,2026-06-03,2026-07-03,4173.00,false,,paid
INV-2026-003590,AMRAVATI FORGINGS LIMITED,2026-08-06,2026-09-05,227000.00,false,,paid
INV-2026-003591,MYSORE CERAMICS PVT LTD,2026-06-11,2026-07-11,17718.75,false,,paid
INV-2026-003592,CHENNAI ENTERPRISES INDIA PRIVATE LIMITED,2026-07-09,2026-08-08,5000.00,false,,paid
INV-2026-003593,AMRAVATI AGRO EXPORTS PRIVATE LIMITED,2026-08-17,2026-09-16,26494.00,false,,paid
INV-2026-003594,GANDHINAGAR POLYMERS PRIVATE LIMITED,2026-08-25,2026-09-24,25000.00,false,,paid
INV-2026-003595,MANGALORE CHEMICALS INDIA PRIVATE LIMITED,2026-07-11,2026-08-10,261000.00,false,,paid
INV-2026-003596,DHANBAD PLASTICS AND COMPANY,2026-08-14,2026-09-13,42231.00,false,,paid
INV-2026-003597,INDORE PRINTERS PVT LTD,2026-06-26,2026-07-26,125000.00,false,,paid
INV-2026-003598,INDORE INDUSTRIES INDIA PRIVATE LIMITED,2026-08-20,2026-09-19,57094.00,false,,paid
INV-2026-003599,AMRAVATI PAPER MILLS PVT LTD,2026-07-11,2026-08-10,14124.25,false,,paid
INV-2026-003600,GODAVARI SPINNERS LLP,2026-07-29,2026-08-28,250000.00,false,,paid
INV-2026-003601,TRICHY GARMENTS PRIVATE LIMITED,2026-06-13,2026-07-13,40000.00,false,,paid
INV-2026-003602,COIMBATORE SOFTWARE SERVICES PRIVATE LIMITED,2026-08-07,2026-09-06,28953.00,false,,paid
INV-2026-003603,GODAVARI PLASTICS AND COMPANY,2026-06-09,2026-07-09,18506.50,false,,paid
INV-2026-003604,MANGALORE BEARINGS LIMITED,2026-07-06,2026-08-05,25000.00,false,,paid
INV-2026-003605,UDAIPUR FABRICATORS AND COMPANY,2026-07-04,2026-08-03,16289.00,false,,paid
INV-2026-003606,KANPUR PAPER MILLS PVT LTD,2026-06-04,2026-07-04,250000.00,false,,paid
INV-2026-003607,GODAVARI CONSTRUCTIONS PRIVATE LIMITED,2026-06-25,2026-07-25,28488.50,false,,paid
INV-2026-003608,CHANDRAPUR PLASTICS AND COMPANY,2026-08-09,2026-09-08,30000.00,false,,paid
INV-2026-003609,AMRAVATI FERTILISERS PRIVATE LIMITED,2026-06-27,2026-07-27,269281.00,false,,paid
INV-2026-003610,BHILAI METALS LIMITED,2026-08-21,2026-09-20,9477.00,false,,paid
INV-2026-003611,AURANGABAD HANDICRAFTS LLP,2026-06-14,2026-07-14,88000.00,false,,paid
INV-2026-003612,BELGAUM POLYMERS PRIVATE LIMITED,2026-08-11,2026-09-10,46054.00,false,,paid
INV-2026-003613,CALICUT CASTINGS LLP,2026-08-14,2026-09-13,16285.00,false,,paid
INV-2026-003614,BHILAI BEARINGS LIMITED,2026-08-11,2026-09-10,73853.50,false,,paid
INV-2026-003615,BELGAUM PAPER MILLS PVT LTD,2026-08-06,2026-09-05,15000.75,false,,paid
INV-2026-003616,PANIPAT FABRICATORS AND COMPANY,2026-06-14,2026-07-14,109000.00,false,,paid
INV-2026-003617,BHAVNAGAR TRADERS INDIA PRIVATE LIMITED,2026-07-18,2026-08-17,17936.00,false,,paid
INV-2026-003618,HUBLI BEARINGS LIMITED,2026-07-26,2026-08-25,206000.75,false,,paid
INV-2026-003619,HALDIA MOTORS PRIVATE LIMITED,2026-06-14,2026-07-14,69805.75,false,,paid
INV-2026-003620,AMRAVATI AGRO EXPORTS PRIVATE LIMITED,2026-08-27,2026-09-26,9776.00,false,,paid
INV-2026-003621,AMRAVATI SPINNERS LLP,2026-08-07,2026-09-06,75000.00,false,,paid
INV-2026-003622,ANANTAPUR PRINTERS PVT LTD,2026-08-21,2026-09-20,97320.00,false,,paid
INV-2026-003623,KANPUR COLD STORAGE AND COMPANY,2026-08-08,2026-09-07,5000.00,false,,paid
INV-2026-003624,JAMNAGAR DIAGNOSTICS LIMITED,2026-06-05,2026-07-05,41934.00,false,,paid
INV-2026-003625,COIMBATORE INDUSTRIES INDIA PRIVATE LIMITED,2026-07-23,2026-08-22,37926.99,false,,paid
INV-2026-003626,CALICUT SPINNERS LLP,2026-06-11,2026-07-11,71000.75,false,,paid
INV-2026-003627,ANANTAPUR GARMENTS PRIVATE LIMITED,2026-08-17,2026-09-16,82306.25,false,,paid
INV-2026-003628,NASHIK SPINNERS LLP,2026-06-07,2026-07-07,53615.00,false,,paid
INV-2026-003629,LUDHIANA DISTRIBUTORS PRIVATE LIMITED,2026-06-20,2026-07-20,500000.00,false,,paid
INV-2026-003630,CUTTACK CHEMICALS INDIA PRIVATE LIMITED,2026-07-21,2026-08-20,25760.00,false,,paid
INV-2026-003631,BELGAUM POLYMERS PRIVATE LIMITED,2026-08-22,2026-09-21,175668.00,false,,paid
INV-2026-003632,CUTTACK FABRICATORS AND COMPANY,2026-06-08,2026-07-08,94047.00,false,,paid
INV-2026-003633,MADURAI ENGINEERING PVT LTD,2026-07-02,2026-08-01,344064.00,false,,paid
INV-2026-003634,BHOPAL FORGINGS LIMITED,2026-08-18,2026-09-17,16279.75,false,,paid
INV-2026-003635,BHILAI ENTERPRISES INDIA PRIVATE LIMITED,2026-08-22,2026-09-21,5125.00,false,,paid
INV-2026-003636,BHOPAL CABLES PRIVATE LIMITED,2026-06-03,2026-07-03,75000.99,false,,paid
INV-2026-003637,AMRAVATI INFRAPROJECTS AND COMPANY,2026-08-27,2026-09-26,31278.50,false,,paid
INV-2026-003638,AURANGABAD FABRICATORS AND COMPANY,2026-07-29,2026-08-28,29123.00,false,,paid
INV-2026-003639,VARANASI LOGISTICS PRIVATE LIMITED,2026-08-19,2026-09-18,60000.00,false,,paid
INV-2026-003640,AMRAVATI PLASTICS AND COMPANY,2026-07-17,2026-08-16,98931.00,false,,paid
INV-2026-003641,DHANBAD REFRACTORIES LIMITED,2026-08-09,2026-09-08,227000.00,false,,paid
INV-2026-003642,KOLHAPUR PRINTERS PVT LTD,2026-06-28,2026-07-28,276000.00,false,,paid
INV-2026-003643,PANIPAT REFRACTORIES LIMITED,2026-08-15,2026-09-14,15000.00,false,,paid
INV-2026-003644,INDORE DISTRIBUTORS PRIVATE LIMITED,2026-08-09,2026-09-08,60000.25,false,,paid
INV-2026-003645,AURANGABAD CONTAINERS PVT LTD,2026-08-15,2026-09-14,200000.00,false,,paid
INV-2026-003646,HUBLI SOFTWARE SERVICES PRIVATE LIMITED,2026-06-25,2026-07-25,5000.00,false,,paid
INV-2026-003647,RAJKOT CONTAINERS PVT LTD,2026-08-12,2026-09-11,100000.00,false,,paid
INV-2026-003648,JALANDHAR METALS LIMITED,2026-08-20,2026-09-19,19583.00,false,,paid
INV-2026-003649,RAJKOT CONTAINERS PVT LTD,2026-06-29,2026-07-29,18740.00,false,,paid
INV-2026-003650,AMRAVATI GARMENTS PRIVATE LIMITED,2026-06-03,2026-07-03,75000.00,false,,paid
INV-2026-003651,AMRAVATI CABLES PRIVATE LIMITED,2026-07-15,2026-08-14,13348.25,false,,paid
INV-2026-003652,AURANGABAD PHARMACEUTICALS INDIA PRIVATE LIMITED,2026-08-05,2026-09-04,49284.00,false,,paid
INV-2026-003653,NASHIK PACKAGING LLP,2026-07-20,2026-08-19,263000.25,false,,paid
INV-2026-003654,BHAVNAGAR DISTRIBUTORS PRIVATE LIMITED,2026-08-16,2026-09-15,25702.00,false,,paid
INV-2026-003655,AMRAVATI AGRO EXPORTS PRIVATE LIMITED,2026-08-22,2026-09-21,37007.00,false,,paid
INV-2026-003656,BELGAUM PHARMACEUTICALS INDIA PRIVATE LIMITED,2026-07-20,2026-08-19,23119.00,false,,paid
INV-2026-003657,MADURAI INDUSTRIES INDIA PRIVATE LIMITED,2026-07-03,2026-08-02,83595.00,false,,paid
INV-2026-003658,JAMNAGAR PRINTERS PVT LTD,2026-06-23,2026-07-23,12392.00,false,,paid
INV-2026-003659,HOSUR AUTO COMPONENTS PVT LTD,2026-06-16,2026-07-16,125000.00,false,,paid
INV-2026-003660,ANANTAPUR PLASTICS AND COMPANY,2026-06-26,2026-07-26,11507.00,false,,paid
INV-2026-003661,COIMBATORE SPINNERS LLP,2026-06-14,2026-07-14,13738.00,false,,paid
INV-2026-003662,AURANGABAD FORGINGS LIMITED,2026-07-19,2026-08-18,2660.00,false,,paid
INV-2026-003663,AMRAVATI AGRO EXPORTS PRIVATE LIMITED,2026-08-23,2026-09-22,489232.00,false,,paid
INV-2026-003664,AURANGABAD ELECTRICALS LLP,2026-08-17,2026-09-16,60000.00,false,,paid
INV-2026-003665,HOSUR AGRO EXPORTS PRIVATE LIMITED,2026-08-19,2026-09-18,95902.99,false,,paid
INV-2026-003666,NAGPUR HANDICRAFTS LLP,2026-06-01,2026-07-01,8080.00,false,,paid
INV-2026-003667,JABALPUR CONSTRUCTIONS PRIVATE LIMITED,2026-07-14,2026-08-13,23194.00,false,,paid
INV-2026-003668,KAKINADA CERAMICS PVT LTD,2026-07-14,2026-08-13,200000.50,false,,paid
INV-2026-003669,AURANGABAD MOTORS PRIVATE LIMITED,2026-08-29,2026-09-28,22192.00,false,,paid
INV-2026-003670,UDAIPUR ELECTRICALS LLP,2026-08-25,2026-09-24,12404.75,false,,paid
INV-2026-003671,CALICUT CABLES PRIVATE LIMITED,2026-07-24,2026-08-23,7313.00,false,,paid
INV-2026-003672,SILIGURI HANDICRAFTS LLP,2026-06-18,2026-07-18,128000.00,false,,paid
INV-2026-003673,AURANGABAD PRINTERS PVT LTD,2026-07-10,2026-08-09,12579.75,false,,paid
INV-2026-003674,ANANTAPUR FORGINGS LIMITED,2026-07-20,2026-08-19,39611.00,false,,paid
INV-2026-003675,CUTTACK AUTO COMPONENTS PVT LTD,2026-07-05,2026-08-04,50000.00,false,,paid
INV-2026-003676,DEHRADUN PRINTERS PVT LTD,2026-08-13,2026-09-12,8892.00,false,,paid
INV-2026-003677,AMRAVATI INFRAPROJECTS AND COMPANY,2026-08-04,2026-09-03,9505.00,false,,paid
INV-2026-003678,AURANGABAD GARMENTS PRIVATE LIMITED,2026-07-30,2026-08-29,100000.00,false,,paid
INV-2026-003679,GODAVARI CABLES PRIVATE LIMITED,2026-08-10,2026-09-09,23539.00,false,,paid
INV-2026-003680,AMRAVATI PACKAGING LLP,2026-06-22,2026-07-22,8532.00,false,,paid
INV-2026-003681,BHOPAL REFRACTORIES LIMITED,2026-07-23,2026-08-22,25000.00,false,,paid
INV-2026-003682,ANANTAPUR GARMENTS PRIVATE LIMITED,2026-07-13,2026-08-12,102241.00,false,,paid
INV-2026-003683,AMRAVATI LOGISTICS PRIVATE LIMITED,2026-06-09,2026-07-09,56657.00,false,,paid
INV-2026-003684,DEHRADUN PAPER MILLS PVT LTD,2026-08-04,2026-09-03,177823.00,false,,paid
INV-2026-003685,AURANGABAD CONTAINERS PVT LTD,2026-08-02,2026-09-01,63679.00,false,,paid
INV-2026-003686,AMRAVATI DISTRIBUTORS PRIVATE LIMITED,2026-06-18,2026-07-18,24292.00,false,,paid
INV-2026-003687,BELGAUM DISTRIBUTORS PRIVATE LIMITED,2026-06-09,2026-07-09,19774.75,false,,paid
INV-2026-003688,JAMNAGAR COLD STORAGE AND COMPANY,2026-06-22,2026-07-22,25222.00,false,,paid
INV-2026-003689,AMRAVATI CASTINGS LLP,2026-06-21,2026-07-21,56842.25,false,,paid
INV-2026-003690,NARMADA TRANSPORT AND COMPANY,2026-08-08,2026-09-07,26967.00,false,,paid
INV-2026-003691,COIMBATORE REFRACTORIES LIMITED,2026-08-02,2026-09-01,15000.00,false,,paid
INV-2026-003692,COIMBATORE TEXTILES PVT LTD,2026-08-06,2026-09-05,99000.50,false,,paid
INV-2026-003693,GUNTUR TEXTILES PVT LTD,2026-06-09,2026-07-09,15048.00,false,,paid
INV-2026-003694,AMRAVATI DIAGNOSTICS LIMITED,2026-07-07,2026-08-06,78874.00,false,,paid
INV-2026-003695,AURANGABAD SPINNERS LLP,2026-08-08,2026-09-07,220000.00,false,,paid
INV-2026-003696,UDAIPUR FORGINGS LIMITED,2026-06-18,2026-07-18,6154.00,false,,paid
INV-2026-003697,HUBLI INFRAPROJECTS AND COMPANY,2026-08-10,2026-09-09,40000.00,false,,paid
INV-2026-003698,ANANTAPUR PHARMACEUTICALS INDIA PRIVATE LIMITED,2026-06-21,2026-07-21,28899.75,false,,paid
INV-2026-003699,ANANTAPUR PRINTERS PVT LTD,2026-06-08,2026-07-08,158652.00,false,,paid
INV-2026-003700,ANANTAPUR DISTRIBUTORS PRIVATE LIMITED,2026-07-11,2026-08-10,286000.50,false,,paid
INV-2026-003701,ANANTAPUR FERTILISERS PRIVATE LIMITED,2026-08-16,2026-09-15,11912.00,false,,paid
INV-2026-003702,CUTTACK CASTINGS LLP,2026-07-18,2026-08-17,10626.00,false,,paid
INV-2026-003703,VARANASI PLASTICS AND COMPANY,2026-06-17,2026-07-17,20746.00,false,,paid
INV-2026-003704,AURANGABAD CONTAINERS PVT LTD,2026-08-15,2026-09-14,45000.25,false,,paid
INV-2026-003705,KAKINADA FERTILISERS PRIVATE LIMITED,2026-08-17,2026-09-16,125000.00,false,,paid
INV-2026-003706,BHOPAL HOSPITALITY PVT LTD,2026-07-26,2026-08-25,31057.99,false,,paid
INV-2026-003707,COIMBATORE FABRICATORS AND COMPANY,2026-08-03,2026-09-02,5000.75,false,,paid
INV-2026-003708,AMRAVATI FERTILISERS PRIVATE LIMITED,2026-06-03,2026-07-03,55551.00,false,,paid
INV-2026-003709,AMRAVATI COLD STORAGE AND COMPANY,2026-08-15,2026-09-14,119715.00,false,,paid
INV-2026-003710,BELGAUM PRINTERS PVT LTD,2026-06-18,2026-07-18,44978.25,false,,paid
INV-2026-003711,BHOPAL CABLES PRIVATE LIMITED,2026-08-24,2026-09-23,9851.00,false,,paid
INV-2026-003712,KANPUR METALS LIMITED,2026-07-17,2026-08-16,10000.00,false,,paid
INV-2026-003713,GODAVARI AUTO COMPONENTS PVT LTD,2026-07-02,2026-08-01,34312.50,false,,paid
INV-2026-003714,INDORE INFRAPROJECTS AND COMPANY,2026-07-23,2026-08-22,12780.25,false,,paid
INV-2026-003715,GUNTUR BEARINGS LIMITED,2026-08-21,2026-09-20,21672.00,false,,paid
INV-2026-003716,AMRAVATI CASTINGS LLP,2026-08-04,2026-09-03,22009.00,false,,paid
INV-2026-003717,ANANTAPUR PHARMACEUTICALS INDIA PRIVATE LIMITED,2026-06-23,2026-07-23,20000.50,false,,paid
INV-2026-003718,NASHIK METALS LIMITED,2026-08-28,2026-09-27,103858.00,false,,paid
INV-2026-003719,CHENNAI FABRICATORS AND COMPANY,2026-08-21,2026-09-20,17416.00,false,,paid
INV-2026-003720,INDORE CERAMICS PVT LTD,2026-06-21,2026-07-21,4430.99,false,,paid
INV-2026-003721,BELGAUM FORGINGS LIMITED,2026-07-23,2026-08-22,74000.00,false,,paid
INV-2026-003722,ANANTAPUR FABRICATORS AND COMPANY,2026-06-18,2026-07-18,29316.00,false,,paid
INV-2026-003723,BELGAUM CONSTRUCTIONS PRIVATE LIMITED,2026-08-23,2026-09-22,44378.00,false,,paid
INV-2026-003724,AMRAVATI AGRO EXPORTS PRIVATE LIMITED,2026-06-21,2026-07-21,39941.00,false,,paid
INV-2026-003725,MANGALORE POLYMERS PRIVATE LIMITED,2026-08-15,2026-09-14,399226.00,false,,paid
INV-2026-003726,AMRAVATI COLD STORAGE AND COMPANY,2026-06-08,2026-07-08,18990.00,false,,paid
INV-2026-003727,GUNTUR SOFTWARE SERVICES PRIVATE LIMITED,2026-07-17,2026-08-16,30000.25,false,,paid
INV-2026-003728,AMRAVATI AUTO COMPONENTS PVT LTD,2026-06-04,2026-07-04,11377.00,false,,paid
INV-2026-003729,HUBLI TEXTILES PVT LTD,2026-08-18,2026-09-17,60000.00,false,,paid
INV-2026-003730,HALDIA FOODS PVT LTD,2026-07-01,2026-07-31,219222.00,false,,paid
INV-2026-003731,CHENNAI PRINTERS PVT LTD,2026-07-20,2026-08-19,25000.50,false,,paid
INV-2026-003732,NAGPUR AGRO EXPORTS PRIVATE LIMITED,2026-07-11,2026-08-10,15000.00,false,,paid
INV-2026-003733,BHILAI METALS LIMITED,2026-08-27,2026-09-26,500000.99,false,,paid
INV-2026-003734,VARANASI REFRACTORIES LIMITED,2026-07-02,2026-08-01,286000.00,false,,paid
INV-2026-003735,ANANTAPUR PRINTERS PVT LTD,2026-08-20,2026-09-19,25016.00,false,,paid
INV-2026-003736,HALDIA HANDICRAFTS LLP,2026-06-16,2026-07-16,74533.25,false,,paid
INV-2026-003737,AMRAVATI CERAMICS PVT LTD,2026-06-25,2026-07-25,15185.00,false,,paid
INV-2026-003738,AURANGABAD METALS LIMITED,2026-06-08,2026-07-08,250000.00,false,,paid
INV-2026-003739,TIRUPUR DIAGNOSTICS LIMITED,2026-07-12,2026-08-11,12732.00,false,,paid
INV-2026-003740,NAGPUR MEDIA PVT LTD,2026-06-22,2026-07-22,44340.00,false,,paid
INV-2026-003741,AURANGABAD DIAGNOSTICS LIMITED,2026-07-03,2026-08-02,15209.00,false,,paid
INV-2026-003742,JABALPUR BEARINGS LIMITED,2026-06-28,2026-07-28,5000.00,false,,paid
INV-2026-003743,AMRAVATI PHARMACEUTICALS INDIA PRIVATE LIMITED,2026-07-21,2026-08-20,144000.50,false,,paid
INV-2026-003744,SURAT BEARINGS LIMITED,2026-06-30,2026-07-30,55277.00,false,,paid
INV-2026-003745,GWALIOR MEDIA PVT LTD,2026-07-28,2026-08-27,170000.00,false,,paid
INV-2026-003746,AMRAVATI CABLES PRIVATE LIMITED,2026-08-12,2026-09-11,17068.75,false,,paid
INV-2026-003747,AMRAVATI CASTINGS LLP,2026-07-21,2026-08-20,500000.00,false,,paid
INV-2026-003748,SALEM FERTILISERS PRIVATE LIMITED,2026-08-17,2026-09-16,16174.00,false,,paid
INV-2026-003749,ERNAKULAM ELECTRICALS LLP,2026-06-23,2026-07-23,73000.00,false,,paid
INV-2026-003750,AMRAVATI AGRO EXPORTS PRIVATE LIMITED,2026-07-26,2026-08-25,100924.00,false,,paid
INV-2026-003751,AMRAVATI CHEMICALS INDIA PRIVATE LIMITED,2026-07-21,2026-08-20,24047.00,false,,paid
INV-2026-003752,AMRAVATI AGRO EXPORTS PRIVATE LIMITED,2026-08-22,2026-09-21,114000.25,false,,paid
INV-2026-003753,VARANASI PLASTICS AND COMPANY,2026-08-25,2026-09-24,68889.50,false,,paid
INV-2026-003754,DHANBAD AGRO EXPORTS PRIVATE LIMITED,2026-08-29,2026-09-28,95481.00,false,,paid
INV-2026-003755,HALDIA ELECTRICALS LLP,2026-07-17,2026-08-16,500000.00,false,,paid
INV-2026-003756,RAJKOT TRADERS INDIA PRIVATE LIMITED,2026-06-09,2026-07-09,53801.00,false,,paid
INV-2026-003757,AMRAVATI ENTERPRISES INDIA PRIVATE LIMITED,2026-07-18,2026-08-17,39302.00,false,,paid
INV-2026-003758,HALDIA METALS LIMITED,2026-06-04,2026-07-04,94421.75,false,,paid
INV-2026-003759,AMRAVATI ELECTRICALS LLP,2026-07-12,2026-08-11,100000.00,false,,paid
INV-2026-003760,AMRAVATI DISTRIBUTORS PRIVATE LIMITED,2026-07-21,2026-08-20,60000.00,false,,paid
INV-2026-003761,JALANDHAR POLYMERS PRIVATE LIMITED,2026-08-23,2026-09-22,12923.00,false,,paid
INV-2026-003762,AMRAVATI CONTAINERS PVT LTD,2026-07-21,2026-08-20,86724.00,false,,paid
INV-2026-003763,CHANDRAPUR GARMENTS PRIVATE LIMITED,2026-06-26,2026-07-26,125542.99,false,,paid
INV-2026-003764,NARMADA TEXTILES PVT LTD,2026-07-17,2026-08-16,30000.00,false,,paid
INV-2026-003765,NARMADA METALS LIMITED,2026-07-25,2026-08-24,24238.00,false,,paid
INV-2026-003766,AMRAVATI PLASTICS AND COMPANY,2026-06-04,2026-07-04,11489.00,false,,paid
INV-2026-003767,AMRAVATI METALS LIMITED,2026-07-18,2026-08-17,20913.25,false,,paid
INV-2026-003768,ANANTAPUR PRINTERS PVT LTD,2026-07-14,2026-08-13,163416.25,false,,paid
INV-2026-003769,CHANDRAPUR FORGINGS LIMITED,2026-06-26,2026-07-26,12282.00,false,,paid
INV-2026-003770,GANDHINAGAR AGRO EXPORTS PRIVATE LIMITED,2026-07-22,2026-08-21,66420.00,false,,paid
INV-2026-003771,AMRAVATI MOTORS PRIVATE LIMITED,2026-07-06,2026-08-05,145170.00,false,,paid
INV-2026-003772,AMRAVATI CABLES PRIVATE LIMITED,2026-07-16,2026-08-15,274400.00,false,,paid
INV-2026-003773,AMRAVATI ENGINEERING PVT LTD,2026-07-29,2026-08-28,77070.99,false,,paid
INV-2026-003774,AMRAVATI PRINTERS PVT LTD,2026-07-28,2026-08-27,4400.75,false,,paid
INV-2026-003775,KAKINADA BEARINGS LIMITED,2026-07-28,2026-08-27,150000.00,false,,paid
INV-2026-003776,AMRAVATI CERAMICS PVT LTD,2026-07-22,2026-08-21,24375.00,false,,paid
INV-2026-003777,MYSORE CONSTRUCTIONS PRIVATE LIMITED,2026-06-20,2026-07-20,147504.99,false,,paid
INV-2026-003778,CALICUT FORGINGS LIMITED,2026-06-24,2026-07-24,38575.00,false,,paid
INV-2026-003779,AMRAVATI CONSTRUCTIONS PRIVATE LIMITED,2026-08-25,2026-09-24,30196.00,false,,paid
INV-2026-003780,JAMNAGAR PLASTICS AND COMPANY,2026-08-29,2026-09-28,19508.00,false,,paid
INV-2026-003781,AURANGABAD TRANSPORT AND COMPANY,2026-08-27,2026-09-26,30000.00,false,,paid
INV-2026-003782,BHOPAL CASTINGS LLP,2026-08-24,2026-09-23,192000.75,false,,paid
INV-2026-003783,AMRAVATI ENGINEERING PVT LTD,2026-06-07,2026-07-07,29109.00,false,,paid
INV-2026-003784,DHANBAD POLYMERS PRIVATE LIMITED,2026-08-07,2026-09-06,11928.00,false,,paid
INV-2026-003785,BHILAI MOTORS PRIVATE LIMITED,2026-08-29,2026-09-28,50000.00,false,,paid
INV-2026-003786,GODAVARI COLD STORAGE AND COMPANY,2026-07-23,2026-08-22,111301.00,false,,paid
INV-2026-003787,AURANGABAD MEDIA PVT LTD,2026-08-13,2026-09-12,31382.99,false,,paid
INV-2026-003788,RAJKOT AUTO COMPONENTS PVT LTD,2026-08-26,2026-09-25,5000.00,false,,paid
INV-2026-003789,GWALIOR POLYMERS PRIVATE LIMITED,2026-08-01,2026-08-31,17000.50,false,,paid
INV-2026-003790,AMRAVATI CONSTRUCTIONS PRIVATE LIMITED,2026-07-20,2026-08-19,5000.00,false,,paid
INV-2026-003791,CALICUT INFRAPROJECTS AND COMPANY,2026-08-23,2026-09-22,81000.00,false,,paid
INV-2026-003792,GUNTUR REFRACTORIES LIMITED,2026-08-24,2026-09-23,7660.00,false,,paid
INV-2026-003793,AMRAVATI ENTERPRISES INDIA PRIVATE LIMITED,2026-08-14,2026-09-13,33683.00,false,,paid
INV-2026-003794,JAMNAGAR FORGINGS LIMITED,2026-06-06,2026-07-06,23090.00,false,,paid
INV-2026-003795,GUNTUR INFRAPROJECTS AND COMPANY,2026-07-03,2026-08-02,92171.00,false,,paid
INV-2026-003796,MANGALORE REFRACTORIES LIMITED,2026-08-20,2026-09-19,138626.00,false,,paid
INV-2026-003797,GWALIOR HOSPITALITY PVT LTD,2026-08-02,2026-09-01,124150.00,false,,paid
INV-2026-003798,DHANBAD PACKAGING LLP,2026-07-25,2026-08-24,156973.00,false,,paid
INV-2026-003799,SURAT REFRACTORIES LIMITED,2026-08-19,2026-09-18,35801.00,false,,paid
INV-2026-003800,ERNAKULAM POLYMERS PRIVATE LIMITED,2026-06-30,2026-07-30,100000.00,false,,paid
INV-2026-003801,CHANDRAPUR SOFTWARE SERVICES PRIVATE LIMITED,2026-06-05,2026-07-05,150000.00,false,,paid
INV-2026-003802,HOSUR PHARMACEUTICALS INDIA PRIVATE LIMITED,2026-08-06,2026-09-05,39061.00,false,,paid
INV-2026-003803,CUTTACK CASTINGS LLP,2026-06-13,2026-07-13,279000.00,false,,paid
INV-2026-003804,BHILAI AUTO COMPONENTS PVT LTD,2026-07-01,2026-07-31,55666.00,false,,paid
INV-2026-003805,DHANBAD PLASTICS AND COMPANY,2026-08-22,2026-09-21,27384.00,false,,paid
INV-2026-003806,KRISHNA TRADERS INDIA PRIVATE LIMITED,2026-06-28,2026-07-28,46781.00,false,,paid
INV-2026-003807,GUNTUR LOGISTICS PRIVATE LIMITED,2026-08-10,2026-09-09,82834.25,false,,paid
INV-2026-003808,ANANTAPUR GARMENTS PRIVATE LIMITED,2026-07-12,2026-08-11,189000.00,false,,paid
INV-2026-003809,KANPUR SPINNERS LLP,2026-08-03,2026-09-02,500000.00,false,,paid
INV-2026-003810,AMRAVATI PRINTERS PVT LTD,2026-06-12,2026-07-12,29222.75,false,,paid
INV-2026-003811,BHOPAL PACKAGING LLP,2026-06-12,2026-07-12,58463.50,false,,paid
INV-2026-003812,RAIPUR REFRACTORIES LIMITED,2026-07-17,2026-08-16,20244.75,false,,paid
INV-2026-003813,AMRAVATI FOODS PVT LTD,2026-07-15,2026-08-14,7565.25,false,,paid
INV-2026-003814,AURANGABAD BEARINGS LIMITED,2026-08-23,2026-09-22,22031.75,false,,paid
INV-2026-003815,AMRAVATI AGRO EXPORTS PRIVATE LIMITED,2026-07-09,2026-08-08,121442.00,false,,paid
INV-2026-003816,CALICUT GARMENTS PRIVATE LIMITED,2026-08-08,2026-09-07,5000.00,false,,paid
INV-2026-003817,CUTTACK MOTORS PRIVATE LIMITED,2026-07-18,2026-08-17,27625.00,false,,paid
INV-2026-003818,AMRAVATI COLD STORAGE AND COMPANY,2026-07-04,2026-08-03,15234.00,false,,paid
INV-2026-003819,BHILAI TEXTILES PVT LTD,2026-07-01,2026-07-31,100000.00,false,,paid
INV-2026-003820,AURANGABAD CONTAINERS PVT LTD,2026-07-06,2026-08-05,224000.00,false,,paid
INV-2026-003821,GWALIOR CASTINGS LLP,2026-06-09,2026-07-09,30000.75,false,,paid
INV-2026-003822,KOLHAPUR LOGISTICS PRIVATE LIMITED,2026-08-04,2026-09-03,95356.00,false,,paid
INV-2026-003823,NASHIK POLYMERS PRIVATE LIMITED,2026-08-04,2026-09-03,10045.00,false,,paid
INV-2026-003824,LUDHIANA LOGISTICS PRIVATE LIMITED,2026-08-21,2026-09-20,14785.00,false,,paid
INV-2026-003825,DHANBAD PACKAGING LLP,2026-08-12,2026-09-11,24096.50,false,,paid
INV-2026-003826,CHENNAI REFRACTORIES LIMITED,2026-07-20,2026-08-19,102000.00,false,,paid
INV-2026-003827,ERNAKULAM PLASTICS AND COMPANY,2026-08-28,2026-09-27,250000.00,false,,paid
INV-2026-003828,CHANDRAPUR PRINTERS PVT LTD,2026-07-26,2026-08-25,37652.00,false,,paid
INV-2026-003829,AMRAVATI HANDICRAFTS LLP,2026-06-16,2026-07-16,30000.25,false,,paid
INV-2026-003830,CHANDRAPUR GARMENTS PRIVATE LIMITED,2026-08-08,2026-09-07,900206.00,false,,paid
INV-2026-003831,INDORE PLASTICS AND COMPANY,2026-07-11,2026-08-10,18928.00,false,,paid
INV-2026-003832,HOSUR CABLES PRIVATE LIMITED,2026-08-20,2026-09-19,196000.00,false,,paid
INV-2026-003833,MADURAI MOTORS PRIVATE LIMITED,2026-06-29,2026-07-29,200000.99,false,,paid
INV-2026-003834,MYSORE TRADERS INDIA PRIVATE LIMITED,2026-08-23,2026-09-22,75000.00,false,,paid
INV-2026-003835,BELGAUM CHEMICALS INDIA PRIVATE LIMITED,2026-06-02,2026-07-02,22217.00,false,,paid
INV-2026-003836,HALDIA ENGINEERING PVT LTD,2026-06-27,2026-07-27,100000.25,false,,paid
INV-2026-003837,CALICUT PRINTERS PVT LTD,2026-08-04,2026-09-03,51513.00,false,,paid
INV-2026-003838,CHENNAI FOODS PVT LTD,2026-07-30,2026-08-29,5000.00,false,,paid
INV-2026-003839,AMRAVATI CASTINGS LLP,2026-06-12,2026-07-12,98000.75,false,,paid
INV-2026-003840,AMRAVATI CONSTRUCTIONS PRIVATE LIMITED,2026-07-17,2026-08-16,10548.00,false,,paid
INV-2026-003841,NASHIK HOSPITALITY PVT LTD,2026-07-28,2026-08-27,89000.00,false,,paid
INV-2026-003842,JALANDHAR PRINTERS PVT LTD,2026-06-11,2026-07-11,15920.00,false,,paid
INV-2026-003843,AMRAVATI AGRO EXPORTS PRIVATE LIMITED,2026-07-07,2026-08-06,101297.00,false,,paid
INV-2026-003844,AMRAVATI PAPER MILLS PVT LTD,2026-08-16,2026-09-15,50000.75,false,,paid
INV-2026-003845,DHANBAD TEXTILES PVT LTD,2026-08-07,2026-09-06,22000.50,false,,paid
INV-2026-003846,UDAIPUR POLYMERS PRIVATE LIMITED,2026-07-31,2026-08-30,17619.25,false,,paid
INV-2026-003847,DEHRADUN REFRACTORIES LIMITED,2026-07-05,2026-08-04,22818.25,false,,paid
INV-2026-003848,AMRAVATI METALS LIMITED,2026-07-10,2026-08-09,35882.00,false,,paid
INV-2026-003849,NAGPUR POLYMERS PRIVATE LIMITED,2026-07-11,2026-08-10,15000.00,false,,paid
INV-2026-003850,COIMBATORE ENGINEERING PVT LTD,2026-07-10,2026-08-09,4289.00,false,,paid
INV-2026-003851,TRICHY LOGISTICS PRIVATE LIMITED,2026-06-02,2026-07-02,41557.00,false,,paid
INV-2026-003852,SURAT CASTINGS LLP,2026-06-11,2026-07-11,20000.25,false,,paid
INV-2026-003853,KRISHNA PHARMACEUTICALS INDIA PRIVATE LIMITED,2026-07-28,2026-08-27,4779.00,false,,paid
INV-2026-003854,AMRAVATI AGRO EXPORTS PRIVATE LIMITED,2026-08-17,2026-09-16,45464.99,false,,paid
INV-2026-003855,AMRAVATI CABLES PRIVATE LIMITED,2026-06-13,2026-07-13,81160.00,false,,paid
INV-2026-003856,NAGPUR BEARINGS LIMITED,2026-06-08,2026-07-08,14595.50,false,,paid
INV-2026-003857,JALANDHAR TRANSPORT AND COMPANY,2026-06-15,2026-07-15,200000.00,false,,paid
INV-2026-003858,ANANTAPUR CHEMICALS INDIA PRIVATE LIMITED,2026-06-25,2026-07-25,255000.00,false,,paid
INV-2026-003859,AURANGABAD AGRO EXPORTS PRIVATE LIMITED,2026-06-16,2026-07-16,250000.00,false,,paid
INV-2026-003860,INDORE FORGINGS LIMITED,2026-08-11,2026-09-10,50000.50,false,,paid
INV-2026-003861,AURANGABAD CASTINGS LLP,2026-08-17,2026-09-16,192000.00,false,,paid
INV-2026-003862,HOSUR FOODS PVT LTD,2026-07-04,2026-08-03,23955.00,false,,paid
INV-2026-003863,AURANGABAD CERAMICS PVT LTD,2026-07-03,2026-08-02,72068.99,false,,paid
INV-2026-003864,HALDIA HANDICRAFTS LLP,2026-07-06,2026-08-05,250000.25,false,,paid
INV-2026-003865,ANANTAPUR REFRACTORIES LIMITED,2026-06-11,2026-07-11,15000.00,false,,paid
INV-2026-003866,NAGPUR COLD STORAGE AND COMPANY,2026-07-22,2026-08-21,100000.25,false,,paid
INV-2026-003867,CHENNAI AUTO COMPONENTS PVT LTD,2026-07-30,2026-08-29,12271.75,false,,paid
INV-2026-003868,SILIGURI AGRO EXPORTS PRIVATE LIMITED,2026-07-05,2026-08-04,20000.00,false,,paid
INV-2026-003869,CUTTACK SOFTWARE SERVICES PRIVATE LIMITED,2026-06-09,2026-07-09,100000.00,false,,paid
INV-2026-003870,BHILAI SPINNERS LLP,2026-08-05,2026-09-04,24314.00,false,,paid
INV-2026-003871,AURANGABAD ENTERPRISES INDIA PRIVATE LIMITED,2026-06-20,2026-07-20,9454.00,false,,paid
INV-2026-003872,HALDIA HOSPITALITY PVT LTD,2026-06-07,2026-07-07,30000.75,false,,paid
INV-2026-003873,HOSUR MEDIA PVT LTD,2026-08-15,2026-09-14,16721.99,false,,paid
INV-2026-003874,AURANGABAD BEARINGS LIMITED,2026-06-28,2026-07-28,23429.00,false,,paid
INV-2026-003875,BELGAUM SPINNERS LLP,2026-08-05,2026-09-04,69125.00,false,,paid
INV-2026-003876,AMRAVATI TEXTILES PVT LTD,2026-08-08,2026-09-07,40000.00,false,,paid
INV-2026-003877,DEHRADUN ELECTRICALS LLP,2026-07-17,2026-08-16,10000.00,false,,paid
INV-2026-003878,MADURAI ENGINEERING PVT LTD,2026-08-03,2026-09-02,8818.00,false,,paid
INV-2026-003879,AMRAVATI AGRO EXPORTS PRIVATE LIMITED,2026-07-09,2026-08-08,100000.00,false,,paid
INV-2026-003880,SURAT POLYMERS PRIVATE LIMITED,2026-08-17,2026-09-16,30000.00,false,,paid
INV-2026-003881,AMRAVATI POLYMERS PRIVATE LIMITED,2026-08-20,2026-09-19,179866.00,false,,paid
INV-2026-003882,CUTTACK CASTINGS LLP,2026-08-16,2026-09-15,60000.50,false,,paid
INV-2026-003883,AURANGABAD METALS LIMITED,2026-06-11,2026-07-11,59615.00,false,,paid
INV-2026-003884,CUTTACK HANDICRAFTS LLP,2026-08-03,2026-09-02,10552.00,false,,paid
INV-2026-003885,ANANTAPUR SOFTWARE SERVICES PRIVATE LIMITED,2026-06-14,2026-07-14,105371.00,false,,paid
INV-2026-003886,ANANTAPUR CABLES PRIVATE LIMITED,2026-07-08,2026-08-07,500000.25,false,,paid
INV-2026-003887,GUNTUR TRANSPORT AND COMPANY,2026-08-29,2026-09-28,44258.25,false,,paid
INV-2026-003888,GUNTUR INFRAPROJECTS AND COMPANY,2026-08-07,2026-09-06,100000.00,false,,paid
INV-2026-003889,AMRAVATI AUTO COMPONENTS PVT LTD,2026-06-17,2026-07-17,32794.00,false,,paid
INV-2026-003890,UDAIPUR DIAGNOSTICS LIMITED,2026-06-02,2026-07-02,20000.00,false,,paid
INV-2026-003891,AMRAVATI ENTERPRISES INDIA PRIVATE LIMITED,2026-08-28,2026-09-27,208000.00,false,,paid
INV-2026-003892,HALDIA FERTILISERS PRIVATE LIMITED,2026-07-12,2026-08-11,47856.00,false,,paid
INV-2026-003893,AMRAVATI AUTO COMPONENTS PVT LTD,2026-06-24,2026-07-24,23946.75,false,,paid
INV-2026-003894,HALDIA SOFTWARE SERVICES PRIVATE LIMITED,2026-08-19,2026-09-18,4762.00,false,,paid
INV-2026-003895,AMRAVATI AUTO COMPONENTS PVT LTD,2026-08-01,2026-08-31,150000.00,false,,paid
INV-2026-003896,ERNAKULAM COLD STORAGE AND COMPANY,2026-08-21,2026-09-20,5000.50,false,,paid
INV-2026-003897,JAMNAGAR REFRACTORIES LIMITED,2026-06-23,2026-07-23,150000.00,false,,paid
INV-2026-003898,BHOPAL MOTORS PRIVATE LIMITED,2026-07-31,2026-08-30,27716.00,false,,paid
INV-2026-003899,CHANDRAPUR ENTERPRISES INDIA PRIVATE LIMITED,2026-08-02,2026-09-01,39104.00,false,,paid
INV-2026-003900,AURANGABAD PHARMACEUTICALS INDIA PRIVATE LIMITED,2026-06-25,2026-07-25,100000.50,false,,paid
INV-2026-003901,BELGAUM FOODS PVT LTD,2026-07-13,2026-08-12,44000.00,false,,paid
INV-2026-003902,AMRAVATI BEARINGS LIMITED,2026-06-15,2026-07-15,76164.00,false,,paid
INV-2026-003903,CUTTACK CHEMICALS INDIA PRIVATE LIMITED,2026-06-23,2026-07-23,50722.00,false,,paid
INV-2026-003904,AMRAVATI TRANSPORT AND COMPANY,2026-06-10,2026-07-10,20267.75,false,,paid
INV-2026-003905,AMRAVATI CASTINGS LLP,2026-08-06,2026-09-05,43078.00,false,,paid
INV-2026-003906,AMRAVATI HOSPITALITY PVT LTD,2026-08-29,2026-09-28,50000.00,false,,paid
INV-2026-003907,JABALPUR FERTILISERS PRIVATE LIMITED,2026-07-26,2026-08-25,50560.00,false,,paid
INV-2026-003908,AMRAVATI COLD STORAGE AND COMPANY,2026-06-06,2026-07-06,46051.00,false,,paid
INV-2026-003909,AMRAVATI DIAGNOSTICS LIMITED,2026-08-12,2026-09-11,42525.00,false,,paid
INV-2026-003910,AURANGABAD FABRICATORS AND COMPANY,2026-07-10,2026-08-09,25000.00,false,,paid
INV-2026-003911,BELGAUM POLYMERS PRIVATE LIMITED,2026-06-22,2026-07-22,9034.50,false,,paid
INV-2026-003912,KANPUR TRADERS INDIA PRIVATE LIMITED,2026-06-09,2026-07-09,142383.00,false,,paid
INV-2026-003913,AMRAVATI ELECTRICALS LLP,2026-06-19,2026-07-19,71302.00,false,,paid
INV-2026-003914,KANPUR PHARMACEUTICALS INDIA PRIVATE LIMITED,2026-08-09,2026-09-08,65405.00,false,,paid
INV-2026-003915,AMRAVATI AGRO EXPORTS PRIVATE LIMITED,2026-08-13,2026-09-12,93000.50,false,,paid
INV-2026-003916,ANANTAPUR FORGINGS LIMITED,2026-07-19,2026-08-18,4391.00,false,,paid
INV-2026-003917,TIRUPUR ELECTRICALS LLP,2026-06-22,2026-07-22,26438.00,false,,paid
INV-2026-003918,GODAVARI HANDICRAFTS LLP,2026-07-28,2026-08-27,23000.75,false,,paid
INV-2026-003919,BHOPAL ENTERPRISES INDIA PRIVATE LIMITED,2026-06-06,2026-07-06,32581.75,false,,paid
INV-2026-003920,AURANGABAD PAPER MILLS PVT LTD,2026-06-30,2026-07-30,43000.00,false,,paid
INV-2026-003921,SALEM ENGINEERING PVT LTD,2026-07-31,2026-08-30,9939.99,false,,paid
INV-2026-003922,BHOPAL BEARINGS LIMITED,2026-07-22,2026-08-21,11455.00,false,,paid
INV-2026-003923,DHANBAD METALS LIMITED,2026-08-18,2026-09-17,19357.00,false,,paid
INV-2026-003924,ANANTAPUR CHEMICALS INDIA PRIVATE LIMITED,2026-06-14,2026-07-14,54246.75,false,,paid
INV-2026-003925,JALANDHAR DIAGNOSTICS LIMITED,2026-07-30,2026-08-29,500000.00,false,,paid
INV-2026-003926,AMRAVATI CERAMICS PVT LTD,2026-06-27,2026-07-27,29913.99,false,,paid
INV-2026-003927,JODHPUR LOGISTICS PRIVATE LIMITED,2026-08-17,2026-09-16,270000.00,false,,paid
INV-2026-003928,KRISHNA CONSTRUCTIONS PRIVATE LIMITED,2026-06-06,2026-07-06,7871.50,false,,paid
INV-2026-003929,BHAVNAGAR CHEMICALS INDIA PRIVATE LIMITED,2026-08-29,2026-09-28,139485.00,false,,paid
INV-2026-003930,ANANTAPUR GARMENTS PRIVATE LIMITED,2026-06-20,2026-07-20,10815.00,false,,paid
INV-2026-003931,CALICUT PAPER MILLS PVT LTD,2026-06-26,2026-07-26,138098.00,false,,paid
INV-2026-003932,HALDIA INDUSTRIES INDIA PRIVATE LIMITED,2026-06-07,2026-07-07,200000.00,false,,paid
INV-2026-003933,HOSUR GARMENTS PRIVATE LIMITED,2026-08-09,2026-09-08,100000.00,false,,paid
INV-2026-003934,BHOPAL CABLES PRIVATE LIMITED,2026-07-18,2026-08-17,292000.00,false,,paid
INV-2026-003935,AMRAVATI HOSPITALITY PVT LTD,2026-07-17,2026-08-16,120718.00,false,,paid
INV-2026-003936,TIRUPUR FOODS PVT LTD,2026-07-06,2026-08-05,207259.00,false,,paid
INV-2026-003937,JABALPUR POLYMERS PRIVATE LIMITED,2026-06-27,2026-07-27,27599.00,false,,paid
INV-2026-003938,INDORE HOSPITALITY PVT LTD,2026-06-19,2026-07-19,242143.00,false,,paid
INV-2026-003939,AMRAVATI MEDIA PVT LTD,2026-08-19,2026-09-18,49675.25,false,,paid
INV-2026-003940,ERNAKULAM TRADERS INDIA PRIVATE LIMITED,2026-07-29,2026-08-28,66000.75,false,,paid
INV-2026-003941,BHAVNAGAR PRINTERS PVT LTD,2026-06-23,2026-07-23,14638.00,false,,paid
INV-2026-003942,TIRUPUR CONSTRUCTIONS PRIVATE LIMITED,2026-07-16,2026-08-15,21879.00,false,,paid
INV-2026-003943,BELGAUM BEARINGS LIMITED,2026-07-26,2026-08-25,24611.00,false,,paid
INV-2026-003944,CHENNAI PHARMACEUTICALS INDIA PRIVATE LIMITED,2026-06-25,2026-07-25,14809.50,false,,paid
INV-2026-003945,CHANDRAPUR INFRAPROJECTS AND COMPANY,2026-06-30,2026-07-30,18000.00,false,,paid
INV-2026-003946,VARANASI CONSTRUCTIONS PRIVATE LIMITED,2026-07-02,2026-08-01,23765.00,false,,paid
INV-2026-003947,HALDIA INFRAPROJECTS AND COMPANY,2026-07-10,2026-08-09,200000.00,false,,paid
INV-2026-003948,AMRAVATI AGRO EXPORTS PRIVATE LIMITED,2026-06-20,2026-07-20,22972.00,false,,paid
INV-2026-003949,HALDIA DISTRIBUTORS PRIVATE LIMITED,2026-07-17,2026-08-16,4552.00,false,,paid
INV-2026-003950,HUBLI TRADERS INDIA PRIVATE LIMITED,2026-06-14,2026-07-14,78000.25,false,,paid
INV-2026-003951,AURANGABAD ELECTRICALS LLP,2026-07-11,2026-08-10,44802.50,false,,paid
INV-2026-003952,HOSUR ELECTRICALS LLP,2026-08-24,2026-09-23,89444.25,false,,paid
INV-2026-003953,HUBLI BEARINGS LIMITED,2026-08-23,2026-09-22,30344.00,false,,paid
INV-2026-003954,DHANBAD PHARMACEUTICALS INDIA PRIVATE LIMITED,2026-07-03,2026-08-02,22510.75,false,,paid
INV-2026-003955,UDAIPUR FERTILISERS PRIVATE LIMITED,2026-08-12,2026-09-11,96803.00,false,,paid
INV-2026-003956,SOLAPUR CASTINGS LLP,2026-06-26,2026-07-26,48288.25,false,,paid
INV-2026-003957,AMRAVATI ELECTRICALS LLP,2026-08-15,2026-09-14,29731.99,false,,paid
INV-2026-003958,CUTTACK FERTILISERS PRIVATE LIMITED,2026-06-25,2026-07-25,125000.00,false,,paid
INV-2026-003959,AMRAVATI POLYMERS PRIVATE LIMITED,2026-07-28,2026-08-27,32444.00,false,,paid
INV-2026-003960,BHOPAL CHEMICALS INDIA PRIVATE LIMITED,2026-08-12,2026-09-11,13506.00,false,,paid
INV-2026-003961,SOLAPUR METALS LIMITED,2026-08-16,2026-09-15,40000.00,false,,paid
INV-2026-003962,JAMNAGAR TRANSPORT AND COMPANY,2026-07-29,2026-08-28,11237.00,false,,paid
INV-2026-003963,COIMBATORE POLYMERS PRIVATE LIMITED,2026-06-14,2026-07-14,30809.00,false,,paid
INV-2026-003964,AMRAVATI POLYMERS PRIVATE LIMITED,2026-07-19,2026-08-18,50000.50,false,,paid
INV-2026-003965,HOSUR INFRAPROJECTS AND COMPANY,2026-06-02,2026-07-02,143393.00,false,,paid
INV-2026-003966,ANANTAPUR PAPER MILLS PVT LTD,2026-07-02,2026-08-01,51813.00,false,,paid
INV-2026-003967,BELGAUM FERTILISERS PRIVATE LIMITED,2026-08-01,2026-08-31,41000.25,false,,paid
INV-2026-003968,GWALIOR METALS LIMITED,2026-06-15,2026-07-15,105770.00,false,,paid
INV-2026-003969,BHAVNAGAR PRINTERS PVT LTD,2026-06-05,2026-07-05,40000.00,false,,paid
INV-2026-003970,NARMADA METALS LIMITED,2026-07-05,2026-08-04,24086.00,false,,paid
INV-2026-003971,BHILAI GARMENTS PRIVATE LIMITED,2026-06-05,2026-07-05,11494.50,false,,paid
INV-2026-003972,NARMADA DISTRIBUTORS PRIVATE LIMITED,2026-07-16,2026-08-15,37000.00,false,,paid
INV-2026-003973,ANANTAPUR CABLES PRIVATE LIMITED,2026-08-14,2026-09-13,71352.00,false,,paid
INV-2026-003974,CALICUT LOGISTICS PRIVATE LIMITED,2026-07-15,2026-08-14,24544.00,false,,paid
INV-2026-003975,AURANGABAD HANDICRAFTS LLP,2026-07-02,2026-08-01,10328.00,false,,paid
INV-2026-003976,KOLHAPUR HOSPITALITY PVT LTD,2026-08-06,2026-09-05,16762.75,false,,paid
INV-2026-003977,AMRAVATI TRADERS INDIA PRIVATE LIMITED,2026-06-07,2026-07-07,28000.25,false,,paid
INV-2026-003978,JAMNAGAR SOFTWARE SERVICES PRIVATE LIMITED,2026-07-18,2026-08-17,28058.00,false,,paid
INV-2026-003979,KAKINADA CONTAINERS PVT LTD,2026-08-04,2026-09-03,124000.50,false,,paid
INV-2026-003980,BHAVNAGAR FORGINGS LIMITED,2026-06-06,2026-07-06,272000.00,false,,paid
INV-2026-003981,NARMADA FERTILISERS PRIVATE LIMITED,2026-07-14,2026-08-13,29786.00,false,,paid
INV-2026-003982,ANANTAPUR FABRICATORS AND COMPANY,2026-06-18,2026-07-18,200000.25,false,,paid
INV-2026-003983,BHILAI BEARINGS LIMITED,2026-07-27,2026-08-26,200000.00,false,,paid
INV-2026-003984,JALANDHAR PRINTERS PVT LTD,2026-08-01,2026-08-31,47757.99,false,,paid
INV-2026-003985,JALANDHAR POLYMERS PRIVATE LIMITED,2026-08-21,2026-09-20,46662.00,false,,paid
INV-2026-003986,AMRAVATI AGRO EXPORTS PRIVATE LIMITED,2026-08-03,2026-09-02,23179.00,false,,paid
INV-2026-003987,CALICUT POLYMERS PRIVATE LIMITED,2026-08-10,2026-09-09,14091.00,false,,paid
INV-2026-003988,DEHRADUN CONTAINERS PVT LTD,2026-06-21,2026-07-21,109181.00,false,,paid
INV-2026-003989,CHENNAI HOSPITALITY PVT LTD,2026-06-21,2026-07-21,25771.00,false,,paid
INV-2026-003990,LUDHIANA PLASTICS AND COMPANY,2026-06-01,2026-07-01,15000.00,false,,paid
INV-2026-003991,BELGAUM FABRICATORS AND COMPANY,2026-06-10,2026-07-10,22675.00,false,,paid
INV-2026-003992,SOLAPUR GARMENTS PRIVATE LIMITED,2026-07-08,2026-08-07,200000.00,false,,paid
INV-2026-003993,LUDHIANA AUTO COMPONENTS PVT LTD,2026-07-30,2026-08-29,40000.00,false,,paid
INV-2026-003994,GODAVARI CASTINGS LLP,2026-08-13,2026-09-12,69387.00,false,,paid
INV-2026-003995,KRISHNA DIAGNOSTICS LIMITED,2026-07-31,2026-08-30,40469.00,false,,paid
INV-2026-003996,AMRAVATI ELECTRICALS LLP,2026-06-07,2026-07-07,34245.25,false,,paid
INV-2026-003997,GWALIOR CHEMICALS INDIA PRIVATE LIMITED,2026-08-05,2026-09-04,59361.50,false,,paid
INV-2026-003998,CUTTACK TRADERS INDIA PRIVATE LIMITED,2026-07-25,2026-08-24,39911.00,false,,paid
INV-2026-003999,AURANGABAD AUTO COMPONENTS PVT LTD,2026-06-21,2026-07-21,21478.00,false,,paid
INV-2026-004000,BHAVNAGAR DIAGNOSTICS LIMITED,2026-08-05,2026-09-04,13202.00,false,,paid
INV-2026-004001,GWALIOR FERTILISERS PRIVATE LIMITED,2026-08-15,2026-09-14,213000.25,false,,paid
INV-2026-004002,TRICHY TRANSPORT AND COMPANY,2026-07-14,2026-08-13,19895.75,false,,paid
INV-2026-004003,AMRAVATI AGRO EXPORTS PRIVATE LIMITED,2026-08-12,2026-09-11,15000.00,false,,paid
INV-2026-004004,BELGAUM PRINTERS PVT LTD,2026-06-28,2026-07-28,42852.25,false,,paid
INV-2026-004005,SALEM MEDIA PVT LTD,2026-07-21,2026-08-20,7318.00,false,,paid
INV-2026-004006,JABALPUR INFRAPROJECTS AND COMPANY,2026-08-14,2026-09-13,24000.00,false,,paid
INV-2026-004007,AURANGABAD AGRO EXPORTS PRIVATE LIMITED,2026-07-24,2026-08-23,5948.99,false,,paid
INV-2026-004008,HALDIA GARMENTS PRIVATE LIMITED,2026-07-22,2026-08-21,268000.99,false,,paid
INV-2026-004009,MADURAI FABRICATORS AND COMPANY,2026-07-04,2026-08-03,38093.25,false,,paid
INV-2026-004010,AURANGABAD BEARINGS LIMITED,2026-07-01,2026-07-31,200390.50,false,,paid
INV-2026-004011,BHILAI PAPER MILLS PVT LTD,2026-06-10,2026-07-10,110000.00,false,,paid
INV-2026-004012,AMRAVATI AGRO EXPORTS PRIVATE LIMITED,2026-07-15,2026-08-14,4303.00,false,,paid
INV-2026-004013,JABALPUR INDUSTRIES INDIA PRIVATE LIMITED,2026-08-05,2026-09-04,9487.75,false,,paid
INV-2026-004014,CHENNAI TRADERS INDIA PRIVATE LIMITED,2026-08-03,2026-09-02,33000.00,false,,paid
INV-2026-004015,BHAVNAGAR GARMENTS PRIVATE LIMITED,2026-07-20,2026-08-19,35133.00,false,,paid
INV-2026-004016,GUNTUR SOFTWARE SERVICES PRIVATE LIMITED,2026-07-15,2026-08-14,250000.00,false,,paid
INV-2026-004017,NARMADA HANDICRAFTS LLP,2026-07-06,2026-08-05,125000.00,false,,paid
INV-2026-004018,GODAVARI TEXTILES PVT LTD,2026-07-25,2026-08-24,34284.25,false,,paid
INV-2026-004019,MADURAI FABRICATORS AND COMPANY,2026-07-25,2026-08-24,3868.00,false,,paid
INV-2026-004020,KANPUR INFRAPROJECTS AND COMPANY,2026-08-19,2026-09-18,79591.00,false,,paid
INV-2026-004021,AMRAVATI AGRO EXPORTS PRIVATE LIMITED,2026-07-30,2026-08-29,26000.50,false,,paid
INV-2026-004022,ANANTAPUR INFRAPROJECTS AND COMPANY,2026-08-26,2026-09-25,29000.00,false,,paid
INV-2026-004023,AMRAVATI CHEMICALS INDIA PRIVATE LIMITED,2026-07-31,2026-08-30,56128.00,false,,paid
INV-2026-004024,DEHRADUN MEDIA PVT LTD,2026-08-06,2026-09-05,29073.00,false,,paid
INV-2026-004025,UDAIPUR GARMENTS PRIVATE LIMITED,2026-06-28,2026-07-28,186000.00,false,,paid
INV-2026-004026,CHANDRAPUR BEARINGS LIMITED,2026-08-22,2026-09-21,66237.00,false,,paid
INV-2026-004027,DHANBAD ENTERPRISES INDIA PRIVATE LIMITED,2026-08-20,2026-09-19,219000.00,false,,paid
INV-2026-004028,PANIPAT ENTERPRISES INDIA PRIVATE LIMITED,2026-06-28,2026-07-28,88000.75,false,,paid
INV-2026-004029,AMRAVATI AGRO EXPORTS PRIVATE LIMITED,2026-06-12,2026-07-12,283000.50,false,,paid
INV-2026-004030,GODAVARI LOGISTICS PRIVATE LIMITED,2026-06-13,2026-07-13,44623.00,false,,paid
INV-2026-004031,DEHRADUN POLYMERS PRIVATE LIMITED,2026-06-03,2026-07-03,196000.75,false,,paid
INV-2026-004032,GANDHINAGAR PHARMACEUTICALS INDIA PRIVATE LIMITED,2026-07-26,2026-08-25,20620.00,false,,paid
INV-2026-004033,MYSORE DISTRIBUTORS PRIVATE LIMITED,2026-06-28,2026-07-28,100000.00,false,,paid
INV-2026-004034,DHANBAD AUTO COMPONENTS PVT LTD,2026-08-24,2026-09-23,70333.00,false,,paid
INV-2026-004035,AURANGABAD BEARINGS LIMITED,2026-08-24,2026-09-23,275430.00,false,,paid
INV-2026-004036,CALICUT AGRO EXPORTS PRIVATE LIMITED,2026-06-23,2026-07-23,30000.00,false,,paid
INV-2026-004037,DEHRADUN CONTAINERS PVT LTD,2026-08-05,2026-09-04,250000.00,false,,paid
INV-2026-004038,ANANTAPUR INDUSTRIES INDIA PRIVATE LIMITED,2026-06-02,2026-07-02,277000.00,false,,paid
INV-2026-004039,AMRAVATI AGRO EXPORTS PRIVATE LIMITED,2026-08-27,2026-09-26,19758.00,false,,paid
INV-2026-004040,HOSUR TEXTILES PVT LTD,2026-06-03,2026-07-03,15000.00,false,,paid
INV-2026-004041,DEHRADUN SPINNERS LLP,2026-07-03,2026-08-02,135344.00,false,,paid
INV-2026-004042,KAKINADA ENTERPRISES INDIA PRIVATE LIMITED,2026-06-01,2026-07-01,55641.50,false,,paid
INV-2026-004043,BHOPAL ELECTRICALS LLP,2026-07-02,2026-08-01,24858.00,false,,paid
INV-2026-004044,SOLAPUR AUTO COMPONENTS PVT LTD,2026-06-16,2026-07-16,500000.00,false,,paid
INV-2026-004045,BELGAUM INFRAPROJECTS AND COMPANY,2026-06-26,2026-07-26,78981.50,false,,paid
INV-2026-004046,CHANDRAPUR MOTORS PRIVATE LIMITED,2026-07-25,2026-08-24,15000.00,false,,paid
INV-2026-004047,AMRAVATI LOGISTICS PRIVATE LIMITED,2026-08-03,2026-09-02,92000.00,false,,paid
INV-2026-004048,BHOPAL CONSTRUCTIONS PRIVATE LIMITED,2026-08-06,2026-09-05,70248.99,false,,paid
INV-2026-004049,BHILAI ENTERPRISES INDIA PRIVATE LIMITED,2026-06-24,2026-07-24,307397.25,false,,paid
INV-2026-004050,AMRAVATI PLASTICS AND COMPANY,2026-08-16,2026-09-15,123000.00,false,,paid
INV-2026-004051,ANANTAPUR PHARMACEUTICALS INDIA PRIVATE LIMITED,2026-06-23,2026-07-23,10141.00,false,,paid
INV-2026-004052,AMRAVATI ENGINEERING PVT LTD,2026-07-13,2026-08-12,9781.00,false,,paid
INV-2026-004053,AMRAVATI PRINTERS PVT LTD,2026-06-18,2026-07-18,205000.00,false,,paid
INV-2026-004054,CHENNAI FERTILISERS PRIVATE LIMITED,2026-08-13,2026-09-12,10000.00,false,,paid
INV-2026-004055,SURAT FERTILISERS PRIVATE LIMITED,2026-07-12,2026-08-11,75813.00,false,,paid
INV-2026-004056,SOLAPUR TEXTILES PVT LTD,2026-08-15,2026-09-14,69339.25,false,,paid
INV-2026-004057,AMRAVATI PHARMACEUTICALS INDIA PRIVATE LIMITED,2026-07-12,2026-08-11,60483.00,false,,paid
INV-2026-004058,SOLAPUR LOGISTICS PRIVATE LIMITED,2026-08-24,2026-09-23,24600.00,false,,paid
INV-2026-004059,CALICUT FERTILISERS PRIVATE LIMITED,2026-07-30,2026-08-29,195000.00,false,,paid
INV-2026-004060,INDORE CHEMICALS INDIA PRIVATE LIMITED,2026-06-08,2026-07-08,69143.99,false,,paid
INV-2026-004061,BHOPAL DIAGNOSTICS LIMITED,2026-06-05,2026-07-05,27590.00,false,,paid
INV-2026-004062,ANANTAPUR HOSPITALITY PVT LTD,2026-08-10,2026-09-09,294000.00,false,,paid
INV-2026-004063,BELGAUM DIAGNOSTICS LIMITED,2026-08-10,2026-09-09,43992.25,false,,paid
INV-2026-004064,HOSUR PACKAGING LLP,2026-07-10,2026-08-09,40699.00,false,,paid
INV-2026-004065,AMRAVATI DISTRIBUTORS PRIVATE LIMITED,2026-08-05,2026-09-04,167000.75,false,,paid
INV-2026-004066,AMRAVATI ELECTRICALS LLP,2026-08-10,2026-09-09,50912.00,false,,paid
INV-2026-004067,AMRAVATI HOSPITALITY PVT LTD,2026-06-17,2026-07-17,500000.00,false,,paid
INV-2026-004068,AURANGABAD CABLES PRIVATE LIMITED,2026-08-27,2026-09-26,10000.00,false,,paid
INV-2026-004069,AMRAVATI FERTILISERS PRIVATE LIMITED,2026-07-13,2026-08-12,18520.00,false,,paid
INV-2026-004070,AMRAVATI CERAMICS PVT LTD,2026-06-03,2026-07-03,40094.00,false,,paid
INV-2026-004071,MANGALORE REFRACTORIES LIMITED,2026-07-27,2026-08-26,53651.00,false,,paid
INV-2026-004072,CUTTACK PLASTICS AND COMPANY,2026-08-08,2026-09-07,24342.00,false,,paid
INV-2026-004073,PANIPAT CABLES PRIVATE LIMITED,2026-07-28,2026-08-27,67983.00,false,,paid
INV-2026-004074,MADURAI CABLES PRIVATE LIMITED,2026-06-11,2026-07-11,64458.99,false,,paid
INV-2026-004075,PANIPAT DIAGNOSTICS LIMITED,2026-08-01,2026-08-31,12293.75,false,,paid
INV-2026-004076,TRICHY FORGINGS LIMITED,2026-06-04,2026-07-04,24518.00,false,,paid
INV-2026-004077,CHENNAI PHARMACEUTICALS INDIA PRIVATE LIMITED,2026-08-06,2026-09-05,17107.00,false,,paid
INV-2026-004078,AMRAVATI AUTO COMPONENTS PVT LTD,2026-08-29,2026-09-28,104000.00,false,,paid
INV-2026-004079,CALICUT MEDIA PVT LTD,2026-07-17,2026-08-16,54000.00,false,,paid
INV-2026-004080,AURANGABAD POLYMERS PRIVATE LIMITED,2026-08-18,2026-09-17,132000.00,false,,paid
INV-2026-004081,DEHRADUN MEDIA PVT LTD,2026-08-01,2026-08-31,10000.99,false,,paid
INV-2026-004082,VARANASI CABLES PRIVATE LIMITED,2026-06-08,2026-07-08,37501.99,false,,paid
INV-2026-004083,AURANGABAD ELECTRICALS LLP,2026-06-29,2026-07-29,92691.00,false,,paid
INV-2026-004084,KAKINADA PLASTICS AND COMPANY,2026-06-27,2026-07-27,21162.00,false,,paid
INV-2026-004085,BHOPAL PRINTERS PVT LTD,2026-07-11,2026-08-10,40188.00,false,,paid
INV-2026-004086,INDORE SOFTWARE SERVICES PRIVATE LIMITED,2026-06-25,2026-07-25,253468.75,false,,paid
INV-2026-004087,JODHPUR ENGINEERING PVT LTD,2026-08-07,2026-09-06,41000.00,false,,paid
INV-2026-004088,MEERUT CASTINGS LLP,2026-06-13,2026-07-13,96342.00,false,,paid
INV-2026-004089,HUBLI DISTRIBUTORS PRIVATE LIMITED,2026-08-28,2026-09-27,30000.99,false,,paid
INV-2026-004090,CHENNAI ENGINEERING PVT LTD,2026-07-06,2026-08-05,25091.25,false,,paid
INV-2026-004091,BHOPAL GARMENTS PRIVATE LIMITED,2026-08-01,2026-08-31,284000.00,false,,paid
INV-2026-004092,BHILAI HOSPITALITY PVT LTD,2026-08-28,2026-09-27,3658.00,false,,paid
INV-2026-004093,BELGAUM INDUSTRIES INDIA PRIVATE LIMITED,2026-06-29,2026-07-29,150000.99,false,,paid
INV-2026-004094,JAMNAGAR ELECTRICALS LLP,2026-08-02,2026-09-01,3224.00,false,,paid
INV-2026-004095,NAGPUR COLD STORAGE AND COMPANY,2026-06-23,2026-07-23,253000.00,false,,paid
INV-2026-004096,AMRAVATI MEDIA PVT LTD,2026-06-16,2026-07-16,10404.00,false,,paid
INV-2026-004097,TRICHY CERAMICS PVT LTD,2026-08-28,2026-09-27,5000.25,false,,paid
INV-2026-004098,NASHIK ENGINEERING PVT LTD,2026-07-23,2026-08-22,67000.00,false,,paid
INV-2026-004099,SILIGURI BEARINGS LIMITED,2026-08-02,2026-09-01,17792.00,false,,paid
INV-2026-004100,MEERUT COLD STORAGE AND COMPANY,2026-07-04,2026-08-03,250000.00,false,,paid
INV-2026-004101,AMRAVATI FABRICATORS AND COMPANY,2026-07-27,2026-08-26,13058.25,false,,paid
INV-2026-004102,JALANDHAR PRINTERS PVT LTD,2026-08-10,2026-09-09,54680.00,false,,paid
INV-2026-004103,BHOPAL PACKAGING LLP,2026-07-25,2026-08-24,10207.99,false,,paid
INV-2026-004104,AMRAVATI AGRO EXPORTS PRIVATE LIMITED,2026-08-23,2026-09-22,33000.00,false,,paid
INV-2026-004105,ANANTAPUR LOGISTICS PRIVATE LIMITED,2026-07-25,2026-08-24,82060.00,false,,paid
INV-2026-004106,GWALIOR LOGISTICS PRIVATE LIMITED,2026-07-13,2026-08-12,4185.00,false,,paid
INV-2026-004107,ANANTAPUR DIAGNOSTICS LIMITED,2026-07-22,2026-08-21,60000.25,false,,paid
INV-2026-004108,AMRAVATI AGRO EXPORTS PRIVATE LIMITED,2026-07-01,2026-07-31,40000.00,false,,paid
INV-2026-004109,AMRAVATI REFRACTORIES LIMITED,2026-07-15,2026-08-14,150000.00,false,,paid
INV-2026-004110,AMRAVATI SOFTWARE SERVICES PRIVATE LIMITED,2026-06-16,2026-07-16,30000.75,false,,paid
INV-2026-004111,AMRAVATI HANDICRAFTS LLP,2026-07-16,2026-08-15,8096.00,false,,paid
INV-2026-004112,NAGPUR MOTORS PRIVATE LIMITED,2026-08-19,2026-09-18,50000.00,false,,paid
INV-2026-004113,BHAVNAGAR HANDICRAFTS LLP,2026-06-27,2026-07-27,84186.00,false,,paid
INV-2026-004114,BHAVNAGAR PHARMACEUTICALS INDIA PRIVATE LIMITED,2026-07-21,2026-08-20,60000.00,false,,paid
INV-2026-004115,ANANTAPUR INFRAPROJECTS AND COMPANY,2026-06-20,2026-07-20,295000.00,false,,paid
INV-2026-004116,ANANTAPUR CONSTRUCTIONS PRIVATE LIMITED,2026-07-24,2026-08-23,49359.00,false,,paid
INV-2026-004117,CHANDRAPUR COLD STORAGE AND COMPANY,2026-08-12,2026-09-11,36064.00,false,,paid
INV-2026-004118,VARANASI SOFTWARE SERVICES PRIVATE LIMITED,2026-06-24,2026-07-24,153000.50,false,,paid
INV-2026-004119,GUNTUR CONSTRUCTIONS PRIVATE LIMITED,2026-08-05,2026-09-04,5794.00,false,,paid
INV-2026-004120,CHENNAI MEDIA PVT LTD,2026-08-06,2026-09-05,26339.00,false,,paid
INV-2026-004121,CHANDRAPUR PACKAGING LLP,2026-06-24,2026-07-24,27278.00,false,,paid
INV-2026-004122,AMRAVATI AGRO EXPORTS PRIVATE LIMITED,2026-07-17,2026-08-16,22175.00,false,,paid
INV-2026-004123,BHOPAL CONTAINERS PVT LTD,2026-08-02,2026-09-01,11455.00,false,,paid
INV-2026-004124,TIRUPUR ENGINEERING PVT LTD,2026-08-07,2026-09-06,41537.00,false,,paid
INV-2026-004125,BHOPAL ENTERPRISES INDIA PRIVATE LIMITED,2026-07-23,2026-08-22,177401.00,false,,paid
INV-2026-004126,CHENNAI SPINNERS LLP,2026-06-30,2026-07-30,26442.00,false,,paid
INV-2026-004127,PANIPAT FORGINGS LIMITED,2026-06-14,2026-07-14,121000.50,false,,paid
INV-2026-004128,MADURAI PHARMACEUTICALS INDIA PRIVATE LIMITED,2026-07-05,2026-08-04,150000.00,false,,paid
INV-2026-004129,GODAVARI PHARMACEUTICALS INDIA PRIVATE LIMITED,2026-07-15,2026-08-14,8273.00,false,,paid
INV-2026-004130,NAGPUR POLYMERS PRIVATE LIMITED,2026-07-28,2026-08-27,236000.00,false,,paid
INV-2026-004131,ANANTAPUR SPINNERS LLP,2026-06-10,2026-07-10,24681.50,false,,paid
INV-2026-004132,CALICUT FERTILISERS PRIVATE LIMITED,2026-06-16,2026-07-16,250000.00,false,,paid
INV-2026-004133,BHAVNAGAR CONSTRUCTIONS PRIVATE LIMITED,2026-06-12,2026-07-12,15669.00,false,,paid
INV-2026-004134,CHENNAI GARMENTS PRIVATE LIMITED,2026-07-10,2026-08-09,30603.75,false,,paid
INV-2026-004135,JABALPUR TEXTILES PVT LTD,2026-06-24,2026-07-24,76434.00,false,,paid
INV-2026-004136,TRICHY PACKAGING LLP,2026-08-06,2026-09-05,32985.00,false,,paid
INV-2026-004137,AMRAVATI FABRICATORS AND COMPANY,2026-07-19,2026-08-18,6815.75,false,,paid
INV-2026-004138,BHAVNAGAR PLASTICS AND COMPANY,2026-06-11,2026-07-11,82554.00,false,,paid
INV-2026-004139,AMRAVATI ENGINEERING PVT LTD,2026-07-10,2026-08-09,60000.99,false,,paid
INV-2026-004140,HALDIA POLYMERS PRIVATE LIMITED,2026-08-05,2026-09-04,37216.00,false,,paid
INV-2026-004141,AMRAVATI PRINTERS PVT LTD,2026-07-06,2026-08-05,4640.50,false,,paid
INV-2026-004142,HALDIA FOODS PVT LTD,2026-06-19,2026-07-19,96000.00,false,,paid
INV-2026-004143,NAGPUR INDUSTRIES INDIA PRIVATE LIMITED,2026-07-06,2026-08-05,108000.00,false,,paid
INV-2026-004144,AMRAVATI PRINTERS PVT LTD,2026-06-28,2026-07-28,96464.00,false,,paid
INV-2026-004145,MANGALORE METALS LIMITED,2026-08-05,2026-09-04,120505.50,false,,paid
INV-2026-004146,BHOPAL TEXTILES PVT LTD,2026-06-25,2026-07-25,55465.25,false,,paid
INV-2026-004147,MEERUT TRANSPORT AND COMPANY,2026-07-23,2026-08-22,7576.99,false,,paid
INV-2026-004148,CHANDRAPUR ELECTRICALS LLP,2026-07-12,2026-08-11,78679.99,false,,paid
INV-2026-004149,CHANDRAPUR HANDICRAFTS LLP,2026-08-06,2026-09-05,23144.00,false,,paid
INV-2026-004150,CUTTACK MEDIA PVT LTD,2026-07-31,2026-08-30,150000.75,false,,paid
INV-2026-004151,ANANTAPUR POLYMERS PRIVATE LIMITED,2026-08-07,2026-09-06,5226.00,false,,paid
INV-2026-004152,AMRAVATI CASTINGS LLP,2026-07-17,2026-08-16,72161.99,false,,paid
INV-2026-004153,HOSUR CONTAINERS PVT LTD,2026-06-19,2026-07-19,34000.00,false,,paid
INV-2026-004154,DEHRADUN HOSPITALITY PVT LTD,2026-06-02,2026-07-02,38000.00,false,,paid
INV-2026-004155,BHILAI ENGINEERING PVT LTD,2026-06-17,2026-07-17,483525.00,false,,paid
INV-2026-004156,AMRAVATI CERAMICS PVT LTD,2026-06-28,2026-07-28,13576.00,false,,paid
INV-2026-004157,BELGAUM PRINTERS PVT LTD,2026-06-22,2026-07-22,125767.00,false,,paid
INV-2026-004158,TRICHY ENGINEERING PVT LTD,2026-06-27,2026-07-27,48227.00,false,,paid
INV-2026-004159,SILIGURI POLYMERS PRIVATE LIMITED,2026-08-23,2026-09-22,183793.00,false,,paid
INV-2026-004160,GUNTUR PAPER MILLS PVT LTD,2026-08-28,2026-09-27,57869.00,false,,paid
INV-2026-004161,BELGAUM CHEMICALS INDIA PRIVATE LIMITED,2026-07-30,2026-08-29,20635.99,false,,paid
INV-2026-004162,GWALIOR PRINTERS PVT LTD,2026-06-23,2026-07-23,260000.00,false,,paid
INV-2026-004163,MANGALORE AGRO EXPORTS PRIVATE LIMITED,2026-08-28,2026-09-27,100000.99,false,,paid
INV-2026-004164,ERNAKULAM CONSTRUCTIONS PRIVATE LIMITED,2026-07-10,2026-08-09,15000.75,false,,paid
INV-2026-004165,GWALIOR METALS LIMITED,2026-06-05,2026-07-05,259101.00,false,,paid
INV-2026-004166,CHENNAI FERTILISERS PRIVATE LIMITED,2026-07-16,2026-08-15,27571.25,false,,paid
INV-2026-004167,SOLAPUR TRADERS INDIA PRIVATE LIMITED,2026-08-08,2026-09-07,26944.00,false,,paid
INV-2026-004168,JODHPUR MEDIA PVT LTD,2026-08-17,2026-09-16,41956.00,false,,paid
INV-2026-004169,JAMNAGAR CABLES PRIVATE LIMITED,2026-06-01,2026-07-01,139000.00,false,,paid
INV-2026-004170,CUTTACK INDUSTRIES INDIA PRIVATE LIMITED,2026-07-03,2026-08-02,46248.99,false,,paid
INV-2026-004171,GANDHINAGAR SOFTWARE SERVICES PRIVATE LIMITED,2026-08-03,2026-09-02,15000.00,false,,paid
INV-2026-004172,GWALIOR METALS LIMITED,2026-06-15,2026-07-15,148282.00,false,,paid
INV-2026-004173,ANANTAPUR FOODS PVT LTD,2026-07-13,2026-08-12,10688.99,false,,paid
INV-2026-004174,BHOPAL FOODS PVT LTD,2026-06-20,2026-07-20,100000.75,false,,paid
INV-2026-004175,AMRAVATI INFRAPROJECTS AND COMPANY,2026-06-10,2026-07-10,47532.00,false,,paid
INV-2026-004176,GUNTUR ENTERPRISES INDIA PRIVATE LIMITED,2026-07-01,2026-07-31,196876.00,false,,paid
INV-2026-004177,JODHPUR PRINTERS PVT LTD,2026-07-20,2026-08-19,15000.00,false,,paid
INV-2026-004178,NASHIK COLD STORAGE AND COMPANY,2026-08-05,2026-09-04,25000.50,false,,paid
INV-2026-004179,BHILAI PHARMACEUTICALS INDIA PRIVATE LIMITED,2026-07-20,2026-08-19,13074.00,false,,paid
INV-2026-004180,BELGAUM TRADERS INDIA PRIVATE LIMITED,2026-07-02,2026-08-01,185000.00,false,,paid
INV-2026-004181,BELGAUM INFRAPROJECTS AND COMPANY,2026-07-22,2026-08-21,72136.00,false,,paid
INV-2026-004182,BHAVNAGAR MOTORS PRIVATE LIMITED,2026-08-05,2026-09-04,2495.00,false,,paid
INV-2026-004183,TIRUPUR MEDIA PVT LTD,2026-08-07,2026-09-06,3848.00,false,,paid
INV-2026-004184,AMRAVATI GARMENTS PRIVATE LIMITED,2026-06-28,2026-07-28,172000.00,false,,paid
INV-2026-004185,CALICUT ENTERPRISES INDIA PRIVATE LIMITED,2026-07-21,2026-08-20,51734.00,false,,paid
INV-2026-004186,CHENNAI CONSTRUCTIONS PRIVATE LIMITED,2026-07-18,2026-08-17,34480.00,false,,paid
INV-2026-004187,AMRAVATI AGRO EXPORTS PRIVATE LIMITED,2026-08-11,2026-09-10,12917.00,false,,paid
INV-2026-004188,MYSORE PACKAGING LLP,2026-08-01,2026-08-31,9680.00,false,,paid
INV-2026-004189,HOSUR ENGINEERING PVT LTD,2026-07-12,2026-08-11,11848.00,false,,paid
INV-2026-004190,ANANTAPUR GARMENTS PRIVATE LIMITED,2026-06-26,2026-07-26,84907.00,false,,paid
INV-2026-004191,SURAT TRANSPORT AND COMPANY,2026-07-06,2026-08-05,20000.99,false,,paid
INV-2026-004192,AMRAVATI AGRO EXPORTS PRIVATE LIMITED,2026-06-13,2026-07-13,154000.50,false,,paid
INV-2026-004193,BHAVNAGAR INFRAPROJECTS AND COMPANY,2026-08-02,2026-09-01,22667.00,false,,paid
INV-2026-004194,KOLHAPUR FOODS PVT LTD,2026-08-10,2026-09-09,268000.99,false,,paid
INV-2026-004195,GODAVARI LOGISTICS PRIVATE LIMITED,2026-08-03,2026-09-02,30000.00,false,,paid
INV-2026-004196,AURANGABAD HOSPITALITY PVT LTD,2026-06-29,2026-07-29,15922.00,false,,paid
INV-2026-004197,CUTTACK MEDIA PVT LTD,2026-07-26,2026-08-25,57982.25,false,,paid
INV-2026-004198,AURANGABAD AUTO COMPONENTS PVT LTD,2026-07-13,2026-08-12,38000.00,false,,paid
INV-2026-004199,MADURAI CABLES PRIVATE LIMITED,2026-06-07,2026-07-07,26986.00,false,,paid
INV-2026-004200,BELGAUM ELECTRICALS LLP,2026-08-10,2026-09-09,12656.00,false,,paid
INV-2026-004201,AMRAVATI CASTINGS LLP,2026-08-26,2026-09-25,42170.00,false,,paid
INV-2026-004202,CHANDRAPUR CONSTRUCTIONS PRIVATE LIMITED,2026-08-11,2026-09-10,7733.00,false,,paid
INV-2026-004203,AMRAVATI FERTILISERS PRIVATE LIMITED,2026-06-15,2026-07-15,8115.25,false,,paid
INV-2026-004204,GODAVARI CABLES PRIVATE LIMITED,2026-07-05,2026-08-04,54734.50,false,,paid
INV-2026-004205,HUBLI SOFTWARE SERVICES PRIVATE LIMITED,2026-08-04,2026-09-03,16367.00,false,,paid
INV-2026-004206,MEERUT SOFTWARE SERVICES PRIVATE LIMITED,2026-08-11,2026-09-10,40000.00,false,,paid
INV-2026-004207,BHAVNAGAR CERAMICS PVT LTD,2026-06-27,2026-07-27,12066.00,false,,paid
INV-2026-004208,GWALIOR INDUSTRIES INDIA PRIVATE LIMITED,2026-08-26,2026-09-25,42529.00,false,,paid
INV-2026-004209,AMRAVATI FABRICATORS AND COMPANY,2026-06-14,2026-07-14,112626.00,false,,paid
INV-2026-004210,BELGAUM LOGISTICS PRIVATE LIMITED,2026-06-24,2026-07-24,31329.00,false,,paid
INV-2026-004211,AMRAVATI GARMENTS PRIVATE LIMITED,2026-07-26,2026-08-25,34257.00,false,,paid
INV-2026-004212,NAGPUR COLD STORAGE AND COMPANY,2026-07-19,2026-08-18,42649.99,false,,paid
INV-2026-004213,AMRAVATI CABLES PRIVATE LIMITED,2026-06-04,2026-07-04,20000.00,false,,paid
INV-2026-004214,CUTTACK PHARMACEUTICALS INDIA PRIVATE LIMITED,2026-08-21,2026-09-20,35042.00,false,,paid
INV-2026-004215,GWALIOR CASTINGS LLP,2026-08-29,2026-09-28,3694.50,false,,paid
INV-2026-004216,ANANTAPUR HOSPITALITY PVT LTD,2026-06-23,2026-07-23,185344.00,false,,paid
INV-2026-004217,ANANTAPUR FABRICATORS AND COMPANY,2026-07-22,2026-08-21,50000.50,false,,paid
INV-2026-004218,AURANGABAD PAPER MILLS PVT LTD,2026-08-29,2026-09-28,71607.00,false,,paid
INV-2026-004219,AMRAVATI POLYMERS PRIVATE LIMITED,2026-08-22,2026-09-21,71229.00,false,,paid
INV-2026-004220,GWALIOR PACKAGING LLP,2026-08-11,2026-09-10,39478.50,false,,paid
INV-2026-004221,GANDHINAGAR BEARINGS LIMITED,2026-07-19,2026-08-18,206281.50,false,,paid
INV-2026-004222,DHANBAD ENGINEERING PVT LTD,2026-07-28,2026-08-27,11415.75,false,,paid
INV-2026-004223,DHANBAD TEXTILES PVT LTD,2026-06-07,2026-07-07,15000.00,false,,paid
INV-2026-004224,SOLAPUR ENGINEERING PVT LTD,2026-07-29,2026-08-28,154000.75,false,,paid
INV-2026-004225,DHANBAD PACKAGING LLP,2026-07-09,2026-08-08,23143.00,false,,paid
INV-2026-004226,NASHIK CABLES PRIVATE LIMITED,2026-08-19,2026-09-18,10156.00,false,,paid
INV-2026-004227,CHENNAI PRINTERS PVT LTD,2026-08-22,2026-09-21,10000.00,false,,paid
INV-2026-004228,AMRAVATI AGRO EXPORTS PRIVATE LIMITED,2026-06-22,2026-07-22,5452.00,false,,paid
INV-2026-004229,GODAVARI PRINTERS PVT LTD,2026-06-05,2026-07-05,106000.00,false,,paid
INV-2026-004230,AURANGABAD BEARINGS LIMITED,2026-07-04,2026-08-03,110277.00,false,,paid
INV-2026-004231,SALEM INFRAPROJECTS AND COMPANY,2026-08-01,2026-08-31,5849.99,false,,paid
INV-2026-004232,AMRAVATI PLASTICS AND COMPANY,2026-06-08,2026-07-08,150000.75,false,,paid
INV-2026-004233,NASHIK TEXTILES PVT LTD,2026-08-28,2026-09-27,97693.50,false,,paid
INV-2026-004234,NAGPUR SPINNERS LLP,2026-06-15,2026-07-15,15074.00,false,,paid
INV-2026-004235,NARMADA SOFTWARE SERVICES PRIVATE LIMITED,2026-07-05,2026-08-04,207554.00,false,,paid
INV-2026-004236,NASHIK TRANSPORT AND COMPANY,2026-08-01,2026-08-31,30000.00,false,,paid
INV-2026-004237,MADURAI CONTAINERS PVT LTD,2026-08-05,2026-09-04,93016.00,false,,paid
INV-2026-004238,AMRAVATI AUTO COMPONENTS PVT LTD,2026-06-02,2026-07-02,38317.00,false,,paid
INV-2026-004239,PANIPAT PRINTERS PVT LTD,2026-07-12,2026-08-11,70933.00,false,,paid
INV-2026-004240,NASHIK DIAGNOSTICS LIMITED,2026-08-15,2026-09-14,270000.00,false,,paid
INV-2026-004241,MYSORE CASTINGS LLP,2026-07-04,2026-08-03,21000.50,false,,paid
INV-2026-004242,AMRAVATI AGRO EXPORTS PRIVATE LIMITED,2026-08-07,2026-09-06,150000.00,false,,paid
INV-2026-004243,LUDHIANA CABLES PRIVATE LIMITED,2026-07-21,2026-08-20,18639.00,false,,paid
INV-2026-004244,AMRAVATI BEARINGS LIMITED,2026-08-18,2026-09-17,12925.00,false,,paid
INV-2026-004245,CHENNAI ELECTRICALS LLP,2026-07-09,2026-08-08,23385.00,false,,paid
INV-2026-004246,AMRAVATI FABRICATORS AND COMPANY,2026-07-06,2026-08-05,24083.00,false,,paid
INV-2026-004247,PANIPAT CONSTRUCTIONS PRIVATE LIMITED,2026-08-16,2026-09-15,8727.00,false,,paid
INV-2026-004248,AMRAVATI HOSPITALITY PVT LTD,2026-08-08,2026-09-07,59616.25,false,,paid
INV-2026-004249,CUTTACK CERAMICS PVT LTD,2026-06-15,2026-07-15,58113.00,false,,paid
INV-2026-004250,BELGAUM PACKAGING LLP,2026-06-21,2026-07-21,141389.00,false,,paid
INV-2026-004251,TIRUPUR SPINNERS LLP,2026-06-20,2026-07-20,62620.00,false,,paid
INV-2026-004252,AMRAVATI PACKAGING LLP,2026-07-12,2026-08-11,23792.75,false,,paid
INV-2026-004253,ANANTAPUR POLYMERS PRIVATE LIMITED,2026-08-13,2026-09-12,10000.99,false,,paid
INV-2026-004254,JABALPUR CASTINGS LLP,2026-07-13,2026-08-12,57960.00,false,,paid
INV-2026-004255,ANANTAPUR FERTILISERS PRIVATE LIMITED,2026-07-18,2026-08-17,150000.50,false,,paid
INV-2026-004256,GUNTUR PRINTERS PVT LTD,2026-07-14,2026-08-13,6654.00,false,,paid
INV-2026-004257,CALICUT PACKAGING LLP,2026-07-02,2026-08-01,33000.25,false,,paid
INV-2026-004258,JABALPUR COLD STORAGE AND COMPANY,2026-07-27,2026-08-26,22419.00,false,,paid
INV-2026-004259,HUBLI PHARMACEUTICALS INDIA PRIVATE LIMITED,2026-07-01,2026-07-31,18662.75,false,,paid
INV-2026-004260,GODAVARI ENGINEERING PVT LTD,2026-07-08,2026-08-07,81041.00,false,,paid
INV-2026-004261,ANANTAPUR DISTRIBUTORS PRIVATE LIMITED,2026-06-18,2026-07-18,23411.00,false,,paid
INV-2026-004262,GANDHINAGAR CABLES PRIVATE LIMITED,2026-08-19,2026-09-18,84421.25,false,,paid
INV-2026-004263,NAGPUR CERAMICS PVT LTD,2026-08-07,2026-09-06,10417.25,false,,paid
INV-2026-004264,BHAVNAGAR HANDICRAFTS LLP,2026-07-07,2026-08-06,69320.50,false,,paid
INV-2026-004265,GANDHINAGAR AUTO COMPONENTS PVT LTD,2026-07-31,2026-08-30,234000.00,false,,paid
INV-2026-004266,AMRAVATI CHEMICALS INDIA PRIVATE LIMITED,2026-07-05,2026-08-04,50030.00,false,,paid
INV-2026-004267,NARMADA LOGISTICS PRIVATE LIMITED,2026-07-16,2026-08-15,22434.00,false,,paid
INV-2026-004268,JODHPUR TRANSPORT AND COMPANY,2026-07-24,2026-08-23,50883.00,false,,paid
INV-2026-004269,BHILAI DISTRIBUTORS PRIVATE LIMITED,2026-07-25,2026-08-24,200000.00,false,,paid
INV-2026-004270,BHILAI DIAGNOSTICS LIMITED,2026-08-14,2026-09-13,5000.75,false,,paid
INV-2026-004271,BHOPAL CHEMICALS INDIA PRIVATE LIMITED,2026-08-01,2026-08-31,257365.00,false,,paid
INV-2026-004272,GANDHINAGAR PHARMACEUTICALS INDIA PRIVATE LIMITED,2026-07-06,2026-08-05,90000.00,false,,paid
INV-2026-004273,AMRAVATI AGRO EXPORTS PRIVATE LIMITED,2026-07-10,2026-08-09,76687.00,false,,paid
INV-2026-004274,AMRAVATI BEARINGS LIMITED,2026-06-10,2026-07-10,2230.00,false,,paid
INV-2026-004275,CHANDRAPUR METALS LIMITED,2026-08-04,2026-09-03,40905.00,false,,paid
INV-2026-004276,KAKINADA FORGINGS LIMITED,2026-08-10,2026-09-09,120000.00,false,,paid
INV-2026-004277,AMRAVATI DISTRIBUTORS PRIVATE LIMITED,2026-07-29,2026-08-28,8571.00,false,,paid
INV-2026-004278,NAGPUR TRADERS INDIA PRIVATE LIMITED,2026-07-25,2026-08-24,214997.50,false,,paid
INV-2026-004279,KANPUR METALS LIMITED,2026-08-23,2026-09-22,40767.00,false,,paid
INV-2026-004280,GANDHINAGAR PRINTERS PVT LTD,2026-08-23,2026-09-22,60000.99,false,,paid
INV-2026-004281,ANANTAPUR CASTINGS LLP,2026-06-15,2026-07-15,78292.00,false,,paid
INV-2026-004282,RAIPUR CASTINGS LLP,2026-06-26,2026-07-26,163984.00,false,,paid
INV-2026-004283,ANANTAPUR HOSPITALITY PVT LTD,2026-07-05,2026-08-04,60000.00,false,,paid
INV-2026-004284,CHENNAI LOGISTICS PRIVATE LIMITED,2026-08-09,2026-09-08,5465.00,false,,paid
INV-2026-004285,KANPUR LOGISTICS PRIVATE LIMITED,2026-07-24,2026-08-23,14067.00,false,,paid
INV-2026-004286,AMRAVATI CONSTRUCTIONS PRIVATE LIMITED,2026-07-14,2026-08-13,18127.25,false,,paid
INV-2026-004287,SILIGURI CERAMICS PVT LTD,2026-08-01,2026-08-31,40000.00,false,,paid
INV-2026-004288,BHOPAL METALS LIMITED,2026-06-16,2026-07-16,75000.00,false,,paid
INV-2026-004289,NARMADA MOTORS PRIVATE LIMITED,2026-06-08,2026-07-08,22612.00,false,,paid
INV-2026-004290,AURANGABAD ELECTRICALS LLP,2026-06-02,2026-07-02,40000.00,false,,paid
INV-2026-004291,AMRAVATI AUTO COMPONENTS PVT LTD,2026-08-24,2026-09-23,18988.00,false,,paid
INV-2026-004292,JAMNAGAR MOTORS PRIVATE LIMITED,2026-07-03,2026-08-02,5758.00,false,,paid
INV-2026-004293,INDORE MEDIA PVT LTD,2026-07-08,2026-08-07,119747.00,false,,paid
INV-2026-004294,AMRAVATI AGRO EXPORTS PRIVATE LIMITED,2026-07-12,2026-08-11,14764.75,false,,paid
INV-2026-004295,MEERUT LOGISTICS PRIVATE LIMITED,2026-08-05,2026-09-04,20000.00,false,,paid
INV-2026-004296,AURANGABAD DISTRIBUTORS PRIVATE LIMITED,2026-06-09,2026-07-09,15000.00,false,,paid
INV-2026-004297,AMRAVATI AGRO EXPORTS PRIVATE LIMITED,2026-06-03,2026-07-03,8518.00,false,,paid
INV-2026-004298,BHILAI HOSPITALITY PVT LTD,2026-06-22,2026-07-22,91771.00,false,,paid
INV-2026-004299,AMRAVATI PACKAGING LLP,2026-08-29,2026-09-28,125000.00,false,,paid
INV-2026-004300,AURANGABAD INFRAPROJECTS AND COMPANY,2026-06-01,2026-07-01,75000.00,false,,paid
INV-2026-004301,AURANGABAD CHEMICALS INDIA PRIVATE LIMITED,2026-06-27,2026-07-27,244000.00,false,,paid
INV-2026-004302,ANANTAPUR CERAMICS PVT LTD,2026-06-01,2026-07-01,75000.00,false,,paid
INV-2026-004303,BHAVNAGAR MOTORS PRIVATE LIMITED,2026-08-07,2026-09-06,107000.75,false,,paid
INV-2026-004304,CALICUT CONSTRUCTIONS PRIVATE LIMITED,2026-07-06,2026-08-05,12398.00,false,,paid
INV-2026-004305,ERNAKULAM AUTO COMPONENTS PVT LTD,2026-07-11,2026-08-10,60000.99,false,,paid
INV-2026-004306,AURANGABAD COLD STORAGE AND COMPANY,2026-08-19,2026-09-18,21719.00,false,,paid
INV-2026-004307,NASHIK PRINTERS PVT LTD,2026-07-17,2026-08-16,8000.99,false,,paid
INV-2026-004308,PANIPAT FORGINGS LIMITED,2026-08-13,2026-09-12,28588.00,false,,paid
INV-2026-004309,ANANTAPUR SPINNERS LLP,2026-07-06,2026-08-05,18354.00,false,,paid
INV-2026-004310,ERNAKULAM CHEMICALS INDIA PRIVATE LIMITED,2026-08-23,2026-09-22,5379.00,false,,paid
INV-2026-004311,BHOPAL CERAMICS PVT LTD,2026-07-06,2026-08-05,73699.00,false,,paid
INV-2026-004312,JODHPUR LOGISTICS PRIVATE LIMITED,2026-06-29,2026-07-29,250000.00,false,,paid
INV-2026-004313,AURANGABAD METALS LIMITED,2026-07-19,2026-08-18,20000.50,false,,paid
INV-2026-004314,ANANTAPUR MOTORS PRIVATE LIMITED,2026-08-23,2026-09-22,33921.00,false,,paid
INV-2026-004315,AMRAVATI AGRO EXPORTS PRIVATE LIMITED,2026-06-05,2026-07-05,36000.25,false,,paid
INV-2026-004316,AMRAVATI PAPER MILLS PVT LTD,2026-07-25,2026-08-24,170000.75,false,,paid
INV-2026-004317,AURANGABAD SOFTWARE SERVICES PRIVATE LIMITED,2026-08-20,2026-09-19,36069.50,false,,paid
INV-2026-004318,BELGAUM ENGINEERING PVT LTD,2026-08-01,2026-08-31,39082.00,false,,paid
INV-2026-004319,KOLHAPUR ENTERPRISES INDIA PRIVATE LIMITED,2026-08-25,2026-09-24,204000.00,false,,paid
INV-2026-004320,AURANGABAD CASTINGS LLP,2026-07-25,2026-08-24,156000.25,false,,paid
INV-2026-004321,AMRAVATI HANDICRAFTS LLP,2026-07-28,2026-08-27,28251.00,false,,paid
INV-2026-004322,UDAIPUR PRINTERS PVT LTD,2026-07-05,2026-08-04,33383.75,false,,paid
INV-2026-004323,AMRAVATI MOTORS PRIVATE LIMITED,2026-07-26,2026-08-25,30000.00,false,,paid
INV-2026-004324,GUNTUR ELECTRICALS LLP,2026-08-27,2026-09-26,75000.00,false,,paid
INV-2026-004325,CHENNAI INFRAPROJECTS AND COMPANY,2026-08-21,2026-09-20,225000.00,false,,paid
INV-2026-004326,AMRAVATI DIAGNOSTICS LIMITED,2026-08-24,2026-09-23,34559.25,false,,paid
INV-2026-004327,AURANGABAD ELECTRICALS LLP,2026-07-08,2026-08-07,17375.00,false,,paid
INV-2026-004328,JALANDHAR GARMENTS PRIVATE LIMITED,2026-08-17,2026-09-16,5000.00,false,,paid
INV-2026-004329,AURANGABAD HOSPITALITY PVT LTD,2026-08-26,2026-09-25,46464.00,false,,paid
INV-2026-004330,BELGAUM POLYMERS PRIVATE LIMITED,2026-08-15,2026-09-14,44539.50,false,,paid
INV-2026-004331,CUTTACK FERTILISERS PRIVATE LIMITED,2026-07-13,2026-08-12,23552.00,false,,paid
INV-2026-004332,CHANDRAPUR AGRO EXPORTS PRIVATE LIMITED,2026-08-22,2026-09-21,222000.00,false,,paid
INV-2026-004333,HUBLI ENGINEERING PVT LTD,2026-06-28,2026-07-28,25000.00,false,,paid
INV-2026-004334,GANDHINAGAR PAPER MILLS PVT LTD,2026-06-01,2026-07-01,218764.00,false,,paid
INV-2026-004335,GODAVARI COLD STORAGE AND COMPANY,2026-08-18,2026-09-17,22579.00,false,,paid
INV-2026-004336,AMRAVATI CHEMICALS INDIA PRIVATE LIMITED,2026-07-27,2026-08-26,13388.00,false,,paid
INV-2026-004337,RAJKOT AGRO EXPORTS PRIVATE LIMITED,2026-06-30,2026-07-30,177628.50,false,,paid
INV-2026-004338,KRISHNA CERAMICS PVT LTD,2026-06-04,2026-07-04,7169.00,false,,paid
INV-2026-004339,AMRAVATI REFRACTORIES LIMITED,2026-08-25,2026-09-24,100000.25,false,,paid
INV-2026-004340,AURANGABAD AGRO EXPORTS PRIVATE LIMITED,2026-08-01,2026-08-31,25000.50,false,,paid
INV-2026-004341,INDORE DIAGNOSTICS LIMITED,2026-06-15,2026-07-15,20000.00,false,,paid
INV-2026-004342,ANANTAPUR GARMENTS PRIVATE LIMITED,2026-06-20,2026-07-20,4229.99,false,,paid
INV-2026-004343,ANANTAPUR FABRICATORS AND COMPANY,2026-08-22,2026-09-21,5000.00,false,,paid
INV-2026-004344,HALDIA SOFTWARE SERVICES PRIVATE LIMITED,2026-06-10,2026-07-10,150000.00,false,,paid
INV-2026-004345,AMRAVATI AUTO COMPONENTS PVT LTD,2026-07-18,2026-08-17,5000.00,false,,paid
INV-2026-004346,CALICUT DISTRIBUTORS PRIVATE LIMITED,2026-08-26,2026-09-25,270858.25,false,,paid
INV-2026-004347,AMRAVATI BEARINGS LIMITED,2026-08-10,2026-09-09,17702.99,false,,paid
INV-2026-004348,BHAVNAGAR METALS LIMITED,2026-08-09,2026-09-08,21081.00,false,,paid
INV-2026-004349,HOSUR DIAGNOSTICS LIMITED,2026-06-17,2026-07-17,76957.00,false,,paid
INV-2026-004350,BHAVNAGAR SOFTWARE SERVICES PRIVATE LIMITED,2026-08-08,2026-09-07,56276.00,false,,paid
INV-2026-004351,BHILAI PAPER MILLS PVT LTD,2026-07-03,2026-08-02,54140.75,false,,paid
INV-2026-004352,GWALIOR FABRICATORS AND COMPANY,2026-08-19,2026-09-18,122202.99,false,,paid
INV-2026-004353,GUNTUR AGRO EXPORTS PRIVATE LIMITED,2026-07-24,2026-08-23,285000.00,false,,paid
INV-2026-004354,AMRAVATI AGRO EXPORTS PRIVATE LIMITED,2026-08-17,2026-09-16,500000.00,false,,paid
INV-2026-004355,AMRAVATI AGRO EXPORTS PRIVATE LIMITED,2026-07-27,2026-08-26,11396.00,false,,paid
INV-2026-004356,COIMBATORE AGRO EXPORTS PRIVATE LIMITED,2026-07-19,2026-08-18,90332.00,false,,paid
INV-2026-004357,ANANTAPUR ELECTRICALS LLP,2026-08-17,2026-09-16,4951.75,false,,paid
INV-2026-004358,AMRAVATI CHEMICALS INDIA PRIVATE LIMITED,2026-07-02,2026-08-01,92153.00,false,,paid
INV-2026-004359,DHANBAD TEXTILES PVT LTD,2026-08-26,2026-09-25,10000.25,false,,paid
INV-2026-004360,GODAVARI LOGISTICS PRIVATE LIMITED,2026-07-16,2026-08-15,64264.00,false,,paid
INV-2026-004361,BELGAUM CABLES PRIVATE LIMITED,2026-07-05,2026-08-04,88000.00,false,,paid
INV-2026-004362,AURANGABAD FERTILISERS PRIVATE LIMITED,2026-07-06,2026-08-05,4492.00,false,,paid
INV-2026-004363,BHILAI TRANSPORT AND COMPANY,2026-06-30,2026-07-30,40876.75,false,,paid
INV-2026-004364,AURANGABAD PAPER MILLS PVT LTD,2026-08-01,2026-08-31,126880.00,false,,paid
INV-2026-004365,JAMNAGAR FOODS PVT LTD,2026-08-24,2026-09-23,30000.00,false,,paid
INV-2026-004366,AMRAVATI AGRO EXPORTS PRIVATE LIMITED,2026-08-24,2026-09-23,139892.50,false,,paid
INV-2026-004367,ANANTAPUR MOTORS PRIVATE LIMITED,2026-08-21,2026-09-20,147000.25,false,,paid
INV-2026-004368,SALEM DISTRIBUTORS PRIVATE LIMITED,2026-07-21,2026-08-20,16912.00,false,,paid
INV-2026-004369,RAIPUR ELECTRICALS LLP,2026-06-18,2026-07-18,200000.75,false,,paid
INV-2026-004370,INDORE PACKAGING LLP,2026-08-23,2026-09-22,45901.00,false,,paid
INV-2026-004371,ERNAKULAM BEARINGS LIMITED,2026-07-28,2026-08-27,500000.00,false,,paid
INV-2026-004372,MADURAI TRADERS INDIA PRIVATE LIMITED,2026-06-04,2026-07-04,75000.50,false,,paid
INV-2026-004373,AMRAVATI AGRO EXPORTS PRIVATE LIMITED,2026-06-19,2026-07-19,25000.00,false,,paid
INV-2026-004374,AMRAVATI INDUSTRIES INDIA PRIVATE LIMITED,2026-07-27,2026-08-26,51333.00,false,,paid
INV-2026-004375,AMRAVATI HANDICRAFTS LLP,2026-06-30,2026-07-30,11881.75,false,,paid
INV-2026-004376,ANANTAPUR ENTERPRISES INDIA PRIVATE LIMITED,2026-07-05,2026-08-04,15602.00,false,,paid
INV-2026-004377,VARANASI METALS LIMITED,2026-07-14,2026-08-13,20000.00,false,,paid
INV-2026-004378,BHILAI FABRICATORS AND COMPANY,2026-06-09,2026-07-09,28220.00,false,,paid
INV-2026-004379,KOLHAPUR CABLES PRIVATE LIMITED,2026-08-19,2026-09-18,15000.00,false,,paid
INV-2026-004380,ANANTAPUR INFRAPROJECTS AND COMPANY,2026-08-25,2026-09-24,200000.00,false,,paid
INV-2026-004381,AMRAVATI CONTAINERS PVT LTD,2026-06-11,2026-07-11,218000.00,false,,paid
INV-2026-004382,JODHPUR FOODS PVT LTD,2026-08-20,2026-09-19,19781.00,false,,paid
INV-2026-004383,AURANGABAD CONTAINERS PVT LTD,2026-07-28,2026-08-27,639536.25,false,,paid
INV-2026-004384,AURANGABAD DISTRIBUTORS PRIVATE LIMITED,2026-06-04,2026-07-04,129924.00,false,,paid
INV-2026-004385,KRISHNA AUTO COMPONENTS PVT LTD,2026-07-28,2026-08-27,25375.75,false,,paid
INV-2026-004386,AMRAVATI CASTINGS LLP,2026-06-18,2026-07-18,500000.00,false,,paid
INV-2026-004387,SURAT CERAMICS PVT LTD,2026-07-09,2026-08-08,28677.00,false,,paid
INV-2026-004388,BHOPAL CASTINGS LLP,2026-08-12,2026-09-11,65374.00,false,,paid
INV-2026-004389,HOSUR MOTORS PRIVATE LIMITED,2026-07-15,2026-08-14,225193.00,false,,paid
INV-2026-004390,BELGAUM COLD STORAGE AND COMPANY,2026-06-15,2026-07-15,65585.00,false,,paid
INV-2026-004391,AMRAVATI AUTO COMPONENTS PVT LTD,2026-08-18,2026-09-17,29377.00,false,,paid
INV-2026-004392,AMRAVATI BEARINGS LIMITED,2026-07-03,2026-08-02,258000.00,false,,paid
INV-2026-004393,BHAVNAGAR ELECTRICALS LLP,2026-08-16,2026-09-15,36000.00,false,,paid
INV-2026-004394,NARMADA SPINNERS LLP,2026-08-04,2026-09-03,186000.00,false,,paid
INV-2026-004395,UDAIPUR INDUSTRIES INDIA PRIVATE LIMITED,2026-07-27,2026-08-26,9852.00,false,,paid
INV-2026-004396,CALICUT MOTORS PRIVATE LIMITED,2026-06-07,2026-07-07,124000.00,false,,paid
INV-2026-004397,BHILAI INDUSTRIES INDIA PRIVATE LIMITED,2026-07-01,2026-07-31,53681.25,false,,paid
INV-2026-004398,AMRAVATI FORGINGS LIMITED,2026-07-05,2026-08-04,14240.00,false,,paid
INV-2026-004399,ERNAKULAM MOTORS PRIVATE LIMITED,2026-07-23,2026-08-22,19154.00,false,,paid
INV-2026-004400,AMRAVATI CERAMICS PVT LTD,2026-06-02,2026-07-02,5000.00,false,,paid
INV-2026-004401,AMRAVATI CASTINGS LLP,2026-08-19,2026-09-18,259000.00,false,,paid
INV-2026-004402,BHILAI REFRACTORIES LIMITED,2026-07-27,2026-08-26,29509.00,false,,paid
INV-2026-004403,CALICUT SPINNERS LLP,2026-08-03,2026-09-02,5000.00,false,,paid
INV-2026-004404,HUBLI SPINNERS LLP,2026-07-28,2026-08-27,89000.00,false,,paid
INV-2026-004405,AURANGABAD AUTO COMPONENTS PVT LTD,2026-07-19,2026-08-18,125000.00,false,,paid
INV-2026-004406,BELGAUM FERTILISERS PRIVATE LIMITED,2026-06-05,2026-07-05,5000.25,false,,paid
INV-2026-004407,ANANTAPUR FORGINGS LIMITED,2026-08-15,2026-09-14,290000.00,false,,paid
INV-2026-004408,LUDHIANA MEDIA PVT LTD,2026-07-20,2026-08-19,57413.75,false,,paid
INV-2026-004409,CHENNAI TEXTILES PVT LTD,2026-06-27,2026-07-27,246000.00,false,,paid
INV-2026-004410,AURANGABAD INFRAPROJECTS AND COMPANY,2026-07-31,2026-08-30,37000.00,false,,paid
INV-2026-004411,JABALPUR INFRAPROJECTS AND COMPANY,2026-07-21,2026-08-20,51913.00,false,,paid
INV-2026-004412,AMRAVATI CHEMICALS INDIA PRIVATE LIMITED,2026-08-10,2026-09-09,6484.00,false,,paid
INV-2026-004413,AMRAVATI FORGINGS LIMITED,2026-08-07,2026-09-06,17544.00,false,,paid
INV-2026-004414,CALICUT HOSPITALITY PVT LTD,2026-07-24,2026-08-23,218000.50,false,,paid
INV-2026-004415,JABALPUR METALS LIMITED,2026-06-01,2026-07-01,150000.00,false,,paid
INV-2026-004416,KOLHAPUR METALS LIMITED,2026-07-10,2026-08-09,10000.75,false,,paid
INV-2026-004417,ANANTAPUR PRINTERS PVT LTD,2026-08-13,2026-09-12,197000.25,false,,paid
INV-2026-004418,NAGPUR SOFTWARE SERVICES PRIVATE LIMITED,2026-07-09,2026-08-08,14963.00,false,,paid
INV-2026-004419,BHILAI TRANSPORT AND COMPANY,2026-06-10,2026-07-10,60000.00,false,,paid
INV-2026-004420,AMRAVATI CABLES PRIVATE LIMITED,2026-07-10,2026-08-09,4005.50,false,,paid
INV-2026-004421,AMRAVATI CHEMICALS INDIA PRIVATE LIMITED,2026-08-28,2026-09-27,264000.99,false,,paid
INV-2026-004422,HUBLI SPINNERS LLP,2026-06-06,2026-07-06,6307.75,false,,paid
INV-2026-004423,AMRAVATI DISTRIBUTORS PRIVATE LIMITED,2026-06-16,2026-07-16,3028.00,false,,paid
INV-2026-004424,AMRAVATI CERAMICS PVT LTD,2026-06-10,2026-07-10,15000.00,false,,paid
INV-2026-004425,RAIPUR PLASTICS AND COMPANY,2026-08-18,2026-09-17,37122.00,false,,paid
INV-2026-004426,KRISHNA ENTERPRISES INDIA PRIVATE LIMITED,2026-08-10,2026-09-09,250000.50,false,,paid
INV-2026-004427,HALDIA DISTRIBUTORS PRIVATE LIMITED,2026-08-17,2026-09-16,15542.75,false,,paid
INV-2026-004428,BHILAI ENGINEERING PVT LTD,2026-07-21,2026-08-20,18476.00,false,,paid
INV-2026-004429,AMRAVATI AUTO COMPONENTS PVT LTD,2026-06-20,2026-07-20,43384.00,false,,paid
INV-2026-004430,HALDIA GARMENTS PRIVATE LIMITED,2026-08-13,2026-09-12,32106.00,false,,paid
INV-2026-004431,AMRAVATI AGRO EXPORTS PRIVATE LIMITED,2026-07-12,2026-08-11,10000.99,false,,paid
INV-2026-004432,GODAVARI SOFTWARE SERVICES PRIVATE LIMITED,2026-08-25,2026-09-24,154564.00,false,,paid
INV-2026-004433,MADURAI POLYMERS PRIVATE LIMITED,2026-07-17,2026-08-16,98890.99,false,,paid
INV-2026-004434,KOLHAPUR TRADERS INDIA PRIVATE LIMITED,2026-08-06,2026-09-05,250000.00,false,,paid
INV-2026-004435,AMRAVATI AGRO EXPORTS PRIVATE LIMITED,2026-06-29,2026-07-29,24221.00,false,,paid
INV-2026-004436,AURANGABAD BEARINGS LIMITED,2026-08-19,2026-09-18,81334.00,false,,paid
INV-2026-004437,PANIPAT GARMENTS PRIVATE LIMITED,2026-07-21,2026-08-20,37410.00,false,,paid
INV-2026-004438,KOLHAPUR MOTORS PRIVATE LIMITED,2026-07-02,2026-08-01,250000.50,false,,paid
INV-2026-004439,NARMADA LOGISTICS PRIVATE LIMITED,2026-07-08,2026-08-07,35719.50,false,,paid
INV-2026-004440,KAKINADA PRINTERS PVT LTD,2026-08-12,2026-09-11,131515.00,false,,paid
INV-2026-004441,HOSUR FERTILISERS PRIVATE LIMITED,2026-07-02,2026-08-01,20000.00,false,,paid
INV-2026-004442,CHENNAI LOGISTICS PRIVATE LIMITED,2026-07-20,2026-08-19,64000.00,false,,paid
INV-2026-004443,JAMNAGAR PAPER MILLS PVT LTD,2026-06-24,2026-07-24,8380.00,false,,paid
INV-2026-004444,BELGAUM CHEMICALS INDIA PRIVATE LIMITED,2026-08-02,2026-09-01,37479.00,false,,paid
INV-2026-004445,DEHRADUN CONSTRUCTIONS PRIVATE LIMITED,2026-06-01,2026-07-01,59220.99,false,,paid
INV-2026-004446,BHILAI PHARMACEUTICALS INDIA PRIVATE LIMITED,2026-08-10,2026-09-09,3379.99,false,,paid
INV-2026-004447,KANPUR INFRAPROJECTS AND COMPANY,2026-07-13,2026-08-12,250000.99,false,,paid
INV-2026-004448,CHENNAI TRADERS INDIA PRIVATE LIMITED,2026-07-06,2026-08-05,11249.00,false,,paid
INV-2026-004449,UDAIPUR PLASTICS AND COMPANY,2026-06-13,2026-07-13,275000.00,false,,paid
INV-2026-004450,SOLAPUR CERAMICS PVT LTD,2026-07-27,2026-08-26,13000.00,false,,paid
INV-2026-004451,CUTTACK TRADERS INDIA PRIVATE LIMITED,2026-08-05,2026-09-04,54159.00,false,,paid
INV-2026-004452,AMRAVATI DIAGNOSTICS LIMITED,2026-08-01,2026-08-31,7000.00,false,,paid
INV-2026-004453,ANANTAPUR FABRICATORS AND COMPANY,2026-08-26,2026-09-25,13082.00,false,,paid
INV-2026-004454,CUTTACK MOTORS PRIVATE LIMITED,2026-06-25,2026-07-25,40000.00,false,,paid
INV-2026-004455,GUNTUR PLASTICS AND COMPANY,2026-08-05,2026-09-04,275476.50,false,,paid
INV-2026-004456,BHOPAL GARMENTS PRIVATE LIMITED,2026-07-31,2026-08-30,114000.50,false,,paid
INV-2026-004457,ERNAKULAM PLASTICS AND COMPANY,2026-08-28,2026-09-27,52630.00,false,,paid
INV-2026-004458,KAKINADA CASTINGS LLP,2026-07-19,2026-08-18,60000.75,false,,paid
INV-2026-004459,COIMBATORE ENTERPRISES INDIA PRIVATE LIMITED,2026-06-18,2026-07-18,39745.00,false,,paid
INV-2026-004460,DEHRADUN FABRICATORS AND COMPANY,2026-06-06,2026-07-06,10295.00,false,,paid
INV-2026-004461,HUBLI BEARINGS LIMITED,2026-06-09,2026-07-09,80550.00,false,,paid
INV-2026-004462,AMRAVATI BEARINGS LIMITED,2026-06-05,2026-07-05,91910.00,false,,paid
INV-2026-004463,KRISHNA POLYMERS PRIVATE LIMITED,2026-08-13,2026-09-12,6592.00,false,,paid
INV-2026-004464,CHANDRAPUR CASTINGS LLP,2026-06-11,2026-07-11,26736.00,false,,paid
INV-2026-004465,AMRAVATI BEARINGS LIMITED,2026-08-19,2026-09-18,4760.00,false,,paid
INV-2026-004466,AMRAVATI AUTO COMPONENTS PVT LTD,2026-07-04,2026-08-03,21073.00,false,,paid
INV-2026-004467,BHOPAL TEXTILES PVT LTD,2026-07-24,2026-08-23,75000.00,false,,paid
INV-2026-004468,BHILAI TEXTILES PVT LTD,2026-07-23,2026-08-22,33306.00,false,,paid
INV-2026-004469,AMRAVATI FOODS PVT LTD,2026-08-27,2026-09-26,193432.00,false,,paid
INV-2026-004470,GWALIOR LOGISTICS PRIVATE LIMITED,2026-08-05,2026-09-04,466383.00,false,,paid
INV-2026-004471,AMRAVATI CONTAINERS PVT LTD,2026-07-09,2026-08-08,80000.75,false,,paid
INV-2026-004472,TRICHY PLASTICS AND COMPANY,2026-06-06,2026-07-06,39624.00,false,,paid
INV-2026-004473,COIMBATORE CONTAINERS PVT LTD,2026-08-11,2026-09-10,11650.00,false,,paid
INV-2026-004474,AMRAVATI CHEMICALS INDIA PRIVATE LIMITED,2026-08-06,2026-09-05,30000.00,false,,paid
INV-2026-004475,BHAVNAGAR GARMENTS PRIVATE LIMITED,2026-07-25,2026-08-24,75092.00,false,,paid
INV-2026-004476,CALICUT TEXTILES PVT LTD,2026-08-17,2026-09-16,70026.00,false,,paid
INV-2026-004477,AMRAVATI AGRO EXPORTS PRIVATE LIMITED,2026-06-29,2026-07-29,5381.00,false,,paid
INV-2026-004478,CHANDRAPUR PACKAGING LLP,2026-07-06,2026-08-05,9336.25,false,,paid
INV-2026-004479,AMRAVATI CASTINGS LLP,2026-07-09,2026-08-08,267000.25,false,,paid
INV-2026-004480,AMRAVATI AGRO EXPORTS PRIVATE LIMITED,2026-06-27,2026-07-27,78000.00,false,,paid
INV-2026-004481,BHAVNAGAR ENGINEERING PVT LTD,2026-07-31,2026-08-30,20000.00,false,,paid
INV-2026-004482,DHANBAD LOGISTICS PRIVATE LIMITED,2026-08-11,2026-09-10,198000.99,false,,paid
INV-2026-004483,AMRAVATI FABRICATORS AND COMPANY,2026-07-22,2026-08-21,6775.00,false,,paid
INV-2026-004484,BHILAI TEXTILES PVT LTD,2026-06-06,2026-07-06,84000.00,false,,paid
INV-2026-004485,HOSUR CHEMICALS INDIA PRIVATE LIMITED,2026-07-17,2026-08-16,196000.00,false,,paid
INV-2026-004486,JALANDHAR CASTINGS LLP,2026-07-13,2026-08-12,73015.99,false,,paid
INV-2026-004487,AMRAVATI PRINTERS PVT LTD,2026-06-04,2026-07-04,141063.00,false,,paid
INV-2026-004488,AURANGABAD BEARINGS LIMITED,2026-07-20,2026-08-19,6246.00,false,,paid
INV-2026-004489,MEERUT SOFTWARE SERVICES PRIVATE LIMITED,2026-06-05,2026-07-05,30000.00,false,,paid
INV-2026-004490,ANANTAPUR CABLES PRIVATE LIMITED,2026-07-31,2026-08-30,32404.00,false,,paid
INV-2026-004491,AMRAVATI MOTORS PRIVATE LIMITED,2026-08-28,2026-09-27,3000.00,false,,paid
INV-2026-004492,COIMBATORE TRANSPORT AND COMPANY,2026-08-07,2026-09-06,188520.00,false,,paid
INV-2026-004493,BELGAUM FERTILISERS PRIVATE LIMITED,2026-07-15,2026-08-14,76000.00,false,,paid
INV-2026-004494,GUNTUR AGRO EXPORTS PRIVATE LIMITED,2026-07-07,2026-08-06,20764.75,false,,paid
INV-2026-004495,AMRAVATI FORGINGS LIMITED,2026-07-05,2026-08-04,11017.99,false,,paid
INV-2026-004496,ANANTAPUR TRANSPORT AND COMPANY,2026-08-09,2026-09-08,6471.00,false,,paid
INV-2026-004497,AMRAVATI AGRO EXPORTS PRIVATE LIMITED,2026-08-03,2026-09-02,6421.00,false,,paid
INV-2026-004498,KANPUR DIAGNOSTICS LIMITED,2026-06-26,2026-07-26,222000.00,false,,paid
INV-2026-004499,GANDHINAGAR ELECTRICALS LLP,2026-08-10,2026-09-09,20000.00,false,,paid
INV-2026-004500,TRICHY POLYMERS PRIVATE LIMITED,2026-07-11,2026-08-10,74427.00,false,,paid
INV-2026-004501,AURANGABAD CERAMICS PVT LTD,2026-07-25,2026-08-24,31246.50,false,,paid
INV-2026-004502,BELGAUM CHEMICALS INDIA PRIVATE LIMITED,2026-06-11,2026-07-11,9314.00,false,,paid
INV-2026-004503,AURANGABAD TRANSPORT AND COMPANY,2026-07-25,2026-08-24,25785.00,false,,paid
INV-2026-004504,DEHRADUN MEDIA PVT LTD,2026-06-30,2026-07-30,11053.00,false,,paid
INV-2026-004505,AMRAVATI CABLES PRIVATE LIMITED,2026-07-07,2026-08-06,14434.00,false,,paid
INV-2026-004506,ANANTAPUR TEXTILES PVT LTD,2026-08-12,2026-09-11,500000.00,false,,partially_paid
INV-2026-004507,KANPUR TRANSPORT AND COMPANY,2026-07-03,2026-08-02,38066.00,false,,partially_paid
INV-2026-004508,BELGAUM AUTO COMPONENTS PVT LTD,2026-08-23,2026-09-22,41562.00,false,,partially_paid
INV-2026-004509,AMRAVATI FOODS PVT LTD,2026-07-14,2026-08-13,100000.00,false,,partially_paid
INV-2026-004510,JODHPUR POLYMERS PRIVATE LIMITED,2026-06-16,2026-07-16,75000.00,false,,partially_paid
INV-2026-004511,ANANTAPUR COLD STORAGE AND COMPANY,2026-07-11,2026-08-10,15000.00,false,,partially_paid
INV-2026-004512,DEHRADUN BEARINGS LIMITED,2026-08-28,2026-09-27,150000.00,false,,partially_paid
INV-2026-004513,HUBLI METALS LIMITED,2026-07-03,2026-08-02,41057.00,false,,partially_paid
INV-2026-004514,BELGAUM PHARMACEUTICALS INDIA PRIVATE LIMITED,2026-06-19,2026-07-19,149380.99,false,,partially_paid
INV-2026-004515,PANIPAT TRANSPORT AND COMPANY,2026-08-03,2026-09-02,13608.00,false,,partially_paid
INV-2026-004516,JABALPUR TEXTILES PVT LTD,2026-08-18,2026-09-17,60000.00,false,,partially_paid
INV-2026-004517,AMRAVATI FOODS PVT LTD,2026-06-24,2026-07-24,40000.00,false,,partially_paid
INV-2026-004518,AMRAVATI DISTRIBUTORS PRIVATE LIMITED,2026-07-24,2026-08-23,60000.50,false,,partially_paid
INV-2026-004519,AMRAVATI PACKAGING LLP,2026-08-19,2026-09-18,30894.00,false,,partially_paid
INV-2026-004520,AMRAVATI SPINNERS LLP,2026-07-17,2026-08-16,157158.99,false,,partially_paid
INV-2026-004521,UDAIPUR FOODS PVT LTD,2026-07-25,2026-08-24,15529.00,false,,partially_paid
INV-2026-004522,CHENNAI MEDIA PVT LTD,2026-08-25,2026-09-24,19638.00,false,,partially_paid
INV-2026-004523,AMRAVATI REFRACTORIES LIMITED,2026-06-30,2026-07-30,60000.00,false,,partially_paid
INV-2026-004524,VARANASI ENGINEERING PVT LTD,2026-07-17,2026-08-16,32150.75,false,,partially_paid
INV-2026-004525,CUTTACK LOGISTICS PRIVATE LIMITED,2026-07-09,2026-08-08,9723.00,false,,partially_paid
INV-2026-004526,NAGPUR SOFTWARE SERVICES PRIVATE LIMITED,2026-06-25,2026-07-25,22652.50,false,,partially_paid
INV-2026-004527,GANDHINAGAR DISTRIBUTORS PRIVATE LIMITED,2026-07-25,2026-08-24,10779.00,false,,partially_paid
INV-2026-004528,DHANBAD ENGINEERING PVT LTD,2026-07-02,2026-08-01,285000.00,false,,partially_paid
INV-2026-004529,ANANTAPUR METALS LIMITED,2026-07-22,2026-08-21,75000.00,false,,partially_paid
INV-2026-004530,AURANGABAD TRADERS INDIA PRIVATE LIMITED,2026-08-17,2026-09-16,40168.00,false,,partially_paid
INV-2026-004531,NAGPUR FERTILISERS PRIVATE LIMITED,2026-07-04,2026-08-03,75000.00,false,,partially_paid
INV-2026-004532,AMRAVATI AGRO EXPORTS PRIVATE LIMITED,2026-08-23,2026-09-22,100000.00,false,,partially_paid
INV-2026-004533,AMRAVATI PLASTICS AND COMPANY,2026-08-17,2026-09-16,36760.00,false,,partially_paid
INV-2026-004534,DEHRADUN MEDIA PVT LTD,2026-06-16,2026-07-16,10219.00,false,,partially_paid
INV-2026-004535,MEERUT FABRICATORS AND COMPANY,2026-08-01,2026-08-31,4265.00,false,,partially_paid
INV-2026-004536,SURAT METALS LIMITED,2026-06-20,2026-07-20,27698.00,false,,partially_paid
INV-2026-004537,NARMADA PHARMACEUTICALS INDIA PRIVATE LIMITED,2026-07-07,2026-08-06,252000.00,false,,partially_paid
INV-2026-004538,BELGAUM INFRAPROJECTS AND COMPANY,2026-07-17,2026-08-16,23050.00,false,,partially_paid
INV-2026-004539,DEHRADUN FERTILISERS PRIVATE LIMITED,2026-07-22,2026-08-21,133336.00,false,,partially_paid
INV-2026-004540,AMRAVATI HOSPITALITY PVT LTD,2026-07-24,2026-08-23,73084.25,false,,partially_paid
INV-2026-004541,BHILAI PHARMACEUTICALS INDIA PRIVATE LIMITED,2026-07-22,2026-08-21,71808.00,false,,partially_paid
INV-2026-004542,KRISHNA PAPER MILLS PVT LTD,2026-07-05,2026-08-04,277000.00,false,,partially_paid
INV-2026-004543,VARANASI POLYMERS PRIVATE LIMITED,2026-07-01,2026-07-31,53906.00,false,,partially_paid
INV-2026-004544,LUDHIANA MOTORS PRIVATE LIMITED,2026-06-08,2026-07-08,30000.00,false,,partially_paid
INV-2026-004545,MYSORE CABLES PRIVATE LIMITED,2026-08-24,2026-09-23,100000.25,false,,partially_paid
INV-2026-004546,TRICHY DISTRIBUTORS PRIVATE LIMITED,2026-07-13,2026-08-12,263000.00,false,,partially_paid
INV-2026-004547,ANANTAPUR FORGINGS LIMITED,2026-07-11,2026-08-10,60908.00,false,,partially_paid
INV-2026-004548,BHILAI PACKAGING LLP,2026-07-10,2026-08-09,101841.00,false,,partially_paid
INV-2026-004549,AURANGABAD INDUSTRIES INDIA PRIVATE LIMITED,2026-06-26,2026-07-26,9320.99,false,,partially_paid
INV-2026-004550,AMRAVATI TRADERS INDIA PRIVATE LIMITED,2026-06-18,2026-07-18,18861.00,false,,partially_paid
INV-2026-004551,AMRAVATI LOGISTICS PRIVATE LIMITED,2026-06-09,2026-07-09,40953.75,false,,partially_paid
INV-2026-004552,JODHPUR LOGISTICS PRIVATE LIMITED,2026-06-14,2026-07-14,150000.25,false,,partially_paid
INV-2026-004553,BHILAI SPINNERS LLP,2026-08-24,2026-09-23,6695.00,false,,partially_paid
INV-2026-004554,SURAT TEXTILES PVT LTD,2026-06-04,2026-07-04,81314.99,false,,partially_paid
INV-2026-004555,DEHRADUN CERAMICS PVT LTD,2026-07-07,2026-08-06,17078.00,false,,partially_paid
INV-2026-004556,ANANTAPUR CONTAINERS PVT LTD,2026-07-14,2026-08-13,44000.25,false,,partially_paid
INV-2026-004557,BHILAI DISTRIBUTORS PRIVATE LIMITED,2026-07-23,2026-08-22,111260.50,false,,partially_paid
INV-2026-004558,HALDIA CERAMICS PVT LTD,2026-08-01,2026-08-31,14749.00,false,,partially_paid
INV-2026-004559,MEERUT MOTORS PRIVATE LIMITED,2026-08-25,2026-09-24,125000.99,false,,partially_paid
INV-2026-004560,AMRAVATI DIAGNOSTICS LIMITED,2026-07-27,2026-08-26,13564.00,false,,partially_paid
INV-2026-004561,AMRAVATI HANDICRAFTS LLP,2026-07-07,2026-08-06,25000.00,false,,partially_paid
INV-2026-004562,AMRAVATI AUTO COMPONENTS PVT LTD,2026-06-28,2026-07-28,146459.00,false,,partially_paid
INV-2026-004563,AURANGABAD TEXTILES PVT LTD,2026-07-09,2026-08-08,77585.00,false,,partially_paid
INV-2026-004564,AMRAVATI ENTERPRISES INDIA PRIVATE LIMITED,2026-07-09,2026-08-08,250000.00,false,,partially_paid
INV-2026-004565,BHOPAL PRINTERS PVT LTD,2026-06-12,2026-07-12,4071.00,false,,partially_paid
INV-2026-004566,TIRUPUR FABRICATORS AND COMPANY,2026-06-06,2026-07-06,106046.25,false,,partially_paid
INV-2026-004567,INDORE FOODS PVT LTD,2026-07-06,2026-08-05,60000.00,false,,partially_paid
INV-2026-004568,BHAVNAGAR METALS LIMITED,2026-07-05,2026-08-04,3114.00,false,,partially_paid
INV-2026-004569,KRISHNA HANDICRAFTS LLP,2026-08-05,2026-09-04,10000.99,false,,partially_paid
INV-2026-004570,AURANGABAD SPINNERS LLP,2026-07-10,2026-08-09,562822.00,false,,partially_paid
INV-2026-004571,AMRAVATI CABLES PRIVATE LIMITED,2026-06-12,2026-07-12,34736.00,false,,partially_paid
INV-2026-004572,CUTTACK MEDIA PVT LTD,2026-06-24,2026-07-24,11193.00,false,,partially_paid
INV-2026-004573,JABALPUR CASTINGS LLP,2026-06-20,2026-07-20,14047.00,false,,partially_paid
INV-2026-004574,JAMNAGAR PACKAGING LLP,2026-07-28,2026-08-27,259838.99,false,,partially_paid
INV-2026-004575,ANANTAPUR CASTINGS LLP,2026-08-18,2026-09-17,29503.00,false,,partially_paid
INV-2026-004576,HOSUR DISTRIBUTORS PRIVATE LIMITED,2026-08-16,2026-09-15,75000.25,false,,partially_paid
INV-2026-004577,CALICUT CERAMICS PVT LTD,2026-07-07,2026-08-06,162631.00,false,,partially_paid
INV-2026-004578,GODAVARI INDUSTRIES INDIA PRIVATE LIMITED,2026-07-30,2026-08-29,200000.00,false,,partially_paid
INV-2026-004579,CHENNAI HOSPITALITY PVT LTD,2026-08-04,2026-09-03,27204.00,false,,partially_paid
INV-2026-004580,INDORE TRADERS INDIA PRIVATE LIMITED,2026-06-28,2026-07-28,237433.00,false,,partially_paid
INV-2026-004581,DEHRADUN POLYMERS PRIVATE LIMITED,2026-08-20,2026-09-19,40169.00,false,,partially_paid
INV-2026-004582,AMRAVATI AGRO EXPORTS PRIVATE LIMITED,2026-06-24,2026-07-24,96493.00,false,,partially_paid
INV-2026-004583,GANDHINAGAR PRINTERS PVT LTD,2026-07-16,2026-08-15,136000.00,false,,partially_paid
INV-2026-004584,ANANTAPUR HANDICRAFTS LLP,2026-07-15,2026-08-14,83348.00,false,,partially_paid
INV-2026-004585,CUTTACK TEXTILES PVT LTD,2026-06-13,2026-07-13,121606.00,false,,partially_paid
INV-2026-004586,AURANGABAD FABRICATORS AND COMPANY,2026-07-30,2026-08-29,125000.00,false,,partially_paid
INV-2026-004587,CUTTACK DIAGNOSTICS LIMITED,2026-06-15,2026-07-15,296473.00,false,,partially_paid
INV-2026-004588,VARANASI GARMENTS PRIVATE LIMITED,2026-08-18,2026-09-17,264000.00,false,,partially_paid
INV-2026-004589,SILIGURI FERTILISERS PRIVATE LIMITED,2026-08-14,2026-09-13,48000.50,false,,partially_paid
INV-2026-004590,SOLAPUR INFRAPROJECTS AND COMPANY,2026-07-03,2026-08-02,4167.99,false,,partially_paid
INV-2026-004591,AMRAVATI CHEMICALS INDIA PRIVATE LIMITED,2026-08-29,2026-09-28,15000.00,false,,partially_paid
INV-2026-004592,LUDHIANA INFRAPROJECTS AND COMPANY,2026-06-28,2026-07-28,36333.25,false,,partially_paid
INV-2026-004593,AMRAVATI PRINTERS PVT LTD,2026-06-06,2026-07-06,105533.00,false,,partially_paid
INV-2026-004594,AMRAVATI AGRO EXPORTS PRIVATE LIMITED,2026-07-11,2026-08-10,19406.00,false,,partially_paid
INV-2026-004595,JODHPUR PACKAGING LLP,2026-06-08,2026-07-08,53684.00,false,,partially_paid
INV-2026-004596,AMRAVATI CERAMICS PVT LTD,2026-07-10,2026-08-09,500000.00,false,,partially_paid
INV-2026-004597,CALICUT INDUSTRIES INDIA PRIVATE LIMITED,2026-08-09,2026-09-08,60000.00,false,,partially_paid
INV-2026-004598,AMRAVATI REFRACTORIES LIMITED,2026-06-15,2026-07-15,10904.00,false,,partially_paid
INV-2026-004599,GWALIOR CONTAINERS PVT LTD,2026-07-05,2026-08-04,155370.99,false,,partially_paid
INV-2026-004600,GWALIOR AGRO EXPORTS PRIVATE LIMITED,2026-07-07,2026-08-06,109884.00,false,,partially_paid
INV-2026-004601,AMRAVATI INFRAPROJECTS AND COMPANY,2026-06-06,2026-07-06,60000.50,false,,partially_paid
INV-2026-004602,KAKINADA DISTRIBUTORS PRIVATE LIMITED,2026-08-20,2026-09-19,200000.75,false,,partially_paid
INV-2026-004603,AMRAVATI DIAGNOSTICS LIMITED,2026-07-19,2026-08-18,284000.00,false,,partially_paid
INV-2026-004604,AMRAVATI AGRO EXPORTS PRIVATE LIMITED,2026-07-28,2026-08-27,59051.00,false,,partially_paid
INV-2026-004605,AMRAVATI CABLES PRIVATE LIMITED,2026-08-07,2026-09-06,12116.50,false,,partially_paid
INV-2026-004606,AMRAVATI TRANSPORT AND COMPANY,2026-07-31,2026-08-30,7153.00,false,,partially_paid
INV-2026-004607,AMRAVATI PLASTICS AND COMPANY,2026-08-23,2026-09-22,70420.00,false,,partially_paid
INV-2026-004608,KRISHNA TEXTILES PVT LTD,2026-08-03,2026-09-02,39663.25,false,,partially_paid
INV-2026-004609,INDORE PHARMACEUTICALS INDIA PRIVATE LIMITED,2026-06-12,2026-07-12,13112.00,false,,partially_paid
INV-2026-004610,TIRUPUR HANDICRAFTS LLP,2026-08-24,2026-09-23,3627.00,false,,partially_paid
INV-2026-004611,AMRAVATI HOSPITALITY PVT LTD,2026-07-23,2026-08-22,75000.00,false,,partially_paid
INV-2026-004612,BHAVNAGAR FORGINGS LIMITED,2026-07-02,2026-08-01,40000.00,false,,partially_paid
INV-2026-004613,ERNAKULAM ELECTRICALS LLP,2026-07-21,2026-08-20,16603.00,false,,partially_paid
INV-2026-004614,GWALIOR FERTILISERS PRIVATE LIMITED,2026-06-03,2026-07-03,5000.00,false,,partially_paid
INV-2026-004615,AMRAVATI FABRICATORS AND COMPANY,2026-07-20,2026-08-19,12654.00,false,,partially_paid
INV-2026-004616,KANPUR FABRICATORS AND COMPANY,2026-06-24,2026-07-24,100000.99,false,,partially_paid
INV-2026-004617,AMRAVATI SPINNERS LLP,2026-07-14,2026-08-13,40000.00,false,,partially_paid
INV-2026-004618,AMRAVATI AUTO COMPONENTS PVT LTD,2026-08-08,2026-09-07,110918.00,false,,partially_paid
INV-2026-004619,MANGALORE DISTRIBUTORS PRIVATE LIMITED,2026-08-02,2026-09-01,110559.00,false,,partially_paid
INV-2026-004620,JODHPUR FORGINGS LIMITED,2026-08-05,2026-09-04,25000.00,false,,partially_paid
INV-2026-004621,CALICUT ELECTRICALS LLP,2026-08-11,2026-09-10,58662.00,false,,partially_paid
INV-2026-004622,AMRAVATI AUTO COMPONENTS PVT LTD,2026-06-23,2026-07-23,59548.25,false,,partially_paid
INV-2026-004623,BELGAUM TEXTILES PVT LTD,2026-07-28,2026-08-27,16576.00,false,,partially_paid
INV-2026-004624,CHENNAI MOTORS PRIVATE LIMITED,2026-06-12,2026-07-12,29284.00,false,,partially_paid
INV-2026-004625,AURANGABAD MOTORS PRIVATE LIMITED,2026-07-20,2026-08-19,33920.99,false,,partially_paid
INV-2026-004626,BHOPAL PHARMACEUTICALS INDIA PRIVATE LIMITED,2026-08-08,2026-09-07,37580.00,false,,partially_paid
INV-2026-004627,BELGAUM TEXTILES PVT LTD,2026-07-06,2026-08-05,37057.00,false,,partially_paid
INV-2026-004628,GWALIOR FOODS PVT LTD,2026-07-22,2026-08-21,11728.00,false,,partially_paid
INV-2026-004629,MADURAI TRANSPORT AND COMPANY,2026-08-20,2026-09-19,79878.50,false,,partially_paid
INV-2026-004630,CHENNAI POLYMERS PRIVATE LIMITED,2026-08-08,2026-09-07,38328.00,false,,partially_paid
INV-2026-004631,RAIPUR ELECTRICALS LLP,2026-08-03,2026-09-02,500000.00,false,,partially_paid
INV-2026-004632,HOSUR ELECTRICALS LLP,2026-06-23,2026-07-23,72154.00,false,,partially_paid
INV-2026-004633,DEHRADUN FORGINGS LIMITED,2026-06-22,2026-07-22,70625.50,false,,partially_paid
INV-2026-004634,AMRAVATI AGRO EXPORTS PRIVATE LIMITED,2026-07-21,2026-08-20,125000.25,false,,partially_paid
INV-2026-004635,BHAVNAGAR DISTRIBUTORS PRIVATE LIMITED,2026-07-01,2026-07-31,17027.00,false,,partially_paid
INV-2026-004636,AURANGABAD TRANSPORT AND COMPANY,2026-06-08,2026-07-08,5000.00,false,,partially_paid
INV-2026-004637,BHILAI PRINTERS PVT LTD,2026-06-29,2026-07-29,14147.00,false,,partially_paid
INV-2026-004638,CHENNAI PACKAGING LLP,2026-06-16,2026-07-16,219000.00,false,,partially_paid
INV-2026-004639,AURANGABAD CERAMICS PVT LTD,2026-07-12,2026-08-11,100000.00,false,,partially_paid
INV-2026-004640,AMRAVATI AGRO EXPORTS PRIVATE LIMITED,2026-08-28,2026-09-27,50000.00,false,,partially_paid
INV-2026-004641,CHENNAI AGRO EXPORTS PRIVATE LIMITED,2026-07-18,2026-08-17,26730.00,false,,partially_paid
INV-2026-004642,LUDHIANA CONSTRUCTIONS PRIVATE LIMITED,2026-08-06,2026-09-05,5000.00,false,,partially_paid
INV-2026-004643,AMRAVATI PRINTERS PVT LTD,2026-08-10,2026-09-09,18562.00,false,,partially_paid
INV-2026-004644,TIRUPUR ENTERPRISES INDIA PRIVATE LIMITED,2026-08-10,2026-09-09,58108.99,false,,partially_paid
INV-2026-004645,INDORE SPINNERS LLP,2026-06-27,2026-07-27,24472.00,false,,partially_paid
INV-2026-004646,ANANTAPUR COLD STORAGE AND COMPANY,2026-07-09,2026-08-08,40000.00,false,,partially_paid
INV-2026-004647,BELGAUM REFRACTORIES LIMITED,2026-06-12,2026-07-12,10000.00,false,,partially_paid
INV-2026-004648,JABALPUR REFRACTORIES LIMITED,2026-06-26,2026-07-26,10000.00,false,,partially_paid
INV-2026-004649,ANANTAPUR COLD STORAGE AND COMPANY,2026-08-12,2026-09-11,34194.00,false,,partially_paid
INV-2026-004650,BELGAUM CASTINGS LLP,2026-08-20,2026-09-19,25599.00,false,,partially_paid
INV-2026-004651,AMRAVATI CHEMICALS INDIA PRIVATE LIMITED,2026-06-07,2026-07-07,154000.00,false,,partially_paid
INV-2026-004652,ANANTAPUR AUTO COMPONENTS PVT LTD,2026-07-29,2026-08-28,22131.00,false,,partially_paid
INV-2026-004653,CHENNAI TEXTILES PVT LTD,2026-07-11,2026-08-10,11000.00,false,,partially_paid
INV-2026-004654,BHAVNAGAR BEARINGS LIMITED,2026-06-13,2026-07-13,108000.00,false,,partially_paid
INV-2026-004655,ERNAKULAM ENGINEERING PVT LTD,2026-07-19,2026-08-18,99514.00,false,,partially_paid
INV-2026-004656,JALANDHAR GARMENTS PRIVATE LIMITED,2026-08-05,2026-09-04,87047.00,false,,partially_paid
INV-2026-004657,ANANTAPUR INFRAPROJECTS AND COMPANY,2026-06-19,2026-07-19,112000.00,false,,partially_paid
INV-2026-004658,VARANASI FERTILISERS PRIVATE LIMITED,2026-08-21,2026-09-20,4416.00,false,,partially_paid
INV-2026-004659,GUNTUR SPINNERS LLP,2026-06-18,2026-07-18,34164.00,false,,partially_paid
INV-2026-004660,SALEM TRANSPORT AND COMPANY,2026-08-06,2026-09-05,178000.00,false,,partially_paid
INV-2026-004661,CHENNAI FORGINGS LIMITED,2026-06-08,2026-07-08,14592.00,false,,partially_paid
INV-2026-004662,RAJKOT SPINNERS LLP,2026-06-06,2026-07-06,28674.00,false,,partially_paid
INV-2026-004663,AURANGABAD INDUSTRIES INDIA PRIVATE LIMITED,2026-07-06,2026-08-05,20588.00,false,,partially_paid
INV-2026-004664,AURANGABAD HOSPITALITY PVT LTD,2026-07-17,2026-08-16,250000.00,false,,partially_paid
INV-2026-004665,JAMNAGAR PAPER MILLS PVT LTD,2026-06-26,2026-07-26,31464.00,false,,partially_paid
INV-2026-004666,JODHPUR COLD STORAGE AND COMPANY,2026-07-31,2026-08-30,125047.00,false,,partially_paid
INV-2026-004667,KAKINADA INDUSTRIES INDIA PRIVATE LIMITED,2026-07-21,2026-08-20,19392.25,false,,partially_paid
INV-2026-004668,BHOPAL DISTRIBUTORS PRIVATE LIMITED,2026-08-09,2026-09-08,17537.25,false,,partially_paid
INV-2026-004669,DEHRADUN CERAMICS PVT LTD,2026-07-11,2026-08-10,84886.00,false,,partially_paid
INV-2026-004670,INDORE CONTAINERS PVT LTD,2026-08-14,2026-09-13,51248.00,false,,partially_paid
INV-2026-004671,AMRAVATI MOTORS PRIVATE LIMITED,2026-06-24,2026-07-24,20000.00,false,,partially_paid
INV-2026-004672,GANDHINAGAR FORGINGS LIMITED,2026-08-25,2026-09-24,22648.00,false,,partially_paid
INV-2026-004673,BHOPAL SOFTWARE SERVICES PRIVATE LIMITED,2026-07-12,2026-08-11,500000.00,false,,partially_paid
INV-2026-004674,SURAT METALS LIMITED,2026-08-07,2026-09-06,27297.00,false,,partially_paid
INV-2026-004675,GWALIOR PLASTICS AND COMPANY,2026-08-02,2026-09-01,54525.00,false,,partially_paid
INV-2026-004676,BHAVNAGAR METALS LIMITED,2026-08-01,2026-08-31,500000.00,false,,partially_paid
INV-2026-004677,COIMBATORE CABLES PRIVATE LIMITED,2026-06-19,2026-07-19,150000.00,false,,partially_paid
INV-2026-004678,AMRAVATI CHEMICALS INDIA PRIVATE LIMITED,2026-06-08,2026-07-08,125000.00,false,,partially_paid
INV-2026-004679,AMRAVATI FABRICATORS AND COMPANY,2026-06-16,2026-07-16,10585.00,false,,partially_paid
INV-2026-004680,AMRAVATI GARMENTS PRIVATE LIMITED,2026-07-12,2026-08-11,139000.25,false,,partially_paid
INV-2026-004681,GANDHINAGAR PLASTICS AND COMPANY,2026-08-29,2026-09-28,6217.00,false,,partially_paid
INV-2026-004682,HALDIA LOGISTICS PRIVATE LIMITED,2026-07-14,2026-08-13,31491.00,false,,partially_paid
INV-2026-004683,BHILAI FOODS PVT LTD,2026-08-01,2026-08-31,81794.75,false,,partially_paid
INV-2026-004684,AMRAVATI AGRO EXPORTS PRIVATE LIMITED,2026-06-20,2026-07-20,46310.25,false,,partially_paid
INV-2026-004685,UDAIPUR SOFTWARE SERVICES PRIVATE LIMITED,2026-06-03,2026-07-03,14186.00,false,,partially_paid
INV-2026-004686,RAIPUR INDUSTRIES INDIA PRIVATE LIMITED,2026-08-26,2026-09-25,50232.00,false,,partially_paid
INV-2026-004687,AMRAVATI AUTO COMPONENTS PVT LTD,2026-07-27,2026-08-26,58206.00,false,,partially_paid
INV-2026-004688,CHANDRAPUR CABLES PRIVATE LIMITED,2026-06-19,2026-07-19,65291.00,false,,partially_paid
INV-2026-004689,AMRAVATI CHEMICALS INDIA PRIVATE LIMITED,2026-07-12,2026-08-11,32561.00,false,,partially_paid
INV-2026-004690,INDORE AUTO COMPONENTS PVT LTD,2026-06-04,2026-07-04,200000.00,false,,partially_paid
INV-2026-004691,GUNTUR POLYMERS PRIVATE LIMITED,2026-07-01,2026-07-31,250603.00,false,,partially_paid
INV-2026-004692,DHANBAD TEXTILES PVT LTD,2026-06-30,2026-07-30,2000.00,false,,partially_paid
INV-2026-004693,AURANGABAD TRADERS INDIA PRIVATE LIMITED,2026-07-14,2026-08-13,296000.00,false,,partially_paid
INV-2026-004694,HALDIA ENTERPRISES INDIA PRIVATE LIMITED,2026-08-22,2026-09-21,197913.00,false,,partially_paid
INV-2026-004695,ERNAKULAM DISTRIBUTORS PRIVATE LIMITED,2026-08-09,2026-09-08,37402.00,false,,partially_paid
INV-2026-004696,AURANGABAD MOTORS PRIVATE LIMITED,2026-08-05,2026-09-04,167000.00,false,,partially_paid
INV-2026-004697,GUNTUR COLD STORAGE AND COMPANY,2026-07-13,2026-08-12,125000.75,false,,partially_paid
INV-2026-004698,VARANASI INDUSTRIES INDIA PRIVATE LIMITED,2026-06-22,2026-07-22,121994.00,false,,partially_paid
INV-2026-004699,CUTTACK CONSTRUCTIONS PRIVATE LIMITED,2026-07-16,2026-08-15,12071.25,false,,partially_paid
INV-2026-004700,AMRAVATI BEARINGS LIMITED,2026-07-19,2026-08-18,7001.25,false,,partially_paid
INV-2026-004701,JAMNAGAR METALS LIMITED,2026-07-06,2026-08-05,5000.00,false,,partially_paid
INV-2026-004702,VARANASI POLYMERS PRIVATE LIMITED,2026-08-11,2026-09-10,33489.00,false,,partially_paid
INV-2026-004703,AMRAVATI METALS LIMITED,2026-08-07,2026-09-06,75000.00,false,,partially_paid
INV-2026-004704,AURANGABAD PHARMACEUTICALS INDIA PRIVATE LIMITED,2026-07-21,2026-08-20,100000.00,false,,partially_paid
INV-2026-004705,SALEM MEDIA PVT LTD,2026-07-12,2026-08-11,88000.75,false,,partially_paid
INV-2026-004706,COIMBATORE CONTAINERS PVT LTD,2026-08-29,2026-09-28,32406.00,false,,partially_paid
INV-2026-004707,AMRAVATI BEARINGS LIMITED,2026-06-05,2026-07-05,251431.00,false,,partially_paid
INV-2026-004708,LUDHIANA TRADERS INDIA PRIVATE LIMITED,2026-08-09,2026-09-08,182772.00,false,,partially_paid
INV-2026-004709,INDORE BEARINGS LIMITED,2026-07-31,2026-08-30,6662.00,false,,partially_paid
INV-2026-004710,DHANBAD ENGINEERING PVT LTD,2026-06-29,2026-07-29,70205.75,false,,partially_paid
INV-2026-004711,AMRAVATI POLYMERS PRIVATE LIMITED,2026-08-12,2026-09-11,97823.00,false,,partially_paid
INV-2026-004712,SILIGURI SPINNERS LLP,2026-08-25,2026-09-24,89000.50,false,,partially_paid
INV-2026-004713,ANANTAPUR DISTRIBUTORS PRIVATE LIMITED,2026-07-14,2026-08-13,44260.00,false,,partially_paid
INV-2026-004714,GODAVARI MOTORS PRIVATE LIMITED,2026-08-12,2026-09-11,12407.00,false,,partially_paid
INV-2026-004715,CUTTACK ELECTRICALS LLP,2026-07-22,2026-08-21,20000.00,false,,partially_paid
INV-2026-004716,ANANTAPUR CONSTRUCTIONS PRIVATE LIMITED,2026-06-27,2026-07-27,44988.75,false,,partially_paid
INV-2026-004717,COIMBATORE HANDICRAFTS LLP,2026-07-23,2026-08-22,37306.00,false,,partially_paid
INV-2026-004718,BELGAUM CONTAINERS PVT LTD,2026-08-24,2026-09-23,19435.00,false,,partially_paid
INV-2026-004719,BELGAUM MOTORS PRIVATE LIMITED,2026-07-11,2026-08-10,135000.75,false,,partially_paid
INV-2026-004720,AMRAVATI FABRICATORS AND COMPANY,2026-08-07,2026-09-06,166000.00,false,,partially_paid
INV-2026-004721,AMRAVATI FERTILISERS PRIVATE LIMITED,2026-08-21,2026-09-20,60000.00,false,,partially_paid
INV-2026-004722,MANGALORE SOFTWARE SERVICES PRIVATE LIMITED,2026-07-30,2026-08-29,13699.00,false,,partially_paid
INV-2026-004723,JAMNAGAR DISTRIBUTORS PRIVATE LIMITED,2026-07-26,2026-08-25,75000.00,false,,partially_paid
INV-2026-004724,NARMADA MEDIA PVT LTD,2026-08-14,2026-09-13,12775.00,false,,partially_paid
INV-2026-004725,AURANGABAD FERTILISERS PRIVATE LIMITED,2026-08-18,2026-09-17,3373.00,false,,partially_paid
INV-2026-004726,AMRAVATI METALS LIMITED,2026-07-01,2026-07-31,12560.00,false,,partially_paid
INV-2026-004727,GWALIOR ENTERPRISES INDIA PRIVATE LIMITED,2026-08-17,2026-09-16,46649.99,false,,partially_paid
INV-2026-004728,BELGAUM CASTINGS LLP,2026-07-06,2026-08-05,25000.00,false,,partially_paid
INV-2026-004729,AMRAVATI AGRO EXPORTS PRIVATE LIMITED,2026-08-08,2026-09-07,8748.99,false,,partially_paid
INV-2026-004730,ANANTAPUR COLD STORAGE AND COMPANY,2026-08-21,2026-09-20,37145.50,false,,partially_paid
INV-2026-004731,AURANGABAD TEXTILES PVT LTD,2026-08-10,2026-09-09,64117.00,false,,partially_paid
INV-2026-004732,AURANGABAD CONSTRUCTIONS PRIVATE LIMITED,2026-06-19,2026-07-19,200000.00,false,,partially_paid
INV-2026-004733,AMRAVATI TEXTILES PVT LTD,2026-06-19,2026-07-19,206000.00,false,,partially_paid
INV-2026-004734,AMRAVATI CABLES PRIVATE LIMITED,2026-07-08,2026-08-07,80714.00,false,,partially_paid
INV-2026-004735,MADURAI PLASTICS AND COMPANY,2026-06-03,2026-07-03,49461.75,false,,partially_paid
INV-2026-004736,SALEM CASTINGS LLP,2026-07-18,2026-08-17,78540.50,false,,partially_paid
INV-2026-004737,AURANGABAD MEDIA PVT LTD,2026-08-05,2026-09-04,63332.00,false,,partially_paid
INV-2026-004738,KRISHNA HANDICRAFTS LLP,2026-08-28,2026-09-27,121557.00,false,,partially_paid
INV-2026-004739,NASHIK MEDIA PVT LTD,2026-06-26,2026-07-26,25671.00,false,,partially_paid
INV-2026-004740,MEERUT PHARMACEUTICALS INDIA PRIVATE LIMITED,2026-06-17,2026-07-17,55000.00,false,,partially_paid
INV-2026-004741,BHILAI PAPER MILLS PVT LTD,2026-07-23,2026-08-22,10000.75,false,,partially_paid
INV-2026-004742,TRICHY REFRACTORIES LIMITED,2026-07-23,2026-08-22,7124.00,false,,partially_paid
INV-2026-004743,AMRAVATI AGRO EXPORTS PRIVATE LIMITED,2026-06-25,2026-07-25,45970.00,false,,partially_paid
INV-2026-004744,AMRAVATI ENTERPRISES INDIA PRIVATE LIMITED,2026-08-16,2026-09-15,153000.00,false,,partially_paid
INV-2026-004745,AMRAVATI CHEMICALS INDIA PRIVATE LIMITED,2026-08-17,2026-09-16,89046.75,false,,partially_paid
INV-2026-004746,ANANTAPUR HOSPITALITY PVT LTD,2026-08-21,2026-09-20,27373.00,false,,partially_paid
INV-2026-004747,AMRAVATI AGRO EXPORTS PRIVATE LIMITED,2026-08-04,2026-09-03,7265.25,false,,partially_paid
INV-2026-004748,ANANTAPUR FERTILISERS PRIVATE LIMITED,2026-07-01,2026-07-31,30000.00,false,,partially_paid
INV-2026-004749,ANANTAPUR HOSPITALITY PVT LTD,2026-06-06,2026-07-06,250000.75,false,,partially_paid
INV-2026-004750,KRISHNA HANDICRAFTS LLP,2026-07-21,2026-08-20,12236.00,false,,partially_paid
INV-2026-004751,JAMNAGAR ENGINEERING PVT LTD,2026-06-30,2026-07-30,20000.00,false,,partially_paid
INV-2026-004752,DEHRADUN FOODS PVT LTD,2026-08-02,2026-09-01,32245.00,false,,partially_paid
INV-2026-004753,BELGAUM PLASTICS AND COMPANY,2026-08-02,2026-09-01,9786.00,false,,partially_paid
INV-2026-004754,GWALIOR SOFTWARE SERVICES PRIVATE LIMITED,2026-07-20,2026-08-19,9983.00,false,,partially_paid
INV-2026-004755,AMRAVATI TEXTILES PVT LTD,2026-07-19,2026-08-18,5000.50,false,,partially_paid
INV-2026-004756,AMRAVATI AGRO EXPORTS PRIVATE LIMITED,2026-08-18,2026-09-17,100000.99,false,,partially_paid
INV-2026-004757,AMRAVATI CASTINGS LLP,2026-07-25,2026-08-24,7431.00,false,,partially_paid
INV-2026-004758,KOLHAPUR DISTRIBUTORS PRIVATE LIMITED,2026-08-28,2026-09-27,10521.75,false,,partially_paid
INV-2026-004759,ANANTAPUR FABRICATORS AND COMPANY,2026-07-18,2026-08-17,29035.99,false,,partially_paid
INV-2026-004760,CUTTACK PRINTERS PVT LTD,2026-07-10,2026-08-09,43866.00,false,,partially_paid
INV-2026-004761,AMRAVATI ELECTRICALS LLP,2026-07-30,2026-08-29,6457.99,false,,partially_paid
INV-2026-004762,GODAVARI INDUSTRIES INDIA PRIVATE LIMITED,2026-08-16,2026-09-15,30249.00,false,,partially_paid
INV-2026-004763,HALDIA FOODS PVT LTD,2026-08-05,2026-09-04,98772.75,false,,partially_paid
INV-2026-004764,HALDIA REFRACTORIES LIMITED,2026-06-23,2026-07-23,25203.50,false,,partially_paid
INV-2026-004765,CHENNAI METALS LIMITED,2026-06-25,2026-07-25,19080.00,false,,partially_paid
INV-2026-004766,AMRAVATI AUTO COMPONENTS PVT LTD,2026-06-29,2026-07-29,28651.00,false,,partially_paid
INV-2026-004767,SILIGURI FOODS PVT LTD,2026-06-06,2026-07-06,21393.00,false,,partially_paid
INV-2026-004768,JODHPUR FERTILISERS PRIVATE LIMITED,2026-08-23,2026-09-22,50000.00,false,,partially_paid
INV-2026-004769,BHOPAL GARMENTS PRIVATE LIMITED,2026-08-21,2026-09-20,90563.00,false,,partially_paid
INV-2026-004770,ANANTAPUR BEARINGS LIMITED,2026-07-15,2026-08-14,125000.00,false,,partially_paid
INV-2026-004771,AMRAVATI AGRO EXPORTS PRIVATE LIMITED,2026-07-12,2026-08-11,69765.25,false,,partially_paid
INV-2026-004772,DEHRADUN MEDIA PVT LTD,2026-06-27,2026-07-27,10447.00,false,,partially_paid
INV-2026-004773,DEHRADUN FABRICATORS AND COMPANY,2026-07-18,2026-08-17,362438.00,false,,partially_paid
INV-2026-004774,AMRAVATI CONTAINERS PVT LTD,2026-06-03,2026-07-03,80000.00,false,,partially_paid
INV-2026-004775,ANANTAPUR SOFTWARE SERVICES PRIVATE LIMITED,2026-08-11,2026-09-10,11612.00,false,,partially_paid
INV-2026-004776,JALANDHAR DISTRIBUTORS PRIVATE LIMITED,2026-08-22,2026-09-21,19005.00,false,,partially_paid
INV-2026-004777,GUNTUR TRADERS INDIA PRIVATE LIMITED,2026-06-27,2026-07-27,40000.00,false,,partially_paid
INV-2026-004778,ANANTAPUR CONSTRUCTIONS PRIVATE LIMITED,2026-08-10,2026-09-09,355258.00,false,,partially_paid
INV-2026-004779,JAMNAGAR TRANSPORT AND COMPANY,2026-08-15,2026-09-14,33997.00,false,,partially_paid
INV-2026-004780,AMRAVATI ELECTRICALS LLP,2026-08-27,2026-09-26,8042.75,false,,partially_paid
INV-2026-004781,KOLHAPUR PAPER MILLS PVT LTD,2026-08-23,2026-09-22,23140.00,false,,partially_paid
INV-2026-004782,AMRAVATI AGRO EXPORTS PRIVATE LIMITED,2026-06-22,2026-07-22,34102.00,false,,partially_paid
INV-2026-004783,SILIGURI SOFTWARE SERVICES PRIVATE LIMITED,2026-08-22,2026-09-21,25344.00,false,,partially_paid
INV-2026-004784,GWALIOR AUTO COMPONENTS PVT LTD,2026-06-04,2026-07-04,63831.00,false,,partially_paid
INV-2026-004785,AMRAVATI AUTO COMPONENTS PVT LTD,2026-07-05,2026-08-04,108000.00,false,,partially_paid
INV-2026-004786,JAMNAGAR COLD STORAGE AND COMPANY,2026-06-30,2026-07-30,154424.00,false,,partially_paid
INV-2026-004787,GWALIOR CONTAINERS PVT LTD,2026-06-18,2026-07-18,93000.00,false,,partially_paid
INV-2026-004788,ANANTAPUR POLYMERS PRIVATE LIMITED,2026-08-22,2026-09-21,30820.99,false,,partially_paid
INV-2026-004789,CHANDRAPUR FOODS PVT LTD,2026-06-04,2026-07-04,7935.50,false,,partially_paid
INV-2026-004790,HUBLI REFRACTORIES LIMITED,2026-06-22,2026-07-22,136541.00,false,,partially_paid
INV-2026-004791,AMRAVATI AGRO EXPORTS PRIVATE LIMITED,2026-06-30,2026-07-30,213000.75,false,,partially_paid
INV-2026-004792,SURAT AGRO EXPORTS PRIVATE LIMITED,2026-06-12,2026-07-12,12515.00,false,,partially_paid
INV-2026-004793,PANIPAT FERTILISERS PRIVATE LIMITED,2026-08-19,2026-09-18,33902.00,false,,partially_paid
INV-2026-004794,MANGALORE REFRACTORIES LIMITED,2026-06-03,2026-07-03,135000.00,false,,partially_paid
INV-2026-004795,AMRAVATI ELECTRICALS LLP,2026-07-18,2026-08-17,25988.00,false,,partially_paid
INV-2026-004796,HALDIA ENGINEERING PVT LTD,2026-07-25,2026-08-24,250000.00,false,,partially_paid
INV-2026-004797,UDAIPUR CABLES PRIVATE LIMITED,2026-07-25,2026-08-24,125000.25,false,,partially_paid
INV-2026-004798,JODHPUR PACKAGING LLP,2026-06-11,2026-07-11,4953.00,false,,partially_paid
INV-2026-004799,KRISHNA DISTRIBUTORS PRIVATE LIMITED,2026-07-30,2026-08-29,128000.00,false,,partially_paid
INV-2026-004800,KANPUR DIAGNOSTICS LIMITED,2026-07-31,2026-08-30,286000.00,false,,partially_paid
INV-2026-004801,GWALIOR GARMENTS PRIVATE LIMITED,2026-07-09,2026-08-08,51411.00,false,,partially_paid
INV-2026-004802,GUNTUR PHARMACEUTICALS INDIA PRIVATE LIMITED,2026-07-13,2026-08-12,44170.99,false,,partially_paid
INV-2026-004803,BELGAUM INDUSTRIES INDIA PRIVATE LIMITED,2026-06-09,2026-07-09,30240.00,false,,partially_paid
INV-2026-004804,SILIGURI TRANSPORT AND COMPANY,2026-07-05,2026-08-04,6458.00,false,,partially_paid
INV-2026-004805,CHANDRAPUR HANDICRAFTS LLP,2026-08-26,2026-09-25,116000.00,false,,partially_paid
INV-2026-004806,AMRAVATI ENGINEERING PVT LTD,2026-07-16,2026-08-15,125000.75,false,,partially_paid
INV-2026-004807,BHAVNAGAR CONTAINERS PVT LTD,2026-06-04,2026-07-04,30313.00,false,,partially_paid
INV-2026-004808,AMRAVATI CASTINGS LLP,2026-06-04,2026-07-04,71829.00,false,,partially_paid
INV-2026-004809,AMRAVATI AGRO EXPORTS PRIVATE LIMITED,2026-07-25,2026-08-24,25110.00,false,,partially_paid
INV-2026-004810,CALICUT SPINNERS LLP,2026-08-08,2026-09-07,40000.00,false,,partially_paid
INV-2026-004811,JAMNAGAR PRINTERS PVT LTD,2026-06-17,2026-07-17,16160.00,false,,partially_paid
INV-2026-004812,GUNTUR POLYMERS PRIVATE LIMITED,2026-08-26,2026-09-25,133000.00,false,,partially_paid
INV-2026-004813,AMRAVATI AGRO EXPORTS PRIVATE LIMITED,2026-08-09,2026-09-08,343524.00,false,,partially_paid
INV-2026-004814,ERNAKULAM FORGINGS LIMITED,2026-08-23,2026-09-22,30000.00,false,,partially_paid
INV-2026-004815,GODAVARI INFRAPROJECTS AND COMPANY,2026-06-05,2026-07-05,159124.25,false,,partially_paid
INV-2026-004816,AMRAVATI AGRO EXPORTS PRIVATE LIMITED,2026-06-12,2026-07-12,46973.00,false,,partially_paid
INV-2026-004817,KAKINADA AUTO COMPONENTS PVT LTD,2026-08-16,2026-09-15,223000.00,false,,partially_paid
INV-2026-004818,BHAVNAGAR DISTRIBUTORS PRIVATE LIMITED,2026-06-07,2026-07-07,113167.75,false,,partially_paid
INV-2026-004819,BELGAUM MOTORS PRIVATE LIMITED,2026-08-11,2026-09-10,100000.75,false,,partially_paid
INV-2026-004820,VARANASI HOSPITALITY PVT LTD,2026-07-12,2026-08-11,25587.25,false,,partially_paid
INV-2026-004821,ANANTAPUR CABLES PRIVATE LIMITED,2026-08-28,2026-09-27,55000.00,false,,partially_paid
INV-2026-004822,CHENNAI FABRICATORS AND COMPANY,2026-08-21,2026-09-20,51592.00,false,,partially_paid
INV-2026-004823,AMRAVATI PHARMACEUTICALS INDIA PRIVATE LIMITED,2026-08-01,2026-08-31,33311.75,false,,partially_paid
INV-2026-004824,GANDHINAGAR MOTORS PRIVATE LIMITED,2026-08-28,2026-09-27,185737.50,false,,partially_paid
INV-2026-004825,CUTTACK LOGISTICS PRIVATE LIMITED,2026-07-06,2026-08-05,500000.99,false,,partially_paid
INV-2026-004826,COIMBATORE TRANSPORT AND COMPANY,2026-06-21,2026-07-21,69000.00,false,,partially_paid
INV-2026-004827,JODHPUR CONSTRUCTIONS PRIVATE LIMITED,2026-07-24,2026-08-23,75000.75,false,,partially_paid
INV-2026-004828,AMRAVATI AGRO EXPORTS PRIVATE LIMITED,2026-08-04,2026-09-03,11479.50,false,,partially_paid
INV-2026-004829,AMRAVATI AGRO EXPORTS PRIVATE LIMITED,2026-08-09,2026-09-08,39554.99,false,,partially_paid
INV-2026-004830,AMRAVATI CASTINGS LLP,2026-07-05,2026-08-04,33709.00,false,,partially_paid
INV-2026-004831,JODHPUR PLASTICS AND COMPANY,2026-08-16,2026-09-15,11935.00,false,,partially_paid
INV-2026-004832,JAMNAGAR TRADERS INDIA PRIVATE LIMITED,2026-08-09,2026-09-08,134000.00,false,,partially_paid
INV-2026-004833,NARMADA DISTRIBUTORS PRIVATE LIMITED,2026-08-13,2026-09-12,578410.75,false,,partially_paid
INV-2026-004834,MEERUT TEXTILES PVT LTD,2026-08-09,2026-09-08,85273.00,false,,partially_paid
INV-2026-004835,AMRAVATI BEARINGS LIMITED,2026-08-23,2026-09-22,61518.25,false,,partially_paid
INV-2026-004836,SOLAPUR DIAGNOSTICS LIMITED,2026-07-06,2026-08-05,5000.00,false,,paid
INV-2026-004837,AMRAVATI HOSPITALITY PVT LTD,2026-07-04,2026-08-03,1514477.25,false,,paid
INV-2026-004838,AURANGABAD HOSPITALITY PVT LTD,2026-08-12,2026-09-11,85000.75,false,,paid
INV-2026-004839,BHOPAL CHEMICALS INDIA PRIVATE LIMITED,2026-08-19,2026-09-18,114130.50,false,,paid
INV-2026-004840,AURANGABAD FOODS PVT LTD,2026-06-06,2026-07-06,30000.50,false,,paid
INV-2026-004841,ANANTAPUR TRANSPORT AND COMPANY,2026-08-15,2026-09-14,36380.99,false,,paid
INV-2026-004842,BHAVNAGAR HANDICRAFTS LLP,2026-07-19,2026-08-18,169000.75,false,,paid
INV-2026-004843,KANPUR COLD STORAGE AND COMPANY,2026-07-13,2026-08-12,114302.00,false,,paid
INV-2026-004844,KOLHAPUR CASTINGS LLP,2026-07-23,2026-08-22,17565.00,false,,paid
INV-2026-004845,KRISHNA AUTO COMPONENTS PVT LTD,2026-08-14,2026-09-13,31158.00,false,,paid
INV-2026-004846,AURANGABAD DISTRIBUTORS PRIVATE LIMITED,2026-06-05,2026-07-05,19520.75,false,,paid
INV-2026-004847,CUTTACK PHARMACEUTICALS INDIA PRIVATE LIMITED,2026-08-06,2026-09-05,43035.50,false,,paid
INV-2026-004848,AMRAVATI LOGISTICS PRIVATE LIMITED,2026-08-21,2026-09-20,250000.50,false,,paid
INV-2026-004849,HALDIA METALS LIMITED,2026-08-25,2026-09-24,18343.00,false,,paid
INV-2026-004850,BHOPAL TRADERS INDIA PRIVATE LIMITED,2026-08-07,2026-09-06,96061.00,false,,paid
INV-2026-004851,AMRAVATI BEARINGS LIMITED,2026-08-28,2026-09-27,14446.00,false,,paid
INV-2026-004852,RAIPUR CASTINGS LLP,2026-08-04,2026-09-03,24399.00,false,,paid
INV-2026-004853,CHENNAI CERAMICS PVT LTD,2026-07-28,2026-08-27,84932.50,false,,paid
INV-2026-004854,RAIPUR TEXTILES PVT LTD,2026-06-22,2026-07-22,69807.50,false,,paid
INV-2026-004855,AMRAVATI ELECTRICALS LLP,2026-08-23,2026-09-22,15822.00,false,,paid
INV-2026-004856,AMRAVATI SOFTWARE SERVICES PRIVATE LIMITED,2026-08-06,2026-09-05,10192.00,false,,paid
INV-2026-004857,AMRAVATI AGRO EXPORTS PRIVATE LIMITED,2026-06-01,2026-07-01,31467.00,false,,paid
INV-2026-004858,AMRAVATI BEARINGS LIMITED,2026-06-02,2026-07-02,30000.25,false,,paid
INV-2026-004859,MEERUT PRINTERS PVT LTD,2026-06-12,2026-07-12,50828.00,false,,paid
INV-2026-004860,ERNAKULAM COLD STORAGE AND COMPANY,2026-07-13,2026-08-12,13078.00,false,,paid
INV-2026-004861,AURANGABAD FABRICATORS AND COMPANY,2026-06-25,2026-07-25,106507.99,false,,paid
INV-2026-004862,AMRAVATI BEARINGS LIMITED,2026-07-09,2026-08-08,12475.00,false,,paid
INV-2026-004863,KANPUR ELECTRICALS LLP,2026-06-10,2026-07-10,32326.00,false,,paid
INV-2026-004864,HOSUR AGRO EXPORTS PRIVATE LIMITED,2026-06-06,2026-07-06,10809.00,false,,paid
INV-2026-004865,AMRAVATI CABLES PRIVATE LIMITED,2026-08-24,2026-09-23,272000.00,false,,paid
INV-2026-004866,BHAVNAGAR GARMENTS PRIVATE LIMITED,2026-08-12,2026-09-11,212000.00,false,,paid
INV-2026-004867,INDORE SOFTWARE SERVICES PRIVATE LIMITED,2026-07-03,2026-08-02,5707.00,false,,paid
INV-2026-004868,GANDHINAGAR PHARMACEUTICALS INDIA PRIVATE LIMITED,2026-07-24,2026-08-23,150000.00,false,,paid
INV-2026-004869,CHANDRAPUR SOFTWARE SERVICES PRIVATE LIMITED,2026-08-18,2026-09-17,9990.99,false,,paid
INV-2026-004870,AMRAVATI CERAMICS PVT LTD,2026-06-16,2026-07-16,20000.00,false,,paid
INV-2026-004871,ANANTAPUR CHEMICALS INDIA PRIVATE LIMITED,2026-08-23,2026-09-22,173000.25,false,,paid
INV-2026-004872,BHILAI CHEMICALS INDIA PRIVATE LIMITED,2026-07-09,2026-08-08,23040.50,false,,paid
INV-2026-004873,AMRAVATI ELECTRICALS LLP,2026-06-11,2026-07-11,19249.00,false,,paid
INV-2026-004874,ANANTAPUR ENTERPRISES INDIA PRIVATE LIMITED,2026-08-26,2026-09-25,50000.00,false,,paid
INV-2026-004875,CHENNAI SPINNERS LLP,2026-06-02,2026-07-02,203000.00,false,,paid
INV-2026-004876,DEHRADUN CONSTRUCTIONS PRIVATE LIMITED,2026-06-09,2026-07-09,5000.75,false,,paid
INV-2026-004877,CALICUT HANDICRAFTS LLP,2026-07-23,2026-08-22,55472.00,false,,paid
INV-2026-004878,GODAVARI ENTERPRISES INDIA PRIVATE LIMITED,2026-08-03,2026-09-02,72837.50,false,,paid
INV-2026-004879,AURANGABAD INFRAPROJECTS AND COMPANY,2026-06-17,2026-07-17,38944.50,false,,paid
INV-2026-004880,AMRAVATI COLD STORAGE AND COMPANY,2026-07-24,2026-08-23,10000.25,false,,paid
INV-2026-004881,AMRAVATI CERAMICS PVT LTD,2026-08-27,2026-09-26,7160.00,false,,paid
INV-2026-004882,BHOPAL PRINTERS PVT LTD,2026-07-12,2026-08-11,14188.50,false,,paid
INV-2026-004883,CHANDRAPUR DIAGNOSTICS LIMITED,2026-08-28,2026-09-27,13967.00,false,,paid
INV-2026-004884,AURANGABAD REFRACTORIES LIMITED,2026-06-10,2026-07-10,25114.75,false,,paid
INV-2026-004885,CALICUT CABLES PRIVATE LIMITED,2026-08-24,2026-09-23,19794.00,false,,paid
INV-2026-004886,AMRAVATI DISTRIBUTORS PRIVATE LIMITED,2026-07-01,2026-07-31,21857.00,false,,paid
INV-2026-004887,CUTTACK TRANSPORT AND COMPANY,2026-07-04,2026-08-03,25000.50,false,,paid
INV-2026-004888,AURANGABAD CERAMICS PVT LTD,2026-08-23,2026-09-22,47804.00,false,,paid
INV-2026-004889,BHAVNAGAR CASTINGS LLP,2026-08-10,2026-09-09,151000.00,false,,paid
INV-2026-004890,KRISHNA CABLES PRIVATE LIMITED,2026-07-15,2026-08-14,9250.00,false,,paid
INV-2026-004891,CHANDRAPUR CABLES PRIVATE LIMITED,2026-08-14,2026-09-13,17258.00,false,,paid
INV-2026-004892,GODAVARI METALS LIMITED,2026-07-21,2026-08-20,13095.50,false,,paid
INV-2026-004893,TIRUPUR COLD STORAGE AND COMPANY,2026-06-16,2026-07-16,9785.00,false,,paid
INV-2026-004894,AURANGABAD FOODS PVT LTD,2026-07-12,2026-08-11,29839.00,false,,paid
INV-2026-004895,KAKINADA FABRICATORS AND COMPANY,2026-07-19,2026-08-18,29253.00,false,,paid
INV-2026-004896,SALEM MOTORS PRIVATE LIMITED,2026-06-25,2026-07-25,180584.00,false,,paid
INV-2026-004897,ANANTAPUR FABRICATORS AND COMPANY,2026-08-09,2026-09-08,15000.00,false,,paid
INV-2026-004898,TRICHY FABRICATORS AND COMPANY,2026-08-19,2026-09-18,46186.75,false,,paid
INV-2026-004899,BHAVNAGAR INFRAPROJECTS AND COMPANY,2026-08-22,2026-09-21,21024.00,false,,paid
INV-2026-004900,JALANDHAR FORGINGS LIMITED,2026-06-26,2026-07-26,106000.00,false,,paid
INV-2026-004901,CHANDRAPUR GARMENTS PRIVATE LIMITED,2026-07-23,2026-08-22,250000.00,false,,paid
INV-2026-004902,CHANDRAPUR HANDICRAFTS LLP,2026-06-30,2026-07-30,31905.00,false,,paid
INV-2026-004903,AMRAVATI MOTORS PRIVATE LIMITED,2026-06-07,2026-07-07,98479.75,false,,paid
INV-2026-004904,BHOPAL LOGISTICS PRIVATE LIMITED,2026-08-08,2026-09-07,32941.50,false,,paid
INV-2026-004905,TIRUPUR HOSPITALITY PVT LTD,2026-07-28,2026-08-27,53279.00,false,,paid
INV-2026-004906,COIMBATORE MOTORS PRIVATE LIMITED,2026-08-23,2026-09-22,3283.00,false,,paid
INV-2026-004907,CHENNAI METALS LIMITED,2026-08-10,2026-09-09,36693.00,false,,paid
INV-2026-004908,GWALIOR COLD STORAGE AND COMPANY,2026-08-17,2026-09-16,25847.00,false,,paid
INV-2026-004909,DEHRADUN DISTRIBUTORS PRIVATE LIMITED,2026-08-04,2026-09-03,138000.00,false,,paid
INV-2026-004910,NAGPUR PAPER MILLS PVT LTD,2026-06-06,2026-07-06,13315.00,false,,paid
INV-2026-004911,CHANDRAPUR TRANSPORT AND COMPANY,2026-07-07,2026-08-06,5008.00,false,,paid
INV-2026-004912,SOLAPUR CABLES PRIVATE LIMITED,2026-06-24,2026-07-24,136000.00,false,,paid
INV-2026-004913,AMRAVATI FABRICATORS AND COMPANY,2026-07-10,2026-08-09,50000.00,false,,paid
INV-2026-004914,SILIGURI PAPER MILLS PVT LTD,2026-06-14,2026-07-14,52949.00,false,,paid
INV-2026-004915,DEHRADUN AUTO COMPONENTS PVT LTD,2026-07-24,2026-08-23,72063.00,false,,paid
INV-2026-004916,COIMBATORE PHARMACEUTICALS INDIA PRIVATE LIMITED,2026-08-15,2026-09-14,124798.00,false,,paid
INV-2026-004917,AMRAVATI CHEMICALS INDIA PRIVATE LIMITED,2026-07-25,2026-08-24,264000.50,false,,paid
INV-2026-004918,BELGAUM INDUSTRIES INDIA PRIVATE LIMITED,2026-07-23,2026-08-22,104000.00,false,,paid
INV-2026-004919,JALANDHAR METALS LIMITED,2026-07-15,2026-08-14,20023.00,false,,paid
INV-2026-004920,BHILAI CONSTRUCTIONS PRIVATE LIMITED,2026-06-08,2026-07-08,24892.00,false,,paid
INV-2026-004921,GANDHINAGAR PAPER MILLS PVT LTD,2026-06-02,2026-07-02,23618.00,false,,paid
INV-2026-004922,BELGAUM MOTORS PRIVATE LIMITED,2026-07-19,2026-08-18,30000.00,false,,paid
INV-2026-004923,HOSUR SOFTWARE SERVICES PRIVATE LIMITED,2026-06-05,2026-07-05,155000.00,false,,paid
INV-2026-004924,ERNAKULAM CASTINGS LLP,2026-08-07,2026-09-06,45962.00,false,,paid
INV-2026-004925,ANANTAPUR HANDICRAFTS LLP,2026-07-18,2026-08-17,24797.00,false,,paid
INV-2026-004926,AURANGABAD AUTO COMPONENTS PVT LTD,2026-06-20,2026-07-20,23389.00,false,,paid
INV-2026-004927,JAMNAGAR PLASTICS AND COMPANY,2026-07-12,2026-08-11,269000.00,false,,paid
INV-2026-004928,CALICUT TRADERS INDIA PRIVATE LIMITED,2026-06-06,2026-07-06,19059.00,false,,paid
INV-2026-004929,ANANTAPUR FERTILISERS PRIVATE LIMITED,2026-07-28,2026-08-27,29280.25,false,,paid
INV-2026-004930,BELGAUM POLYMERS PRIVATE LIMITED,2026-07-11,2026-08-10,120810.00,false,,paid
INV-2026-004931,BHILAI HANDICRAFTS LLP,2026-06-02,2026-07-02,28273.00,false,,paid
INV-2026-004932,AMRAVATI CASTINGS LLP,2026-07-22,2026-08-21,65038.99,false,,paid
INV-2026-004933,GANDHINAGAR POLYMERS PRIVATE LIMITED,2026-08-15,2026-09-14,17263.00,false,,paid
INV-2026-004934,KAKINADA BEARINGS LIMITED,2026-07-28,2026-08-27,125000.00,false,,paid
INV-2026-004935,GWALIOR CONSTRUCTIONS PRIVATE LIMITED,2026-06-16,2026-07-16,46758.75,false,,paid
INV-2026-004936,AMRAVATI MOTORS PRIVATE LIMITED,2026-08-28,2026-09-27,26560.00,false,,paid
INV-2026-004937,HOSUR PLASTICS AND COMPANY,2026-06-27,2026-07-27,82416.00,false,,paid
INV-2026-004938,CALICUT ELECTRICALS LLP,2026-08-25,2026-09-24,7132.75,false,,paid
INV-2026-004939,HALDIA AGRO EXPORTS PRIVATE LIMITED,2026-08-29,2026-09-28,61377.50,false,,paid
INV-2026-004940,INDORE MOTORS PRIVATE LIMITED,2026-08-21,2026-09-20,250000.00,false,,paid
INV-2026-004941,HALDIA ENGINEERING PVT LTD,2026-06-10,2026-07-10,16258.25,false,,paid
INV-2026-004942,BELGAUM DISTRIBUTORS PRIVATE LIMITED,2026-08-03,2026-09-02,22822.00,false,,paid
INV-2026-004943,HALDIA GARMENTS PRIVATE LIMITED,2026-06-06,2026-07-06,75000.00,false,,paid
INV-2026-004944,DEHRADUN TRANSPORT AND COMPANY,2026-08-22,2026-09-21,15000.99,false,,paid
INV-2026-004945,TRICHY FERTILISERS PRIVATE LIMITED,2026-07-12,2026-08-11,68074.00,false,,paid
